code,descartados,texto
0013000001243,E160c,"CONCENTRADO DE TOMATE (AGUA Y PASTA DE TOMATE), AZÚCARES AÑADIDOS (JARABE DE MAÍZ DE ALTA FRUCTOSA Y JARABE DE MAIZ), VINAGRE, SAL YODADA, OLEORRESINA DE PAPRIKA, CEBOLLA EN POLVO Y SABORIZANTE NATURAL."
0014100085478,E160b,"HARINA DE TRIGO ENRIQUECIDA (HARINA, NIACINA, HIERRO REDUCIDO, MONONITRATO DE TIAMINA, RIBOFLAVINA, ÁCIDO FOLICO), QUESO TIPO CHEDDAR (CULTIVO LÁCTICO, SAL, ENZIMAS, EXTRACTO DE ANNATO), ACEITE VEGETAL (DE CANOLA Y/O GIRASOL), CONTIENE 2% O MENOS DE: SAL, HIDROLIZADO DE LEVADURA, AZUCAR, LEVADURA AUTOLIZADA, BICARBONATO DE SODIO, FOSFATO MONOCÁLCICO, CHILE (PIMENTON), ESPECIAS, APIO, CONDIMENTO (CEBOLLA EN POLVO)."
0029700001414,E160b,"idaho potatoes, vegetable oil (contains one or more of the following: coconut, palm, <span class=""allergen"">soybean</span>, cottonseed, sunflower, canola), corn syrup solids, salt, maltodextrin, nonfat dry milk, sugar, sodium caseinate, butter powder [<span class=""allergen"">butter</span> (sweet cream, salt, annatto color), nonfat milk solids, sodium caseinate and disodium phosphate], mono and diglycerides, calcium stearoyl lactylate, natural and artificial flavors (<span class=""allergen"">milk</span>, <span class=""allergen"">soy</span>), spice, sodium acid pyrophosphate (preserve freshness), sodium bisulfite (preserve freshness), dipotassium phosphate, artificial color, citric acid (preserve freshness), mixed tocopherols (preserve freshness) and less than 2% silicon dioxide added as an anti-caking agent,"
0038000291760,E171,"Proteina de soya aislada, azúcar, fibra soluble de maiz, aceite vegetal [palmiste y palma, soya y palma con TBHQ (antioxidante) para mantener la frescura], trocitos de fruta con sabor a fresa (azúcar, arándanos, ácido citrico (acidulante), saborizantes naturales a fresa, jugo de saúco concentrado [color], aceite vegetal (aceite de girasol)), jarabe de maiz, fructosa, inulina, proteína aislada de leche, contiene 2 % o menos de dextrosa, agua, yogur sin grasa en polvo (sólidos de la leche y cultivo láctico), glicerina (humectante), dióxido de titanio (color), sorbitol (humectante), lecitina de soya (emulsificante), saborizante natural y artificial a fresa, sal, ácido citrico (acidulante), jugo de fresa concentrado, goma xantana (emulsificante), BHT (antioxidante) para mantener la frescura, harina de cacahuate parcialmente desgrasada, harina de almendra, almidón (almidón de trigo). VITAMINAS Y MINERALES: Carbonato de calcio, vitamina C (ácido ascórbico), vitamina E (acetato alfa tocoferol), niacinamida (niacina), óxido de zinc, hierro reducido, vitamina B6 (hidrodoruro de piridoxina), vitamina A (palmitato), vitamina B2 (riboflavina), vitamina B1 (hidrocloruro de tiamina), vitamina B12, ácido fólico, vitamina D3."
0038000313103,E171,"Harina enriquecida (harina de trigo, niacina, hierro reducido, mononitrato de tiamina (vitamina B1), riboflavina (vitamina B2), ácido fólico), azúcar,dextrosa,  jarabe de maíz alto en fructosa, aceite vegetal (soya  y palma con antioxidante TBHQ para mantener la frescura) , jarabe de maíz, sólidos de la leche, harina de trigo blanqueada, cacao procesado con álcali, sal, carbonato de calcio, polvos para hornear (bicarbonato de sodio, pirofosfato ácido de sodio, fosfato monocálcico), emulsificante (éstearoil lactilato de sodio), gelatina, almindón (almidón de trigo), emulsificante (goma xatana), color caramelo clase IV, emulsificante ( lecitina de soya), vitamina A palmitato, niacinamida, hierro reducido, huevo,  clorhidrato de piridoxina (vitamina B6), color dióxido de titanio, riboflavina (vitamina B2), hidrocloruro de tiamina (vitamina B1).
CONTIENE INGREDIENTES DE TRIGO (GLUTEN), LECHE, SOYA Y HUEVO."
0038000317316,"E100,E171","Tarta: (Harina enriquecida (harina de trigo, niacina, hierro reducido, mononitrato de tiamina (vitamina B1), flooflavina (Vitamina B2), ácido fólico), azúcares añadidos (jarabe de maíz, jarabe de maíz alto en fructosa, azúcar), aceite vegetal (con TBHQ para mantener la frescura), sal, polvos para hornear (bicarbonato de sodio, pirofosfato ácido de sodio, fosfato monocalcico), grenetina, extracto de cúrcuma, rojo 40, amarillo 6, azul 1, dióxido de titanio], relleno sabor fresa (min. 38%) [azúcares añadidos (jarabe de maíz, dextrosa, jarabe de maíz alto en fructosa), harina de trigo, almidón, aceite vegetal, fresas secas, peras secas, manzanas secas, ácido citrico, almidón modificado, harina de maíz amarillo, caramelo dase NV, goma xantana, lecitina de soya)."
0038000581717,E171,"Tarta: [Harina enriquecida (harina de trigo, niacina, hierro reducido, vitamina B1, vitamina B2, ácido fólico), azúcares añadidos (Jarabe de maíz alto en fructosa, azúcar, melaza, Jarabe de maíz), aceite vegetal (con TBHQ para mantener la frescura), harina de trigo de grano entero, sólidos de la leche, polvos para hornear (bicarbonato de sodio, fosfato de aluminio y sodio), lecitina de soya, sal, grenetina, cocoa], relleno sabor chocolate y malvavisco (min. 38%) (azúcares añadidos (dextrosa, Jarabe de maíz, jarabe de maíz alto en fructosa, azúcar), harina de trigo, sólidos de la leche, acelte vegetal, almidón, almidón modificado, chocolate, sal, cocoa, dióxido de titanio, clara de huevo, saborizante natural y artificial, goma xantana, lecitina de soya]."
0041800317004,E160a,"AGUA FILTRADA, JARABE DE MAIZ DE ALTA FRUCTOSA, JUGO CONCENTRADO DE NARANIA 6 % Y JUGO CONCENTRADO DE PINA 4 %, ACDO CITRICO, GOMA ACACIA, GOMA ESTER, CITRATO DE SODIO, SABORIZANTE NATURAL, ACIDO ASCORBICO, BETA CAROTENO, AMARILLO 5."
0070847003632,E163,"Agua carbonatada, Gluposa, Ácido cítrico,  saborizantes naturales y artificiales, taurina, citrato de sodio, extracto de piel de uva (colorante añadido) raiz de panax ginseng, acido sorbico, sucralosa (21mg/100g), cafeina, ácido benzoico, L-carnitina, ácido L-tartarico, Acesulfame K (6mg/100g), vitamina B3 (niacinamida), cloruro de sodio, glucuronolactona, extrato de semilla de guarana, inositol, vitamina B6 (hcipiridoxina),Vitamina B2 (riboflavina), Maltodextrina, vitamina B12 (cianocobalamina)."
0070847003656,E163,"Agua carbonatada, Azucar, Glucosa, Ácido cítrico, saborizantes naturales, taurina, citrato de sodio, extracto de piel de uva (colorante añadido) raiz de panax ginseng, L-carnitina, ácido L-tartarico, acido sorbico, cafeina, ácido benzoico, vitamina B3 (niacinamida), sucralosa (5mg/100g), cloruro de sodio, glucuronolactona, extrato de semilla de guarana, inositol, vitamina B6 (hcipiridoxina),Vitamina B2 (riboflavina), Maltodextrina, vitamina B12 (cianocobalamina)."
0072180634290,E160c,"Queso mozzarella de baja humedad (cultivos de leche pasteurizada descremada, sal, enzimas, queso parmesano (cultivos de leche pasteurizada descremada, sal, enzimas), queso cheddar (cultivos de leche pasteurizada, sal, enzimas, annato), queso provolone sabor a humo (leche pasteurizada cultivada, sal, enzimas, saborizante de humo)), harina enriquecida (harina de trigo, harina de cebada maltada, niacina, hierro reducido, mononitrato de tiamina, riboflavina, ácido fólico), agua, pasta de tomate, contiene 2% o menos de: levadura, aceite de palma, azúcar, aceite vegetal (aceite de soya y/o aceite de canola), sal, almidón modificado, especias, maltodextrina, ajo deshidratado, proteína hidrolizada de soya y maíz, paprika, cebolla deshidratada, almidón de trigo, hudrocloruro de 1-cisteína, sulfato de amonio, lecitina de soya, saborizante natural, enzimas (contiene trigo), ácido ascórbico. Contiene trigo/gluten, leche y soya."
0072180634719,E160c,"Harina enriquecida (harina de trigo, harina de cebada malteada, niacina, hierro reducido, mononitrato de tiamina, riboflavina, ácido fólico), agua, queso mozzarella de baja humedad (cultivos de leche descremada pasteurizada, sal, enzimas), aderezo de pizza (salchicha (cerdo, pollo, especias, agua, sal, azúcar, ajo en polvo), agua, proteína vegetal texturizada (harina de soya, sal)), pimiento verde y rojo, pasta de tomate, pepperoni de cerdo, pollo y res (carne de cerdo, pollo, res, sal, contiene 2% o menos de agua, dextrosa, especias, saboriante de humo, iniciador de cultivos de ácido láctico, ascorbato de sodio, saborizante, ajo en polvo, nitrato de sodio, BHA, BHT, ácido cítrico, contiene uno o más de: Paprika, oleorresina de paprika), cebolla, contiene 2% o menos de levadura, aceite de palma, azúcar, aceite vegetal (aceite de soya y/o aceite de canola), sal, almidón modificado, especias, maltodextrina, ajo deshidratado, proteína hidrolizada de soya y maíz, paprika, cebolla deshidratada, almidón de trigo, hidrocloruro de I-cisteina, sulfato de amonio, lecitina de soya, saborizante natural, enzimas (contiene trigo), ácido ascórbico. 
Contiene trigo, leche y soya."
0072180634733,E160c,"Harina enriquecida (harina de trigo, harina de malta de cebada, niacina, hierro reducido, tiamina, mononitrato, riboflavina, ácido fólico), agua, baja humedad semidescremada mozarela (leche cultivada pasteurizada parcialmente descremada, sal, enzimas), pepperoni hecho de carne de cerdo, pollo y res (cerdo, pollo separado mecánicamente, res, sal, contiene 2% o menos de: agua, dextrosa, especias, aromas de humo, ácido láctico de cultivo de entrada, ascorbato de sodio, saborizantes, ajo en polvo, nitrito de sodio, BHA, BHT, ácido cítrico, contiene uno o más de paprika, oleor, resina de paprika), pasta de tomate, contiene 2% o menos de: levadura, aceite de palma, azúcar, aceite vegetal (soja y/o aceite de canola), sal, almidón de alimento modificado, especia, maltodextrina, ajo seco, soja hidrolizada y proteína de maíz, paprika, cebolla seca, almidón de trigo, clorhidrato de L-cisteína, sulfato de amonio, lecitina de soja, aroma natural, enzimas (contiene trigo), ácido ascórbico."
0076150601336,E160b,"maiz palomero, aceite vegetal (aceite de palma), sal yodada, saborizante natural (mantequilla), extracto de annato."
0078742085296,E160b,"Leche pasteurlzada de vaca, cultivo láctico, sal, enzimas, achiote para dar color."
0078742091976,"E100,E160c","VINAGRE, AGUA, SEMILLAS DE MOSTAZA, SAL, CURCUMA TURMERICO, EXTRACTO DE PAPRIKA"
0605388187888,E160b,"Quesos Monterey Jack, Cheddar, Queso Quesadilla y Asadero (Leche entera de vaca pasteurizada, cultivo láctico, sal, enzimas, achiote para dar color [en el Queso Cheddar, almidón de papa y celulosa en polvo (para prevenir el endurecimlento, natamicina (previene el moho)."
0605388187895,E160b,"Queso Mozzarella parcialmente descremado, de baja humedad (leche pasteurizada de vaca semidescremada, cultivo láctico, sal, enzimas), Queso Cheddar (leche pasteurizada de vaca, cultivo láctico, sal, enzimas, achiote para dar color), almidón de papa y polvo de celulosa (para prevenir el endurecimlento) y natamicina (Inhlbidor de moho)."
0613008738808,E160a,"Agua filtrada, jarabe de maíz de alta fructosa, Pure de mango, consentrado de jugo de pera, miel, acido citrico, saborizantes naturales,  acido ascorbico (vitamina C), betacaroteno (como colorante), goma arabiga y goma ester."
0654858703912,E160b,"Leche pasteurizada de vaca, sal, colorante natural (achiote), cuajo microbial, cultivos lácticos"
0722082002047,E171,"Leche de cabra, azúcar, glucosa, <span class=""allergen"">nuez</span>, jarabe de alta fructosa, almidón modificado, fécula de maíz, fécula de tapioca, estearoil-2-lactilato de sodio, bicarbonato de sodio, sorbato de potasio, dióxido de titanio, BHA-butyl hidroxi anisol, BHT-butyl hidroxi toluene."
0738912022413,E100,"Agua, filete empanizado de res a la parrilla frito, picado y formado res, harina de trigo banqueada enriquecida (niacina, sulfato ferroso, mononitrato de tiamina riboflavina, acido folico, agua, contiene 2% o menos de lo siguiente: almidon modificado, sal, fosfatos de sodio, polvo de mantequilla (crema dulce, <span class=""allergen"">suero de leche</span>, crema de suero de leche), especias, clares secas de huevo, saborizante, acido lactico, polvo de mantequiila, acido citrico, almidon modificado, saborizante natural. mailtodextrina, <span class=""allergen"">gluten de trigo</span>, azucar, harina de maiz amarillo, dextrosa levadura (bicarbonato de sodio, fosfato aluminico de sodio, pirofosfato acido sodico, levadura, cebolla en polvo, alegrnerima de pimienta , mongliceridos, extracio de especia, acido citrico, suero de leche en polvo. Preparado en aceite vegetal.), mitad y mitad leche, crema), papas deshidratadas ( papas  y digliceridos, pirofosfato acido de sodio, acido citrico, frescura conservada con bisulfato de sodio, BHA y BHT) menos del 2/% de almidon modificado, solidos de leche (crema, yvgrasa de leche, leche descremada, bese de pollo (carne de pollo y concentrado de pollo. sal, azucar suero de leche seco, grasa de pollo. solidos de jarabe de maiz. extracto de levadura, Saborizante natural, acido citrico, extracto de curcuma, aceite de canola, sal. <span class=""allergen"">harina de trigo</span>, especias, ajo granulato."
0758104005987,E160a,"Agua bonafont, jugo de Mango (4%),  saborizantes (sucralosa 1,3mg/100ml), concentrado bonafont kids mango con stevia (15,3 mg/100 ml), acido citrico, acido málico,  beta-caroteno, carmin y Bisulfato de sodio.
Aditivos:"
0758104005994,E160a,"Agua bonafont, jugo de Naranja (9%), acido citrico, saborizantes, concentrado bonafont kids naranja con stevia (14,5 mg/100 ml), fibra dietetica (polidextrosa), Bisulfato de sodio y beta, beta-caroteno."
0758104006069,E160a,"Agua bonafont, jugo de Mango (4%), acido citrico, saborizantes (sucralosa 1,3mg/100ml), concentrado bonafont kids mango con stevia (15,3 mg/100 ml), fibra dietetica (polidextrosa), carmin y Bisulfato de sodio y beta, beta-caroteno y carmín."
0758104006311,E163,"Agua Bonafont, polidextrosa (fibra dietetica), Acido Citrico, Consentrado Bonafont Juizzy Jamaica (acesulfame K (4,3mg/100ml), Stevia (0,8mg/100ml) y Sucralosa(6,6mg/100ml), ácido tartárico, extracto de jamaica (0,04%), colorantes (rojo 40, caramelo clase IV y Azul 1) y ácido málico."
0803810241027,E160a,"Azúcar, jarabe de glucosa, dextrosa, pasta de cacao, manteca de cacao, cacao en polvo, saborizantes artificiales, beta caroteno"
0803810241041,E160a,"Azúcar, jarabe de glucosa, dextrosa, pasta de caca manteca de cacao, cacao en polvo, saborizantes artificiales, beta caroteno"
0810990001112,E171,"Agua, azucar, pulpa de coco, monoestearato de sorbitan, polisorbato 60, sal, goma guar, goma de algarrobo, sabor artificial, dióxido de titanio. benzoato de sodio, sorbato de potasio y ácido citrico."
0855611002963,"E100,E160a","Caramelo de maíz 85 % (Jarabe de maíz, azúcar, mantequllla [crema pasteurlzada, sall, palomltas de maíz), Cublerta de aueso cheddar 13 % (acelte veqetal de palma, queso cheddar seco fleche pastaurlzada, cultivos lactlcos, enzimas], acelte vegetal de coco, solldo de la leche, sal, maltodextrina, beta caroteno, cúrcuma), sal, blcarbonato de sodio."
0869774000124,"E160a,E160b","ZANAHORIAS 30%, COLIFLOR 10%, ACEITE VEGETAL DE CANOLA, ARROZ, AGUA, PREPARACIÓN VEGETA - RIANA IMITACION DE QUES025% ( AGUA FILTRADA, ALMIDON DE TAPIOCA, ACEITE VEGETAL (DE COCO Y/O DE GIRASOL), MALTODEXTRINADE TAPIOCA, PROTEINA DE CHICHAROS 0,25 % , HIDROLIZADO DE LEVADURA, SAL, CARRAGENINA, SABORIZAN TES NATURALES VEGETARIANOS, ACIDO LACTICO (VEGETARIA NO), ANNATO NORBIXINA), CEBOLLAS, MAIZ DULCE, COPOS DE PAPA, GOMA CELULOSA, SAL MARINA, LECITINA DE GIRASOL (HELIANTHUSANNUUS), DEXTROSA, PIMIENTA BLANCA, NUEZ MOSCADA, BETA CAROTENO."
0884394000293,E160a,"Agua, Jugo de aloe vera orgànico 21% gel de aloe vera 9%, fructosa, àcido citrico, Lactato de Calcio, Saborizante Natural de piña, Acido ascorbico (vitamina C), citrato Trisodico, goma gellana, Betacaroteno"
0884912014283,E160b,"corn, whole grain wheat, sugar, whole grain rolled oats, brown sugar, almonds, rice, canola oil, wheat flour, malted barley flour, corn syrup, salt, whey (from milk), malted corn and barley syrup, honey, caramel color, cinnamon, natural and artificial flavor, annatto extract (color), bht added to packaging material to preserve product freshness, vitamins and minerals: reduced iron, niacinamide, vitamin b6, vitamin a palmitate, riboflavin (vitamin b2), thiamin mononitrate (vitamin b1), zinc oxide (source of zinc), folic acid, vitamin b12, vitamin d3,"
0884912112217,E160b,"MAIZ (33.5%), GRANO ENTERO DE TRIGO (17.7%), AZUCAR, GRANO ENTERO DE AVENA ARROLLADA (9.9%), ARROZ (4.7%), FRESAS DESHIDRATADAS (4.5%), ACEITE VEGETAL , HARINA DE TRIGO, HARINA DE CEBADA MALTEADA, JARABE DE MAIZ, SAL, SOLIDOS DE LA LECHE, JARABE DE MAIZ Y CEBADA MALTEADA, MIEL DE ABEJA (0.2%), CARAMELO AMONICO (COLORANTE), SABORIZANTE NATURAL , EXTRACTO DE ANNATO (COLORANTE)  BHT.
CONTIENE GLUTEN.
VITAMINAS Y MINERALES: 
HERRO REDUCIDO, NIACINA (NIACINAMIDA) VITAMINA B6, VITAMINA A (COMO PALMITATO), VITAMINA B2 (RIBOFLAVINA), VITAMINA B1 (MONONITRATO DE TIAMINA), OXIDO DE ZINC (COMO FUENTE DE ZINC), ACIDO FOLICO, VITAMINA B12, VITAMINA D3."
0884912273116,E171,"Harina de maíz 39%, azúcar, harina de avena de grano entero 9%, cacao en polvo procesado con álcali 3.5%, aceite vegetal, jarabe de maíz, harina de trigo enriquecida (niacina, hierro reducido, vitamina B1 (mononitrato de tiamina), vitamina B2 (riboflavina), ácido fólico), sal, harina de maíz desgerminada, saborizante artificial y natural, almidón de maíz, dióxido de titanio (colorante), pasta de cacao, jarabe de maíz de alta fructosa, leudantes (bicarbonato de sodio, fosfato de calcio), <span class=""allergen"">lecitina de soya</span>, BHT. VITAMINAS Y MINERALES (Ortofosfato férrico, vitamina B3 (niacinamida), óxido de zinc, vitamina B1 (mononitrato de tiamina), vitamina B5 (pantotenato de calcio), vitamina B6 (hidrocloruro de piridoxina), ácido fólico."
2000000072530,E163,"Agua, Azucar, Jugo de fruta (5,0%), acido citrico, saborizantes identicos al natural, acido malico, colorantes naturales (antocianinas y caramelo N), sorbato de potasio, citrato de potasio, estevia (equivalentes de estiviol 5,8 mg/100g), benzoato de sodio y EDTA disodico."
2000000072661,E160a,"Agua, Azúcar, Pulpa de mango (5,0%), ácido cítrico, saborizantes identicos al natural, ácido malico, colorantes naturales (betacaroteno y carmín), sorbato de potasio, citrato de potasio, estevia (equivalentes de estiviol 6,1 mg/100g), benzoato de sodio goma xantana, ácido ascorbicoy EDTA disodico."
3011360020819,E171,"Harina de trigo, leche entera en polvo, fécula de maíz, aceite vegetal comestible, aceite vegetal hidrogenado, sal yodada, glutamato monosódico, cebolla en polvo, colorante artificial (dióxido de titanio), saborizante artificial, pimienta, nuez moscada y colorante natural (cúrcuma)."
3168930009191,E160b,"MAIZ NIXTAMALIZADO, ACEITE VEGETAL, CONDIMENTO Quesos, Almidón, Sal Yodada, Maltodextrina, Glutamato Monosódico, Especias, Saborizantes, Harina de Arroz, Chiles, Glucosa, Harina de Trigo, AÁcido Citrico, Inosinato de Sodio, Guanilato de Sodio, Aceite de Soya Parcialmente Hidrogenado, Azúcar, Peofaina Vegetal Hidrolizada de Maíz, Amarillo Ocaso FCF, Almidón Modificado, Solidos de la Leche, Tartrazina, Ácido Láctico], ACHIOTE"
7500478004706,E171,"Harina de trigo, azúcar, harina de avena de grano entero, grasa vegetal (contiene antioxidantes TBHQ, palmitato de ascorbilo y tocoferoles), hojuelas de avena de grano entero, inulina, sólidos d ela leche, fresa 1% (contiene carmín), chispa sabor yogurt 1% (contiene dióxido de titanio), emulsificantes (lecitina de soya, ésteres de propilenglicol de ácidos grasos, monoestearato de glicerilo, estearoil lactilato de sodio), mora azul 0.9%, huevo, sal yodada, saborizante, almidón, caramelo clas I"
7501000111855,E100,"ANCARES ASADOS (ASCAR DEXTROGAS LEVADURA ACEITE YASA VEGETAL EXTRACTO DE ROMERO, NANA DE LLD COME ANTRA LACTICO, PROTEINAS VEGETALES JOHOAD, VA AL MALTODEXTRI CURCUMA EXTRACTO DE ANATO CONTIENE <span class=""allergen"">GLUTEN</span>, AJONJOY PUEDE CONTENER LECHEY 152 COL SANTA MA MARCAS"
7501000112425,E171,"Harina de trigo (gluten), leche reconstruida 18%, grasa vegetal, azúcar, dextrosa, huevo, almidón modificado, grasa vegetal parcialmente hidrogenada, dioxido de titanio, propionato de calcio, lecitina de soya, harina de soya, ezimas, sal yodada, mono y diglicéridos, goma de celulosa y guar, ácido sórbico, propionato sódico, nuez moscada, estevia (2.5 mg/100 g), amarillo 5, rojo 4"
7501000112500,E171,"<span class=""allergen"">Harina de trigo</span> (<span class=""allergen"">gluten</span>), leche reconstruida 23%, grasa vegetal, azúcar, dextrosa, <span class=""allergen"">huevo</span>, almidón modificado, grasa vegetal parcialmente hidrogenada, almidón, mono y diglicéridos, <span class=""allergen"">lecitina de soya</span>, harina de soya, sal yodada, enzimas, ácido sórbico, goma celulosa, guar y xantana, saborizante artificial y natural, propionato sódico, propionato de calcio, nuez moscada, amarillo 5, rojo 40, dióxido de titanio"
7501000142705,E160b,"<span class=""allergen"">HARINA DE TRIGO</span> (<span class=""allergen"">GLUTEN</span>). MARGARINA (11%) (GRASA VEGETAL, MONO Y DIGLICÉRIDOS, ÉSTERES DE POLIGLICEROL SAL YODADA, <span class=""allergen"">LECITINA DE SOYA</span>, PROPIONATO SÓDICO, SABORIZANTE ARTIFICIAL Y NATURAL EXTRACTO DE ANNATO), AZÚCAR, <span class=""allergen"">HUEVO</span> (5%); GRASA VEGETAL PARCIALMENTE HIDROGENADA, LEVADURA, LECHE RECONSTITUIDA (2%), <span class=""allergen"">GLUTEN DE TRIGO</span>, SAL YODADA, MONO Y DIGLICÉRIDOS, PROPIONAD0 DE CALCIO, ÉSTERES DE ÁCIDO DIACETIL TARTARICO, ENZIMAS, BENZOATO DE SODIO, AMARILLO 5, ROJ0 40. PUEDE CONTENER<span class=""allergen"">: AJONJOLÍ</span>, <span class=""allergen"">NUEZ</span>, <span class=""allergen"">ALMENDRA</span>, COCO, <span class=""allergen"">CACAHUATE</span>."
7501000153800,E171,"Azúcar, leche reconstruida (20%), grasa y aceite vegetal, jarabe de maíz de alta fructosa, huevo, harina de trigo (gluten), cocoa, glicerina, almidón modificado, monoglicéridos, diglicéridos, ésteres de poliglicerol de ácidos grasos, sal yodada, jarabe de maíz, lecitina de soya, agar, monoestearato de sorbitán, sorbato potásico, saborizante artificial y natural, propionato sódico, sólidos de leche, polisorbato 60, ácido sórbico, goma xantana, maltodextrinas, alginato de sodio, CMC sódica, goma xantana, glucosa, grenetina, dióxido de titanio, goma algarrobo"
7501000316878,E171,"<span class=""allergen"">HARINA DE TRIGO</span> (<span class=""allergen"">GLUTEN</span>), AZÚCAR, LECHE RECONSTITUIDA (14%). UVA PASA (6,2%) <span class=""allergen"">HUEVO</span>, ACEITE Y GRASA VEGETAL, JARABE DE MAÍZ, LEVADURA, MONOESTEARATO DE SORBITÁN, GLUTEN DE TRIGO MARGARINA (<span class=""allergen"">LECITINA DE SOYA</span>), ALCOHOL ETÍLICO (0,5%), MONO Y DIGLICERIDOS, ESTERES DE POLIGLICEROL DE ACIDOS GRASOS, ESTEARATO DE POTASIO, GLICEROL CANELA (0,4%), SAL YODADA, AGAR, DIÓXIDO DE TITANIO. PROPIONATO DE CALCIO, ESTERES DE ÁCIDO DIACETL TARTÁRICO, ENZIMAS, EXTRACTO DE VAINILLA, ÁCIDO SÓRBICO, CELULOSA, STEVIA (2 mg/100g)."
7501000673209,E171,"HARINA DE TRIGO, RELLENO SABOR CAJETA JARABE DE MAIZ DE ALTA FRUCTOSA, JARABE DE GLUCOSA CAR, DEXTROSA, SOLIDOS DE LA LECHE, GRASA VEGETAL HIDROGENADA, CARRAGENINA, SAL YODADA, BICARBONATO DE SODIO, SABORIZANTE, BENZOATO DE SODIO, SORBATO DE POTASIO, COLORANTE (DIOXIDO DE TITANIO)], GRASA VEGETAL (CONTIENE ANTIOXIDANTES TBHQ, PALMITATO DE ASCORBILO, TOCOFEROLES), AZUCAR, HUEVO EN POLVO, DEXTROSA, NUEZ 1%, JARABE DE MAIZ DE ALTA FRUCTOSA SAL YODADA, SABORIZANTE, ALMIDÓN LECITINA DE SOYA, COLORANTE (CARAMELO CLASE M, BHT"
7501002612114,E160b,"agua, queso cheddar (30%) (<span class=""allergen"">Leche</span>, sal cultivos láctico, y enzimas) solidos lácteos (leche descremada de vaca en polvo, grasa butirica y suero de queso en polvo), fosfato disódico, maltodextrina, almidón modifcado, sal yodada, saborizante natural a queso cheddar, ácido láctico, colorantes naturales (oleorresina de paprika, extracto de annato y beta-apo-8 carotenal y acido sorbico."
7501002612213,E160b,"agua, queso cheddar (30%) (Leche, sal cultivos láctico, y enzimas) solidos lácteos (leche descremada de vaca en polvo, grasa butirica y suero de queso en polvo), chile jalapeño curado (5%) fosfato disódico, maltodextrina, almidón modifcado, sal yodada, saborizante natural a queso cheddar, ácido láctico, colorantes naturales (oleorresina de paprika, extracto de annato y beta-apo-8 carotenal y acido sorbico."
7501003335029,E100,"Agua, viagre de alcohol de caña, semillas de mostaza, sal yodada, azúcar, cúrcuma"
7501011130975,E160b,"Cereal de maíz, aceite vegetal, condimento (maltodextrosa, sólidos de la leche, chiles, sal yodada, aceite vegetal parcialmente hidrogenado, harina de soya, <span class=""allergen"">queso</span>, saborizantes, glutamato monosódico, almidón modificado, ácido cítrico, proteina de soya, amarillo ocaso FCF, tartrazina, rojo allura AC, harina de maíz, achiote, inosinato de sodio, ácido láctico, guanilato de sodio), amarillo ocaso FCF"
7501011131064,E160b,"MAIZ NIXTAMALIZADO, ACEITE VEGETAL, CONDIMENTO Quesos, Almidón, Sal Yodada, Maltodextrina, Glutamato Monosódico, Especias, Saborizantes, Harina de Arroz, Chiles, Glucosa, Harina de Trigo, AÁcido Citrico, Inosinato de Sodio, Guanilato de Sodio, Aceite de Soya Parcialmente Hidrogenado, Azúcar, Peofaina Vegetal Hidrolizada de Maíz, Amarillo Ocaso FCF, Almidón Modificado, Solidos de la Leche, Tartrazina, Ácido Láctico], ACHIOTE"
7501011131118,E160b,"Maíz nixtamalizado, aceite vegetal, condimento (chiles, sal yodada, maltodextrina, ácido cítrico, dióxido de silicio, jugo de limón, rojo allura AC, oleorresina de capsicum, oleorresina de de paptrika saborizante), achiote."
7501011135512,"E160c,E171","TOTOPOS DE MAIZ NIXTAMALIZADO CON CHILE Y ESPECIAS, SABOR SALSA VERDE. INGREDIENTES: MAÍZ NIXTAMALIZADO, ACEITE VEGETAL (CONTIENE TBHQ), CONDIMENTO [MALTODEXTRINA, GLUTAMATO MONOSÓDICO, SAL YODADA, ESPECIAS, CHILE, AZÚCAR, DEXTROSA, TOMATE, SAL DE MAR PROTEINA VEGETAL HIDROLIZADA DE SOYA Y DE MAÍZ, ÁCIDO CÍTRICO, SABORIZANTE (CONTIENE INGREDIENTES DE HUEVO), ALMIDÓN MODIFICADO, SUERO DE LECHE, GUANILATO DE SODIO, INOSINATO DE SODIO, ACEITE VEGETAL, HIDROLIZADO DE LEVADURA, ÁCIDO ACETICO, ÁCIDO MÁLICO, DIACETATO DE SODIO, DIÓXIDO DE SILICIO, GOMA ARÁBIGA, AMARILLO OCASO FCF, LACTOSA, GOMA XANTANA, TARTRAZINA, AZUL BE LLANTE FCF, ROJO ALLURA AC, CASEJNATO DE SQDIO, SACAROSA, FLSFATO DE POTASIO, MONO Y DIGLICÉRIDOS DE ACIDOS GRASOS DIOXIDO DE TITANIO, EXTRACTO DE PAPRIKA, INDIGOTINA, BHT, ÁCIDO ASCORBICO, HIDROXIDO DE ALUMINIO, SILICATO DE CALCIO."
7501020512250,E160a,"Leche entera pasteurizada de vaca, sal yodada, cloruro de sodio, cuajo, nitrato de potasio, carotenos naturales y cultivos lácticos."
7501020512281,E160a,"Leche entera pasteurizada de vaca, sal yodada, cloruro de sodio, cuajo, nitrato de potasio, carotenos naturales, cultivos lácticos y sorbato de potasio."
7501020555226,E160b,"Leche entera pasteurizada de vaca, sal yodada, cuajo, extracto de annato y cultivos lacticos."
7501022010921,E160a,"Agua carbonatada, azucar, dextrosa, acido citrico, taurina (0394%), citrato de sodio, caramelo clase IV, benzoato de sodio, sorbato de potasio, cafeina (0.019%), saborizante identico al natural, betacaroteno, L-carnitina, inositol, niacina, pantotenato de calcio, extrato de guarana, (paullinia cupana) (0.010%), extracto de  cardo mariano (silybum marianum), piridoxina, riboflavina, cobalamina."
7501022010938,E163,"Agua carbonatada, azucar, dextrosa, taurina (0.211%),  acido citrico, acido malico, sorbato de potasio, benzoato de sodio, cafeina (0.019%), polvo de jugo de bayas de sauco (moras) saborizante identico al natural, antocianinas, niacina, pantotenato de calcio, extrato de guarana, (paullinia cupana) (0.010%), piridoxina, cobalamina."
7501023535041,E160b,"Carne de cerdo, pasta de achiote (agua, pasta de tomate, achiote y cebolla), vinagre, sal yodada, ajo y especias."
7501030454786,E160b,"<span class=""allergen"">HARINA DE TRIGO</span> (<span class=""allergen"">GLUTEN</span>), <span class=""allergen"">HUEVO</span>, AZÚCAR, JARABE DE MAÍZ, <span class=""allergen"">MANTEQUILLA</span> (7%) (GRASA BUTÍRICA, SÓLIDOS DE LA LECHE, <span class=""allergen"">LECITINA DE SOYA</span>, SAL YODADA, EXTRACTO DE ANNATO), GOMA XANTANA, GLICERINA, ACEITE VEGETAL ALMIDÓN MODIFICADO, SORBITOL (1 g/100g), MONO Y DIGLICERIDOS, ÉSTERES DE POLIGLICEROL DE ÁCIDOS GRASOS, <span class=""allergen"">LECHE</span>, SAL YODADA PROPIONATO SÓDICO, CARAMELO CLASE IV, SABORIZANTE ARTIFICIAL Y NATURAL, ALCOHOL ETÍLICO, ÁCIDO SÓRBICO, AMARILLO 5, ROJO 40, SORBATO POTÁSICO. PUEDE CONTENER: <span class=""allergen"">AJONJOLÍ</span>, <span class=""allergen"">NUEZ</span>, <span class=""allergen"">ALMENDRA</span>, COCO, <span class=""allergen"">CACAHUATE</span>."
7501030457428,E160b,"INGREDIENTES TARTAS SABOR CHABACANO: <span class=""allergen"">HARINA DE TRIGO</span> (<span class=""allergen"">GLUTEN</span>. , (30%) (FRUCTOSA, PURE DE FRUTAS (1096) (DURAZNO, MANZANA Y PINAL AZUCARYe ALMIDON, PECTINA, ALGINATO SODICO, GRASA VEGETAL, SABORIZANTE ARA SODIO, FOSFATO DE CALCI0, AMARILLO 6), AZUCAR, GRASA VEGETAL, MAR. DIGLICERIDOS, ESTERES DE POLIGLICEROL DE ACIDOS GRASOS, SAL YO ARTIFICIAL Y NATURAL, PROPIONATO SODICO, EXTRACTO DE ANNATO),<span class=""allergen"">LECHE</span>. DE SODIO, SAL YODADA LECITINA DE SOYA SABORIZANTE NATURAL CARAMO Y TOCOFEROLES ARTIFICIAL C , LECTIN HUEVO, ALMINHRU TIPO IN,TBHO PAUKT PUEDE CONTENER: AJONJOLL NUEZ, <span class=""allergen"">ALMENDRA</span>, COCO, <span class=""allergen"">CACAHUATE Y</span> </span>AMARILOs INGREDIENTES TARTAS CON MORAS: <span class=""allergen"">HARINA DE TRIGO</span> (GLUTEND, MAIZ DE ALTA FRUCTOSA, AZÚCAR, PURÉ DE FRAMBUESA(9%) PUREDE ZARZAMORA 3A ALMIDÓN, ALGINATO DE SODIO,PECTINA, ACIDO CITRICO, SABORIZANTE ARTIFICIAL CT SODIO CARAMELO TIPO IVAZLİ1), AZÚCAR, GRASA EGETALMARGARINA GRA ESTERES DE POLIGLICEROL DE ACIDOS GRASOS, SAL YODADA LECITINA DE SO RELLENO DE FRUTAS CO 18,6% PROPIONATO SODICO,EXTRACTO DE ANNATO), <span class=""allergen"">LECHE</span>, <span class=""allergen"">HUEVO</span>,ALMIDON,ESTEA LECITINA DE SOYA SABORIZANTE NATURAL CARAMELO TIPO V TBHO, PALMITAOEZGC PUEDE CONTENER: AJONJOLI NUEZ,<span class=""allergen"">ALMENDRA</span>,COCO,<span class=""allergen"">CACAHUATE</span> Y AMAL INGREDIENTES TARTAS CON FRESA:HARINA DE FRIGO (GLUTEND RELLENO DE PULPA DE MANZANA, PULPA DE FRESA TRIGO,PECTINANACİDOCTRİCO,YSABORIZANTET. MARANTAMAVALG BENZOATO DE SODIO, CMC ROJO 40), AZÜCAR, GRASA VEGETA (1%) JA DEMAZALMIDONMOOR HUEVO, ALMIDON, ESTEAROIL LACTILATO DE SODIO, SAL YODADA LECTINA CE CARAMELO TIPO IV, TBHQ PALMITATO DE ASCORBILO Y TOCOFEROLES PUEDE CONTENER: <span class=""allergen"">AJONJOLI</span>,NUEZ ALMENDRA CO CACAHUATE Y AMARIL INGREDIENTES TARTAS CON PIÑA: HARINA DE TRİ (<span class=""allergen"">GLUTEN</span>),RELLE RABE DE MAI DE ALTA FRUCTOSA, ALMIDÓN MODIFICADOJARABE DE LICERINA, FIBRA DE TRIGO, PECTINA, ACIDO CITRICO CMCGOMA XANT BENZOATO DE SODIO, SABORIZANTE ARTIFICIAL, ERITORBATO DE SODIO MARGARINA (GRASAVEGETALYLECİTINA <span class=""allergen"">DE SOYA</span> </span>MONOYDiGLCER DOS DE ANNATO, SOLIDOS DE LA LECHE), <span class=""allergen"">LECHE</span>,<span class=""allergen"">HUEVO</span>, ALMIDÓN, ESTEAROI DE SOYA SABORIZANTE NATURAL CARAMELO TIPO IV TBHO PALMITATO DE PUEDE CONTENER: AJONJOLI NUEZ ALMENDRA,COCO CACAHUATE CONSERVESE EN UN LUGAR SECO Y FRESCO"
7501030460572,E171,"<span class=""allergen"">HARINA DE TRIGO</span> (<span class=""allergen"">GLUTEN</span>), AZÚCAR, LECHE RECONSTITUIDA (20%), GRASA Y ACEITE VEGETAL, JARABE DE MAÍZ DE ALTA FRUCTOSA, <span class=""allergen"">HUEVO</span>, <span class=""allergen"">HARINA DE TRIGO</span> (<span class=""allergen"">GLUTEN</span>), COCOA, GLICERINA, ALMIDÓN MODIFICADO, MONO Y ÁCIDOS GRASOS, SAL YODADA, JARABE DE MAÍZ, <span class=""allergen"">LECITINA DE SOYA</span>, AGAR, MONOESTEARATO DE SORBITÁN, SORBATO POTÁSICO, SABORIZANTE ARTIFICIAL Y NATURAL, PROPIONATO SÓDICO, SÓLIDOS DIGLICERIDOS, ÉSTERES DE POLIGLICEROL, PROPIONATO SÓDICO, SÓLIDOS DE LA LECHE, POLISORBATO 604 SÓRBICO, GOMA XANTANA, MALTODEXTRINAS, ALGINATO DE SÓDIO, CMC SÓDICA, GLUCOSA, GRENETINA, DIÓXIDO DE TITANIO, GOMA ALGARROBO.. PUEDE CONTENER<span class=""allergen"">: AJONJOLÍ</span>, <span class=""allergen"">NUEZ</span>, <span class=""allergen"">ALMENDRA</span>, COCO, <span class=""allergen"">CACAHUATE</span> Y AMARILLO 5."
7501030461548,E171,"AZúCAR, LECHE RECONSTITUIDA (20%), GRASA Y ACEITE VEGETAL, JARABE DE MAíZ DE ALTA FRUCTOSA, HUEVO, HARINA DE TRIGO (GLUTEN), COCOA, GLICERINA, ALMIDÓN MODIFICADO, MONO Y DIGLICERIDOS, ÉSTERES DE POLIGLICEROL DE ÁCIDOS GRASOS, SAL YODADA, JARABE DE MAÍZ, LECITINA DE SOYA, AGAR, MONOESTEARATO DE SORBITÁN, SORBATO POTÁSICO, SABORIZANTE ARTIFICIAL Y NATURAL, PROPIONATO SÓDICO, SÓLIDOS DE LA LECHE, POLISORBATO 60, ÁCIDO SÓRBICO, GOMA XANTANA, MALTODEXTRINAS, ALGINATO DE SODIO, CMC SÓDICA, GLUCOSA, GRENETINA, DIÓXIDO DE TITANIO, GOMA ALGARROBO. PUEDE CONTENER: AJONJOLÍ, NUEZ, ALMENDRA, COCO, CACAHUATE Y AMARILLO 5."
7501037217162,E160b,"Achiote, condimentos, sal yodatada, vinagre, ácido cítrico, 0.1% sorbato de potasio como conservador."
7501040081422,"E160a,E160b","Leche entera pasteurizada de vaca, Cultivo láctico, Sal yodada, Cloruro de calcio, Monoestereato de glicerilo, Cuajo, Nitrato de sodio, Extracto de annato y/o betacaroteno. Composición: Grasa min. 27%, Proteina min. 21%, Humedad max. 45%."
7501040082016,E160b,"Leche entera pasteurizada de vaca, cultivo láctico, sal yodada, cloruro de calcio, monoestearato,  de glicerilo, cuanjo, nitrato de sodio, extracto de annato."
7501055328666,E160a,"Agua purificada, azucares, concentrado glaceau citrico tropical, acido citrico (como acidulante), vitamina C (acido ascorbico), extracto de guaraná (paullinia cupana), l-lactato de magnesio, lactato de calcio, citamina B3 (niacina), fosfato monopotasico, vitamina B5 (acido pantotenico), beta caroteno vitamina B6 (piridoxina) y vitamina B12(cianocobalamina)."
7501059295315,E163,"Agua, Azucar, Jugo de fruta (5,0%), acido citrico, saborizantes identicos al natural, acido malico, colorantes naturales (antocianinas y caramelo M), sorbato de potasio, citrato de potasio, estevia (equivalentes de estiviol 5,8 mg/100g), benzoato de sodio y EDTA disodico."
7501059295322,E163,"Agua, Azucar, Jugo de fruta (5,0%), acido citrico, saborizantes identicos al natural, acido malico, colorantes naturales (antocianinas y caramelo M), sorbato de potasio, citrato de potasio, estevia (equivalentes de estiviol 5,8 mg/100g), benzoato de sodio y EDTA disodico."
7501059295445,E160a,"Agua, Azúcar, Pulpa de mango (5,0%), ácido cítrico, saborizantes identicos al natural, ácido malico, colorantes naturales (betacaroteno y carmín), sorbato de potasio, citrato de potasio, estevia (equivalentes de estiviol 6,1 mg/100g), benzoato de sodio goma xantana, ácido ascorbicoy EDTA disodico."
7501059295490,E160a,"Agua, Azucar, Jugo de fruta (5,0%), acido citrico, saborizantes identicos al natural, acido malico, colorante betacaroteno, sorbato de potasio, citrato de potasio, estevia (equivalentes de estiviol 6,6 mg/100g), benzoato de sodio y EDTA disodico."
7501059295506,E160a,"Agua, Azucar, Jugo de fruta (5,0%), acido citrico, saborizantes identicos al natural, acido malico,  sorbato de potasio, citrato de potasio, estevia (equivalentes de estiviol 6,6 mg/100g), benzoato de sodio y EDTA disodico y colorante betacaroteno."
7501067741934,E160b,"Maíz, azúcar, sal yodada, extracto de malta, carbonato de calcio, ésteres de ácido diacetil tartárico, monoestearato de glicerilo, vitaminas y minerales (vitamina C, hierro, zinc, niacina, vitamina E, vitamina A, vitamina D, vitamina B12, vitamina B6, vitamina B1, vitamina B2, ácido fólico), BHA, achiote, polidimetilsiloxano"
7501069213446,E160b,"Harina de trigo, azúcares añadidos (azúcar), bicarbonato de sodio, sulfato de aluminio y sodio, sal yodada, saborizantes artificiales, fosfato monocálcico, ésteres de poliglicerol de ácidos grasos, mono y diglicéridos, goma xantana y colorante natural (annato norbixina).

&quot;Contiene gluten de trigo&quot;."
7501071305221,E171,"Avena 35%, azúcar, <span class=""allergen"">trigo</span>, aceite vegetal, pasas cubiertas sabor yogurt 7% (uva pasa, azúcar, grasa vegetal parcialmente hidrogenada, sólidos de la leche, ácido láctico, dioxido de titanio, saborizantes artificiales, <span class=""allergen"">lecitina de soya</span>), <span class=""allergen"">almendra</span> 7%, coco rallado sin azúcar 1%, leche descremada, miel de abeja 1%, saborizantes naturales, <span class=""allergen"">lecitina de soya</span> y tocoferoles concentrados (mezcla).Contiene avena, <span class=""allergen"">trigo</span> (<span class=""allergen"">gluten</span>) derivados de <span class=""allergen"">leche</span>, <span class=""allergen"">almendra</span> y <span class=""allergen"">soya</span>."
7501091200339,E171,"Leche entera pasteurizada de vaca, sal yodada, acido citrico, sorbato de potasio, propinato de sodio y acetato de calcio, cloruro de calcio, dioxido de titanio y cuajo."
7501092109143,E160b,"Mezcla de quesos (leche entera pasteurizada de vaca, sal yodada, cultivo láctico y enzima), agua, aceite de soya parcialmente hidrogenado, leche en polvo o descremada, fosfato dibásico de sodio (como sal fundente), ácido láctico, colorante natural (extracto de annato), sorbato de potasio como conservador .20% de grasa mínima, proteina de leche 60%"
7501413540778,E160b,"Mayonesa l(laceite vegetal de soya, agua, vinagre blanco, yema de huevo deshidratada, maltodextrina, almidón modificado, azúcar, estabilizante (almidón modificado goma xantana y maltodextrina), sal yodada, harina de mostaza, conservadores (benzoato de sodio, citrato de sodio, sorbato de potasio, cultivos de suero de leche, natamicina), acido láctico, goma xantana, jugo de limón en polvo, antioxidante (BHA, EDTA disódico), cebolla en polvo, ajo deshidratado, pimienta blanca, colorante natural (extracto de annato)], surimi (agua, proteina de pescado (Alaska pollock y/o blanco del pacífico), almidón de trigo, vino de arroz (jarabe de maiz, extracto de arroz fermentado, agua, sal yodada), sal yodada, aceite vegetal de soya, claras de huevo, saborizantes naturales y artificiales (proteína de soya hidrolizada, extracto de cangrejo), tripolifosfato de sodio, pirofosfato tetrasódico, colorante (carmin), cebolla, chile habanero, mezcla de conservadores y goma xantana."
7501413549733,E160b,"Mayonesa l(laceite vegetal de soya, agua, vinagre blanco, yema de huevo deshidratada, maltodextrina, almidón modificado, azúcar, estabilizante (almidón modificado goma xantana y maltodextrina), sal yodada, harina de mostaza, conservadores (benzoato de sodio, citrato de sodio, sorbato de potasio, cultivos de suero de leche, natamicina), acido láctico, goma xantana, jugo de limón en polvo, antioxidante (BHA, EDTA disódico), cebolla en polvo, ajo deshidratado, pimienta blanca, colorante natural (extracto de annato)], surimi (agua, proteina de pescado (Alaska pollock y/o blanco del pacífico), almidón de trigo, vino de arroz (jarabe de maiz, extracto de arroz fermentado, agua, sal yodada), sal yodada, aceite vegetal de soya, claras de huevo, saborizantes naturales y artificiales (proteína de soya hidrolizada, extracto de cangrejo), tripolifosfato de sodio, pirofosfato tetrasódico, colorante (carmin), cebolla, chile serrano, mezcla de conservadores y goma xantana."
7501413549740,E160b,"Mayonesa l(laceite vegetal de soya, agua, vinagre blanco, yema de huevo deshidratada, maltodextrina, almidón modificado, azúcar, estabilizante (almidón modificado goma xantana y maltodextrina), sal yodada, harina de mostaza, conservadores (benzoato de sodio, citrato de sodio, sorbato de potasio, cultivos de suero de leche, natamicina), acido láctico, goma xantana, jugo de limón en polvo, antioxidante (BHA, EDTA disódico), cebolla en polvo, ajo deshidratado, pimienta blanca, colorante natural (extracto de annato)], surimi (agua, proteina de pescado (Alaska pollock y/o blanco del pacífico), almidón de trigo, vino de arroz (jarabe de maiz, extracto de arroz fermentado, agua, sal yodada), sal yodada, aceite vegetal de soya, claras de huevo, saborizantes naturales y artificiales (proteína de soya hidrolizada, extracto de cangrejo), tripolifosfato de sodio, pirofosfato tetrasódico, colorante (carmin), cebolla, mezcla de conservadores y goma xantana."
7501518475289,E160b,"Leche pasteurizada de vaca, Sal yodada, Cloruro de calcio, Cultivos lácticos, Cuajo y colorante natural (annatto)."
7501518476583,E160b,"Leche pasteurizada de vaca, Sal yodada, Cloruro de calcio, Cultivos lácticos, Cuajo y Colorante natural (annatto)."
7501669804198,E160b,"Agua, Almidón modificado, Grasa vegetal, Sólidos lácteos, Goma guar, Sal yodada, Monoestearato de glicerilo, Ácido láctico, Sabor enzimático natural a queso amarillo, Extracto de annato, Sorbato de potasio."
7501669880109,E160b,"Mezcla de quesos (leche entera o parcialmente descremada pasteurizada de vaca, Sólidos de la leche, Sal yodada, Cloruro de calcio, Cuajo, Sabor enzimático natural, Cultivos lácticos), Agua, <span class=""allergen"">Mantequilla</span>. Sólidos de la leche, Sal yodada, Hexametafosfato de sodio, Fosfato disódico, Monoestearato de glicerilo, Citrato de sodio, Ácido cítrico, Carragenina, Extracto de annato, Sorbato de potasio."
7501761865394,E160b,"Trigo entero, hojuelas de avena de grano entero, uva pasa 20%, salvado, extracto de malta, azúcar, harina de maíz, harina de arroz, sal yodada, saborizante, carbonato de calcio, colorantes (caramelo clase IV, caramelo clas II, tartrazina, amarillo ocaso FCF, azul brillante FCF, extracto de annato), aceite vegetal, vitaminas y minerales (vitamina A, vitamina B1,vitamina B2, vitamina E, niacina, ácido fólico, hierro, zinc), sucralosa (0.02 g / de producto 100 g), BHA, BHT"
7501791616553,E160b,"Agua, Grasa Vegetal, Sólidos lácteos, Goma guar, Almidón modificado, Sal yodada, Monoestearato de glicerilo, Citrato de sodio, Fosfato disódico, Saborizante enzimática natural a queso amarrillo, Extracto de annato, Sorbato de potasio."
7501791624640,E160b,"Agua, imitación quesos madurados (leche parcialmente descremada pasteurizada de vaca, grasa vegetal, agua, sólidos lácteos, almidón modificado, cloruro de calcio, cuanjo, sal yodada, saborizante enzimático natural, cultivos lácticos), grasa vegetal sólidos lácteos, almidón modificado, sal yodada, hexametafosfato de sodio, fosfato disódico, saborizante natural enzimático a queso amarillo, monoestearato de glicerilo, citrato de sodio, ácido cítrico, carragenina, extracto de annato, sorbato de potasio."
7501791650236,E160b,"Agua, imitación quesos madurados (leche parcialmente descremada pasteurizada de vaca, grasa vegetal, agua, sólidos lácteos, almidón modificado, cloruro de calcio, cuanjo, sal yodada, saborizante enzimático natural, cultivos lácticos), grasa vegetal sólidos lácteos, almidón modificado, sal yodada, hexametafosfato de sodio, fosfato disódico, saborizante natural enzimático a queso amarillo, monoestearato de glicerilo, citrato de sodio, ácido cítrico, carragenina, extracto de annato, sorbato de potasio."
7501791659819,E171,"Crema de leche de vaca, leche descremada en polvo, cultivos lácticos, sal yodada, ácido citrico, goma de algarrobo, dióxido de titanio, ácido láctico, ácido sórbico, carragenina, goma xantana. CONTIENE LECHE. 33% mín. de grasa butírica, 5% mín. de proteína, 55 % máx. de humedad."
7502209113848,E171,"Leche entera pasteurizada de vaca, sal yodada, acido citrico, sorbato de potasio, propinato de sodio y acetato de calcio, cloruro de calcio, dioxido de titanio  y cuajo."
7502264281131,E163,"Agua, Jugo de limón deshidratado, Ácido cítrico, Saborizante natural a té negro, Extracto de té negro (Camellia sinensis), Colorantes naturales (Caramelo Clase IV, Antocianinas), Sucralosa (0.02g/100g), Saborizante idéntico al natural a limón, Citrato de Sodio."
7503004818099,SPIRULINA,"Nopal (mín. 45%), harina de maíz nixtamalizado, ajonjolí (mín. 5.0%), goma guar, goma xantana, carboximetilcelulosa, sal yodada, espirulina (mín. 0.1%) y tocoferoles"
75002275,E100,"Azúcares añadidos (azúcar, jarabe de maíz de alta fructosa, jarabe de maíz, glucosa), harina de trigo (gluten), grasa y aceite vegetal, glicerina, cocoa, grasa butírica, puré de piña (2%), leche, almidón modificado, sólidos de la leche, pectina, almidón, maltodextrina, lecitina de soya, ácido cítrico, saborizante artificial y natural, sal yodada, propionato sódico, mono y diglicéridos, ésteres de poligliceril de ácidos grasos, ácido sórbico, triestearato de sorbitán, vainillina, canela, ésteres de propilenglicol de ácidos grasos, fibra vegetal, estearoil lactilato de sodio, goma xantana, monostearato de sorbitán, polisorbato 60, curcumina, goma guar, carragenina, benzoato de sodio."
75063368,E160a,"Agua Bonafont, jugo concentrado de mango (4%), fibra dietetica(polidextrosa), saborizantes, concentrado Bonafont mango con stevia (15,3/100ml), ácido malico, beta, beta-caroteno, carmin y bisulfito de sodio."
75063375,E160a,"Agua bonafont, jugo de Naranja (9%), acido citrico, saborizantes, concentrado bonafont kids naranja con stevia (14,5 mg/100 ml), fibra dietetica (polidextrosa), Bisulfato de sodio y beta, beta-caroteno."
75065065,E160a,"Agua bonafont, jugo de Mango (4%), acido citrico, saborizantes (sucralosa 1,3mg/100ml), concentrado bonafont kids mango con stevia (15,3 mg/100 ml), fibra dietetica (polidextrosa), carmin y Bisulfato de sodio y beta, beta-caroteno,"
7613031300655,E160b,"31,9% VOLLKORNHAFERMEHL, 29,6% VOLLKORNWEIZENMEHL, 18,2% VOLLKORNGERSTENMEHL, Zucker, 7,0 % WEIZENMEHL (enthält Calciumcarbonat, Niacin, Eisen, Thiamin), Invertzuckersirup, Calciumcarbonat, Sonnenblumenöl, Melasse, Salz, Karamellzuckersirup, Farbstoffe (Carotin, Annatto Norbixin), Antioxidationsmittel (stark tocopherolhaltige Extrakte), Eisen, Vitamin C, Niacin, Pantothensäure, Folsäure, Vitamin D, Vitamin B6, Riboflavin (Vit. B2)."
7622210416186,E171,"<span class=""allergen"">Harina de trigo</span>, azúcar, chispas obscuras sabor a chocolate (12%-16%) (azucar, grasa vegetal hidrogenada, cocoa, emulsificante (<span class=""allergen"">lecitina de soya</span>), sal yodada y saborizante artificial (vainilla)), chispas blancas sabor a chocolate blanco (12%-16%) (azúucar, aceite vegetal hidrogenado, harina de arroz, maltodex - trina, leche entera en polvo, saborizantes artificiales (<span class=""allergen"">leche</span> y vainilla), colorante artificial (dióxido de titanio), emulsificante (<span class=""allergen"">lecitina de Soya</span>) y sal yodada), aceite vegetal, leudantes (bicarbonato de sodio amonio), jarabe de maiz de alta fructosa, sal yodada, sólidos de la leche, regulador de acidez (fosfato diamónico), emulsificante (<span class=""allergen"">lecitina de soya</span>) y saborizante artificial (vainilla). bicarbonato de"
7622300722470,E171,"Cobertura sabor a chocolate blanco (45,1%)(azúcar, aceite vegetal, leche descremada en polvo, leche entera en polvo, colorante artificial (dioxido de titanio), emulsificante (<span class=""allergen"">lecitina de soya</span>) y saborizante artificial), <span class=""allergen"">harina de trigo</span>, azúcar, grasa vegetal, aceite vegetal, cocoa, jarabe de maíz de alta fructosa, sal yodada, leudante (bicarbonato de sodio), emulsificante (<span class=""allergen"">lecitina de soya</span>) y saborizante artificial."
7622300744793,E171,"<span class=""allergen"">Harina de trigo</span>, azúcar, chispas obscuras sabor a chocolate (azúcar, grasa vegetal hidrogenada, cococa, emulsificante (lecticina de soya), sal yodada y saborizante artificial (vainilla)), chispas blancas sabor a chocolate blanco (azúcar, aceite hidrigenado, harina de arroz, maltodextrina, leche entera en polvo, saborizantes artificiales (<span class=""allergen"">leche</span> y vainilla), colorante artificial (dióxido de titanio), amulsificante (<span class=""allergen"">lecitina de soya</span>) y sal yodada), aceite vegetal, leudantes (bicarbonato de sodio y bicarbonato de amonio), jarabe de maíz de alta fructosa, sal yodada, solidos de la leche, regulador de acidez (fosfato diamónico), amulsificante (<span class=""allergen"">lecitina de soya</span>) y saborizante artificial (vainilla)."
8712566298297,"E160a,E160c","Aceite de soja (64%), agua, yema de <span class=""allergen"">huevo</span>, vinagre de vino blanco, azúcar, sal, almidón modificado de maíz, zumo de limón concentrado, antioxidante (E385), extracto de pimentón, colorante (carotenos),"
7501791632362,E164,"Harina de trigo, min. 28% de mantequilla (grasa pasteurizada de vaca, cultivos lácticos), min. 21 % de mezcla de quesos (Queso Gouda [leche pasteurizada de vaca, sal, almidón de papa, cultivos lácticos, cuajol, Queso Edam [leche pasteurizada de vaca, sal, almidón de papa, cultivos lácticos, cuajol), sal, glaseado (sólidos de la leche, dextrosa, aceite vegetal no hidrogenado) colorante natural (amarillo natural 6)"
0614360000381,E163,"Extracto de Uva, Agua Acido Cítrico, 0,1 % de Benzoato de Sodo y Sorbato de Potasio como conservada"
7501011126930,E160c,"cacahuate, sazonador[sal yodada, maltodextrina, glutamato monosódico,almidón modificado, almidón, chiles, proteína vegetal hidrolizada de soya, especias, saborizantes naturales, idénticos al natural y artificiales, dióxido de silicio, citrato de sodio, oleorresinade paprika, caramelo clase iv, ácido láctico, bht, fosfato de calcio, edta disódico], goma arábiga, ácido cítrico, tbhq"
7501005180658,E160b,"Sal yodada, fécula de maiz, azúcar, glutamato monosódico, aceite vegetal sin hidrogenar, maltodextrina, came y grasa de pollo sin hidrogenar, proteina vegetal hidrolizda, dioxido de silicio, agua, inosinato y guanilato disódicos, ajo, especia,extracto de levadura, colorantes naturales (achiote, cúrcuma y caramelo clase l), acido cítrico, cebolla y pimienta,"
7501791670555,E160b,"Leche entera pasteurizada de vaca, Cultivos lácticos, Sal, Enzimas, Extracto de annato."
7500478005765,"E160b,E160c","HARINA DE MAIZ NIXTAMALIZADO, ACEITE VEGETAL (CONTIENE TBHQ), CONDIMENTO [Chiles, Sal Yodada, Maltodextrina, Acido Citrico, Dextrosa, Oleorresina de Paprika, Aceite Vegetal, Almidón Modificado, Jugo de Limón, Saborizantes, Caramelo Clase I, Caramelo Clase IV], ACHIOTE."
7501020547207,E160b,"Leche pasteurizada de vaca, sal yodada, cuajo, nitrato de potasio, extracto de annato y cultivos lácticos."
7501011173521,E160b,"Maíz nixtamalizado, aceite vegetal (TBHQ) Sal yodada 0,6%, Maltodextrina, Achiote"
0016000467583,E160b,"glicerina, maltodextrina, carbonato de calcio, sorbitol (0,8 g / 100 g), amarillo 5, amarillo 6, rojo 40, azul 1, anaranjado 3, gelatina, sal, canela, saborizante natural, vitamina A (palmitato), Vitamina B1 (mononitrato de tiamina), Vitamina B12 y Vitamina D3."
0016000467590,E171,"Cereal (hojuelas de trigo integral, azúcar, harina de maíz, jarabe de azúcar morena, dextrosa, aceite vegetal (aceite de canola y/o aceite de arroz), bicarbonato de sodio, sal, fosfato trisódico, saborizante natural) cobertura sabor chocolate (azúcar, aceite vegetal (aceite de semilla de palma), leche descremada, cocoa procesada con álcali, latina de soya, saborizante natural), jarabe de maíz, chispas sabor a chocolate con leche (azúcar, aceite vegetal (aceite de semilla de palma y/o aceite de palma), cocoa procesada con álcali, leche descremada, <span class=""allergen"">lecitina de soya</span>, extracto de vainilla), fructuosa, trozos de malvaviscos, (azúcar, jarabe de maíz, almidón modificado, gelatina, hexametafosfato de sodio, saborizantes natural y artificial, azul 1), aceite vegetal (aceite de canola), jarabe de maíz con alto contenido de fructuosa, arroz inflado (harina de arroz, azúcar, extracto de cebada malteada, sal, caramelo clase III, tocoferoles concentrados), azúcar. Contiene 2% o menos de los siguientes ingredientes: glicerina, maltodextrina, sorbitol (0,6 g / 100 g), gelatina, sal, dióxido de titanio, <span class=""allergen"">lecitina de soya</span>, saborizantes natural y artificial, BHT, carbonato de calcio, zinc, hierro, Vitamina C (ascorbato de sodio), Vitamina B3 (niacinamida), Vitamina B6 (clorhidrato de piridoxina), Vitamina B2 (riboflavina), Vitamina B1 (mononitrato de tiamina) Vitamina A (palmitato), Vitamina B9 (ácido fólico), Vitamina B12, Vitamina D3."
7501008010242,E171,"Arroz inflado [arroz, azúcar, sal, extracto de malta, niacinamida (niacina), hierro reducido, riboflavina (vitamina B2), ácido fólico], jarabe de maíz, fructosa, M&M'S© Minis chocolate confitado (mín. 12 %) [chocolate con leche (azúcar, chocolate, leche descremada, manteca de cacao, <span class=""allergen"">lactosa</span>, grasa butírica, emulsitlcante (<span class=""allergen"">lecitina de soya</span>). sal. saborizantes naturales y artificiales), azúcar, dióxido de titanio, jarabe de maíz, dextrina, almidón de maiz. emulsiticante (cera de carnaúba), azul laca No. 1, rojo No. 40. amarillo No. 6, amarillo No. 5 (tartrazina), azul No. 1, rojo laca No. 40, amarillo laca No. 6, amarillo laca No. 5 (tartrazina), azul laca No. 2, azul 2], aceite vegetal, azúcar, pasta de cacao. sólidos de jarabe de maíz, dextrosa, humectante (glicerina), leche descremada, cocoa procesada con álcali. gelificante (grenetina), saborlzantes naturales y artificiales,  sal, emulsificante (monoglicéridos aceitados), emulsificante (ésteres de ácido diacetil tartárico, emulsificante (<span class=""allergen"">lecitina de soya</span>), BHT para mantener la frescura."
7501008010105,E171,"Arroz inflado (arroz, azúcar, sal, extracto de malta, niacinamida (niacina), hierro reducido, riboflavina (vitamina B2), ácido fólico), jarabe de maíz, fructosa, M&M'S© Minis chocolate confitado (mín, 12 %) (chocolate con leche [azúcar, chocolate, leche descremada, manteca de cacao, <span class=""allergen"">lactosa</span>, grasa butírica, emulsificante (<span class=""allergen"">lecitina de soya</span>), sal, saborizantes naturales y artificiales), azúcar, dióxido de titanio, jarabe de maíz, dextrina, almidón de maíz, emulsificante (cera de carnaúba), azul laca No. 1, rojo No. 40, amarillo No. 6, amarillo No. 5 (tartrazina), azul No. 1, rojo laca No. 40, amarillo laca No. 6, amarillo laca No. 5 (tartrazina), azul laca No. 2, azul 2], aceite vegetal, azúcar, pasta de cacao, sólidos de jarabe de maíz, humectante (glicerina), dextrosa, gelificante (grenetina), saborizantes naturales y artificiales, sal, emulsificante (ésteres de ácido diacetil tartárico), emulsificante (monoglicéridos acetilados), almidón de trigo, emulsificante (<span class=""allergen"">lecitina de soya</span>), BHT para mantener la frescura."
7501071305238,E162,"Avena, azúcar, centeno, cebada, triqo, arándano deshidratado 4% arandano, azúcar y aceite vegetal), maltodextrina, miel de abeja, aceite vegetal, almendra 1%, mora azul azucarada 1% granada liofilizada menos de 1%, fibra de arandano polvo de zarzamora, saborizante natural, polvo de granada, tocoferoles concentrados (mezcla), extracto de betabel."
7501000137237,E160b,"HARINA DE TRIGO (GLUTEN) FORTIFICADA (NIACINA (VITAMINA B3), TIAMINA (VITAMINA B1), RIBOFLAVINA (VITAMINA B2), HIERRO, ACIDO FOLICO (VITAMINA B9), ZINC), AZUCAR MARGARINA (GRASA VEGETAL, SAL YODADA, LECITINA DE SOYA (EMULSIFICANTE), PROPIONATO DE SODIO (CONSERVADOR), SABORIZANTE ARTIFICIAL Y NATURAL (MANTEQUILLA), EXTRACTO DE ANNATO (COLORANTE)), FRUTA (10%)(MANZANA RECONSTITUIDA, PURE DE FRESA (3%), PURE DE PINA), SALVAD0 DE TRIGO, HOJUELAS DE AVENA, FIBRA DE AVENA, GRASA VEGETAL PARCIALMENTE HIDROGENADA, JARABE DE MAIZ DE ALTA FRUCTOSA ALMIDON MODIFICADO SORBITOL (1,5 g/100g EDULCORANTE), PECTINA (ESPESANTE), SAL YODADA, REGULADORES DE ACIDEZ (ACID0 CITRICO Y CITRATO TRISODICO), CONSERVADORES (PROPIONATO DE SODIO, SORBATO DE POTASIO Y BENZOATO DE SODIO), CELULOSA (ESPESANTE), COLOR CARAMELO CLASE IV (COLORANTE), SULFATO CALCICO (AGENTE ENDURECEDOR), COLORANTE ARTIFICIAL (ROJO 40 (ROJO ALLURA AC), AMARILLO 6 (AMARILLO OCASO FCF)), SABORIZANTE ARTIFICIAL Y NATURAL (FRESA), ACEITE VEGETAL, ZINC, HIERRO, VITAMINA A, ESTEVIA (5 mg/100g)(EDULCORANTE), TBHQ (ANTIOXIDANTE). CONTIENE: GLUTEN, SOYA Y AVENA."
7501000137763,E160b,"HARINA DE TRIGO (GLUTEN) FORTIFICADA (NIACINA (VITAMINA B3), TIAMINA (VITAMINA B1), RIBOFLAVINA (VITAMINA B2), HIERRO, ÁCIDO FÓLICO (VITAMINA B9), ZINC), AZÚCAR, MARGARINA (GRASA VEGETAL, SAL YODADA, LECITINA DE SOYA (EMULSIFICANTE), PROPIONATO DE SODIO (CONSERVADOR), SABORIZANTE ARTIFICIAL Y NATURAL (MANTEQUILLA), EXTRACTO DE ANNATO (COLORANTE)], FRUTA (11%)(MANZANA RECONSTITUIDA, PURÉ DE PIÑA (5%)), SALVADO DE TRIGO, HOJUELAS DE AVENA, FIBRA DE AVENA, GRASA VEGETAL PARCIALMENTE HIDROGENADA, JARABE DE MAÍZ DE ALTA FRUCTOSA, DEXTROSA, GLUCOSA, ALMIDON MODIFICADO, ALGINATO DE SODIO (ESPESANTE), PECTINA (ESPESANTE), REGULADORES DE ACIDEZ (ACIDO CÍTRICO, CITRATO TRISÓDICO, CITRATO DE CALCIO) CONSERVADORES (PROPIONATO DE SODIO Y SORBATO DE POTASIO), SABORIZANTE ARTIFICIAL Y NATURAL (PIÑA), COLORANTE ARTIFICIAL (AMARILLO 5 (TARTRAZINA)), SAL YODADA, ZINC, HIERRO, VITAMINA A, ESTEVIA (5 mg/100g)(EDULCORANTE), TBHQ (ANTIOXIDANTE)."
7501008082843,E171,"Hojuelas de maíz (maíz, azúcar, extracto de malta, sal yodada, antiaglomerante, monoestearato de glicerilo), cobertura sabor chocolate (azúcar, aceite de palmiste parcialmente hidrogenado, cocoa, <span class=""allergen"">suero de leche</span>, emulsificante, <span class=""allergen"">lecitina de soya</span>, sal, saborizante artificial a vainillina), glucosa, jarabe de maíz alto en fructosa, sólidos de glucosa, aceite de soya, aceite de palma, azúcar, dextrosa, jarabe invertido, saborizante natural de leche (<span class=""allergen"">leche</span>), leche descremada en polvo, humectante (sorbitol), humectante (glicerina), colorante artificial (dióxido de titanio), emulsificante (<span class=""allergen"">lecitina de soya</span>), maltodextrina, almidón de trigo, antioxidante (BHT), Ácido ascórbico (vitamina C), palmitato (vitamina A), hierro reducido, óxido de zinc, cobalamina (vitamina B12), colecalciferol (vitamina D), ácido fólico"
7501011131125,E160b,"MAIZ NIXTAMALIZADO, ACEITE VEGETAL (CONTIENE TBHQ), CONDIMENTO [SAL, YODADA, MALTODEXTRINA, ÁCIDO CITRICO, DIÓXIDO DE SILICIO, SABORIZANTES IDENTICOS AL NATURAL, GOMA ARÁBIGA, ESTEARATO DE CALCIO, TRIGLICERIDOS DE CADENA MEDIA, TOCOFEROLES], ACHIOTE."
7501030459620,"E100,E160b","<span class=""allergen"">HARINA DE TRIGO</span> (<span class=""allergen"">GLUTEN</span>), AZÚCAR, ARÁNDANOS (15% ), HOJUELAS DE AVENA (INTEGRAL) (13%), <span class=""allergen"">HUEVO</span>, GRASA VEGETAL,FIBRA DE AVENA, HARINA DE CEBADA (INTEGRAL), HARINA DE CENTENO, JARABE DE MAÍZ DE ALTA FRUCTOSA, SABORIZANTE ARTIFICIAL Y NATURAL, BICARBONATO DE SODIO, <span class=""allergen"">LECITINA DE SOYA</span>, SAL YODADA, EXTRACTO DE ANNATO, CURCUMINA EXTRACTO DE ROMERO, ZINC, HIERRO, VITAMINA A, TBHQ, PALMITATO DE ASCORBILO Y TOCOFEROLES"
7501025511326,E162,"Ari de leche, pectina, lactato de calcio, colorante rojo betabel, saborizante a Leche descremada en polvo, fructosa, almidón, concentrado de fresa rasa, vitamina E, vitamina D, cultivos lácticos"
7501008013007,E171,"Hojuelas de maiz (maiz, azúcar, extracto de malta, sal yodada, antiaglomerante (monoestearato de glicerilo), cobertura sabor chocolate (min. 20 % ) [azúcarar, acete de paimito parcialmente hidrogenado, cocoa, suero de leche, emulsificante (lecitina de soya), sal, saborizante artificial a vainillina, glucosa, jarabe de maiz alto en fructosa, sólidos de glucosa, aceite de soya y palma, azuar, dextrosa, jarabe invertido, saborizante natural de leche (leche), leche descremada en polvo, humectante (sorbitol), humectante (glicerina), colorante artificial (dióxido de titanio), emulsificante (lecitina de soya), maltodextrina, almidón de trigo, antioxidante (BHT) VITAMINAS Y MINERALES: Ácido ascórbico (vitamina C, palmitato (vitamina A), hierro reducido, óxido de zinc, cianocobalamina (vitamina B12), colecalciferol (vitamina D), ácido fólico."
0077782004434,E160c,"Came de cerdo, agua, sólidos de la leche (proteína hidrolizada de Suero de leche), jarabe de maiz, lactato potásico, sal, dextrosa, vinagre en polvo, especias, ajo en polvo (0,24% ), glutamato monosodico, cebolla en polvo (0,2%) , saborizantes naturales, especias (incluye chiles (0,02%), saborizante natural, diacetato de sodio, fosfato de sodio, oleorresina de paprika, aceite vegetal de soya, dióxido de silicón."
0077782018325,E160c,"Carne de res, agua, jarabe de maíz, sal, lactato potásico, lactato de sodio, proteína láctea, dextrosa, especias (contiene <span class=""allergen"">mostaza</span>), fosfato de sodio, extracto de paprika, azúcar, diacetato de sodio, ajo en polvo, eritorbato de sodio, cebolla en polvo, saborizante natural, nitrito de sodio. Carne de res [73%]."
0017782083787,E160c,"Came de cerdo. agua, jarabe de maíz, sal, dextrosa, especias, glutamato monosódico, extracto de paprika, ajo deshidratado. erítorbato de sodio, nitrito de sodio. Game de cerdo [80%]."
7506306311022,E160b,"Sal yodada, azúcar, fécula de maíz, glutamato monosódico, proteína vegetal hidrolizada, grasa de res, carne y grasa de pollo (4%), cebolla, extracto de levadura, dióxido de silicio, ajo, agua, especia, ácido cítrico, inosinato disódico, pimienta, colorante natural (achiote) y colorantes artificiales (amarillo 5 (tartrazina) y amarillo 6). <span class=""allergen"">CONTIENE GLUTEN</span>."
0614384000268,E163,"Extracto de Jamaica, Agua Acido Citrico, 0,1% de Benzoato de Sodio y Sorbato de Potasio como conservador."
2548791604932,E160a,"Agua, jugo y pulpa de mango, ácido citrico, goma xantana, saborizante artificial, beta caroteno, sucralosa (17 mg/100 ml)."
7501013100914,E163,"Agua, Jarabe de Maíz de Alta Fructosa, Jugo de Arándano de Concentrado (23 %), Alulosa (166 mg/100 g de producto), Antocianinas, Acido Tartárico, Acido Citrico, Saborizante Natural, Sucralosa (4 mg/100 g de producto)."
7501077506226,E160a,"LECHE ENTERA PASTEURIZADA DE VACA, SAL YODADA, CULTIVOS LACTICOS, CLORURO DE CALCIO, enzimas, betaCAROTENO."
7501059282629,E171,"SÓLIDO DE MAÍZ, ACEITE VEGETAL HIDROGENADO, FOSFATO HIDROGENADO DIPOTASICO (ANTIGLOMERANTE), CASEINATO DE SODIO, DIÓXIDO DE TITANIO (COLORANTE), MON Y DIGLICÉRIDOS DE ÁCIDOS GRASOS (EMULSIFICANTE O ESTABILIZANTE), DIÓXIDO DE SILICIO (ANTIAGLOMERANTE), AZÚCAR, ÉSTERES DE ÁCIDO DIACETIL TARTÁRICO (EMULSIFICANTE O ESTABILIZANTE), SABORIZANTE ARTIFICIAL Y COLORANTE ANNATO.
CONTIENE CASEINATO DE SODIO (DERIVADO DE LA PROTEÍNA DE LECHE)"
7501058632227,E160b,"Sólidos de maíz, aceite vegetal hidrogenado, caseinato de sodio, fosfato hidrogenado dipotásico (estabilizante), dioxido de silicio (antiaglomerante, mono y diglicéridos de ácidos grasos (emulsificante), saborizantes artificiales, ésteres de ácido diacetil tartárico (emulsificantes), carragenina (texturizantes) y colorantes (annatto y cúrcuma)."
7501791655347,E160a,"GALLETA: HARINA DE TRIGO, AZUCAR, TAPIOCA, HARINA DE ARROZ, ACEITE VEGETAL NO HIDROGENADO, CARAMELO CLASE III, SAL, LECITINA DE SOYA, LECHE SEMIDESCREMADA EN POLVO. RELLENO 50%: ACEITE VEGETALL NO HIDROGENADO, AZUCAR, DEXTRINA, CACAO EN POLVO, ALMIDON DE MAIZ, DEXTROSA, PREPARACION DULCE CREMOSA (JARABE DE GLUCOSA, ACEITE VEGETAL NO HIDROGENADO, CASEÌNA, EMULSIFICANTE, (MONO Y DIGLICERIDOS), POLISFOSFATO DE SODIO, FOSFATO DIPOTASICO, DIOXIDO DE SILICIO, BETA CAROTENO). LECHE SEMIDESCREMADA EN POLVO, CAFE EN POLVO, SAL, LECITINA DE SOYA, SABORIZANTE ARTIFICIAL CAPUCHINO. CONTIENE SOYA Y LECHE."
7501055359882,E162,"Agua, jugo de Manzana 35% jugo de betabel 11,5%, pure de fresa 8,5%, proteína vegetal (de <span class=""allergen"">soya</span>, cicharo y maíz) 0,6%, ácido citrico concentrado nutrivegetales con sabor hierbabuena, ácido fosforico gluconato de sodio, estevia (8,5 mg /100 carmin."
7501077510599,E160b,"Leche entera pasteurizada de vaca cultivo lacteo sal yodada, cloruro de calcio mosoestearato de glicerilo, cuajo, extracto de annato."
7501040083631,E160a,"Quesos tipo manchego (Leche entera pasteurizada de vaca, sal yodada, cultivo láctico, cuajo, betacaroteno), Leche descremada reconstituida, grasa butírica, caseinatos, citrato de sodio, sal yodada, ácido fosfórico, sorbato de potasio, acetato de sodio, saborizantes. Composición: Grasa mín 22,5%, proteína mín 20%, humedad máx 45%."
7501040083761,E160b,"LECHE ENTERA PASTEURIZADA DE VACA CULTIVO LACTICO,SAL YODADA, CLORURO DE CALCIO, MONOESTEARATO DE GLICERILO, CUAJO, NITRITO DE SODIO, EXTRACTO DE ANNATO."
7501077510575,E160b,"Leche entera pasteurizada de vaca, cultivo láctica, sal yodada cloruro de calcio, mongestearato de glicerilo, cuajo, extracto de annato."
7501077510377,E160b,"Leche entera pasteurizada de vaca, <span class=""allergen"">proteína de leche</span>, cultivos lácticos, sal yodada, cloruro de calcio monoestearato de glicerilo, cuajo, extracto de annato."
7501002202179,E160b,"LECHE ENTERA PASTEURIZADA DE VACA, PROTEINA DE LECHE, SAL YODADA, CLORURO DE CALCIO, CUAJO, EXTRACTO DE ANNATO Y CULTIVOS LÁCTICOS."
7501077513156,E160b,"Leche entera pasteurizada de vaca cultivo lacteo sal yodada, cloruro de calcio mosoestearato de glicerilo, cuajo, extracto de annato."
7501040083570,E160b,"Leche entera pasteurizada de vaca, cultivo láctico, sal yodada, cuajo, cloruro de calcio, nitrato de sodio, extracto de annato."
7501040083884,E160b,"Leche entera pasteurizada de vaca, cultivo láctico, sal yodada, cuajo, cloruro de calcio, nitrato de sodio, extracto de annato."
2000000081689,E160b,"Quesos Monterey Jack, Cheddar, Queso Quesadilla y Asadero (Leche entera de vaca pasteurizada, cultivo| láctico, sal, enzimas, achiote para dar color [en el Queso Cheddar]), almidón de papa y celulosa en polvo (para prevenir el endurecimiento), natamicina (previers el moho)."
0052833227543,E160b,"Leche entera pasteurizada de vaca, cultivos lácticos, annatto norbixina, sal común, cuajo. Contiene: Leche
Queso Muenster keche entera de vaca.
Porcentaje mínimo de grasa butírica: 27%
Porcentaje mínimo de proteína: 10%
Porcentaje máximo de humerdad: 42%"
0046100010990,E160b,"Queso mozzarella bajo en humedad parcialmente descremado (75%) (Leche pasteurizada parcialmente descremada de vaca, cultivo láctico, sal, enzimas), queso cheddar (25%) (Leche entera de vaca pasteurizada, cultivo láctico, sal, enzimas, extracto de annato (colorante vegetal)), Almidón de papa y celulosa en polvo (Antiglomerante), Natamicina (Inhibidor natural del moho)
Contiene: Leche"
7501791641906,E160b,"Leche pasteurizada de vaca, sal, cultivos lácticos, cuajo microbial, colorante natural (extracto de achiote)"
7501040083587,E160b,"Leche entera pasteurizada de vaca, leche descremada pasteurizada de vaca, sal yodada, cultivos lácticos, extracto de annato, cloruro de calcio, nitrato de sodio, cuajo."
0654858704407,E160b,"Leche pasteurizada de vaca, sal, cultivos lácticos, cuajo microbial, colorante natural (achiote)."
0052833227086,E160b,"Leche entera pasteurizada de vaca, cultivos lácticos, annatto norbixina, sal común, cuajo. 
Contiene<span class=""allergen"">: Leche</span>."
7501791725439,E160b,"Leche parcialmente descremada pasteurizada de vaca, grasa vegetal, sal yodada, almidón modificado, celulosa microcristalina, cloruro de calcio, sorbato de potasio, quimoxina, saborizante enzimático natural, extracto de annato, cultivos lácticos."
7501057730375,E160c,"Carne de cerdo, grasa de cerdo, agua, proteína de soya, condimentos, pimentón, sal todada, glucosa, nitrito de sodio, extracto de paprika, eritorbato de sodio, cultivos lácticos, carmín, puede contener <span class=""allergen"">trigo</span>."
7501791658904,E171,"Carne de pavo, agua, fecula de papa, carne de cerdo, proteina de soya, sal yodada, almidon modificado, mezcla de condimentos, fosfato de sodio, lecitina de soya, lactato de sodio, azucar refinada, eritorbato de sodio, diacetato de sodio, carmin, dioxido de titanio, nitrito de sodio."
7501761856743,E160b,"HOJUELAS DE AVENA DE GRANO ENTERO, HOJUELAS DE TRIGO, AZÚCAR, UVA PASA 11% , HARINA DE ARROZ INTEGRAL, INULINA, SOLIDOS DE LA LECHE, HARINA DE ARROZ, MAIZ, ACEITE VEGETAL (CONTIENE ANTIOXIDANTES TBHQ ,PALMITATO DE ASCORBILO, TOCOFEROLES), <span class=""allergen"">ALMENDRAS</span> 1%, MIEL 0,5%, SAL YODADA, COCO, SABORIZANTE, EXTRACTO DE MALTA, CANELA, <span class=""allergen"">LECITINA DE SOYA</span>, GLICERINA, CARBONATO DE CALCIO, VITAMINAS Y MINERALES  (HIERRO , ZINC, NIACINA, VITAMINA B6, VITAMINA B2, VITAMINA B1), BHA, EXTRACTO DE ANNATO, DIOXIDO DE SILICIO.
ESTE PRODUCTO CONTIENE <span class=""allergen"">TRIGO</span> Y OTROS <span class=""allergen"">CEREALES CON GLUTEN</span>, <span class=""allergen"">LECHE</span>, <span class=""allergen"">ALMENDRAS</span>, COCO Y <span class=""allergen"">SOYA</span>."
7501058619228,E160b,"Sólidos de maíz, aceite vegetal hidrogenado, caseinato de sodio, fosfato hidrogenado dipotásico (estabilizante), dioxido de silicio (antiaglomerante), mono y diglicéridos de ácidos grasos (emulsificante), saborizantes artificiales, ésteres de ácido diacetil tartárico (emulsificantes), carragenina (texturizantes) y colorantes (annatto y cúrcuma), 
Contiene caseinato de sodio (derivado de la <span class=""allergen"">proteína de leche</span>),"
7501058632197,E160b,"Sólidos de maíz, aceite vegetal hidrogenado, caseinato de sodio, fosfato hidrogenado dipotásico (estabilizante), dioxido de silicio (antiaglomerante, mono y diglicéridos de ácidos grasos (emulsificante), saborizantes artificiales, ésteres de ácido diacetil tartárico (emulsificantes), carragenina (texturizantes) y colorantes (annatto y cúrcuma). 
Contiene caseinato de sodio (derivado de la proteína de leche)."
7501791640954,E160b,"Leche entera pasteurizada de cabra, sal, cuajo, cultivos lácticos, cloruro de calcio y lisozima (derivado del huevo), natamicina y extracto de annato (en corteza). CONTIENE: Leche y derivados de huevo."
7501791640930,E100,"Mezcla de leches (Leche entera pasteurizada de vaca, leche entera pasteurizada de cabra, leche entera pasteurizada de oveja), sal, cuajo, cloruro de calcio, cultivos lácticos, lisozima (derivado del huevo), natamicina, colorante curcumina, azul brillante FCF y annato (en corteza)."
7501791671019,E160b,"MAIZ, AZUCAR, SAL YODADA, EXTRACTO DE MALTA, CARBONATO DE CALCIO, ESTERES DE ACIDO DIACETIL TARTARICO, MONOESTEARATO DE GLICERILO, NIACINA, HIERRO, ZINC, BHA, ACHIOTE, DIOXIDO DE SILICIO.
CONTIENE GLUTEN."
0042400212638,E160b,"GRANO ENTERO DE TRIGO (33%), AZUCAR (29%), HARINA DE ARROZ (16%), ACEITE VEGETAL, FRUCTUOSA CONTIENE 2% O MENOS DE DEXTROSA, MALTODEXTRINA, SAL, CARBONATO DE CALCIO, CANELA (0.5%), <span class=""allergen"">LECITINA DE SOYA</span>, FOSFATO TRISODICO, ACHIOTE, CARAMELO CLASE IV (COMO COLORANTE), SABORIZANTE NATURAL.
CONTENE GLUTEN."
0042400212744,E163,"GRANO ENTERO DE TRIGO (75%), AZUCAR (18.8%), SABORIZANTE NATURAL DE MORAS AZULES (0.35%), MORAS AZULES DESHIDRATADAS GRANULADAS (0.15%), GELATINA, EXTRACTO DE ZANAHORIA MORADA (COMO COLORANTE), VITAMINA E  (MEZCLA DE TOCOFEROLES) (AGREGADO PARA CONSERVAR LA FRESCURA DEL PRODUCTO).
CONTIENE GLUTEN.
VITAMINAS Y MINERALES:
HIERRO REDUCIDO, NIACINA, OXIDO DE ZINC (COMO FUENTE DE ZINC), VITAMINA B6  (CLORHIDRATO DE PIRIDOXINA), ACIDO FOLICO, VITAMINA B2 (RIBOFLAVINA) VITAMINA B1 (MONONITRATO DE TIAMINA), VITAMINA B12,VITAMINA B5 (ACIDO PANTOTENICO), FOSFORO, MAGNESIO, COBRE."
0884912020505,E160b,"MAIZ (32%), GRANO ENTERO DE TRIGO (21%), AZUCAR GRANO ENTERO DE AVENA ARROLLADA (10.7%), <span class=""allergen"">ALMENDRAS</span> (5%), ARROZ (4.4%), ACEITE VEGETAL, <span class=""allergen"">HARINA DE TRIGO</span>, HARINA DE CEBADA MALTEADA, JARABE DE MAIZ, SAL, SOLIDOS DE LA LECHE, JARABE DE MAIZ Y CEBADA MALTEADA, MIEL DE ABEJA (0.2%), CARAMELO AMONICO (COLORANTE), CANELA, SABORIZANTE NATURAL Y SABORIZANTE ARTIFICIAL, EXTRACTO DE ANNATO (COLORANTE), BHT.
CONTIENE GLUTEN
VITAMINAS Y MINERALES:
HIERRO REDUCIDO, NIACINA (NIACINAMIDA), VITAMINA B6, VITAMINA A (COMO PALMITATO), VITAMINA B2 (RIBOFLAVINA), VITAMINA B1 (MONONITRATO DE TIAMNINA), OXIDO DE ZINC (COMO FUENTE DE ZINC), ACIDO  FOLICO, VITAMINA B12, VITAMINA D3."
7501761865424,"E100,E160b","TRIGO DE GRANO ENTERO, HOJUELAS DE AVENA DE GRANO ENTERO, AZUCAR, EXTRACTO DE MALTA, ALMIDON, FIBRA DE AVENA, SALVADO DE AVENA , CLORURO DE POTASIO, SAL YODADA, CARBONATO DE CALCIO, EXTRACTO DE AVENA, VITAMINAS Y MINERALES (VITAMINA C, HIERRO, ZINC, NIACINA, VITAMINA B2, ACIDO FOLICO, VITAMINA E, VITAMINA B6, VITAMINA A, VITAMINA B1, VITAMINA D, VITAMINA B12), BHT, SUCRALOSA (0,04g/100g de producto), SABORIZANTE, COLORANTES (EXTRACTO DE ANNATO, CURCUMINA), LECITINA DE SOYA.
ESTE PRODUCTO CONTIENE GLUTEN Y SOYA."
0002544317101,"E100,E171","Harina de trigo enriquecida (harina de trigo, niacina, hierro reducido, mononitrato de tiamina (vitamina B1), riboflavina (vitamina B2), ácido fólico), jarabe de maíz, jarabe de maíz alto en fructosa, dextrosa, aceite de soya y palma, azúcar, galleta molida, almidón de trigo, sal, fresas deshidratadas, peras deshidratadas, manzanas deshidratadas, polvos para hornear (bicarbonato de sodio, pirofosfato ácido de sodio, fosfato monocálcico), ácido cítrico, maíz molido, gelatina, aceite de soya, almidón de maíz modificado, color caramelo clase IV, lecitina de soya, goma xantana, almidón de trigo modificado, vitamina A palmitato, rojo allura AC, niacinamida (niacina), hierro reducido, dióxido de titanio, extracto de cúrcuma, clorhidrato de piridoxina (vitamina B6), amarillo ocaso FCF, riboflavina (vitamina B2), hidrocloruro de tiamina (vitamina B1), azul brillante FCF. CONTIENE GLUTEN. CONTIENE INGREDIENTES"
0016000415447,E171,"Extracto de raíz de aohicoria, harina de arroz, azúcar, harina de tu o integral, jarabe de maíz con año contemdo e ma!tosa, avena de grano entero, aceite vegetal %gceute de semilla de palma, canola y/o soya), chispas de chocolate semiamargo 4% (azúcar, licor de cocoa procesado con álcali, manteca de cacao, grasa butírica, lecitina de sora, saborizante natural), trigo inflado, glicerina, miel, maltodextrina, cocoa procesada con álcali (holandés), lecitina de soya, cacao, sal, extracto de malta de cebada, goma celulosa, sólidos de la leche, leche entera, fructosa, leche descremada. bicarbonato de sodio, levadura seca, saborizante natural, aceite vegetal (aceite de romero), colorantes (laca de amarillo 5, laca de amarillo 6, laca de rojo 40, laca de azul 1 y dióxido de titanio), Vitamina E (tocoferoles) agregado para preservar frescura."
0016000440296,E163,"Trozos de arándanos con sabor a fresa (azúcar, arándanos, ácido cítrico, saborizante natural, jugo concentrado de saúco, aceite vegetal (aceite de girasol refinado), <span class=""allergen"">lecitina de soya</span>), hojuelas de avena integral  (19,8%), harina de arroz, jarabe de  maíz, jarabe de maíz con alto  contenido de maltosa, fructosa, azúcar, aceite vegetal, manzanas deshidratadas 4%, glicerina, <span class=""allergen"">lecitina de soya</span>, almidón, fresas deshidratadas  2%, extracto de cebada malteada, sal, aceite vegetal, jugo concentrado de fresa, ácido malico, saborizante natural, ácido cítrico, bicarbonato de sodio, mezcla de tocoferoles  concentrados añadidos para conservar la frescura, aceite vegetal."
0042400097730,E160b,"Maiz molido (b0%) azucar (30%) jarabe de maiz, sal, melaza, vitamina C (ascobalo de sodio y e) viamina B (niacinamida), corcuma (como colorante), vilamina A (como palmitato), hierro reducido, achiote (como colorante) Oxido de zinc (como fuente de zinc)  Vitamina B6 (hidrocloruro de piridoxina), vilamina B1 (clorohidrato de tiamina) vitamina B2 (riboflamina), vilamina D. flato (Acido folico), vilanina B12, almidon de tigo, Agregado para conservar la frescura del producto vitamina E (Mezcla de tocoferoles) y BHT"
7501295600713,E160a,"Leche semidescremada, deslactosada, azúcar, celulosa microcristalina, carragenina, vitaminas (B6, B1, A, D3, B12), calcio, zinc, hierro y ácido fólico, lactasa, saborizante, citrato de sodio, betacaroteno, hezametafosfato de sodio y fosfato disódico."
7502219838717,E100,"MANGO, CONCENTRADO DE MANZANA, PULPA DE MARACUYA, CURCUMA Y PECTINA. ORGANICOS."
7503023660327,E100,"ARROZ GRANO LARGOPRECOCIDO ENRIQUECIDO (HIERRO, ACIDO FOLICO) VEGETALES DESHIDRATADOS (CEBOLLA, PIMIENTO, AJO, TOMATE, AZUCAR, DEXTROSA, GRASA DE POLLO, CURCUMA MOLIDA."
7501791657518,E160b,"Guayabas (40% min.), azúcar, pectina, ácido citrico, goma de algarrobo, citrato de calcio, sorbato de potasio benzoato de sodio y colorante anaranjado natural 4."
0073141110815,E160b,"<span class=""allergen"">Harina de trigo</span>, azúcar, <span class=""allergen"">almendra</span> (20% min), leche entera en polvo, aceite vegetal, licor de cacao (16% min). Manteca de cacao (8% min), manteca vegetal, aceite vegetal, <span class=""allergen"">lecitina de soya</span>, esteres de ácidos grasos, sacarosa, sal yodada, poliglicerol de polirricinoleato, ácidos grasos de sacarosa, <span class=""allergen"">mantequilla</span>, levadura, saborizante artificial, extracto de achiote, bicarbonato de sodio. 
Contiene<span class=""allergen"">: Gluten</span>, <span class=""allergen"">leche</span>, <span class=""allergen"">almendra</span> y <span class=""allergen"">soya</span>."
7503006097003,E160b,"Carne de cerdo (al 80%), achiote, proteína vegetal, vinagre de frutas, agua, consomé, sal de mar,ajo, cebolla
 “Contiene <span class=""allergen"">soya”</span>."
7501791647175,E160b,"Fresas, isomalt (26,7 g /100 g), sorbitol (10g/100) a pectina, ácido citrico, goma de algarrobo, citrato de calcio benzoato de sodio, colorante anaranjado natural 4, sorbato de potasio, sucralosa (12,5 mg/100 g) y colorante Rojo natural 4."
7501018312312,E160c,"PASTA: Sémola de trigo durum hierro, niacina, vitamina B1 (tiamina), vitamina B2 (riboflavina y ácido fólico (folacina). SAZONADOR DE TOMATE Y ESPECIAS.: Sal yodada, tomate en polvo (17%) hojuelas de tomate, almidón, azucar, harina de trigo, aceite vegetal parcialmente hidrogenado. maltodextrina, cebolla, leche descremada en polvo, glutamato monosódico, especias, oleorresina de paprika, saborizantes naturales y artificiales, queso, pimienta y dióxido de silicio."
7501018312138,E160c,"Pasta: sémola de trigo durum, hierro, niacina, vitamina B1 (tiamina), vitamina B2 (riboflavina), y ácido fólico (folacina). Salsa de tomate: maltodextrina, sal refinada yodada, tomate deshidratado (15%), crema en polvo (10%), mezcla de quesos granular y azul (leche, cultivos de queso, enzimas), suero de leche, aceite de soya parcialmente hidrogenado, lactosa, fosfato de sodio, ácido cítrico y ácido láctico], saboreadores naturales y artificiales, almidón, glutamato monosódico, oleorresina de paprika, cebolla, ajo, especias, perejil, dióxido de silicio, tocoferoles y palmitato de ascorbilo."
0071828003108,"E100,E160b","Agua, <span class=""allergen"">Semillas de Mostaza</span>, Vinagre (Blanco Destilado, Vino tinto y Vino Blanco), Azúcar, Sal, Vino Blanco, Ajo, Especias, Goma Xantana, Curcuma, Turmerico, Acido Cítrico, Saborizantes Naturales, Extracto de Annato."
0071828002385,"E100,E160b","Agua, Vinagre blanco destilado, <span class=""allergen"">Semillas de Mostaza</span>, Sal, Azúcar, Aceite vegetal de Soya, Cúrcuma, Turmérico, Ajo, Especias, goma Xantana, Extracto de Annato, Edta Disódico Cálcico, Acido Cítrico, Saborizante natural."
7501003107848,E140,"Ingredientes Agua, chile poblano (1 1%) almidón de maiz modiñcado, elote, leche descrema en polvo, aceite vegetal, saborizante idéntico al natural, azúcar, <span class=""allergen"">harina de trigo</span>, sal yodada, glutamato monosódico, suero de leche de polvo, condimentos, goma xantana, carragenina, especia y colorante natural verde natural 3."
4571383311817,E160b,"Contenido del Empaque  Ingredientes  500 mililitros  agua, aceite de soya sin hidrogenar, almidón de maíz modificado, leche descremada, maltodextrina, azúcar, elote en polvo (1%), sal yodada, estabilizantes (carragenina, pectina y goma xantana), glutamato monosódico, saborizante idéntico al natural, cebolla, emulsiñcante (mono y diglicéridos de ácidos grasos), citrato de potasio, hexametafosfato de sodio, colorante natural (achiote) e inosinato de sodio. <span class=""allergen"">CONTIENE LECHE</span>"
0853267004003,E100,"Harina de papa, almidon, aceite vegetal, sal, azucar, pasta de tomate (tomate 100%), curcuma, espinaca en polvo, remolacha en polvo."
7501791614184,E171,"Contenido del Empaque Empaque con 1 kg  Agua,jarabe de maíz de alta fructuosa, azúcar, pasta de tomate, almidón modiñcado, sal yodada, ácido acético, goma xantana, benzoato de sodio, saborizantes naturales y artif1ciales (catsup), glutamato monosódico y colorantes artificiales (Rojo 40, Dióxido de  Titanio, Amarillo 5 y Azul 1)."
0078742091952,"E100,E160c","VINAGRE, AGUA, SEMILLA DE MOSTAZA, SAL, CURCUMA TURMERICO, EXTRACTO DE PAPRIKA."
7501003335128,E100,"AGUA, VINAGRE DE ALCOHOL DE CAÑA, <span class=""allergen"">SEMILLAS DE MOSTAZA</span>,SAL YODADA, AZUCAR, CURCUMA"
0041500763668,"E100,E160c","VINAGRE, AGUA, SEMILLA DE MOSTAZA, SAL, CURCUMA, PAPRIKA, ESPECIA, SABORIZANTES NATURALES Y AJO EN POLVO."
7501003335036,E100,"AGUA, VINAGRE DE ALCOHOL DE CAÑA, SEMILLAS DE MOSTAZA, SAL YODADA, AZUCAR Y CURCUMA."
7501052470658,E160c,"AGUA, ACEITE DE OLIVA, VINAGRE BALSAMICO, ACEITE VEGETAL, AZUCAR, VINAGRE BLANCO DE ALCOHOL DE CAÑA, SAL YODADA, ESPECIAS, ESENCIA DE AJO, CEBOLLA, PIMIENTO, POLISORBATO 60, SABORIZANTE NATURAL, ALBAHACA, SORBATO DE POTASIO, GOMA XANTANA, ALGINATO DE PROPILENGLICOL, BENZOATO DE SODIO, OLEORRESINA DE PAPRIKA, EDTA DISODICO Y TBHQ."
7501052470436,E100,"VINAGRE DE MANZANA (AGUA, VINAGRE DE ALCOHOL DE CAÑA, VINAGRE DE MANZANA, CARAMELO CLASE III, SABORIZANTE Y METABISULFITO DE SODIO), JARABE DE DE FRUCTUOSA, ACEITE VEGETAL, AGUA, MIEL DE ABEJA, SAZONADOR (AZUCAR, <span class=""allergen"">MOSTAZA</span>, SAL YODADA, ALMIDON MODIFICADO, MALTODEXTRINA, CASEINATOS, HARINA DE SOYA, ACIDO CITRICO, ESPECIAS, ACEITE VEGETAL, SILICA, BENZOATO DE SODIO, Y CURCUMA), SAL YODADA, <span class=""allergen"">MOSTAZA</span>, ACEITE DE OLIVA, GLUTAMATO MONOSODICO, POLISORBATO 60, GOMA XANTANA, BENZOATO DE SODIO, SORBATO DE POTASIO, EDTA DISODICO, AMARILLO 5 (TARTRAZINA), Y TBHQ.
CONTIENE DERIVADOS <span class=""allergen"">LACTEOS</span>, DE <span class=""allergen"">SOYA</span>, TARTRAZINA Y <span class=""allergen"">SULFITOS</span>."
7501954904749,E160c,"ATUN ALETA AMARILLA EN HOJUELAS, 9% DE PASTA DE TRIGO CON ALBUMINA (7%), Y SALSA DE TOMATE CON PICANTE (AGUA, TOMATE, PASTA DE TOMATE, CEBOLLA, ACEITE VEGETAL, SAL YODADA, SALSA DE SOYA, AZUCAR, 0.2% DE CHILE DE ARBOL, ESPECIAS Y OLEORRESINA DE PAPRIKA)."
0020899001063,E160a,"<span class=""allergen"">Harina de trigo</span>, margarina (aceite de palma, aceite de soya, agua, <span class=""allergen"">lecitina de soya</span>, <span class=""allergen"">suero de leche</span>, betacaroteno, azúcar, <span class=""allergen"">huevo</span>, sustituto de leche, yema de huevo, fibra de bambú, <span class=""allergen"">lecitina de soya</span>, saborizante artificial, sal, relleno sabor chocolate (azúcar, grasa vegetal, cocoa, almidón de maíz, leche descremada, <span class=""allergen"">lecitina de soya</span>, emulsificante, saborizante artificial), decorado sabor chocolate (azúcar, grasa vegetal, cocoa, <span class=""allergen"">lecitina de soya</span> (emulsificante), saborizante artificial)."
7501791628136,E160b,"Pasta de sémola de trigo enriquecida (sémola de trigo, sal yodada, fécula de maíz, azúcar, proteína vegetal hidrolizada, aceite vegetal hidrogenado, glutamato monosódico, carne y grasa de pollo (1.5%), extracto de levadura, ajo y cebolla deshidratados, dióxido de silicio, perejil deshidratado, colorantes naturales ( achiote y cúrcuma), saborizantes artificiales, ácido cítrico e inosinato de sodio."
7501000621866,E171,"<span class=""allergen"">Harina de trigo</span>, azúcar, grasa vegetal (contiene TBHQ palmitato de ascorbilo, tocoferoles), jarabe de maíz, cocoa, <span class=""allergen"">leche</span> 9%, sal yodada, fécula de maíz, <span class=""allergen"">huevo</span>, estearoil lactilato de sodio, <span class=""allergen"">lecitina de soya</span>, saborizantes, colorantes (amarillo ocaso FCF, rojo allura AC, tartrazina, azul brillante FCF, dióxido de titanio, caramelo clase IV), ácido cítrico, vitaminas y minerales (hierro, ácido cítrico, vitaminas y minerales (hierro, ácido fólico, vitamina B12), almidón modificado, glutamato monosódico, benzoato de sodio, EDTA y BHA."
7503005273354,E160b,"Harina de trigo (gluten), grasa vegetal, margarina baja en grasa (grasa vegetal, sal yodada, lecitina de soya, propionato de sodio, saborizante artificial y natural, extracto de annato, antioxidante TBHQ), huevo deshidratado, sucralosa 50mg/100g de producto Splenda Butihidroxianisol (BHA) como antioxidante, saborizante artificial y color amarillo 5."
7501761882391,E160b,"Hojuelas de avena de grano entero, hojuelas de trigo, azúcar, aceite vegetal (contiene antioxidantes tbhq, palmitato de ascorbilo y tocoferoles), inulina, harina de arroz integral, amaranto 2%, uva pasa 2%, sólidos de la leche, maíz, azúcar mascabado, <span class=""allergen"">cacahuates</span> 0,9%, colorantes (caramelo clase i, caramelo clase iv, extracto de annato), saborizante, sal yodada, extracto de malta, carbonato de calcio, <span class=""allergen"">lecitina de soya</span>, bha, dióxido de silicio."
7501791629003,E160b,"Pasta de sémola de trigo enriquecida (sémola de trigo, sal yodada, fécula de maíz, azúcar, proteína vegetal hidrolizada, aceite vegetal hidrogenado, glutamato monosódico, carne y grasa de pollo (1.5%), extracto de levadura, ajo y cebolla deshidratados, dióxido de silicio, perejil deshidratado, colorantes naturales ( achiote y cúrcuma), saborizantes artificiales, ácido cítrico e inosinato de sodio."
7501791628143,E160b,"Pasta de sémola de trigo enriquecida (sémola de trigo, sal yodada, fécula de maíz, azúcar, proteína vegetal hidrolizada, aceite vegetal hidrogenado, glutamato monosódico, carne y grasa de pollo (1.5%), extracto de levadura, ajo y cebolla deshidratados, dióxido de silicio, perejil deshidratado, colorantes naturales ( achiote y cúrcuma), saborizantes artificiales, ácido cítrico e inosinato de sodio."
0012142100661,E100,"Agua, <span class=""allergen"">semilla de Mostaza</span>, vinagre, sal, vino blanco, ácido cítrico, cúrcuma turmerico, ácido tartarico, especias."
7506306307209,E160b,"Arroz precosido, vegetales (zanahoria y chicharos) (4%), sal yodada, tomate (1%), ajo, grasa de res, glutamato monosódico, proteína vegetal hidrolizada, cebolla, grasa de res, extracto de levadura, azúcar, dióxido de  silicio, colorantes naturales (cúrcuma y achiote), saborizante idéntico al natural, ácido cítrico e inosinato disódico."
0041500000534,E100,"Vinagre, Semillas de Mostaza, Agua, Sal, Especias, cúrcuma y saborizantes naturales."
07874420,E100,"Vinagre, Agua, Semilla de Mostaza, Sal, Vino Chardonnay (como saborizante), Ácido Cítrico Ácido Tartárico, Especias y Cúrcuma."
7501059285118,E171,"INGREDIENIES: Agua, azúcar, aceite vegetal hidrogenado, jarabe de maiz, caseinato de sodio, saborizantes artificiales, matltodextrina, fosfato de potasio. ésteres de ácido acetil tartárico, dióxido de titanio, ceiulosa microcristalina. mono y diglcéridos de acidos  grasos, carragenina y carboxilmetilcelulosa Contiene: Caseinato de sodio (derivado de la <span class=""allergen"">proteína de leche</span>)."
7501791655705,E160c,"Aceite comestible puro de soya, agua, yema de huevo, azúcar, vinagre, sal yodada, goma xantana, harina de mostaza, <span class=""allergen"">lecitina de soya</span>, goma guar, jugo concentrado de limon (0.08% min), ácido cítrico benzoato de sodio, TBHQ y EDTA disódico calcico (como antioxidante), oleorresina de paprika."
7501791625500,E160c,"Aceite comestible puro de soya, agua, yema de huevo, azúcar, vinagre, sal yodada, goma xantana, (como antioxidante), saborizante natural, <span class=""allergen"">lecitina de soya</span>, ácido cítrico (como acidulante), jugo concentrado de limón (0,05% min), benzoato de sodio, sorbato de potasio, EDTA disódico cálcico y oleorresina de paprika."
7501059285200,E171,"AGUA, AZUCAR, ACEITE VEGETAL HIDROGENADO, JARABE DE MAIZ, CASEINATO DE SODIO, MALTODEXTRINA, MONO Y DIGLICERIDOS DE ACIDOS GRASOS, FOSFATO DE POTASIO, ESTERES DE ACIDO DIACETIL TARTARICO, SABORIZANTES ARTIFICIALES, DIOXIDO DE TITANIO, CELULOSA MICROCRISTALINA, CARBOXILMETILCELULOSA Y CARRAGENINA.
CONTIENE CASEINATO DE SODIO (DERIVADO DE LA PROTEINA DE LECHE)."
7501059299382,E171,"AGUA, AZUCAR, ACEITE VEGETAL HIDROGENADO, JARABE DE MAIZ, CASENAITO DE SODIO, MALTODEXTRINA, FOSFATO DIBASICO DE POTASIO, ESTERES DE ACIDO DIACETIL TARTARICO, DIOXIDO DE TITANIO, CELULOSA MICROCRISTALINA, MONO Y DIGLICERIDOS DE ACIDOS GRASOS, CARRAGENINA, SABORIZANTE ARTIFICIAL Y CARBOXIMETILCELULOSA.
CONTIENE: CASEINATO DE SODIO (DERIVADO DE LA PROTEINA DE LECHE)."
7501059289147,E171,"AGUA, AZUCAR, ACEITE VEGETAL HIDROGENADO, JARABE DE MAIZ, CASENAITO DE SODIO, MALTODEXTRINA, FOSFATO DIBASICO DE POTASIO, ESTERES DE ACIDO ACETIL TARTARICO, DIOXIDO DE TITANIO, CELULOSA MICROCRISTALINA, MONO Y DIGLICERIDOS DE ACIDOS GRASOS, CARRAGENINA, SABORIZANTE ARTIFICIAL Y CARBOXIMETILCELULOSA.
CONTIENE: CASEINATO DE SODIO (DERIVADO DE LA <span class=""allergen"">PROTEINA DE LECHE</span>)."
7501059285217,E171,"AGUA, AZUCAR, ACEITE VEGETAL HIDROGENADO, JARABE DE MAIZ, AZUCAR,  CASENAITO DE SODIO, MALTODEXTRINA, FOSFATO DIBASICO DE POTASIO, ESTERES DE ACIDO DIACETIL TARTARICO, DIOXIDO DE TITANIO, CELULOSA MICROCRISTALINA, MONO Y DIGLICERIDOS DE ACIDOS GRASOS, CARRAGENINA, SABORIZANTE ARTIFICIAL Y CARBOXIMETILCELULOSA.
CONTIENE: CASEINATO DE SODIO (DERIVADO DE LA <span class=""allergen"">PROTEINA DE LECHE</span>)."
7501059287228,E171,"AGUA, AZUCAR, ACEITE VEGETAL HIDROGENADO, JARABE DE MAIZ, CASENAITO DE SODIO, MALTODEXTRINA, FOSFATO DIBASICO DE POTASIO, ESTERES DE ACIDO DIACETIL TARTARICO, DIOXIDO DE TITANIO, CELULOSA MICROCRISTALINA, MONO Y DIGLICERIDOS DE ACIDOS GRASOS, CARRAGENINA Y CARBOXIMETILCELULOSA.
CONTIENE: CASEINATO DE SODIO (DERIVADO DE LA PROTEINA DE LECHE)."
7501791632652,"E100,E160b","SOLIDOS DE JARABE DE MAIZ, ACEITE VEGETAL PARCIALMENTE HIDROGENADO DE SOYA, CASEINATOS (DERIVADO DE LA <span class=""allergen"">LECHE</span>), FOSFATO DIPOTASICO, ESTERESDE GLICEROL DEL ACIDO ACETICO Y ACIDOS GRASOS, AZUCAR, ESTEAORIL LACTILATO DE SODIO, <span class=""allergen"">LECITINA DE SOYA</span>, CARRAGENINA, SABORIZANTE ARTIFICIAL, ACHIOTE Y CURCUMINA."
7503020074073,E100,"Base de quino (agua purificada, quinoa orgánica), jugo concentrado de manzana (1%), jugo concentrado de mango (0.5%) azúcares, sabor natural, ácido cítrico, ácido málico, goma gellana, magnesio, citrato de potasio ácido ascórbico (vitamina C), zinc, cúrcuma, sucralosa (0.009 g/100 g)"
7503020074080,E100,"Base de quino (agua purificada, quinoa orgánica), jugo concentrado de manzana (1.5%), azúcares, sabor natural, ácido cítrico, ácido málico, goma gellana, magnesio, citrato de potasio, ácido ascórbico (vitamina C), zinc, cúrcuma, sucralosa (0.009 g/100 g)"
7501071300608,E160a,"Papa deshidratada, mono digliciredos de pirofosfato ácido de sodio,acido citrico, leche en polvo, sal, saborizantes artificiales, beta caroteno."
7501791638142,E100,"Ingredientes Papa deshidratada, mono y diglicéridos de los ácidos grasos, bisulfato de sodio, palmitato de ascorbilo, metalbisulfito de sodio, curcumina,"
8585002436993,E100,"ACEITE VEGETAL AJO (17.74%), SAL, PROTEINA HIDROLIZADA, SABORIZANTES NATURALES, AZUCAR, EXTRACTO DE LEVADURA, JENGIBRE (3.20%), PEREJIL, TOMATE, CURCUMA (0.80%), ANIS ESTRELLA (0.48%), ESPECIA Y ACIDO CITRICO.
CONTIENE <span class=""allergen"">GLUTEN</span>."
7506306307193,E160b,"Arroz precosido, vegetales (zanahoria y chicharos) (4%), sal yodada, tomate (1%), ajo, grasa de res, glutamato monosódico, proteína vegetal hidrolizada, cebolla, grasa de res, extracto de levadura, azúcar, dióxido de  silicio, colorantes naturales (cúrcuma y achiote), saborizante idéntico al natural, ácido cítrico e inosinato disódico."
2000000083202,E160c,"Lomo de atin aleta amarilla en trozos, aqua, aceite vegetal y sazonador (ácido citrico, condimentos, especias yoleoresina de paprika). Contiene: Pescado analetama."
7501005110648,E160b,"Sal yodada, proteina vegetal hidrolizada,  glutamato monosódico, extracto de levadura (contiene <span class=""allergen"">gluten</span>),  ácido citrico, cebolla 2%, ajo 2%, tomate 2%, saborizantes natural, carboximetilcelulosa de sodio, colorantes naturales (achiote, caramelo clase lV y oleorresina de paprika), dióxido de silicio, colorantes artificiales (amarillo 5, tartrazina, amarillo 6, rojo 40), lnoslnato de sodio"
7501100202002,E100,"SAL DE MAR, FECULA DE MAIZ, AZUCAR, ACEITE VEGETAL, PROTEINA VEGETAL, AJO DESHIDRATADO, CEBOLLA DESHIDRATADA, PEREJIL, CURCUMA."
7501005181365,E160b,"SAL YODADA, ACEITE VEGETAL HIDROGENADO, GLUTAMATO MONOSÓDICO, FECULA DE MAÍZ, AZÚCARES AÑADIDOS (AZÚCAR, CARNE Y GRASA DE POLLO SIN HIDROGENAR, SABORIZANTES, AGUA, CEBOLLA, AJO, INOSINATO Y GUANILATO DISÓDICOS, ÁCIDO CÍTRICO, COLORANTES NATURALES (CÚRCUMA, EXTRACTO DE ANNATO Y CARAMELO CLASE I), HERBAY PIMENTA. PUEDE CONTENER <span class=""allergen"">HUEVO</span>, <span class=""allergen"">LECHE</span>, <span class=""allergen"">SOYA</span>, <span class=""allergen"">MOLUSCO</span>, <span class=""allergen"">PESCADO</span>, <span class=""allergen"">GLUTEN</span>, <span class=""allergen"">CRUSTÁCEOS</span>."
7501005119870,E160b,"Ingredientes Sal yodada, grasa de res hidrogenada, aceite vegetal hidrogenado, fécula de maiz, glutamato monosódico, carne y grasa de pollo, saboriza ntes idénticos al natural, azúcar, agua, ajo, cilantro, inosinato, disódico, perejil, cebolla, especias (semilla de apioy pimienta), colorante natural (achiote), y colorantes artificiales, amarillo 5 (tartrazina), y amarillo 6."
7501005112222,E160b,"SAL YODADA, AZUCAR, FECULA DE MAIZ, GLUTAMATO MONOSODICO, PROTEINA VEGETAL HIDROLIZADA, GRASA DE RES, GRASA DE POLLO (4%), CEBOLLA, DIOXIDO DE SILICIO, AJO, AGUA, ESPECIA, ACIDO CITRICO, INOSINATO DISODICO, PIMIENTA, COLORANTE NATURAL (ACHIOTE), Y COLORANTES ARTIFICIALES, AMARILLO 5 Y AMARILLO 6.
CONTIENE <span class=""allergen"">GLUTEN</span>."
7501005180832,E160b,"SAL YODADA, AZUCAR, FECULA DE MAIZ, GLUTAMATO MONOSODICO, PROTEINA VEGETAL HIDROLIZADA, GRASA DE RES, GRASA DE POLLO 4%, CEBOLLA, DIOXIDO DE SILICIO, AJO, AGUA, ESPECIA, ACIDO CITRICO, INOSINATO DISODICO, PIMIENTA, COLORANTE NATURAL (ACHIOTE), COLORANTES ARTIFICIALES, AMARILLO 5 Y AMARILLO 6"
7501005112345,E160b,"SAL YODADA, AZUCAR, FECULA DE MAIZ, GLUTAMATO MONOSODICO, PROTEINA VEGETAL HIDROLIZADA, CEBOLLA, EXTRACTO DE LEVADURA,  DIOXIDO DE SILICIO, AJO, AGUA, ACIDO CITRICO, INOSINATO DISODICO, PIMIENTA, ESPECIA, COLORANTE NATURAL (ACHIOTE), Y COLORANTES ARTIFICIALES, AMARILLO 5 Y AMARILLO 6.
CONTIENE <span class=""allergen"">GLUTEN</span>."
00228169,E160b,"Pasta de sémola de trigo enriquecida (sémola de trigo, sulfato ferroso, niacina, tiamina, riboflavina y ácido fólico), sal yodada, fécula de maiz, azúcar, proteina vegetal hidrolizada, aceite vegetal hidrolizada, aceite vegetal hidrogenado, glutamato monosódico, carne y grasa de pollo (15%), extracto de levadura, ajo y cebolla deshidratados, dióxido de silicio, perejil deshidratado, colorantes naturales (achiote y cúrcuma), saborizantes artificiales, ácido cítrico e inosinato de sodio."
7506306307223,E160b,"Arroz precocido, pimiento rojo y verde (4%), sal yodada, ajo, glutamato monosódico, proteina vegetal hidrolizada, cebolla, grasa de res, extracto de levadura, azúcar, dióxido de silicio, colorantes naturales (cúrcuma y achiote), saborizante idéntico al natural, ácido cítrico e inosinato disódico."
7501018315337,"E100,E160c","pasta de semola de trigo durum, sal yodada, tomate (3.1%), maltodextrina, almidón, proteína vegetal hidrolizada (de soya), carne de pollo, saborizantes naturales e idéntico al natural, glutamato monosódico, ácido cítrico, mono y digliceridos perejil, extracto de paprika, cúrcuma, goma xantana, inosinato de sodio, guanilato de sodio, aceite vegetal, TBHQ (antioxidante), silicato de calcio, vitaminas y minerales (hierro, niacina, vitamina B1 (tiamina), vitamina B6 (pridoxina), vitamina B2 (riboflavina), vitamina A, ácido fólico (folacina), vitamina B12, (cobalamina)"
7501018315269,"E100,E160c","Pasta de semola de trigo durum, sal yodada, tomate (3.1%), maltodextrina, almidón, proteína vegetal hidrolizada (de soya), carne de pollo, saborizantes naturales e idéntico al natural, glutamato monosódico, ácido cítrico, mono y digliceridos perejil, extracto de paprika, cúrcuma, goma xantana, inosinato de sodio, guanilato de sodio, aceite vegetal, TBHQ (antioxidante), silicato de calcio, vitaminas y minerales (hierro, niacina, vitamina B1 (tiamina), vitamina B6 (pridoxina), vitamina B2 (riboflavina), vitamina A, ácido fólico (folacina), vitamina B12, (cobalamina)."
7501018315252,"E100,E160c","pasta de semola de trigo durum, sal yodada, tomate (3.1%), maltodextrina, almidón, proteína vegetal hidrolizada (de soya), carne de pollo, saborizantes naturales e idéntico al natural, glutamato monosódico, ácido cítrico, mono y digliceridos perejil, extracto de paprika, cúrcuma, goma xantana, inosinato de sodio, guanilato de sodio, aceite vegetal, TBHQ (antioxidante), silicato de calcio, vitaminas y minerales (hierro, niacina, vitamina B1 (tiamina), vitamina B6 (pridoxina), vitamina B2 (riboflavina), vitamina A, ácido fólico (folacina), vitamina B12, (cobalamina)"
7501003307217,E100,"Sal yodada (46,3%), azúcar, proteína vegetal hidrolizada (<span class=""allergen"">soya</span>), harina de soya, glutamato monosódico, almidón de maíz modificado, carne de pollo deshidratada (3,2%), grasa animal hidrogenada, grasa vegetal hidrogenada, cebolla deshidratada (1,3%), saborizantes naturales, grasa de pollo, ajo deshidratado (0,6%), agua, dioxiodo desilicio como antiaglomerante, extracto de levadura, cúrcuma (0,1%), pimienta negra molida (0,1%), perejil deshidratado (0,1%), inosinato disódico, guanilato disódico, ácido cítrico y TBHQ como antioxidante."
75012182,E160b,"Agua, aceite vegeta, yema de huevo, vinagre, almidón modificado de maíz, azúcar, sal yodada, benzoato de sodio, condimentos y especias (contiene mostaza) EDTA de calcio y extracto de annato."
7501018315399,"E100,E160b,E160c","pasta integral enriquecida (semola de trigo durum, hierro, vitamina B1 (tiamina), vitamina , vitamina B2 (riboflavina), ácido fólico (folacina), niacina, sal yodada, tomate (3%), almidón, proteína vegetal hidrolizada, azucar, carne de pollo, saborizantes naturales e idéntico al natural, glutamato monosódico, ácido cítrico, mono y digliceridos perejil, extracto de paprika, cúrcuma, goma xantana, inosinato de sodio, guanilato de sodio, aceite vegetal parcialmente hidrogenado, maltodextrina,  silicato de calcio, dioxido de silicio, manitol, extracto de annato, TBHQ (antioxidante). <span class=""allergen"">ESTE PRODUCTO CONTIENE GLUTEN</span>."
7501018315405,"E100,E160c","pasta de semola de trigo durum, hierro, niacina, vitamina B1 (tiamina), vitamina B2 (riboflavina), ácido fólico (folacina),  sal yodada, tomate (4%), pasta con espinacas; espinacas deshidratadas (2%), sazonador maltodextrina, almidón, proteína vegetal hidrolizada (de <span class=""allergen"">soya</span>),grasa de pollo, carne de pollo (0,5%), saborizantes naturales e idéntico al natural, glutamato monosódico, ácido cítrico, mono y digliceridos perejil, extracto de paprika, cúrcuma, goma xantana, inosinato de sodio, guanilato de sodio, aceite vegetal, TBHQ (antioxidante), silicato de calcio,"
7501018315443,"E100,E160b,E160c","pasta integral enriquecida (semola de trigo durum, hierro, vitamina B1 (tiamina), vitamina , vitamina B2 (riboflavina), ácido fólico (folacina), niacina, sal yodada, tomate (4%), almidón, proteína vegetal hidrolizada, azucar, carne de pollo, saborizantes naturales e idéntico al natural, glutamato monosódico, ácido cítrico, mono y digliceridos perejil, extracto de paprika, cúrcuma, goma xantana, inosinato de sodio, guanilato de sodio, aceite vegetal parcialmente hidrogenado, maltodextrina, silicato de calcio, dioxido de silicio, manitol, extracto de annato, TBHQ (antioxidante). <span class=""allergen"">ESTE PRODUCTO CONTIENE GLUTEN</span>."
7501018315207,"E100,E160b,E160c","pasta integral enriquecida (semola de trigo durum, hierro, vitamina B1 (tiamina), vitamina , vitamina B2 (riboflavina), ácido fólico (folacina), niacina, sal yodada, tomate (3%), almidón, proteína vegetal hidrolizada, azucar, carne de pollo, saborizantes naturales e idéntico al natural, glutamato monosódico, ácido cítrico, mono y digliceridos perejil, extracto de paprika, cúrcuma, goma xantana, inosinato de sodio, guanilato de sodio, aceite vegetal parcialmente hidrogenado, maltodextrina, silicato de calcio, dioxido de silicio, manitol, extracto de annato, TBHQ (antioxidante). ESTE PRODUCTO CONTIENE <span class=""allergen"">GLUTEN</span> Y <span class=""allergen"">SOYA</span>"
7501018315436,"E100,E160b,E160c","pasta integral enriquecida (semola de trigo durum, hierro, vitamina B1 (tiamina), vitamina , vitamina B2 (riboflavina), ácido fólico (folacina), niacina, sal yodada, tomate (4%), almidón, proteína vegetal hidrolizada de soya, grasa de pollo, azucar, saborizantes naturales e idéntico al natural, glutamato monosódico, ácido cítrico, chile chipotle deshidratado (1%), mono y digliceridos perejil, extracto de paprika, cúrcuma, goma xantana, inosinato de sodio, guanilato de sodio, maltodextrina, silicato de calcio, dioxido de silicio, manitol, extracto de annato, TBHQ (antioxidante). <span class=""allergen"">ESTE PRODUCTO CONTIENE GLUTEN</span>."
7501018315344,"E100,E160b","pasta integral enriquecida (semola de trigo durum, hierro, vitamina B1 (tiamina), vitamina , vitamina B2 (riboflavina), ácido fólico (folacina), niacina, sal yodada, tomate (3.1%), almidón, proteína vegetal hidrolizada, azucar, grasa de pollo, chile serrano deshidratado, saborizantes naturales e idéntico al natural, glutamato monosódico, ácido cítrico, mono y digliceridos perejil, extracto de chile, cúrcuma, goma xantana, inosinato de sodio, guanilato de sodio, aceite vegetal parcialmente hidrogenado, maltodextrina, silicato de calcio, dioxido de silicio, manitol, extracto de annato, TBHQ (antioxidante). <span class=""allergen"">ESTE PRODUCTO CONTIENE GLUTEN</span>."
7501018315238,"E100,E160c","pasta de semola de trigo durum, sal yodada, tomate (3.1%), maltodextrina, almidón, proteína vegetal hidrolizada (de <span class=""allergen"">soya</span>), carne de pollo, saborizantes naturales e idéntico al natural, glutamato monosódico, ácido cítrico, mono y digliceridos perejil, extracto de paprika, cúrcuma, goma xantana, inosinato de sodio, guanilato de sodio, aceite vegetal, TBHQ (antioxidante), silicato de calcio, vitaminas y minerales (hierro, niacina, vitamina B1 (tiamina), vitamina B6 (pridoxina), vitamina B2 (riboflavina), ácido fólico (folacina)."
7501018315245,"E100,E160c","pasta de semola de trigo durum, sal yodada, tomate (3.1%), maltodextrina, almidón, proteína vegetal hidrolizada (de soya), carne de pollo, saborizantes naturales e idéntico al natural, glutamato monosódico, ácido cítrico, mono y digliceridos perejil, extracto de paprika, cúrcuma, goma xantana, inosinato de sodio, guanilato de sodio, aceite vegetal, TBHQ (antioxidante), silicato de calcio, vitaminas y minerales (hierro, niacina, vitamina B1 (tiamina), vitamina B6 (pridoxina), vitamina B2 (riboflavina), ácido fólico (folacina)."
7501018315221,E100,"Ingredientes Pasta de sémola de trigo duro enriquecida, hierro, niacina, vitamina B1 , B2 y ácido fólico, sal refinada yodada, tomate, almidón hidrolizado de proteínas vegetales, saborizadores naturales y artificiales, glutamato monosódico, cebolla, ajo, dióxido de silicio, ácido cítrico, grasa de pollo, polisorbato 80, perejil, extracto de chile, inosinato disódico, guanilato disódico, cúrcuma y goma xantana."
7506306307476,E160b,"Arroz precocido (51%), fécula de maíz, sal yodada, vegetales (papa, zanahoria y tomate), texturizado de soya, proteína vegetal hidrolizada,azúcar, grasa de res, glutamato monosódico, especias, ajo en polvo, dióxido de silicio, colorantes naturales (achiote, oleorresina de páprika y caramelo de clase IV), cebolla en polvo, ácido cítrico, chiles en polvo, extracto de levadura, carne de pollo, grasa de pollo e inosinato disódico. Contiene <span class=""allergen"">soya</span> y <span class=""allergen"">gluten</span>."
7501005107662,E160b,"Ingredientes Pasta para sopa (sémola de trigo, sulfato ferroso, niacina, tiamina, riboflavina y ácido fólico), fécula de maíz, sal yodada, vegetales deshidratados (9%) (zanahoria, elote espinaca y poro), Tomate en polvo, glutamato monosódico, proteina vegetal hidrolizada, ajo en polvo, extracto de levadura, especias (perejil, semilla de apio y laurel), colorante natural (achiote), saborizante idéntico al natural, inosinato disódico, ácido cítrico y chile de árbol en polvo."
7501005126304,E160b,"Pasta para sopa (sémola de trigo, sulfato ferroso, niacina, tiamina, riboflavina y ácido fólico), sal yodada, tomate (3%), fécula de maíz, aceite vegetal hidrogenado, azúcar, glutamato monosódico, proteína vegetal hidrolizada, extracto de levadura (contiene <span class=""allergen"">gluten</span>)cebolla, saborizantes idénticos al natural, ajo grasa de pollo, dióxido de silicio, ácido cítrico, colorante natural (achiote y oleorresina de paprika), especias (cilantro y semilla de apio) carboximetilcelulosa de sodio, goma xantana inosinato de sodio, ácido ascórbico."
7506306307690,E160b,"Arroz precocido, sal yodada, fécula de maíz, vegetales deshidratados (8%) (zanahoria y espinaca), texturizado de soya, grasa de res, glutamato monosódico, saborizante idéntico al natural, carne de gallina (1 %), azúcar, extracto de levadura, grasa de gallina, cebolla, inosinato disódico, dióxido de silicio, colorantes naturales (cúrcuma, caramelo clase IV y achiote), especias (perejil y pimienta) y ácido cítrico. Contiene<span class=""allergen"">: soya</span> y <span class=""allergen"">gluten</span>."
7501005129923,E160b,"Pasta para sopa (sémola de trigo, sulfato ferrosos, niacina, tiamina, riboflavina, ácido fólico), sal yodada, tomate en polvo (4%), fécula de maíz, aceite vegetal hidrogenado, azúcar, glutamato, monosódico, proteína vegetal hidrolizada, cebolla en polvo (0,5%), grasa de pollo, dióxido de silicio, ácido cítrico, colorantes naturales, (achiote y oleorresina de paprika) especias (cilantro y semilla de apio) goma xantana, carboximetilcelulosa de sodio, inosinato disódico y ácido ascórbico."
7501005134712,E160b,"pasta fortificada (sémola de trigo, sulfato ferroso, niacina, tiamina, riboflavina, ácido fólico), sal yodada, tomate, grasa de res sin hidrogenar, fécula de maíz, glutamato monosódico, azúcar, saborizantes, colorantes naturales (achiote, oleorresina de paprika), cebolla, ajo, dióxido de silicio, ácido cítrico, especias, inosinato, guanilato disódicos, grasa de pollo"
7501005134002,E160b,"Pasta para sopa (sémola de trigo, sulfato ferroso, niacina, tiamina, riboflavina, acido fólico) sal yodada, tomate en polvo, fécula de maíz, aceite vegetal, hidrogenado, azúcar, glutamato monosódico, proteína vegetal hidrolizada, cebolla en polvo, saborizantes artificiales, ajo en polvo, grasa de pollo, dióxido de silicio, ácido cítrico, colorantes naturales (achiote, oleorresina de paprika), especias (cilantro, semilla de apio), carboximetilcelulosa de sodio, goma xantana, inosinato disódico, ácido ascórbico."
4506486370737,E160b,"Harina de trigo enriquecida,  fécula de maíz, harina de camarón (14%), sal yodada, azúcar, leche entera en polvo, grasa de res, zanahoria, pimiento rojo, papa, glutamato monosódico, tomate, cebolla, colorantes naturales (achiote, cúrcuma y oleorresína de papríka), chile chipotle, pimienta. ácido cítrico, especia. ajo, dióxido de  silicio, acentuadores de sabor  y saborizante idéntico al natural. <span class=""allergen"">CONTIENE LECHE</span>, <span class=""allergen"">GLUTEN</span>, TRAZAS DE <span class=""allergen"">PESCADO</span> Y PRODUCTOS PESQUEROS."
7802410070108,E100,"Sólidos de leche (suero de leche en polvo), almidón de maíz, maltodextrina, <span class=""allergen"">harina de trigo</span>, sal, aceite vegetal parcialmente hidrogenado (palama), espárragos deshidratado (10%), espinaca en polvo, hidrolizado de levadura, azúcar, inosinato de sodio y guanilato de sodio, goma xantana, ajo, cenbolla, perejil, sólidos de jarabe de glucosa, cúrcuma turmérico, dioxido de silicio. Contiene <span class=""allergen"">gluten</span> (<span class=""allergen"">trigo</span>, productos <span class=""allergen"">lacteos</span>. Elaborados en lineas que tambien procesan soya, <span class=""allergen"">huevo</span>, <span class=""allergen"">apio</span>, <span class=""allergen"">mostaza</span>, <span class=""allergen"">ajonjolí</span> (<span class=""allergen"">sesamo</span>), <span class=""allergen"">crustáceos</span>, <span class=""allergen"">moluscos</span>, <span class=""allergen"">nueces</span>, <span class=""allergen"">cacahuate</span> (maní), <span class=""allergen"">almendras</span>."
7802410000617,"E100,E160b","Maltodextrina, solidos de leche (suero de leche en polvo), almidón de maíz, elote (11%), harina de trigo, sal, aceite vegetal parcialmente hidrogenado (palma), azúcar, saborizante idéntico al natural, inosinato de sodio y guanilato de sodio, hidrolizado de levadura, cebolla, colorante natural (annato norbixina, curcumina), albahaca. Contiene gluten (trigo), productos lácteos. Elaborado en lineas que también procesan soya, huevo, apio, mostaza, ajonjolí (sésamo), crustáceos, moluscos, nueces, cacahuate (maní), almendras."
7802410000198,"E100,E160b","Maltodextrina, solidos de leche (suero de leche en polvo), almidón de maíz, alcachofa en polvo(15%), harina de trigo, sal, aceite vegetal parcialmente hidrogenado (palma), aceite vegetal (girasol, soya), dióxido de silicio,  proteína lactea, ajo, glucosa, saborizante idéntico al natural, inosinato de sodio y guanilato de sodio, hidrolizado de levadura, cebolla, colorante natural (annato norbixina, curcumina), colorante caramelo clase IV, pimienta negra. Elaborado en lineas que también procesan soya, huevo, apio, mostaza, ajonjolí (sésamo), crustáceos, moluscos, nueces, cacahuate (maní), almendras."
7802410000174,"E100,E160b","Cebolla deshidratadas (41%) Maltodextrina, almidón de maíz, sal, aceite vegetal parcialmente hidrogenado (palma), azúcar, acido cítrico, proteína de soya  hidrolizada idéntico al natural, inosinato de sodio y guanilato de sodio, hidrolizado de levadura, colorante natural (annato norbixina, curcumina), colorante caramelo clase IV. Contiene gluten (trigo), productos lácteos. Elaborado en lineas que también procesan soya, huevo, apio, mostaza, ajonjolí (sésamo), crustáceos, moluscos, nueces, cacahuate (maní), almendras."
7802410002303,"E100,E160b","Maltodextrina, solidos de leche (suero de leche en polvo), almidón de maíz, calabaza en polvo (15,6%), harina de trigo, sal, aceite vegetal parcialmente hidrogenado (palma), azúcar, pimienta cayeran (0,7%) saborizante idéntico al natural, inosinato de sodio y guanilato de sodio, hidrolizado de levadura, cebolla, colorante natural (annato norbixina, curcumina), albahaca. Contiene gluten (trigo), productos lácteos. Elaborado en lineas que también procesan soya, huevo, apio, mostaza, ajonjolí (sésamo), crustáceos, moluscos, nueces, cacahuate (maní), almendras."
7802410000136,"E100,E160b","Maltodextrina, solidos de leche (suero de leche en polvo), almidón de maíz, champiñon deshidratado(4%), <span class=""allergen"">harina de trigo</span>, sal, aceite vegetal parcialmente hidrogenado (palma), azúcar, saborizante idéntico al natural, inosinato de sodio y guanilato de sodio, hidrolizado de levadura, cebolla, perejil, ajo callampas molidas, colorante natural (annato norbixina, curcumina), dióxido de silicio. Contiene <span class=""allergen"">gluten</span> (<span class=""allergen"">trigo</span>), productos <span class=""allergen"">lácteos</span>. Elaborado en lineas que también procesan soya, <span class=""allergen"">huevo</span>, <span class=""allergen"">apio</span>, <span class=""allergen"">mostaza</span>, <span class=""allergen"">ajonjolí</span> (<span class=""allergen"">sésamo</span>), <span class=""allergen"">crustáceos</span>, <span class=""allergen"">moluscos</span>, <span class=""allergen"">nueces</span>, <span class=""allergen"">cacahuate</span> (maní), <span class=""allergen"">almendras</span>."
7501791621175,E100,"ingredientes Agua, mezcla de hongos (champiñón [min. 20.95], portobello [min. 9.6%]), cebolla, aceite vegetal parcialmente hidrogenado, harina de trigo, fécula de maiz, sólidos de leche, ajo, sazonador (sal yodada, azúcares, saborizantes naturales y artiñciales, harina de maiz, grasa de pollo, sal con apio, harina de soya, levadura, especias, leche entera, deshidratada, ácido cítrico, cúrcuma, GMS), sal yodada y almidón de maiz."
0698639030019,E160c,"PURE DE TOMATE (AGUA, PASTA DE TOMATE), AZUCAR, VINAGRE DESTILADO, AGUA, SAL, ALMIDON MODIFICADO (MAIZ), ACEITE DE SOYA, ESPECIA (MOSTAZA), EXTRACTO DE PIMENTON, CEBOLLA DESHIDRATADA, AJO DESHIDRATADO, COLOR CARAMELO, SABORIZANTES NATURALES."
04122876,E160b,"Pasta para sopa (sémola de trigo, sulfato ferroso, niacina, tiamina, riboflavina y ácido fólico) sal yodada, tomate en polvo (4%), fécula de maíz, aceite vegetal, hidrogenado, azúcar, glutamato monosódico, proteína vegetal hidrolizada, cebolla en polvo (05%), saborizantes idénticos al natural, ajo en polvo (0.5), grasa de pollo, dióxido de silicio, ácido cítrico colorantes naturales (achiote y oleorresina de paprika), especias (cilantro y semilla de apio), carboximetilcelulosa de sodio, goma xantana, inosinato disódico y ácido ascórbico."
7501020540178,E100,"Leche parcialmente descremada pasteurizada de vaca, Preparado de fruta 10% (Manzana, Saborizante artificial, Fibra de trigo, Azul 1, Cúrcuma y Rojo 40), Azucar, Fructosa, Fibra dietética, Solidos de la leche, Almidón modificado, Grenetina, Bifidobacterias y Cutivos lácticos, Grasa de leche: 1,4% Proteina de leche: 2,3%"
7501025511302,E160a,"Leche descremada en polvo, fructosa, concentrado de mango, grenetina, almidón modificado, agar Colorante betacaroteno, saborizante artificial Sucralosa (8 mg/100 g) y cultivos lácticos (Lactobacillus casei Shirota Streptococcus thermophilus 10UFC/g)."
7501025511289,E162,"INGREDIENTES Leche descremada en polvo, fructosa, grenetin almidon modificado, jugo concentrado de fresa colorante rojo betabel agar, sabonizante artica Sucralosa (9 mg/ 100 g) y cultivos lácticos (Lactobacillus casei Shirota y Streptococcus thermophilus 10uFc/g"
7501032397418,E160a,"Ingredientes Leche descremada pasteurizada y/o reconstituida pasteurizada de vaca 12,5% preparado de fruta fructosa azucar, almidon modificado, fosfato tricalcico,mango, saborizantes, acido citrico,vitaminas D yC beta caroteno,goma quar ysorbato de potasiol, crema, azucar irulina solidos de leche solidos de jarabe de maiz, almidon modificado, cloruro de calcio, fermentos y cuajo Contenido minimo de grasa de leche de vaca 27% Contenido maxino de humedad 75%"
7501055904792,"E100,E160b","Leche parcialmente descremada pasteurizada, 19% de preparado de fruta (azúcar, durazno, pectina, lactato de calcio, saborizante artificial, extracto de annato y cúrcuma) lactasa y cultivos lácticos. Contiene 1,6% de grasa propia de la leche y 2,48% de proteína propia de la leche."
0017077103084,E162,"Leche de vaca pasteurizada baja en grasa (Leche baja en grasa, cultivos lácteos) Leche de vaca sin grasa, Azucar de Caña, Pectina, Saborizante de Fresa Natural, Saborizantes Naturales, Jugo de Betabel, Palmiato de Vitamina A, Vitamina D3."
0017077109086,E163,"Leche de vaca pasteurizada baja en grasa (Leche baja en grasa, cultivos lácteos) Leche de vaca sin grasa, Azúcar de Caña, Pectina, Saborizante de Mora Azul Natural, Saborizantes Naturales,Extracto de Uva, Palmitato de Vitamina A, Vitamina D3."
3800205874881,E160c,"Contenido del Empaque 85 gramos  Ingredientes Harina de trigo, aceite vegetal (aceite de girasol, oleína de palma, antioxidante: extracto de romero), mezcla de maíz 13% (harina de maíz, leche desnatada en polvo, gluten seco, estabilizador: goma guar; dextrosa), tomate, aceitunas y condimento de orégano 6% (sal, dextrosa, almidón de maíz tomate en polvo 9%, cebolla en polvo, perejil seco, ajo en polvo, reguladores de acidez: ácido cítrico, ácido ascórbico; color: extracto de pimentón agente antiaglutinante: dióxido de silicio; aceitunas secas 0.5%, orégano seco 05% aromatizantes naturales), sal, azúcar levadura."
3800205874898,E160c,"Contenido del Empaque  Ingredientes  859  Harina de trigo, aceites vegetales (aceite de girasol, oleína de palma, antioxidante: estracto de romero ), mezcla de maiz 13% (harina de maiz extrusinado, leche desnatada en polvo, gluten seco, estabilizador: goma guar; dextrosa) , condimento vegetales mediterráneos 6% ( azúcar, sal, cebolla en polvo 5%, ajo en polvo 2%, perejil seco, antiaglomerantes: dióxido de silicio; reguladores dela acidez. ácido cítrico; color; extracto de pimentón; aromatizantes naturales), sal, azúcar, levadura."
7802410370244,E160b,"Almidón de maíz, maltodextrina, calabaza (19%), harina de trigo, sólidos de leche (suero de leche en polvo), sal, aceite vegetal parcialmente hidrogenado (palma), azúcar, hidrolizado de levadura, colorante natural (annato norbixina), inosinato de sodio y guanilato de sodio, ajo, cebolla. Contiene gluten (trigo), productos lácteos. Elaborado en lineas que también procesan soya, huevo, apio, mostaza, ajonjolí (sésamo), crustáceos, moluscos, nueces, cacahuate (maní), almendras."
7501055903795,E160b,"Leche parcialmente descremada, 30% de preparado de durazno (durazno, agua, azúcar, pectina, saborizante artificial, color natural (extracto de annato)) y Vitaminas A y D."
7501055905843,E160b,"Leche parcialmente descremada, 30% de preparado de durazno (durazno, agua, azúcar, pectina, saborizante artificial, color natural (extracto de annato)) y vitaminas A y D."
7501020544640,E160a,"Leche parcialmente descremada pasteurizada de vaca, agua, crema de leche, preparado de fruta, (azúcar, fructosa, puré de fresa, saborizante artificial, sorbato de potasio, carmín y beta 20% caroteno), sólidos de la leche, azúcar, grenetina, mono y diglicéridos, estevía (16mg/100g), natamicina, vitamina (ug equivalentes de retinol), ácido fólico, vitamina D, vitamina B12, cloruro de calcio, cuajo y cultivos lácticos, grasa de leche: 4.2%, proteína de leche 4.8 %."
7501032397746,E160a,"Leche descremada pasteurizada yo reconstituida pasteurizada de vaca 12,5% Preparado de fruta fructosa, azuca fresa almidón modificado,fosfato tricalcico acido citrico, saborizantes vitaminas D y goma guar, carmin, sorbato de potasio, beta caroteno, crema, azucar, inulina, sóldos de leche, solidos de jarabe de maiz almidón modificado cloruro de calcio, fermentos y cuajo. Contenido minimo de grasa de leche de vaca 2,7% Contenido máximo de humedad 75%."
4501448398965,E100,"Leche descremada pasteurizada y/o reconstituida pasteurizada de vaca, sólidos de leche, azúcar, 5% de preparado de fruta (mango, celdillas de naranja, azúcares, almidón modificado, jugo concentrado de mandarina, colorantes naturales (beta caroteno, curcumina y caramelo IV), ácido cítrico, saborizante, sorbato de potasio, pectina), crema, sólidos de jarabe de maíz, almidón modificado, agar y cultivos lácticos. Leyenda precautoria: Puede contener fresa. Contenido mínimo de grasa de leche de vaca, 1,7%."
7501032310974,E160a,"Leche descreamada pasteurizada y/o reconstituida pasteurizada de vaca, azúcar, 4,8% de caramelo, crema, aceite vegetal no hidrogenado, sólidos de leche, carragenina, saborizante, pirofosfato de sodio, beta caroteno y amarillo 5 (tartrazina). Leyenda precautoria: Puede contener soya y amarillo 5 (tartrazina). Contenido mínimo de grasa de leche de vaca 1,35%."
7501020552782,E100,"Para yoghurt: Leche entera pasteurizada de vaca, preparado de fruta 15% (azúcar, jugo de limón, saborizante artificial, sorbato de potasio, cúrcuma y verde natural), sólidos de la leche, almidón modificado, grenewtina, pectina, estevia (3,4mg/100g) y cultivos lácticos. Para galleta: Harina de trigo enriquecida (Harina de trigo, vitamina b3 [Niacina], zinc, hierro, vitamina B1 [mononitrato de tiamina], vitamina B2 [riboflavina] y ácido fólico), aceite vegetal, azúcar, jarabe de maíz de alta fructosa, suero de leche, glucosa, sal yodada, bicarbonato de sodio, bicarbonato de amonio y saborizantes artifiviales y naturales. Grasa de leche: 5,2% proteína láctea: 2,93%. Este producto contiene gluten, derivados de la soya y trazas de cacahuate."
7501055902255,E160b,"Leche entera pasteurizada, 23 % de preparado de MANGO (azúcar, mango, almidon modificado, pectina, sorbato de potasio, aborizante artificial y colorante natural (extracto de annato y cúrcuma) almidón modificado, greneuild y cultivos lácticos. Contiene 2,8% de grasa propia de la leche y3,1% proteína propia de la leche."
7501055900220,E160b,"Leche entera pasteurizada, 23% de preparado de DURAZNO (azucar, durazno,almidon modificado, pectina, sorbato de potasio, saborizante artificial y colorante natural (extracto de annato almidón modificado, grenetina y cultivos lacteos
Contiene 2,8% de grasa propia de la leche y 3,1%proteína propia de la leche."
7506306415157,E163,"Agua, azúcares, colorante natura (antocianinas), ácido cítrico, estabilizantes (goma de algarrobo y goma guar), saborizante natural (tutti frutti) y colorante artificial (azul No. 1 FD&C)."
8410663000248,E160b,"Helados sabor a vainilla [Leche descremada en polvo deshidratada, azúcar, grasa vegetal (de coco), sólidos de la leche (<span class=""allergen"">suero de leche</span>) en polvo, jarabe de glucosa y fructosa, emulsificante (mono y diglicéridos), estabilizantes (goma guar, goma algarrobo y carragenina), <span class=""allergen"">proteinas de leche</span>, aromatizantes y colorante (annato norbixina)]; capas de dulce sabor a chocolate 12% [grasa vegetal (de coco), azúcar, cacao en polvo degrasado, emulsificante (<span class=""allergen"">lecitinas de soya</span>), aromatizante natural: vainilla]"
7501020548211,E100,"Leche parcialmente descremada pasteurizada de vaca, preparado de fruta con chía 15% (azúcar, chía, mango, piña, maracuya, saborizante artificial, sorbato de potasio [conservador] Amarillo 6 y curcumina [colorantes]), leche descremada en polvo, almidón modificado, grenetina (estabilizante) y cultivos lácticos. Grasa de leche: 2,4% Proteína de leche: 2,9%"
7503022361478,SPIRULINA,"Cubos de leche: Base de leches vegetales (agua, coco, <span class=""allergen"">almendra</span> y quinoa), jarabe de agave orgánico, goma guar (como estabilizante) bacillus coagulans.
Cubos de Green Cleanse: Naranja, piña, pepino, manzana verde, <span class=""allergen"">apio</span>, nopal kale, pasto de trigo, moringa, espirulina y maca."
7501020510591,E100,"Leche semidescremada pasteurizada de vaca, Preparado fruta 15% (Durazno, Saborizante artificial, Sorbato de potasio (Conservador) Amarillo Ocaso FCF, Rojo Allura AC y Curcumina (Colorantes), Azucar, Fructosa, Leche descremada en polvo, Crema de leche, Almidon modificado (Estabilizante), Grenetina, Acesulfame K (13,4mg/100 g) Edulcorante, Cultivos lácticos Grasa de leche: 2,2% Proteina de leche:3.1%"
2548032397586,E160a,"Leche descremada pasteurizada y/o reconstituida pasteurizada de vaca, 9% de preparado sabor mango-maracuyá con quinoa(azúcares, quinoa, almidón modificado, ácido cítrico, saborizante, beta caroteno, sorbato de potasio, goma xantana y algarrobo), azúcar, crema, solidos de leche, almidón modificado, sólidos de jarabe de maíz, agar, bifidobacterias y cultivos lácticos. Contenido mínimo de grasa de leche de vaca 1,3%."
7501020510881,E100,"Leche semidescremada pasteurizada de vaca, Preparado de fruta 15% (Mango, Sorbato de potasio, Saborizante artificial, Curcumina Amarillo Ocaso FCF [Colorantes), Azucar, Fructosa, Leche descremada en polvo, Crema de leche, Almidón modificado (Estabilizante), Grenetina Acesulfame K (13,4 mg/100 g) (Edulcorante) y Cultivos lácticos. Grasa de leche 2,2 % Proteina de leche: 3,1%."
7501055909285,E160b,"Leche entera pasteurizada, 23% de preparado de DURAZNO (azúcar, durazno, almidón modificado, pectina, sorbato de potasio, saborizane artificial y colorante natural (extracto de annato) almiidon modificado, grenetina y cultivos lácticos Contiene 2,8% de grasa propia de la leche y 3,1%de proteina propia de la leche."
7501055909292,E160b,"Leche entera pasteurizada, 23%de preparado de MANGO (azúcar, mango, almidon modificado, pectina, sorbato de potasio, saborizante artificial y colorante natural (extracto de annato y cúrcuma) almidón modificado grenetina y cultivos lácticos Contiene 2,8% de grasa propia de la leche y 3,1% 4 proteina propia de la leche."
5507417660629,E160b,"Agua, semilla de achiote, harina de maíz, sal yodada, especias, ácido acético, ácido cítrico, goma xantana y benzoato de sodio como conservador."
7501013610055,E160b,"GRASA DE LECHE DE VACA, AGUA, SOLIDOS DE LA LECHE, LECITINA DE SOYA, SAL YODADA Y COLORANTE NATURAL (EXTRACTO DE ANNATO)."
7501059296756,E160b,"¡NGREDIENTES: Sólidos de la leche rehidratados, cobertura sabor a chocolate 14% (aceite de Coco, azúcar, <span class=""allergen"">suero de leche</span>, cocºa, leche entera, extracto de malta, _leáítína de soya y sabor artífrclal), azúcar, jarabe de glucosa, grasa vegetal, leche descremada rehidratada, ésteres de propilenglicol de ácidos grasos, gomas (guar y carragenina), colorantes (rojo natural 4, extracto de annato y curcumlna), saborizantes arliflclalee, mono y digllcérldoe y tnestearato de sorbílán. Grasa vegetal ¡ 6,9% Contiene <span class=""allergen"">leche</span> y leo¡tína de soya. Puede contener <span class=""allergen"">almendra</span>, <span class=""allergen"">nuez</span>, <span class=""allergen"">cacahuete</span>, <span class=""allergen"">avellana</span>, pistache, <span class=""allergen"">huevo *</span> y <span class=""allergen"">gluten…</span>"
7501013611267,E160b,"GRASA DE LECHE DE VACA, AGUA, SOLIDOS DE LA LECHE, LECITINA DE SOYA, SAL YODADA Y COLORANTE NATURAL (EXTRACTO DE ANNATO)."
7501013610048,E160b,"GRASA DE LECHE DE VACA, AGUA, SOLIDOS DE LA LECHE, LECITINA DE SOYA, SAL YODADA Y COLORANTE NATURAL (EXTRACTO DE ANNATO)."
7501040094439,E160b,"Leche Semidescremada Pasteurizada Estandarizada, Preparado de Fruta 15% (Mango (40 %), Azúcares Añadidos (Azúcar), Almidón Modificado. Saborizantes, Ácido Cítrico, Sorbato de Potasio, Benzoato de Sodio, Colorantes Naturales (Annatto y Betacarotenol), Azúcares Añadidos (Azúcar), Pectina, Lactasa y Cultivos Lácticos. Contiene <span class=""allergen"">Leche</span>. Puede Contener<span class=""allergen"">: Trigo</span> (<span class=""allergen"">Gluten</span>), <span class=""allergen"">Nueces</span>. Contiene 1.6% Grasa de leche."
7501040094446,E163,"LECHE Semidescremada Pasteurizada, Preparado de Fruta 15% (Azúcar, Blueberry (25%) Almidon Modificado, Sabor Blueberry, Acido Citrico, Sorbato de Potasio, Colorantes Naturales (Antocianinas), Azúcar, Concentrado de Proteina de LECHE Rehidratada, Pectina, Acesulfame k (20mg/100g), Cultivos Lácticos y Lactasa. Contiene 1.8%Grasa de LECHE."
7501040092589,E160a,"Leche entera pasteurizada, crema, preparado de fruta (azúcar y/o jarabe de alta fructosa, fresa, sabor pay de fresa, almidón modificado, pectina, ácido cítrico, sorbato de potasio y/o benzoato de sodio, colorantes naturales (carmín, betacaroteno)), azúcar, sólidos de leche, almidón modificado, grenetina y cultivos lácticos. Contiene 5% de greasa de leche. Puede contener amarillo 5."
7506390200653,"E100,E160b,E163","Vainilla Plátano: Cobertura sabor a plátano 60% (agua, azúcar, jarabe de glucosa, polidextrosa, gomas [carragenina y algarrobo], ácido cítrico, fosfato monosódico, saborizante artificial, colorantes [curcumina y extracto de annato] y glucósidos de esteviol [equivalentes de esteviol 4,9 mg/100 g]), sólidos de la leche rehidratados, azúcar, leche descremada rehidratada, grasa vegetal, jarabe de glucosa, ésteres de propilenglicol de ácidos grasos, gomas (carragenina y guar), saborizante artificial, mono y diglicéridos, triestearato de sorbitán y colorantes (curcumina y extracto de annato), grasa vegetal 2,5%.
Chocolate Plátano: Cobertura sabor a plátano 60% (agua, azúcar, jarabe de glucosa, polidextrosa, gomas [carragenina y algarrobo], ácido cítrico, fosfato monosódico, saborizante natural, colorantes [curcumina y extracto de annato] y glucósidos de esteviol [equivalentes de esteviol 4,3 mg/100 g]), sólidos de la leche rehidratados, leche descremada rehidratada, azúcar, jarabe de glucosa, maltodextrina, mono y diglicéridos, colorantes (caramelo clase I y antocianinas) gomas (guar, algarrobo y carragenina), saborizante natural, sal yodada, glucósidos de esteviol (equivalentes de esteviol 24 mg/100 g) y canela molida, grasa vegetal 1,6%"
7506390200745,"E100,E160b","Sandwich Eskimal: Sólidos de la leche rehidratados, galleta sabor a chocolate 35,8% (<span class=""allergen"">harina de trigo</span>, azúcar, aceite vegetal, colorante caramelo clase III, dextrosa, cocoa, jarabe de alta fructosa, almidón modificado, sal y bicarbonato de sodio), azúcar, leche descremada rehidratada, jarabe de glucosa, grasa vegetal, ésteres de propilenglicol de ácidos grasos, gomas (guar y carragenina), saborizante artificial, mono y diglicéridos, triestearato de sorbitán, colorantes (curcumina y extracto de annato). Grasa vegetal 6,9%.
Paleta Crunch: Leche descremada rehidratada, cobertura sabor a chocolate con leche 20% (aceite de coco, azúcar, <span class=""allergen"">suero de leche</span>, cocoa, leche entera, extracto de malta, <span class=""allergen"">lecitina de soya</span> y saborizante artificial), relleno sabor a chocolate con leche 15% (azúcar, aceite vegetal, sólidos de la leche, cocoa, sal yodada, <span class=""allergen"">lecitina de soya</span>, saborizante idéntico al natural y poliglicerol de polirricinoleato), azúcar, sólidos de la leche, grasa vegetal, jarabe de glucosa, arroz tostado 3%, ésteres de propilenglicol de ácidos grasos, gomas (guar y carragenina), saborizante artificial, mono y diglicéridos triestearato de sorbitán y colorantes (extracto de annato y curcumina). Grasa vegetal 6,9%.
Mini Megas: Leche descremada rehidratada, cobertura de chocolate con leche 30% (azúcar, manteca de cacao, leche entera en polvo, pasta de cacao, grasa vegetal, <span class=""allergen"">lecitina de soya</span>, poliglicerol de polirricinoleato y saborizante artificial), azúcar, grasa vegetal, <span class=""allergen"">almendra</span> 5%, jarabe de glucosa, sólidos de la leche rehidratados, ésteres de propilenglicol de ácidos grasos, gomas (guar, algarrobo y carragenina), mono y diflicéridos, saborizante artificial y colorante (rojo natural 4, extracto de cempazúchitl, extracto de annato). Grasa vegetal 8,9%"
7501058616609,E160b,"Agua, azúcar, jarabe de glucosa, cobertura sabor a chocolate, ácido cítrico, colorantes (rojo natural 4 y extracto de annato), gomas (guar, carragenina y alginato de sodio) y saborizantes artificiales."
7501059218987,"E100,E160b","Sólidos de la leche rehidratados, galleta de harina de trigo sabor a chocolate 35,8% (<span class=""allergen"">harina de trigo</span>, azúcar, aceite vegetal, colorante caramelo clase III, dextrosa, cocoa, jarabe de alta fructosa, almidón modificado, sal y bicarbonato de sodio), azúcar, leche descremada rehidratada, jarabe de glucosa, grasa vegetal, ésteres de propilenglicol de ácidos grasos, gomas (guar y carragenina), saborizante artificial, mono y diglicéridos de ácidos grasos, triestearato de sorbitán, colorantes (curcumina y extracto de annato). Grasa vegetal 6,9%."
7501020539448,E100,"Leche semidescremada pasteurizada de vaca, Azucar, Fuctosa, Solidos de la leche,Preparado de fruta 10% (Piña, Saborizante artificial Sorbato de potasio (Conservador), Amarillo 6 y Curcuma Coleates), Almidon modificado, Grenetina (Estabilizantel Estevia 1,2mg/ 100g (Edulcorante) y Cultivos Lácticos. Grasa de leche 1,6% proteina de leche: 1,8%."
7501055902125,E160b,"Leche parcialmente descremada pasteurizada, 19% de preparado de fruta (azúcar, mango, pectina, lactato de calcio, saborizante artificial, extracto de annato y cúrcumal y cultivos lácticos.
Contiene 1,6 % de grasa propia de leche y 2,48% de proteína propia de leche."
7501020539424,E100,"Leche semidescremada pasteurizada de vaca, Azucar, fructosa, Solidos de la leche, Preparado de fruta 10% (Durazno Saborizante artificial, Sorbato de potasio (Conservador), Curcumina, Rojoo Allura y Amarillo Ocaso FCF (Colorantes), Almidon modificado, Estblizante, Grenetina, Estevia (1,2 mg/ 100 g) (Edulcorante) cultivos lacticos Grasa de leche: 1,6% Proteina de leche 18%."
7501013611113,E160b,"GRASA DE LECHE DE VACA, AGUA, SOLIDOS DE LA LECHE, MONO Y DIGLICERIDOS DE ACIDOS GRASOS, SAL YODADA, LECITINA DE SOYA Y COLORANTE NATURAL (EXTRACTO DE ANNATO)
CONTIENE LECHE Y LECITINA DE SOYA."
