relevancia,titulo,anio,revista,idioma,paises,citas,doi,bloque,consulta,fuente_api,url,revisado,pertinente,nota,resumen
22,Actualización de la Norma Oficial Mexicana NOM-051-SCFI/SSA1 en la Industria de Alimentos y Bebidas,2021,Journal Boliviano de Ciencias,es,"EC,MX",9,10.52428/20758944.v17iespecial.1,B_aditivos_envasados_mx,"""NOM-051"" etiquetado",OpenAlex,https://openalex.org/W3163624374,,,,"El consumo de alimentos y bebidas procesadas ha causado, en la población mexicana, un aumento en los índices de sobrepeso y obesidad, y con ello el desarrollo de enfermedades crónicas como diabetes o hipertensión, entre otras. El gobierno mexicano ha implementado medidas como la modificación de la Norma Oficial Mexicana NOM-051-SCFI/SSA1-2010, la cual plantea la aplicación de un etiquetado frontal que incluye una advertencia acerca del contenido en exceso de ingredientes perjudiciales para la salud. Países como Chile, Perú, Costa Rica y Brasil han implementado medidas similares con el fin de erradicar las enfermedades crónicas que se han desarrollado con el paso de los años, como el aumento excesivo de diabetes mellitus, obesidad mórbida e hipertensión en adultos y, principalmente, en niños, gracias a los hábitos alimenticios y al consumo excesivo de alimentos ricos en grasas, azúcares o sodio, entre otros. En México, con este nuevo etiquetado frontal, se espera disminuir los casos de enfermedades crónicas no transmisibles y, a su vez, aumentar la concientización en la elección de productos alimenticios, brindando información comercial y sanitaria sobre el contenido nutrimental e ingredientes que puedan representar un riesgo para la salud de los consumidores por medio de un etiquetado claro, veraz y fácil de entender."
22,Análisis de los argumentos recibidos en la consulta pública para el etiquetado frontal de advertencia mexicano,2023,Salud Pública de México,es,MX,3,10.21149/14908,B_aditivos_envasados_mx,"""NOM-051"" etiquetado",OpenAlex,https://openalex.org/W4389491130,,,,"OBJETIVO: Analizar los diferentes elementos en los argumentos recibidos durante la consulta pública del Proyecto de Modificación a la Norma Oficial Mexicana-051 (NOM-051), con énfasis en la protección de niñas, niños y adolescentes (NNA). Material y métodos. Se analizó la información de 1 095 argumentos, se identificó a los actores clave y se realizó un análisis de contenido para conocer la postura, a favor o en contra de los numerales relacionados con la protección a NNA. El análisis se hizo en el programa NVivo. RESULTADOS: Se identificaron 781 actores clave. Durante la consulta pública se identificaron cuatro tácticas del sector privado para interferir en el proceso de la NOM-051: a) grupos fachada que enviaron comentarios en contra de la NOM-051; b) cuestionar la evidencia científica sobre la relación del consumo de edulcorantes y el desarrollo de obesidad en escolares; c) cuestionar la efectividad del uso del etiquetado de advertencia para edulcorantes; d) responsabilizar a los individuos de su enfermedad. Conclusión. La interferencia del sector privado en el proceso de implementación de la NOM-051 fue evidente en los argumentos enviados durante la consulta pública."
22,Caracterización y encuadre noticioso del cabildeo en México,2022,Global Media Journal México,es,MX,0,10.29105/gmjmx19.36-467,B_aditivos_envasados_mx,"""NOM-051"" etiquetado",OpenAlex,https://openalex.org/W4294904230,,,,"Utilizando la teoría del framing en un estudio empírico de caso, se analiza la caracterización y el encuadre que los medios de comunicación mexicanos hicieron sobre el cabildeo en torno a la política de etiquetado frontal de alimentos y bebidas o NOM-051. Aunque existe una idea de cómo los medios de comunicación retratan este controvertido tema y quienes lo practican más intensamente, no existen suficientes investigaciones que describan y expliquen cómo se presenta la política de los grupos de interés a las audiencias de México. Precisamente, los hallazgos cualitativos de este artículo exploratorio son aportes al estudio del cabildeo y la política de los grupos de interés desde una perspectiva de la comunicación política, al comprender que este fenómeno no solo se caracteriza de una manera incompleta por los medios, sino que también éstos lo hacen utilizando marcos que resaltan el conflicto y el escándalo por sobre aspectos positivos de la gestión de los distintos intereses. Así, este trabajo cualitativo es el inicio de una agenda de investigación que busca comprender no solo el encuadre de los medios sobre el cabildeo, sino que también indague la percepción de la opinión pública al respecto y cuáles son sus impactos..."
20,Food additives in Latin America: a descriptive analysis of the packaged food supply in five countries,2025,Globalization and Health,en,"BR,CL,CO,EC,MX,US",0,10.1186/s12992-025-01130-7,B_aditivos_envasados_mx,"""food additives"" ""packaged food supply""",OpenAlex,https://openalex.org/W4415788377,,,,"BACKGROUND: Latin America is distinguished by diverse regulatory frameworks and evolving dietary patterns, including the weakening of traditional diets and the increasing consumption of ultra-processed foods (UPFs). Predominantly produced by transnational corporations, UPFs rely heavily on food additives to achieve desirable sensory properties (e.g., flavor, color), ensure food safety, and extend shelf life. ​Over the past decade, research has increasingly shown that higher consumption of UPFs is associated with poor health outcomes, and food additives have emerged as a potential mechanism underlying this association. However, few studies have systematically analyzed the presence of food additives in the food supply. This study aimed to assess the distribution and patterns of food additives in packaged foods from five Latin American countries. METHODS: Data were obtained from packaged foods and beverages sold in supermarkets in Brazil (2017; n = 9,673), Mexico (2017; n = 15,846), Chile (2018; n = 13,913), Colombia (2018; n = 8,282), and Ecuador (2019; n = 2,083). We used the list of ingredients to search for food additives described in the Codex Alimentarius. We assessed the prevalence of specific food additives, categorized their functional classes, and applied exploratory factor analysis to identify patterns of food additive use, overall and in each country. RESULTS: Food additives were present in over 75% of the studied products, ranging from 76.1% in Colombia to 84.0% in "
18,Betalains: The main bioactive compounds of Opuntia spp and their possible health benefits in the Mediterranean diet,2023,Mediterranean Journal of Nutrition and Metabolism,en,"ES,IT,MX",3,10.3233/mnm-230027,B_aditivos_envasados_mx,"""food additives"" ""Latin America""",OpenAlex,https://openalex.org/W4379137669,,,,"Betalains are water-soluble, nitrogen-containing vacuolar pigment and can be divided into two subclasses: the yellow – orange betaxanthins and the red – violet betacyanin. These pigments can be found mainly in Latin America, but also in some parts of Asia, Africa, Australia and in the Mediterranean area. In this work an overview related with the status of research about betalains extracted from Opuntia spp and the enforces made to evaluate their positive incidence in the human body is provided. Several studies enhance their anticancer, anti-inflammatory and antioxidant properties. They also exhibit antimicrobial and antidiabetic effect. Taking into account these properties, betalains seem to be a promising natural alternative as a colorant to replace the synthetic ones in the food additive industry. In addition, the use of Opuntia spp fruits as possible colorant sources in the Food Industry, may contribute positively to the sustainable development in semi-arid regions."
18,EVALUACIÓN DE UN ADITIVO ALIMENTICIO COMERCIAL EN EL DESEMPEÑO PRODUCTIVO DE LA TILAPIA DEL NILO CULTIVADA EN JAULAS FLOTANTES,2024,Anales Científicos,en,MX,0,10.21704/ac.v85i1.858,B_aditivos_envasados_mx,"""food additives"" ""Latin America""",OpenAlex,https://openalex.org/W4404706380,,,,"The production of Nile tilapia (Oreochromis niloticus) has gained great importance in Latin American aquaculture systems, being considered an excellent option for local producers and large companies. However, is commercial growth has generated problems associated with the appearance of diseases that cause an increase in mortality. Due to the above and in order to reduce the use of antibiotics, in recent years producers have begun to use food additives from natural sources. The objective of this study was to evaluate the effect of commercial feed additive on the productive performance of Nile tilapia grown in floating cages. Two treatments were evaluated, commercial food (control) and commercial food + food additive (0.5%), both fed three times a day for a period of 30 days. After the 30 days, the experiment was continued for another 30 days. In total, 450 fish per floating cage were used. Each treatment was carried out by quadruplicate. Biometrics were performed every 15 days, recording wet weight (PH) and total length (LT). The final survival was calculated, and with the PH and LT data obtained, the biomass gained (BG), the daily growth rate (TCD) and the condition factor (FC) were calculated. The results showed that the values of PH, BG, TCD and final survival were significantly higher (P < 0.05) in the treatment that received the feed additive compared to the control treatment from day 30 until the end of the experiment. The growth and survival obtained provide evidence su"
17,El etiquetado de alimentos pre-envasados y pre-etiquetados tiene un impacto positivo en los hábitos de consumo,2023,PÄDI Boletín Científico de Ciencias Básicas e Ingenierías del ICBI,es,MX,0,10.29057/icbi.v10i20.10247,B_aditivos_envasados_mx,"""NOM-051"" etiquetado",OpenAlex,https://openalex.org/W4313500277,,,,"Objetivo: Determinar si las modificaciones a la NOM-051-SCFI/SSA-2010 relativas al etiquetado de alimentos pre-envasados y pre-etiquetados (APP) nocivos ha inducido cambios en los hábitos de consumo de los mexicanos. Materiales y Métodos: Se realizó una encuesta por Google Forms que indagó acerca de los hábitos de consumo de APP anteriores a la entrada en vigor de la NOM-051-SCFI/SSA-2010 modificada, y durante el periodo de su entrada en vigor. Los datos se compararon mediante una prueba t de Student pareada. Resultados: El consumo de (APP) se redujo de manera significativa durante la entrada en vigor de la NOM-051-SCFI/SSA-2010 (p≤0.0001), aunque predomina la idea de que es preferible que los fabricantes generen productos sanos a que exista el etiquetado de los mismos. Conclusiones: El etiquetado de alimentos ha resultado de utilidad para cambiar los hábitos de consumo, produciendo un descenso en la compra de alimentos que se etiquetan como dañinos para la salud."
16,"Gobernanza, desigualdad y nutrición infantil en México: un análisis crítico de los avatares de la política pública",2025,Espacio Científico de Contabilidad y Administración - UASLP (ECCA).,,MX,0,10.58493/ecca.2025.4.1.22,B_aditivos_envasados_mx,"""NOM-051"" etiquetado",OpenAlex,https://openalex.org/W7125938965,,,,"La nutrición infantil constituye uno de los principales retos de salud pública en México, donde coexisten la desnutrición crónica en sectores vulnerables y el sobrepeso en áreas urbanas. Este fenómeno refleja la llamada “doble carga de la malnutrición”, que limita el desarrollo físico, cognitivo y social de la niñez. El documento analiza los avatares de las políticas públicas implementadas para enfrentar esta problemática, destacando el etiquetado frontal de advertencia (NOM-051), los lineamientos escolares, las guías alimentarias y las medidas fiscales. Aunque estas acciones representan avances significativos en regulación y prevención, su impacto se ve restringido por desigualdades socioeconómicas, falta de coordinación institucional, limitaciones presupuestales y la influencia de la industria alimentaria. El estudio, con enfoque cualitativo, descriptivo y analítico, evidencia que la regulación aislada es insuficiente para transformar hábitos de consumo; se requiere complementar con educación, subsidios a alimentos saludables, entornos escolares adecuados y estrategias intersectoriales. Finalmente, se plantea que la nutrición infantil debe abordarse como un problema público complejo, que demanda políticas integrales, equitativas y sostenibles para garantizar el derecho a una alimentación saludable en la infancia mexicana."
15,Incidencia de hipersensibilidad a colorantes artificiales de los alimentos en un grupo de estudiantes de medicina,2012,Pediatría de México,es,,0,,A_colorantes_mercado_mx,"""food dyes"" prevalence",OpenAlex,https://openalex.org/W2257215359,,,,Objective: To compare the incidence of hypersensitivity to artifi cial food dyes in students of the third semester of a private medical school in southern Tamaulipas. Methods and materials: A quasiexperimental study was performed in a group of medical school students selected by non-probabilistic sampling methods. The scratch test is used to cause the activation of sensitized mast cells by depositing a drop of yellow and red food dyes on the anterior surface of the forearm and then puncturing the skin with a thin needle through the drop. If atopy occurs there will be a pruritic erythematous wheal within a few minutes indicating that those mast cells possess IgE antibodies against that specifi c allergen and when they interact it causes the release of mediators of anaphylaxis along with their side effects. The scratch test results are interpreted 15 to 20 minutes after. It was considered as immunologically signifi cant a papule of 3 mm or greater compared with the positive control (histamine) of the diluent. Results: The size of the sample group was 100 students and 23 of them showed positive results to tartrazina (Yellow No. 5) and none of them to the red artifi cial food dye in the scratch test. Conclusions: A positive hypersensitivity reaction to tartrazine prevailed in the 23% of the sample constituted by medical school students of the third semester with a higher prevalence in males.
15,Extracción de oleorresinas de pimentón y su aplicación como colorante rojo como alternativa al rojo 40,2025,Memorias del Concurso Lasallista de Investigación Desarrollo e innovación,,"BO,MX",0,10.26457/mclidi.v12i1.4666,A_colorantes_mercado_mx,"colorantes ""alimentos procesados""",OpenAlex,https://openalex.org/W7131070526,,,,"El Rojo 40 (Allura Red AC) es un colorante azo utilizado en alimentos procesados para intensificar colores rojizos y sabores. Derivado del alquitrán de hulla, su uso se ha asociado con efectos adversos para la salud, como irritación gastrointestinal, alergias y posible actividad carcinogénica. Frente a esta problemática, se propone la extracción de oleorresina de pimentón como una alternativa natural y menos nociva para su uso como colorante rojo. El objetivo principal fue obtener dicha oleorresina y evaluar su capacidad de tinción en masa comestible, líquidos de consumo alimentario, crema y jabón corporal. La oleorresina obtenida presentó una coloración intensa, termoestable y con buena afinidad de tinción en la mayoría de los medios evaluados. Los resultados sugieren que, bajo condiciones controladas, la oleorresina de pimentón puede sustituir al Rojo 40 en aplicaciones cosméticas y, potencialmente, alimentarias. Se concluye que esta alternativa representa una opción viable, natural y segura ante la creciente preocupación por los efectos de los aditivos sintéticos en la salud humana. Además, al reducir la exposición a compuestos potencialmente tóxicos y promover el uso de ingredientes naturales, esta propuesta contribuye a los Objetivos de Desarrollo Sostenible, en particular los relacionados con la salud y el consumo responsable."
14,Human health implications from co-exposure to aflatoxins and fumonisins in maize-based foods in Latin America: Guatemala as a case study,2014,World Mycotoxin Journal,en,"GT,US",94,10.3920/wmj2014.1736,B_aditivos_envasados_mx,"""food additives"" ""Latin America""",OpenAlex,https://openalex.org/W1979006706,,,,"Co-occurrence of fumonisin B1 (FB1) and aflatoxin B1 (AFB1) in maize has been demonstrated in many surveys. Combined-exposure to FB1 and AFB1 was of concern to the Joint FAO/WHO Expert Committee on Food Additives because of the known genotoxicity of AFB1 and the ability of FB1 to induce regenerative proliferation in target tissues. Humans living where maize is a dietary staple are at high risk for exposure to both mycotoxins. Our work has focused on Guatemala, a country in Central America where maize is consumed in large amounts every day and where intake of FB1 has been shown to be potentially quite high using biomarker-based studies. In 2012 a survey was conducted which analysed maize samples for FB1 and AFB1 from all 22 departments of Guatemala. The results show that the levels of AFB1 exposure are also potentially quite high in Guatemala, and likely throughout Central America and Mexico. The implications of co-exposure for human health are numerous, but one area of particular concern is the potential of FB1 to modulate AFB1 hepatoxicity and/or hepatocarcinogenicity. Both the mechanism of action of FB1 and its ability to promote liver carcinogenicity in rats and rainbow trout is consistent with this concern. In farm and laboratory animals FB1 inhibits ceramide synthases, key enzymes inde novo ceramide biosynthesis. The inhibition of sphingolipid signalling pathways mediating programmed cell death and activation of pathways stimulating cell proliferation in livers of indivi"
14,"Viviendo con plomo: measuring levels of lead consumption and combating absorption with nutrition in Oaxaca, Mexico",2012,"CSUN ScholarWorks (California State University, Northridge)",en,,0,,B_aditivos_envasados_mx,"""food additives"" ""Latin America""",OpenAlex,https://openalex.org/W2191878155,,,,"OF THE THESIS Viviendo Con Plomo: Measuring Levels of Lead Consumption and Combating Absorption with Nutrition in Oaxaca, Mexico by Kristen Gail Meckel-Parker Master of Public Health and Master of Arts in Latin American Studies San Diego State University, 2011 Santa Maria Atzompa is a Oaxacan community well known for its production of green-glazed ceramic. Ceramic is the primary source of income in the community and also is the primary source of lead (Pb). This study determined the amount of Pb consumed by community members based on portion sizes of cooked beans, a main food staple, for both adults and children. After collecting bean samples, performing a LeadCheck® Swab on the pot that the beans were cooked and/or stored in, and conducting informal interviews with questions pertaining to the samples collected, the beans were chemically analyzed in the laboratory at San Diego State University. Pb levels in the beans ranged from 4.15-47.74 parts per million (ppm). The average consumption level for children, based on a mean portion size of 135.6 g, was 2,770 mg/Pb. The average consumption level for adults, based on a mean portion size of 283.8 g, was 5,470 mg/Pb. The Joint FAO/WHO Expert Committee on Food Additives (JECFA) established a provisional tolerable weekly intake (PTWI) for Pb of 25 mg of Pb per kilogram of body weight (mg/Pb/kg) per week or 3.5 mg/Pb/kg per day. Based on a community average of bean consumption six times per week, the average child weighing 30 kg is in"
13,"Food additives: distribution and co-occurrence in 126,000 food products of the French market",2020,Scientific Reports,en,FR,165,10.1038/s41598-020-60948-w,D_calidad_open_food_facts,"""Open Food Facts""",OpenAlex,https://openalex.org/W3009384267,,,,"BACKGROUND: More than 330 food additives (e.g. artificial sweeteners, emulsifiers, dyes) are authorized in Europe, with a great variability of use across food products. OBJECTIVE: The objective of this study was to investigate the distribution and co-occurrence of food additives in a large-scale database of foods and beverages available on the French market. DESIGN: The open access crowdsourced Open Food Facts database (https://world.openfoodfacts.org/) was used to retrieve the composition of food and beverage products commonly marketed on the French market (n = 126,556), based on the ingredients list. Clustering of food additive variables was used in order to determine groups of additives frequently co-occurring in food products. The clusters were confirmed by network analysis, using the eLasso method. RESULTS: Fifty-three-point eight percent of food products contained at least 1 food additive and 11.3% at least 5. Food categories most likely to contain food additives (in more than 85% of food items) were artificially sweetened beverages, ice creams, industrial sandwiches, biscuits and cakes. The most frequently used food additives were citric acid, lecithins and modified starches (>10,000 products each). Some food additives with suspected health effects also pertained to the top 50: sodium nitrite, potassium nitrate, carrageenan, monosodium glutamate, sulfite ammonia caramel, acesulfame K, sucralose, (di/tri/poly) phosphates, mono- and diglycerides of fatty acids, potassium"
13,Construcción y Validación de un Instrumento para Evaluar el Consumo de Alimentos con Rojo Allura,2019,Información tecnológica,es,MX,4,10.4067/s0718-07642019000300219,A_colorantes_mercado_mx,"colorantes ""alimentos procesados""",OpenAlex,https://openalex.org/W2953069400,,,,"Se realiz un estudio exploratorio para identificar los alimentos procesados que contienen rojo allura y que sean expendidos cerca de escuelas de educacin bsica en la Ciudad de Puebla-Mxico. Hay estudios que confirman la toxicidad del colorante rojo allura y su posible relacion con la generacin de metabolitos carcinognicos. Para el estudio, se dise un instrumento de medicin para determinar la frecuencia de consumo en nios de 10 a 13 aos de edad. Se inici con un anlisis descriptivo mediante un estudio de campo y con los productos identificados se dise el instrumento. Posteriormente se valid con el coeficiente del alfa de Cronbach. Se determin que la poblacin infantil consume frecuentemente alimentos procesados con rojo allura, teniendo como consumo diario las botanas (frituras), seguido por cereales y yogurt. El estudio logr disear y validar un instrumento de confiabilidad, que permiti medir la frecuencia de consumo de alimentos procesados con rojo allura en infantes."
13,Azúcares y colorantes en yogures y jugos: Un riesgo para la salud,2024,Educación y Salud Boletín Científico Instituto de Ciencias de la Salud Universidad Autónoma del Estado de Hidalgo,es,MX,0,10.29057/icsa.v13i25.13748,A_colorantes_mercado_mx,"colorantes ""alimentos procesados""",OpenAlex,https://openalex.org/W4405090148,,,,"En la alimentación los colorantes influyen en el sabor de los alimentos, comúnmente son utilizados para potenciar el color natural de ciertos alimentos y en ocasiones para reponer el color perdido durante su conservación, ocasionando que sean poco llamativos para el consumidor. Por lo que el objetivo de este artículo es analizar los colorantes y la cantidad de azúcares añadidos presentes en alimentos procesados dirigidos a la población infantil, como el yogurt y los jugos. Resultados y discusión: Los productos evaluados (yogures y jugos) mostraron un alto contenido de azúcares añadidos (9 a 33 g/100 mL), influyendo en su contenido calórico. Dentro de sus ingredientes, también se encontraron colorantes (rojo brillante, caramelo IV y carmín), los cuales podrían ocasionar efectos no deseables a la salud de los niños. Conclusiones: Todas las marcas de productos analizadas presentaron azúcares añadidos, contribuyendo a que la población infantil sobrepase las recomendaciones de consumo emitidas por la OMS."
12,"Additives in foods marketed to children in Uruguay, an emerging Latin American country",2025,Journal of Nutritional Science,en,UY,6,10.1017/jns.2024.98,B_aditivos_envasados_mx,"""food additives"" ""Latin America""",OpenAlex,https://openalex.org/W4406624359,,,,"Foods are frequently marketed to children through the inclusion of a wide range of elements on the packages. Several studies conducted in different countries around the globe have shown that products marketed to children are usually high in sugar and other nutrients associated with non-communicable diseases. The present exploratory cross-sectional study aimed at providing additional evidence on the composition of products marketed to children by analysing the disclosure of additives in such products. Data were collected at nine supermarkets in two Uruguayan cities between August and October 2021. All packaged products available in each supermarket were surveyed using a cell phone app, except for culinary ingredients. All the information from the labels was extracted. Products marketed to children were identified based on the presence of indicators of child-directed marketing on the package. The disclosure of additives was analysed based on the information available in the ingredient list. The prevalence of food additive disclosure was calculated. Of the 7,343 products included in the database, 573 (7.8%) were classified as marketed to children. Candies and cookies were the categories with the largest number of products marketed to children. The great majority of the products marketed to children disclosed at least one food additive (93.5%). These products tended to more frequently notify colourings, antioxidants, acidity regulators, raising agents, stabilisers, humectants, an"
12,Prevalence of ultra-processed foods and beverages in newly launched products across the Americas: a comparison between the United States and Latin American countries from 2018 to 2023,2025,Frontiers in Public Health,en,US,5,10.3389/fpubh.2025.1659915,B_aditivos_envasados_mx,"""food additives"" ""Latin America""",OpenAlex,https://openalex.org/W4414074046,,,,"Background Ultra-processed foods (UPFs) are an increasing global health concern, but their prevalence across the food supply is unknown. This is particularly important in developing countries such as Latin America, where consumption is lower but increasing. We quantified country-specific metrics of UPFs in the food supply across the Americas, including the prevalence of UPFs, the presence and number of additives, and the extent to which UPFs and non-UPFs are high in saturated fat, sugar, and sodium (HFSS). Methods Using data on packaged products launched between 2018 and 2023 from the Mintel Global New Products Database in 11 North and Latin American countries ( n = 207,363 products), we identified the presence of ultra-processing markers, such as additives, in foods and beverages’ ingredient lists. We compared the prevalence of UPFs and food additives in each country to the U.S. and the mean number of additives by additive class and country. The prevalence of HFSS for ultra-processed and non-ultra-processed packaged foods and beverages was estimated in a subsample ( n = 123,072) based on the Chilean nutrient profile model. Results The prevalence of UPFs ranged from 69 in Venezuela to 85% in Costa Rica. Flavors and other additives were the most prevalent, ranging from 60 to 78% and 49 to 70% in Venezuela and Costa Rica, respectively. The mean number of additives ranged from 3.9 in Venezuela to 7.1 in Peru. For foods, but not beverages, a higher percentage of ultra-processed p"
12,"Innovación para una Alimentación Saludable: El Etiquetado Frontal Herramienta de Cambio Conductual en Jalisco, México",2025,Scientia et PRAXIS,es,MX,1,10.55965/setp.5.09.a2,B_aditivos_envasados_mx,"""NOM-051"" etiquetado",OpenAlex,https://openalex.org/W4410720889,,,,"Contexto. El aumento en la prevalencia de enfermedades no transmisibles en México, atribuible en parte al consumo de alimentos densamente energéticos, ha motivado la implementación de políticas públicas orientadas a modificar los hábitos alimenticios. Entre ellas, destaca el selllo de advertencia de etiquetado frontal (SAF) como estrategia de bajo costo cognitivo, alineada con los principios del nudge y el ODS3 de la Agenda 2030. Problema. Existe incertidumbre sobre la efectividad del sello de advertencia frontal (SAF) como mecanismo para reducir el consumo de alimentos poco saludables, en particular en regiones como Jalisco. A ello se suma la escasez de evaluaciones empíricas que contrasten su impacto económico en el comportamiento del consumidor. Objetivo. Estimar el impacto del etiquetado frontal en el gasto trimestral de hogares urbanos de Jalisco en alimentos densamente energéticos, entre 2016 y 2022. Metodología. Se utilizó un diseño cuasiexperimental de “diferencias en diferencias” a través del software STATA19 , empleando datos de la Encuesta Nacional de Ingresos y Gastos de los Hogares (ENIGH) 2016, 2020 y 2022. Se compararon hogares urbanos (tratados) y rurales (control) en términos de gasto en doce productos considerados densamente energéticos, según la NOM-051. Hallazgos teóricos y prácticos. El etiquetado frontal resultó ser eficaz para disminuir el gasto en 10 de los 12 productos evaluados. No obstante, su efecto fue nulo o incluso adverso en bebidas azucaradas "
12,¿El Jamón de pavo es tan saludable como pensamos?: NOM-051-SCFI/SSA-2010,2021,Educación y Salud Boletín Científico Instituto de Ciencias de la Salud Universidad Autónoma del Estado de Hidalgo,es,MX,0,10.29057/icsa.v9i18.6595,B_aditivos_envasados_mx,"""NOM-051"" etiquetado",OpenAlex,https://openalex.org/W3171280118,,,,"El jamón de pavo es un alimento popular en la alimentación mexicana, su procesamiento industrial ha permitido el acceso para consumo de manera generalizada; se define como el producto alimenticio elaborado exclusivamente con carne de los muslos del pavo, declarados aptos para el consumo humano por la autoridad responsable, de la especie Meliagridis gallo-pavo. Al ser el jamón un alimento con un alto contenido de sodio, el consumo diario de este alimento podría tener repercusiones a la salud, por lo que su ingesta debe ser moderada. La actualización de la NOM-051-SCFI/SSA-2010 ha establecido los lineamientos para orientar a la población hacia un consumo responsable agregando sellos de advertencia “exceso de kcals, grasas saturadas, grasas trans, sodio y azúcares” en el etiquetado frontal de los productos alimenticios. El objetivo de este estudio fue analizar el contenido nutrimental de nueve marcas comerciales de jamón de pavo tomando como referencia las recientes modificaciones de la NOM-051-SCFI/SSA-2010 para el etiquetado de productos alimenticios. Todos los productos evaluados ameritan al menos un sello de advertencia por exceso de sodio y solo uno de los productos debe presentar dos sellos de advertencia nutricional (“exceso de grasas saturadas” y “exceso de sodio”). Por tanto, el jamón de pavo, al igual que los derivados cárnicos debe ser considerado un producto de consumo moderado."
12,Desarrollo y estandarización de un producto regional a base de cacao y maíz,2023,LATAM Revista Latinoamericana de Ciencias Sociales y Humanidades,es,MX,0,10.56712/latam.v4i2.801,B_aditivos_envasados_mx,"""NOM-051"" etiquetado",OpenAlex,https://openalex.org/W4383645603,,,,"En la presente investigación se desarrolló un producto regional a base de cacao y maíz con el objetivo de estandarizar el producto conocido como “Xole”, un atole negro muy popular en la región Nororiental del estado de Puebla, con la intención de facilitar su elaboración y consumo, ofreciendo las cualidades que caracterizan al producto en color, olor, sabor y textura. Se recolecto información empírica para conocer el proceso artesanal del Xole y determinar los componentes que se requieren en su elaboración y producción, se analizó la metodología para poder obtener los tiempos aproximados de proceso, se elaboraron diversas formulaciones del polvo para preparar la bebida a base de maíz y cacao, el cual fue caracterizado en base a los análisis proximales establecidos en la normativa aplicable a humedad, grasa, cenizas, fibra, proteína y carbohidratos para determinar el valor nutricional del producto y de acuerdo a los resultados obtenidos al calcular el aporte calórico. Además, fue evaluado sensorialmente por un panel de jueces no entrenados escogidos aleatoriamente. Finalmente se propone una presentación comercial de la harina en un empaque y con un etiquetado de acuerdo con sus especificaciones en base a la norma NOM-051-SCFI/SSA1-2010."
12,"¿Cuánta soya, grasa y sal/sodio contienen los chorizos comerciales?",2021,Educación y Salud Boletín Científico Instituto de Ciencias de la Salud Universidad Autónoma del Estado de Hidalgo,es,MX,0,10.29057/icsa.v9i18.6577,B_aditivos_envasados_mx,"""NOM-051"" etiquetado",OpenAlex,https://openalex.org/W3170766319,,,,"El chorizo es considerado como un producto cárnico procesado, escaldado o madurado, embutido, elaborado con base de carne y grasa de animales de abasto. El objetivo del presente estudio fue evaluar la cantidad de soya, grasa y sal que contienen los chorizos comerciales considerando la normativa que rige estos productos. Se realizó una búsqueda de chorizos en los supermercados situados en la Ciudad de México, Estado de México e Hidalgo. Se analizó y comparó el etiquetado de 12 marcas de chorizo considerando 100 g de producto tomando en cuenta la energía, proteínas, carbohidratos, grasas, fibra y sodio que aportan estos productos. Los chorizos comerciales evaluados presentaron cantidades de grasa (0.33 a 13.8 %) y sodio (entre 1.3 hasta 10 g). De acuerdo a lo establecido en la NOM-051-SCFI/SSA1-2010, los productos que exceden el contenido >10% de grasas saturadas y >300 mg de sodio se les debe incluir sellos de advertencia “Exceso de grasa saturada” y “Exceso de sodio”. Por su parte, la cantidad de soya no fue reportada en todos los productos evaluados, sin embargo, sí, la cantidad de fibra que se reporta en la tabla nutrimental de los mismos, lo que podría justificar el contenido vegetal a partir de soya en los chorizos, los cuales presentaron cantidades de 0.33 a 4.1%."
12,Prevalence of ultra-processed foods and beverages in newly launched products across the Americas: a comparison between the United States and Latin American countries from 2018 to 2023,2025,UNC Libraries,en,US,0,10.17615/b8mn-p339,B_aditivos_envasados_mx,"""food additives"" ""Latin America""",OpenAlex,https://openalex.org/W4415327450,,,,"Ultra-processed foods (UPFs) are an increasing global health concern, but their prevalence across the food supply is unknown. This is particularly important in developing countries such as Latin America, where consumption is lower but increasing. We quantified country-specific metrics of UPFs in the food supply across the Americas, including the prevalence of UPFs, the presence and number of additives, and the extent to which UPFs and non-UPFs are high in saturated fat, sugar, and sodium (HFSS). Using data on packaged products launched between 2018 and 2023 from the Mintel Global New Products Database in 11 North and Latin American countries (n = 207,363 products), we identified the presence of ultra-processing markers, such as additives, in foods and beverages’ ingredient lists. We compared the prevalence of UPFs and food additives in each country to the U.S. and the mean number of additives by additive class and country. The prevalence of HFSS for ultra-processed and non-ultra-processed packaged foods and beverages was estimated in a subsample (n = 123,072) based on the Chilean nutrient profile model. The prevalence of UPFs ranged from 69 in Venezuela to 85% in Costa Rica. Flavors and other additives were the most prevalent, ranging from 60 to 78% and 49 to 70% in Venezuela and Costa Rica, respectively. The mean number of additives ranged from 3.9 in Venezuela to 7.1 in Peru. For foods, but not beverages, a higher percentage of ultra-processed products were HFSS compared to"
11,Table 1_Prevalence of ultra-processed foods and beverages in newly launched products across the Americas: a comparison between the United States and Latin American countries from 2018 to 2023.docx,2025,Figshare,,,0,10.3389/fpubh.2025.1659915.s001,B_aditivos_envasados_mx,"""food additives"" ""Latin America""",OpenAlex,https://openalex.org/W7111171202,,,,"Background Ultra-processed foods (UPFs) are an increasing global health concern, but their prevalence across the food supply is unknown. This is particularly important in developing countries such as Latin America, where consumption is lower but increasing. We quantified country-specific metrics of UPFs in the food supply across the Americas, including the prevalence of UPFs, the presence and number of additives, and the extent to which UPFs and non-UPFs are high in saturated fat, sugar, and sodium (HFSS). Methods Using data on packaged products launched between 2018 and 2023 from the Mintel Global New Products Database in 11 North and Latin American countries (n = 207,363 products), we identified the presence of ultra-processing markers, such as additives, in foods and beverages’ ingredient lists. We compared the prevalence of UPFs and food additives in each country to the U.S. and the mean number of additives by additive class and country. The prevalence of HFSS for ultra-processed and non-ultra-processed packaged foods and beverages was estimated in a subsample (n = 123,072) based on the Chilean nutrient profile model. Results The prevalence of UPFs ranged from 69 in Venezuela to 85% in Costa Rica. Flavors and other additives were the most prevalent, ranging from 60 to 78% and 49 to 70% in Venezuela and Costa Rica, respectively. The mean number of additives ranged from 3.9 in Venezuela to 7.1 in Peru. For foods, but not beverages, a higher percentage of ultra-processed pro"
10,"Exposure to food additive mixtures in 106,000 French adults from the NutriNet-Santé cohort",2021,Scientific Reports,en,"FR,US",116,10.1038/s41598-021-98496-6,D_calidad_open_food_facts,"""Open Food Facts""",OpenAlex,https://openalex.org/W3202047184,,,,"Food additives (e.g. artificial sweeteners, emulsifiers, dyes, etc.) are ingested by billions of individuals daily. Some concerning results, mainly derived from animal and/or cell-based experimental studies, have recently emerged suggesting potential detrimental effects of several widely consumed additives. Profiles of additive exposure as well as the potential long-term impact of multiple exposure on human health are poorly documented. This work aimed to estimate the usual intake of food additives among participants of the French NutriNet-Santé cohort and to identify and describe profiles of exposure (single substances and mixtures). Overall, 106,489 adults from the French NutriNet-Santé cohort study (2009-ongoing) were included. Consumption of 90 main food additives was evaluated using repeated 24 h dietary records including information on brands of commercial products. Qualitative information (as presence/absence) of each additive in food products was determined using 3 large-scale composition databases (OQALI, Open Food Facts, GNPD), accounting for the date of consumption of the product. Quantitative ingested doses were estimated using a combination of laboratory assays on food matrixes (n = 2677) and data from EFSA and JECFA. Exposure was estimated in mg per kg of body weight per day. Profiles of exposure to food additive mixtures were extracted using Non-negative Matrix Factorization (NMF) followed by k-means clustering as well as Graphical Lasso. Sociodemographic and d"
10,Food dyes and health: Literature quantitative research analysis,2022,Measurement Food,en,"IT,PT",33,10.1016/j.meafoo.2022.100050,A_colorantes_mercado_mx,"""food dyes"" prevalence",OpenAlex,https://openalex.org/W4286255286,,,,"Food color is often associated in the collective imagination to properties like flavor, taste, sensory qualities, and genuinity. While synthetic food dyes may cause several harmful effects to human health, and most of them are not used or allowed in food manufacturing according to the regulations of each country, the origin of food dyes are receiving greater attention for their safety, hence being more present in literature studies. This perspective aims at providing a current framework on food dyes and health relationship, throughout a literature quantitative research analysis approach, by highlighting the current knowledge, the main research lines and emerging strategies in an integrated and multidisciplinary manner. A preliminary insight is offered in terms of definition, categorization, and legislation on food additives, as well as postulations for a near future in terms of natural and synthetic food dyes. To confirm the interest and importance of research on food dyes (food colorants), a literature quantitative research analysis was carried out by means of Scopus database as a source to retrieve publications on food dyes and related health relationship. A total of 893 publications in the year range from 1962 to 2022 were retrieved and evaluated through the literature search and elaborated on. Among the main observations, it should be mentioned that a prevalence of the use of natural dyes in foodstuffs, replacing synthetic colorants is trending, prospectively suggesting t"
10,Food Colorings and Flavors,2013,,en,US,9,10.1002/9781118744185.ch34,A_colorantes_mercado_mx,"""food dyes"" prevalence",OpenAlex,https://openalex.org/W1487277403,,,,"Food flavorings and colorings are a heterogeneous group of compounds that are often derived from potential allergens. This chapter will discuss non-synthetic food colorings and flavorings that have been implicated in adverse food reactions. Many of these items are derived from plants or other biogenic sources and may contain allergenic epitopes or haptens, which can be recognized by specific IgE or T cells. The overall prevalence of reactions attributable to food colorings and flavorings is unknown, but thought to be low. Labeling of natural food coloring and flavor is often problematic. Natural colorants are not subject to the Food, Dye, and Cosmetic (FD&C) labeling regulations. Flavorings are exempted from labeling unless widely suspected to cause allergy (e.g., sulfites). Spices used as additives but not ingredients are also exempted. The exemption for carmine/cochineal extract was recently changed and must now be declared by name on product labels. This chapter will review known mechanisms of reaction, treatment strategy, and labeling regulations. Synthetic color additives are discussed elsewhere in this book."
10,Dyes and biomimetic systems: detergency and food industry Colorantes y sistemas biomiméticos: detergencia e industria alimentaria,2011,CyTA - Journal of Food,en,,3,10.1080/19476337.2011.585718,E_sustitucion_natural_sintetico,sustitucion colorantes sinteticos naturales,Crossref,https://doi.org/10.1080/19476337.2011.585718,,,,
10,Food additives: distribution and co-occurrence in 126 000 food products of the French market,2020,European Journal of Public Health,en,FR,1,10.1093/eurpub/ckaa165.901,D_calidad_open_food_facts,"""Open Food Facts""",OpenAlex,https://openalex.org/W3092233269,,,,"Abstract Background More than 330 food additives (e.g. artificial sweeteners, emulsifiers, dyes) are authorized in Europe, with a great variability of use across food products. The objective of this study was to investigate the distribution and co-occurrence of food additives in a large-scale database of foods and beverages available on the French market. Methods The open access Open Food Facts database was used to retrieve the composition of food and beverage products commonly marketed on the French market (n = 126 556), based on the ingredients list. Clustering of food additive variables was used in order to determine groups of additives frequently co-occurring in food products. The clusters were confirmed by network analysis, using the eLasso method. Results 53.8% of food products contained at least 1 food additive and 11.3% at least 5. Food categories most likely to contain food additives (in more than 85% of food items) were artificially sweetened beverages, ice creams, industrial sandwiches, biscuits and cakes. The most frequently used food additives were citric acid, lecithins and modified starches (>10,000 products each). Some food additives with suspected health effects also pertained to the top 50: sodium nitrite, potassium nitrate, carrageenan, monosodium glutamate, sulfite ammonia caramel, acesulfame K, sucralose, (di/tri/poly) phosphates, mono- and diglycerides of fatty acids, potassium sorbate, cochineal, potassium metabisulphite, sodium alginate, and bixin (>80"
10,Determinación de aditivos alimentarios en muestras de alimentos procesados en ecuador: niveles y riesgos,2023,VitalyScience Revista Científica Multidisciplinaria,es,,1,10.56519/q58pm041,A_colorantes_mercado_mx,"colorantes ""alimentos procesados""",OpenAlex,https://openalex.org/W4408904274,,,,"Este estudio se centra en la determinación de aditivos alimentarios en alimentos procesados en Ecuador, abordando tanto los niveles presentes como los riesgos asociados a su consumo. Los antecedentes del problema radican en el uso extendido de aditivos en la industria alimentaria y su percepción negativa entre los consumidores debido a la falta de información y normativas inadecuadas. Se identifican como aditivos comunes el BHA, BHT, tartrazina y el MSG, todos ellos utilizados como conservantes, colorantes o potenciadores de sabor. El objetivo principal del estudio es evaluar los niveles de aditivos en alimentos procesados en Ecuador y determinar los riesgos para la salud pública, tomando en cuenta las normativas vigentes. La metodología empleada fue una revisión bibliográfica sistemática, analizando estudios nacionales e internacionales, así como normativas locales como la NTE INEN 1334:2011 y la NTE INEN-Codex 192:2013. Entre los resultados, se encontró que los niveles de aditivos como los nitritos y nitratos en productos cárnicos superan en ocasiones los límites recomendados, incrementando los riesgos de cáncer. Además, conservantes como el BHA y BHT presentan riesgos de toxicidad y carcinogenicidad cuando se exceden las dosis permitidas. En conclusión, se resalta la necesidad urgente de reforzar las regulaciones y la educación al consumidor sobre los riesgos de los aditivos alimentarios. Asimismo, se propone una mayor investigación sobre aditivos naturales y la implementa"
10,Impacto de los alimentos procesados y su relación con la obesidad,2022,Psic-Obesidad,es,ES,1,10.22201/fesz.20075502e.2021.11.42.83260,A_colorantes_mercado_mx,"colorantes ""alimentos procesados""",OpenAlex,https://openalex.org/W4294770334,,,,"Los alimentos ultraprocesados no son “alimentos reales”. Son formulaciones de sustancias alimenticias a menudo modificadas por procesos químicos y luego ensambladas en productos alimenticios y bebidas hiper-apetecibles listos para consumir utilizando sabores, colorantes, emulsionantes y otros aditivos, que pueden facilitar la sobrealimentación y el desarrollo de la obesidad, debido a su alto contenido de sodio, carbohidratos y grasas. Con el interés de conocer lo que hasta ahora a resultado de las investigaciones en relación de estos alimentos y la obesidad y el sobrepeso se realizó una revisión bibliográfica por medio del motor de búsqueda “Pubmed” con las palabras clave “obesity”, “ultra-processed foods”, “feeding”, “diet” de publicaciones de artículos a partir del año 2009 hasta publicaciones del año 2020 que cumplían con los siguientes criterios: artículos originales, de revisión, estudios de cohorte prospectivos, artículos clínicos, escritos en español o inglés y realizados exclusivamente en seres humanos. Como resultado de esta revisión, algunos estudios muestran que paralelamente al aumento en el consumo de alimentos ultraprocesados, por lo que se asocia con el aumento en la prevalencia de la obesidad, y por el alto contenido de carbohidratos o grasas pueden producir cambios en los neurocircuitos de recompensa, lo que lleva a conductas alimentarias de tipo adictivo y al consumo excesivo. Por ello es importante promover estrategias para reducir el consumo de este tipo d"
10,ADITIVOS ALIMENTARIOS: ASPECTOS DE REGULACIÓN Y SEGURIDAD DE LOS COLORANTES UN ENFOQUE DESDE LA LEGISLACIÓN ECUATORIANA,2023,reciena,es,"CR,EC",0,10.47187/8pd9xr18,A_colorantes_mercado_mx,"colorantes ""alimentos procesados""",OpenAlex,https://openalex.org/W4410193103,,,,"El presente trabajo valora la metodología de una revisión bibliográfica, como técnica de búsqueda de información en el área de seguridad e inocuidad de alimentos, particularmente con un enfoque en los aditivos alimentarios que sirven como una herramienta importante en la industria alimentaria. Su uso obedece a razones tecnológicas, sanitarias y calidad. Estas sustancias son reguladas y evaluadas de forma periódica por diferentes organismos competentes tanto a nivel internacional (OMS, FAO, FDA, EFSA, JEFCA), como nacional y dentro del Ecuador quienes autorizan su uso al cumplir los requisitos de inocuidad y seguridad establecidos son el Instituto Ecuatoriano de Normalización (INEN) y la Agencia Nacional de Regulación, Control y Vigilancia Sanitaria (ARCSA). A pesar de esto, existe desconfianza entre los consumidores por los posibles riesgos a la salud que su uso supone. Lo cierto es que la ingesta de estas sustancias ha aumentado en las últimas décadas, debido al predominio en el consumo de alimentos procesados. Esto se ha convertido en un problema de salud pública, ya que el riesgo de sobrepasar los límites permitidos es latente. El objetivo de este trabajo es abordar los aspectos de regulación y seguridad de los colorantes de los que son utilizados dentro del estado ecuatoriano. Dejando en evidencia mediante la revisión que en el Ecuador aún existe cierta desconfianza en la población, por la falta de conocimiento en aspectos legales y de seguridad."
10,"Efectos sensoriales, microbiológicos y fisicoquímicos del uso de miel de abejas procedente de plantaciones forestales de Acacia (Acacia mangium) en la producción de yogur",2020,,es,,0,,A_colorantes_mercado_mx,"colorantes ""alimentos procesados""",OpenAlex,https://openalex.org/W3044690564,,,,Aprovechamiento de las matrices alimentarias con potencial colorante y edulcorante para uso como aditivo natural en alimentos procesados
10,ADITIVOS ALIMENTARIOS: ASPECTOS DE REGULACIÓN Y SEGURIDAD DE LOS COLORANTES UN ENFOQUE DESDE LA LEGISLACIÓN ECUATORIANA,2023,reciena,es,"CR,EC",0,10.47187/reciena.v3i1.53,A_colorantes_mercado_mx,"colorantes ""alimentos procesados""",OpenAlex,https://openalex.org/W4385289083,,,,"El presente trabajo valora la metodología de una revisión bibliográfica, como técnica de búsqueda de información en el área de seguridad e inocuidad de alimentos, particularmente con un enfoque en los aditivos alimentarios que sirven como una herramienta importante en la industria alimentaria. Su uso obedece a razones tecnológicas, sanitarias y calidad. Estas sustancias son reguladas y evaluadas de forma periódica por diferentes organismos competentes tanto a nivel internacional (OMS, FAO, FDA, EFSA, JEFCA), como nacional y dentro del Ecuador quienes autorizan su uso al cumplir los requisitos de inocuidad y seguridad establecidos son el Instituto Ecuatoriano de Normalización (INEN) y la Agencia Nacional de Regulación, Control y Vigilancia Sanitaria (ARCSA). A pesar de esto, existe desconfianza entre los consumidores por los posibles riesgos a la salud que su uso supone. Lo cierto es que la ingesta de estas sustancias ha aumentado en las últimas décadas, debido al predominio en el consumo de alimentos procesados. Esto se ha convertido en un problema de salud pública, ya que el riesgo de sobrepasar los límites permitidos es latente. El objetivo de este trabajo es abordar los aspectos de regulación y seguridad de los colorantes de los que son utilizados dentro del estado ecuatoriano. Dejando en evidencia mediante la revisión que en el Ecuador aún existe cierta desconfianza en la población, por la falta de conocimiento en aspectos legales y de seguridad."
10,SUSTITUCIÓN DE COLORANTE ARTIFICIAL POR NATURAL EN CONSERVAS DE CEREZA MARRASQUINO,2011,Alimentos Hoy,es,,0,,E_sustitucion_natural_sintetico,sustitucion colorantes sinteticos naturales,OpenAlex,https://openalex.org/W2209831589,,,,"Las tendencias de consumo estan abriendo mercado y campos de investigacion a los productos elaborados con aditivos naturales, los cuales estan revolucionando la industria alimentaria. Se realizo la aplicacion de los colorantes naturales carmin y annatto en cerezas en conserva, para presentar una propuesta de sustitucion del colorante artificial rojo ponceau E120 debido a la preocupacion en el uso de pigmentos sinteticos los cuales han sido estudiados debido a su efecto sobre la salud. Aunque a la mayoria se les han atribuido danos en el comportamiento de los ninos, este hecho no se ha comprobado, pero aun queda duda sobre su posible participacion en otras alteraciones en la salud. Por esto se ha reducido cada vez mas su uso en alimentos. (Badui, 2006). La preparacion del jarabe fue 50:50 con relacion a la cantidad de cereza marrasquino (Prunus avium). El colorante se adiciono a la mezcla en una proporcion del 0.4% variando en 3 formulaciones las concentraciones individuales de carmin y annato 5-95; 60-40 y 95-5% respectivamente. Para determinar la mejor formulacion se realizo un analisis sensorial con 20 panelistas que evaluaron la apariencia de las conservas, para el analisis  experimental  se realizo una ANOVA obteniendose que la muestra C (95% Rojo carmin 5% annatto) no presentaba diferencias significativas con respecto a la muestra patron o comercial (D) con un nivel de significancia de 0,05. Ademas se realizo un analisis por espectrofotometria que permitio evaluar cuanti"
10,Preparación automática de alimentos para la determinación de aditivos por cromatografía,2011,Dialnet (Universidad de la Rioja),es,,0,,E_sustitucion_natural_sintetico,sustitucion colorantes sinteticos naturales,OpenAlex,https://openalex.org/W1536627872,,,,"El objetivo de esta tesis se centro en la automatizacion y simplificacion de las operaciones previas del proceso analitico para la determinacion de aditivos en alimentos. La simplificacion y automatizacion alcanzados con los metodos desarrollados permitio conseguir ventajas sustanciales respecto a las metodologias convencionales, en terminos de calidad informativa y de minimos esfuerzos, costes y riesgos para el operador y el medio ambiente. Se desarrollaron tres metodos para la determinacion de antioxidantes y conservantes y de ambos tipos de aditivos de forma simultanea, en bebidas y alimentos con alto contendio en azucares, grasas y/o proteinas. Todos los metodos incluyeron la preconcentracion de los anallitos y la separacion de estos de la matriz de la muestra mediante extraccion en fase solida automatica. La separacion de antioxidantes y conservantes se realizo mediante cromatografia de gases con detectores de ionizacion de llama y de espectrometria de masas. Los sistemas desarrollados permitieron la sustitucion de la derivatizacion convencional de los trigliceridos en muestras grasas previa a la determinacion de estos aditivos por cromatografia de gases. Existe un interes creciente en la obtencion de sistemas analiticos que den respuestas si/no rapidas y fiables, mas que en una informacion quimica detallada. En este contexto se desarrollo un metodo espectrofotometrico de screening para la discriminacion de colorantes sinteticos y naturales en alimentos. Todos los metodo"
9,Low-/No-Calorie Sweeteners: A Review of Global Intakes,2018,Nutrients,en,"CA,GB",124,10.3390/nu10030357,B_aditivos_envasados_mx,"""food additives"" ""Latin America""",OpenAlex,https://openalex.org/W2792057420,,,,"The current review examined published data on the intake of all major low-/no-calorie sweeteners-aspartame, acesulfame-K, saccharin, sucralose, cyclamate, thaumatin and steviol glycosides-globally over the last decade. The most detailed and complex exposure assessments were conducted in Europe, following a standardized approach. Japan and Korea similarly had up-to-date and regular intake data available. The data for other Asian countries, Latin America, Australia/New Zealand and global estimates, evaluated by the Joint FAO/WHO Expert Committee on Food Additives (JECFA), while available, were shown to be more limited in terms of design. Overall, the studies conducted since 2008 raised no concerns with respect to exceedance of individual sweetener acceptable daily intake (ADIs) among the general population globally. The data identified do not suggest a shift in exposure over time, with several studies indicating a reduction in intake. However, some data suggest there may have been an increase in the numbers of consumers of low-/no-calorie-sweetened products. Future research should consider a more standardized approach to allow the monitoring of potential changes in exposure based upon events such as sugar reduction recommendations, to ensure there is no shift in intake, particularly for high-risk individuals, including diabetics and children with specific dietary requirements, and to ensure risk management decisions are based on quality intake analyses."
9,Ontological Politics and Latin American Local Knowledges,2014,The MIT Press eBooks,en,,17,10.7551/mitpress/9780262027458.003.0005,B_aditivos_envasados_mx,"""food additives"" ""Latin America""",OpenAlex,https://openalex.org/W2480977990,,,,"It is a widely held Western belief that the West has knowledge, while other people have mere beliefs about reality. This kind of Western common sense is established as a result of a specific ontological political perspective adopted in the production of modern scientific knowledges. This chapter looks closely at two cases of relations between Brazilian realities and the West. The first case involves a very popular fictional figure whom Brazilian intellectuals have transformed from a literary object into an object of sociological research. The second case shows three different worlds or realities (not just three different interpretations of reality) of multimistura, a food additive made from native ingredients in response to the serious problem of malnutrition in Brazilian children. A local practice dating from the 1970s, multimistura has resisted the hegemonic ontological political perspective of Western science. The combined analysis of the two cases demonstrates a line of flight from the Western global frame of reference and provides Brazilian local practices and organizations with greater respectability in their agreements and disputes with Western sciences and technologies."
9,Food Additives Derived from Fruits and Vegetables for Sustainable Animal Production and Their Impact in Latin America: An Alternative to the Use of Antibiotics,2024,Foods,en,AR,7,10.3390/foods13182921,B_aditivos_envasados_mx,"""food additives"" ""Latin America""",OpenAlex,https://openalex.org/W4402795435,,,,"The production of healthy animal-derived food entails the effective control of foodborne pathogens and strategies to mitigate microbial threats during rearing. Antibiotics have been traditionally employed in animal farming to manage bacterial infections. However, the prohibition of antibiotic growth promoters in livestock farming has brought significant changes in animal production practices. Although antibiotics are now restricted to treating and preventing bacterial infections, their overuse has caused serious public health issues, including antibiotic resistance and the presence of antibiotic residues in food and wastewater. Therefore, sustainable animal production is crucial in reducing the spread of antibiotic-resistant bacteria. Annually, 40-50% of fruit and vegetable production is discarded worldwide. These discards present significant potential for extracting value-added ingredients, which can reduce costs, decrease waste, and enhance the food economy. This review highlights the negative impacts of antibiotic use in livestock farming and stresses the importance of analyzing the challenges and safety concerns of extracting value-added ingredients from fruit and vegetable co-products at an industrial scale. It also explores the current trends in reducing antibiotic use in livestock, with a focus on Latin American contexts. Finally, the suitability of using value-added ingredients derived from fruit and vegetable co-products for animal feeds is also discussed."
9,Contribution of viruses to cancer and its global burden,2019,Global Journal of Cancer Therapy,en,,4,10.17352/2581-5407.000025,B_aditivos_envasados_mx,"""food additives"" ""Latin America""",OpenAlex,https://openalex.org/W2971604227,,,,"Cancer is the one of most leading cause of death and fast growing disease with increase its global burden due to cancer causing behavior particularly smoking, drinking alcohol coal mining worker, consumption of non-organic foods, uses of non-food grad utensils and uses of food additives. About 13.5 million case of cancer have been reported worldwide in which 7.8 million deaths occur. Out of 7.8 million mortality rate 73% death cases have been reported in poor or middle socio-economic countries. Where population are unaware, poor sanitation and lack of hygiene. Cancer is the most sever and life threatening disease which cause millions of death worldwide. It has high mortality rate that's vary country to country and 2 million cases are occur in the world each year. In which most of the cases of breast cancer are reported. There are numerous risk factors which are responsible and associated with different types of cancer, such as Nickle, asbestos, metallic ores containing radioactive substances, atmospheric carcinogen and cigarette smoking have been associated with lung cancer. Mortality rate of breast cancer is higher in upper socioeconomic group or Jewish women. Uterine cervix cancer is determine as second most common and have been reported as higher mortality rate. It has found in lower class or low socioeconomic group due sophisticated sexual activity. Advanced countries are highly at risk of prostate cancer as compare to low status country like Asia, Latin America and Afric"
9,Food and environment II: the quest for a sustainable future.,2013,WIT eBooks,en,,2,,B_aditivos_envasados_mx,"""food additives"" ""Latin America""",OpenAlex,https://openalex.org/W3005062651,,,,"Contents Section 1: Impact of food production and food processing on the environment The nutritional footprint: an innovative management approach for the food sector Impacts of agricultural activities in remaining forest: Campinas/SP, Brazil Biorefinery meets biofermentation to produce food additives Food versus fuel: the case of the Makeni community in Sierra Leone Soil erodibility assessment in a pasture and forest remnant using the Inderbitzen device Microbial composition of the abattoir environment and its health implications on the quality of fresh cow meat sold in Akure, Ondo State, Nigeria Section 2: Policies and regulations The United States Department of Agriculture policies to improve school food quality while protecting the environment Sustainability reports from the food industry: case studies from Europe and Latin America The importance of food retail stores in identifying food deserts in urban settings Section 3: Food production and climate Climate change adaptation and food production in Canada: some research challenges Characterization of climate and crop productivity using DSSAT for SW Uttarakhand, India Section 4: Contamination of food An HACCP approach integrating quantitative microbial risk assessment and shelf life prediction Comparative analysis of lead and cadmium levels in various brands of canned and processed meat products in Lebanon A preventive approach to risk management in global fruit and vegetable supply chains Section 5: Temperature control an"
9,Graduate certificate on risk analysis for the Agrifood sector at the University of Buenos Aires,2024,Frontiers in Bioengineering and Biotechnology,en,AR,0,10.3389/fbioe.2024.1378538,B_aditivos_envasados_mx,"""food additives"" ""Latin America""",OpenAlex,https://openalex.org/W4392166543,,,,"Argentina has an extensive experience in the biosafety assessment of transgenic crops. The regulatory framework celebrated 30 years of existence in 2021 and has pioneered the establishment of the biosafety systems in Latin America. During this period, Argentina’s regulatory framework evolved to keep up with the advancements in plant and animal biotechnology and in risk assessment criteria, as new knowledge and experience was being gained. However, despite the country’s agricultural tradition and experience in the adoption of innovations by the productive sector, dedicated, formal academic offerings training is lacking and this is also true for most countries in the world. Responding to this perceived need and going beyond biotechnology to include other regulated inputs used along the food production chain (chemicals, biologics, food additives, etc.), we developed a program to introduce graduates from diverse disciplines to the principles and practice of Risk Analysis (Assessment, Management and Communication) with focus on the Agrifood sector. In 2020, the School for Graduate Students of the School of Agriculture—University of Buenos Aires, approved two Certificates on Risk Analysis for the Agrifood Sector: Conceptual Bases of Risk Analysis and Methodological Tools. The first edition of the certificates was completed in December 2022 and the second one is presently ongoing. The fundaments, rationale, structure and objectives of these certificates are presented."
9,Latin America Early Toxicity Testing Market: Advancing Safety Assessment Across Sectors,2025,Zenodo (CERN European Organization for Nuclear Research),en,,0,10.5281/zenodo.18086155,B_aditivos_envasados_mx,"""food additives"" ""Latin America""",OpenAlex,https://openalex.org/W7117584959,,,,"The Latin America Early Toxicity Testing Market is expanding as demand grows for preclinical safety evaluation in pharmaceuticals, chemicals, consumer products, food additives, and environmental applications. Early toxicity testing helps identify potential harmful effects at initial stages, supporting safer product design, regulatory compliance, and risk reduction. Access Full Report: https://www.nextmsc.com/report/latin-america-early-toxicity-testing-market"
9,Latin America Early Toxicity Testing Market: Advancing Safety Assessment Across Sectors,2025,Zenodo (CERN European Organization for Nuclear Research),en,,0,10.5281/zenodo.18086156,B_aditivos_envasados_mx,"""food additives"" ""Latin America""",OpenAlex,https://openalex.org/W7117577059,,,,"The Latin America Early Toxicity Testing Market is expanding as demand grows for preclinical safety evaluation in pharmaceuticals, chemicals, consumer products, food additives, and environmental applications. Early toxicity testing helps identify potential harmful effects at initial stages, supporting safer product design, regulatory compliance, and risk reduction. Access Full Report: https://www.nextmsc.com/report/latin-america-early-toxicity-testing-market"
9,Technological evolution and food allergies: issues of threats or contributions to the consumer?,2022,Brazilian Journal of Health Review,en,"BR,US",0,10.34119/bjhrv5n6-167,B_aditivos_envasados_mx,"""food additives"" ""Latin America""",OpenAlex,https://openalex.org/W4311790549,,,,"Objective: To verify through a review of scientific literature, whether industrial and technological developments are directly related to the increase and prevalence of food allergies or whether it has contributed to the quality of life of allergic consumers. Methods: Searches were carried out in the Scielo (Scientific Electronic Library Online), Google Scholar, Lilacs (Latin American and Caribbean Health Sciences Literature) and PubMed (National Library of Medicine) databases. Results: The results obtained in the scientific literature identified that the significant increase in food allergies has accompanied the technological process, due to the greater consumption of food additives in ultra-processed products, but environmental influences such as dietary factors and lifestyle are also involved in the higher incidence of allergies. On the other hand, technological advances have collaborated with alternative food products for this specific population group by offering foods with reduction or exemption of allergenic compounds produced by different processing techniques or supported by biotechnology and other sciences. Final considerations: As claims for products free from allergenic compounds become mandatory, the food industry must make investments aimed at studies and production of safe alternative foods for allergic consumers."
9,Clean Label Food Processing – Replacing Synthetic Additives with Natural Additives,2026,International Journal of Science Strategic Management and Technology,,IN,0,10.55041/ijsmt.v2i4.005,E_sustitucion_natural_sintetico,"""clean label"" colorants reformulation",OpenAlex,https://openalex.org/W7148738376,,,,"Growing customer desire for naturalness, transparency, and minimal processing is driving a paradigm change in the global food business toward clean label formulations. Short, identifiable ingredient lists and the substitution of organically derived additives for synthetic ones are key components of clean label goods. The shift from traditional synthetic additives such colorants, sweeteners, emulsifiers, antioxidants, preservatives, and taste enhancers to natural alternatives derived from plants, microbes, and fermentation processes is critically examined in this research. In addition to discussing their functional roles in food systems and safety considerations governed by organizations like the Food and Drug Administration, the European Food Safety Authority, and the Food Safety and Standards Authority of India, it offers a methodical classification of frequently used synthetic additives. Plant extracts, essential oils, bacteriocins like nisin, natural pigments, polyphenols, tocopherols, and plant-based hydrocolloids are examples of natural substitutes. In order to preserve food safety, quality, and shelf stability without the use of artificial chemicals, emerging technologies that support clean label processing—such as high-pressure processing, pulsed electric fields, cold plasma, fermentation-based solutions, encapsulation systems, nanoemulsions, and green extraction techniques—are examined. The expanding commercial relevance of clean label innovation is shown through an a"
8,Smart Nutrition Assistant Using Food Image Recognition and Calorie Estimation Using Deep Learning,2026,International Journal For Multidisciplinary Research,,,0,10.36948/ijfmr.2026.v08i02.72548,D_calidad_open_food_facts,openfoodfacts,OpenAlex,https://openalex.org/W7141248542,,,,"Accurate calorie and nutritional tracking is essential for maintaining healthy lifestyles, yet manual food logging remains time-consuming, error-prone, and abandoned by most users. This paper presents the Smart Nutrition Assistant v2.0, an AI-powered web application that uniquely combines state-of-the-art Computer Vision (CV) with deep learning techniques to automatically identify foods from photographs and estimate absolute portion sizes and nutritional values. The system employs Open-Vocabulary Food Recognition using CLIP (Contrastive Language-Image Pretraining) with the ViT-B-32 architecture, supporting over 100 food categories including Indian, Western, Asian, and Mexican cuisines without rigid categorical constraints. Advanced portion estimation leverages OpenCV-based plate detection through Hough Circle Transform, HSV-LAB color segmentation, and hemispherical volume approximation combined with food density mapping to derive accurate meal-level nutritional values scaled from per-100g standards. A multi-strategy barcode scanning pipeline integrates pyzbar, OpenCV BarcodeDetector, and OpenCV QRCodeDetector, querying the OpenFoodFacts API for packaged product nutrition. A pre-meal and post-meal comparative waste analysis module provides real-time breakdowns of calories consumed versus wasted. Experimental results demonstrate that the system achieves robust food recognition accuracy across diverse meal types with an intelligent fallback mechanism ensuring consistent performa"
8,Introducción. Intersecciones Críticas en Salud Pública Contemporánea,2025,Religación Press eBooks,,,0,10.46652/religacionpress.360.c642,B_aditivos_envasados_mx,"""food additives"" ""Latin America""",OpenAlex,https://openalex.org/W7106828398,,,,"This book examines the complex public health challenges that define Latin America, integrating perspectives ranging from microbiology to social determinants of health. Through five interconnected investigations, it explores critical issues such as access to safe water in rural communities, mental health in teacher training, the effects of food additives during pregnancy, advances in molecular oncology, and socioeconomic barriers to gestational oral health. The work reveals how these seemingly diverse topics share a common denominator: the urgency for interdisciplinary approaches that reconcile scientific innovation with equity. Aimed at professionals, academics, and decision-makers, this volume offers both rigorous diagnoses and pathways to contextualized solutions, positioning itself as an essential contribution to rethinking health systems in the region."
7,A timeline for the introduction of synthetic dyestuffs in Japan during the late Edo and Meiji periods,2018,Heritage Science,en,"CN,US",51,10.1186/s40494-018-0187-0,E_sustitucion_natural_sintetico,"""natural colorants"" ""synthetic dyes"" replacement",OpenAlex,https://openalex.org/W2796858108,,,,"Abstract A widespread belief among scholars and connoisseurs of the Japanese color woodblock print (nishiki-e) holds that synthetic dyes were imported from the West in the 1860s, and soon came to be used for all nishiki-e colorants during the Meiji period. These “cheap imported aniline dyes” are widely described as “gaudy”, “garish”, and “strident”, and thought to stand in sharp contrast to more muted “natural” colorants that preceded them. This study calls this narrative into question through an analysis of the colorants of nishiki-e from 1860 until 1900, using surface-enhanced Raman spectroscopy coupled with micro-Raman, XRF and fiber optic reflectance spectroscopies. The results show that the introduction of synthetic dyes was gradual and selective, and that most of the customary colorants of the late Edo period continued in use. The results revealed a series of key turning points after 1860: (1) In 1864, the purple dye rosaniline became the first synthetic dye to be used in nishiki-e, at first in combination with Prussian blue for a more bluish color. From 1875, it was usually mixed or replaced with methyl violet for a stronger purple. (2) In early 1869, a dramatic and until recently unrecognized transition took place, from the longstanding use of safflower as the dominant red, to its total replacement by imported cochineal carmine. Carmine remained the primary red for the next two decades, often combined with vermillion. (3) In 1877, eosine appeared as the first syntheti"
7,Microwave-assisted sustainable coloration of wool fabric using Rheum emodi-based natural dye,2023,Surface Innovations,en,"BD,PK",24,10.1680/jsuin.23.00021,E_sustitucion_natural_sintetico,"""natural colorants"" ""synthetic dyes"" replacement",OpenAlex,https://openalex.org/W4377225340,,,,"The use of natural colorants in modern dye factories is a potential green chemistry idea that should be widely promoted to minimize the dependency of wool dyeing on some hazardous and non-biodegradable synthetic colors. In this study, an effort was undertaken to see if Rheum emodi (rhubarb) extract might be used as a natural dye for wool dyeing for the replacement of synthetic dyes. The dyeing of wool fabric was carried out using microwave (MW) ray treatment. By combining several mordants, a stunning color palette of shades of varying hues and tones was created. Comparative evaluation of the effects of various chemical mordants (aluminum salt, iron salt, tannic acid and cream of tartar) and bio-mordants (pomegranate extract and pine nut hull extract) on the characteristics of dyed wool samples was carried out to choose the best mordant for each application. It was found that MW-treated wool fabric using a bio-mordant showed a higher colorfastness value of 4/5 to 5 and a color strength value of approximately 10–20 than using metallic mordant. Scanning electron microscopy photographs and Fourier transform infrared spectroscopy analyses revealed the difference between irradiated and unirradiated wool fabrics. The employment of MW rays and bio-mordants in the natural coloring of wool fabric is encouraged due to their biocompatibility and non-toxicity when combined with MW treatment of wool fabric, as well as their high colorfastness and color strength performance. As a result, na"
7,Recent advances in engineering microorganisms for the production of natural food colorants,2024,Current Opinion in Chemical Biology,en,DK,24,10.1016/j.cbpa.2024.102477,E_sustitucion_natural_sintetico,"""natural colorants"" ""synthetic dyes"" replacement",OpenAlex,https://openalex.org/W4399661320,,,,"Food colorants are frequently added to processed foods since color is an important tool in the marketing of food products, influencing consumer perceptions, preferences, and purchasing behavior. While synthetic dyes currently dominate the food colorant market, consumer concern regarding their safety and sustainability is driving a demand for their replacement with naturally derived alternatives. However, natural colorants are costly compared to their synthetic counterparts as the pigment content in the native sources is usually very low and extraction can be challenging. Recent advances in the engineering of microbial metabolism have sparked interest in the development of cell factories capable of producing natural colorants from renewable resources. This review summarizes major developments within metabolic engineering for the production of nature-identical food colorants by fermentation. Additionally, it highlights common applications, formulations, and physicochemical characteristics of prevalent pigment classes. Lastly, it outlines a workflow for accelerating the optimization of cell factories for the production or derivatization of nature-identical food colorants."
7,Production of natural colorants by liquid fermentation with Chlorociboria aeruginascens and Laetiporus sulphureus and prospective applications,2021,Engineering in Life Sciences,en,DE,12,10.1002/elsc.202000079,E_sustitucion_natural_sintetico,"""natural colorants"" ""synthetic dyes"" replacement",OpenAlex,https://openalex.org/W3125784495,,,,"Abstract The replacement of potentially hazardous synthetic dyes with natural dyes and pigments are of great interest for a sustainable economy. In order to obtain cost‐efficient, environmentally friendly and competitive products, improvements in the cultivation and extraction of pigment‐producing organisms and in dyeing processes are necessary. In our study, we were able to scale up the production of xylindein by Chlorociboria aeruginascens from 3 to 70 L bioreactor cultivations. We have identified important bioprocess parameters like low shear stress (150 rpm, tip speed <0.5 m/s) for optimal pigment yield (4.8 mg/L/d). Additionally, we have demonstrated the potential of laetiporic acid production by Laetiporus sulphureus in various cultivation systems and media, achieving dried biomass concentrations of almost 10 g/L with a 7 L bioreactor cultivation after 17 days. Extractions performed at 70°C and 15 min incubation time showed optimal results. To the best of our knowledge, we have described for the first time the use of this pigment in silk dyeing, which results in a brilliant hue that cannot easily be produced by other natural pigments."
7,"Current analytical methods and applications used in the insight of serum proteins interactions with various food additives, pesticides, and contaminants",2024,Exploration of Foods and Foodomics,en,"CN,TR",4,10.37349/eff.2024.00034,A_colorantes_mercado_mx,"""food dyes"" prevalence",OpenAlex,https://openalex.org/W4398782613,,,,"In recent years, many societies have expressed increasing apprehension regarding the potential negative impacts of food additives, pesticides, and environmental contaminants on human health. Environmental or occupational exposure to these compounds can cause significant adverse effects on human health by causing temporary or permanent changes in the immune system. There is supporting evidence linking pesticides/food ingredients/contaminants-induced immune alterations to the prevalence of diseases associated with changes in immune responses. Hence, it is essential to comprehensively understand the key mechanisms contributing to immune dysregulation induced by these substances, including direct immunotoxicity, endocrine disruption, and antigenicity. The impact of pesticides/food ingredients and contaminants on the human body ranges from mild to severe, depending on their affinity for blood components. These compounds form complexes with blood serum proteins, influencing their metabolism, transport, absorption, and overall toxicity. Numerous studies in the literature have explored the interactions between serum proteins and various molecules, including pesticides, drugs, and food dyes. These investigations employed a range of techniques, including spectroscopy, electrochemical and chromatographic methods as well as molecular modeling and molecular dynamics simulations analyses. This recent review, spanning from 2020 to the present, has been employed to investigate the binding ch"
7,Food Ingredients Similarity Based on Conceptual and Textual Similarity,2021,Halal Research Journal,en,ID,4,10.12962/j22759970.v1i2.107,D_calidad_open_food_facts,"""Open Food Facts""",OpenAlex,https://openalex.org/W3214218287,,,,"Open Food Facts provides a database of food products such as product names, compositions, and additives, where everyone can contribute to add the data or reuse the existing data. The open food facts data are dirty and needs to be processed before storing the data to our system. To reduce redundancy in food ingredients data, we measure the similarity of ingredient food using two similarities: the conceptual similarity and textual similarity. The conceptual similarity measures the similarity between the two datasets by its word meaning (synonym), while the textual similarity is based on fuzzy string matching, namely Levenshtein distance, Jaro-Winkler distance, and Jaccard distance. Based on our evaluation, the combination of similarity measurements using textual and Wordnet similarity (conceptual) was the most optimal similarity method in food ingredients."
7,Evaluación de la estabilidad del pigmento natural obtenido a partir de mortiño (Vaccinium myttillus L) como colorante para la industria de alimentos,2017,SATHIRI,es,EC,2,10.32645/13906925.81,A_colorantes_mercado_mx,"colorantes ""alimentos procesados""",OpenAlex,https://openalex.org/W2947464488,,,,"El objetivo de esta Tesis fue extraer pigmento del mortiño y evaluar su estabilidad como colorante en la industria alimentaria. Aplicamos extracción sólido-líquido, se empleó como solvente etanol a 96° con una concentración de ácido cítrico en relación peso / volumen del 0.03%. Obtenido el pigmento estudiamos su estabilidad a la influencia de temperatura (4, 14, 68ÂºC), pH (4, 5, 6), ambientes de almacenamiento (luz, oscuridad), esto durante cuatro semanas. De la evaluación determinamos que las variables influenciaron significativamente al pigmento, la degradación de las antocianinas aumentó con el incremento de temperatura, manteniéndose estable a bajas temperaturas, respecto al pH, el efecto fue contrario, a menor pH, es más estable y a pH superior se decolora, la exposición a la luz afecta la estabilidad, siendo más estable a condiciones de oscuridad. Ante esto y con el fin de utilizarlo como colorante para la industria alimentaria, debemos considerar su aplicación en alimentos procesados que mantienen condiciones óptimas de estabilidad, para que la degradación de estos pigmentos sea lo más baja posible; pH ácidos, temperaturas bajas de almacenamiento y protegidos de la luz."
7,The utility of written numerals for preschool children when solving additive problems / La utilidad de los numerales escritos en la resolución de problemas aditivos en niños preescolares,2015,Estudios de Psicología,en,,1,10.1080/02109395.2014.1000026,B_aditivos_envasados_mx,"""aditivos alimentarios"" preenvasados",Crossref,https://doi.org/10.1080/02109395.2014.1000026,,,,
7,Assessment of Modulatory Effect of Some Synthetic Food Dyes (Carmoisine and Tartrazine) on Gut Microbiota of Albino Rats,2025,Microbiology Research Journal International,en,NG,1,10.9734/mrji/2025/v35i31547,A_colorantes_mercado_mx,"""food dyes"" prevalence",OpenAlex,https://openalex.org/W4407561222,,,,"Background: Food additives are commonly used to improve the color, taste, aroma, texture, and nutritional quality of processed foods. Aim: The aim of this study was to determine the effects of the artificial food colors carmoisine and tartrazine on the intestinal microbiota of rats. Study Design: An experimental design approach was chosen. Using a randomized control method, twenty (20) albino rats were divided into five groups of four (4) rats each. Methods: 0.1 g of each dye was weighed and dissolved in 0.9 ml of water, giving a total of 1 ml administered orally. After two (2) weeks of acute exposure, stool samples were collected aseptically. The plates were incubated at 37°C for 24 hours and examined for bacterial growth. Bacterial burden and prevalence were determined using conventional and molecular techniques. Results: The food dyes showed a significant (p=0.0043) reduction in the bacterial load of carmoisine-treated rats compared to the control. Although the other treatment groups had a greatly reduced bacterial load, there were no significant measurements in their means (p<0.05) compared to the control. The frequency and percentage occurrence of bacterial isolates from the sample revealed that E. coli was 74 (29%), Staphylococcus aureus was 68 (26%), Micrococcus species was 65 (25%) and Proteus species by 53 (20%). The result showed that E. coli had the highest number of bacteria. The before-exposure group of rats were observed to have the highest bacterial abundances "
7,Leveraging Machine Learning for NOVA Classification and Nutri-Score Prediction,2025,,en,,1,10.36227/techrxiv.175099970.01105698/v1,D_calidad_open_food_facts,openfoodfacts,OpenAlex,https://openalex.org/W4411742630,,,,"With the rapid expansion of the global food supply chain and the increase in consumption patterns, efficient and reliable methods have been required to assess the nutritional quality and processing levels of food products. Conventional labeling techniques are heavily based on manual review and rule-based systems, which are time-consuming and prone to inconsistencies in nutrient data and ingredient representation. This paper presents a comprehensive machine learning-based framework that integrates two widely adopted health assessment methodologies. Nutri-Score prediction and NOVA classification. For Nutri-Score, we employ an XGBoost regressor trained on a dataset that includes more than 500,000 food products sourced from OpenFoodFacts. The model utilizes various features, such as the protein-to-fat ratio and the sugar-to-carbohydrate ratio, to predict a health score that ranges from-15 (healthiest) to +40 (unhealthiest). This model achieves an R² score of 0.9702 and a mean squared error (MSE) of 3.12. In parallel, we use a fine-tuned DistilBERT model trained on the GroceryDB data set of items greater than 10,500 to classify food items into NOVA processing levels (1 to 4) based on their ingredient lists, achieving a classification accuracy of 98.29%. This dual pipeline approach provides a scalable, automated, and cost-effective solution for food quality evaluation, supporting informed consumer decisions, nutrition policy development, and large-scale diet analysis."
7,Natural Colors as pH Indicators in Intelligent Food Packaging Systems,2025,,en,,1,10.1201/9781003673835-13,A_colorantes_mercado_mx,"""synthetic dyes"" ""packaged foods""",OpenAlex,https://openalex.org/W4413023500,,,,"Intelligent food packaging systems are effective in monitoring the quality of packaged food during its movement through the food chain and simultaneously communicating with the consumers about the state of the quality of the food item. Change in pH is common during the deterioration of food, and pH-sensitive indicators have been used as intelligent labels that show discernible changes in the appearance of the packaged food indicating quality alterations. Natural colorants such as anthocyanins, carotenoids, curcumins, and betalains are attractive sustainable alternatives to synthetic pH-sensitive dyes used in intelligent packaging systems. The synthetic dyes may cause environmental pollution as well as health hazards in terrestrial and aquatic animals, and humans. Chitosan, starch, cellulose, and gelatin are commonly used biomaterials that are incorporated with anthocyanin and other natural pigments extracted from sources like sweet potato, carrot, blackberry, beetroot, and black rice bran to develop sustainable intelligent labels to monitor the quality of the packaged perishables, e.g., milk, meat, fish, poultry, fruits, and vegetables. This chapter is a synoptic account of sustainable intelligent food packaging systems loaded with pH-sensitive natural colorants, their principles, and applications for preserving and monitoring the quality of perishable foods."
7,Sabor y color de tres especias para condimentar en Colombia,2017,Repositorio Institucional POLIJIC,es,,0,,A_colorantes_mercado_mx,"colorantes ""alimentos procesados""",OpenAlex,https://openalex.org/W7132893104,,,,"Todas las culturas han adoptado, desde tiempos antiguos, diferentes recursos vegetales, animales y minerales para influir en la apariencia y sabor de los alimentos como una forma de estimular el apetito. Inconscientemente, asociamos el buen aspecto de los alimentos con su sabor. Esta relación sensorial ha provocado que se adicionen a los alimentos colorantes y saborizantes con la intención de mejorar, condimentar, resaltar, modificar el sabor o devolver el color a los alimentos. Durante la revolución industrial se desarrolló rápidamente la industria alimentaria y los alimentos procesados, donde los colorantes sintéticos se popularizaron y usaron con fines estéticos. Se ensayaron diferentes opciones de colorantes artificiales para mejorar la apariencia o enmascarar la mala calidad de los productos, llegando incluso a usar hasta metales pesados. Las * Alejandra Gómez Gómez, antropóloga, coordinadora del área educativa de la Asociación Etnográfica y Cultural Ouro boros de Colombia."
7,Mejoramiento de la nutrición de los niños de 4 a 6 años de edad en la unidad educativa Sofos de la Ciudad de Latacunga,2015,,es,,0,,A_colorantes_mercado_mx,"colorantes ""alimentos procesados""",OpenAlex,https://openalex.org/W2281868266,,,,"El mundo en el que vivimos se ha vuelto relajado, las mamas dejaron las cocinas para ir a trabajar, la comida rapida y congelada se hicieron parte de nuestras vidas, dejando a un lado las verduras frescas y la comida realmente preparada en casa. Los ninos estan creciendo con una alimentacion poco confiable, los alimentos procesados, que se ofertan en especial llenos de colorantes y de quimicos los cuales no contienen los elementos necesarios para tener un desarrollo fisico y mental.
El retraso en el crecimiento, dificulta el desarrollo de 171 millones de ninos menores de cinco anos; a carencia de vitaminas y minerales esenciales en la dieta, afecta a la inmunidad y el desarrollo saludable. Mas de una tercera parte de los ninos en edad preescolar del mundo presenta deficiencia de vitamina A.
De acuerdo con datos suministrados por la OMS, productos como las hamburguesas, los cereales comerciales de marca y la mayoria de las golosinas representan una ingesta superior de alimento a la establecida como maxima para resultar saludable, lo que se ha reflejado en los ultimos anos en un incremento sustancial de la obesidad infantil, la diabetes, las caries dentales e incluso algunos canceres."
7,Manzana fresca cortada tratada con aditivos naturales: calidad y aspectos estructurales Fresh-cut apple treated with natural additives: quality and structural aspects,2011,CyTA - Journal of Food,en,,0,10.1080/19476330903503361,B_aditivos_envasados_mx,"""aditivos alimentarios"" preenvasados",Crossref,https://doi.org/10.1080/19476330903503361,,,,
7,"Carcinogenic Potential of Synthetic Food Dyes and Safer Alternatives: A Detailed Review of Risks, Mechanisms, and Natural Substitutes for the Food Industry",2025,International Journal of Pharmaceutical Research and Applications,en,IN,0,10.35629/4494-10011618,A_colorantes_mercado_mx,"""food dyes"" prevalence",OpenAlex,https://openalex.org/W4406335380,,,,"The growing prevalence of synthetic food dyes in the food industry has led to concerns regarding their long-term safety, particularly their potential carcinogenic effects. Synthetic dyes, such as Red 40 (Allura Red AC) and Carmoisine (E122), have been implicated in several animal studies for their potential to induce cancerous changes, though human data remains inconclusive. The International Agency for Research on Cancer (IARC) has classified certain food dyes as “possibly carcinogenic to humans” based on these findings. This review delves into the carcinogenicity of synthetic food dyes, providing a comprehensive analysis of their toxicity and the mechanisms by which they may contribute to cancer development. Additionally, the review explores the rise of natural alternatives to synthetic dyes, such as beetroot, turmeric, spinach, and other plant-based colorants, emphasizing their safety profiles and the benefits they offer over artificial dyes. By evaluating both the risks of synthetic colorants and the advantages of natural dyes, this paper advocates for safer, more sustainable practices in the food industry while maintaining product appeal"
7,"Mapping the Chemical Anatomy of Processed Foods: GRAS Additives, Synergy Networks, and Structural Gaps in U.S. Food Regulation",2025,,en,,0,10.31235/osf.io/e5fgc_v1,B_aditivos_envasados_mx,"""food additives"" ""packaged food supply""",OpenAlex,https://openalex.org/W4414916242,,,,"The U.S. “Generally Recognized as Safe” (GRAS) framework is intended to safeguard the food supply, yet structural gaps have enabled widespread use of food additives with limited oversight. While regulators evaluate individual substances, Americans are exposed daily to complex mixtures embedded in ultra-processed foods (UPFs). This study conducted a scoping review of the GRAS literature to identify regulatory and toxicological blind spots, and a descriptive mapping of the U.S. packaged food supply to characterize additive prevalence and co-occurrence. Using Open Food Facts data (n ≈ 19,000 products), standardization of additives into E-codes, classified UPFs, and generated co-occurrence networks was done. Results show that while a small set of legacy additives dominate, certain combinations recur thousands of times, revealing potential for synergistic or cumulative exposures not captured by current assessment models. Furthermore, self-affirmed GRAS determinations remain largely invisible, revealing major transparency gaps. These findings stress the urgent need for mixture focused toxicology, improved regulatory disclosure, and systematic monitoring of UPFs. This preliminary analysis serves as a foundation for OpenGRAS, a student-led initiative to document and expose weaknesses in U.S. food additive governance."
7,Análisis Sensorial del Desarrollo una Nieve de Tamarindo con Mermelada de Chile Morrón y Habanero,2023,Investigación y Desarrollo en Ciencia y Tecnología de Alimentos,es,"CO,MX",0,10.29105/idcyta.v8i1.53,B_aditivos_envasados_mx,"""NOM-051"" etiquetado",OpenAlex,https://openalex.org/W4384693582,,,,"Los sentidos son la única vía de comunicación del ser humano con su entorno es por ello que mediante el análisis sensorial utilizando dos pruebas se evaluaron tres formulaciones de mermelada en donde la variante en cada una fue el contenido de chile habanero y morrón, para después ser adicionada a tres muestras de nieve de tamarindo cada una con su respectivo código. Mediante el análisis sensorial se determinó la muestra con mayor aceptabilidad de acuerdo con los resultados obtenidos de 39 jueces no entrenados que participaron. La primera prueba fue Prueba de ordenación descriptiva en la cual se evaluó la intensidad de picante de cada muestra, de la cual se obtuvo que no encontraron diferencia significativa entre la muestra de nieve 82705 y 71480. Mientras que en la Prueba de nivel de agrado con escala estructurada, en la cual se evaluó la aceptación en general fue la muestra 66739 (formulación 3), siendo esta la seleccionada para para el desarrollo de este producto. Finalmente, se diseñó el etiquetado del producto con base a la NOM-051-SCFI/SSA1-2010 declarando así el sello de Exceso de azucares en la parte frontal de la etiqueta."
7,IMPACTO DEL USO DE COLORANTES NATURALES EN LA INDUSTRIA ALIMENTARIA,2023,reciena,es,EC,0,10.47187/reciena.v3i1.48,A_colorantes_mercado_mx,"colorantes ""alimentos procesados""",OpenAlex,https://openalex.org/W4385272663,,,,"Los colorantes alimenticios en la actualidad representan un factor importante a la hora de elegir los alimentos procesados por las características que aportan. El objetivo de la investigación fue identificar el impacto del uso de los colorantes naturales en la industria alimentaria. El método empleado es de tipo exploratorio con enfoque documental de orden secundario, ya que se realizó una búsqueda minuciosa de información bibliográfica de documentos obtenidos en bases científicas con la información que sustente el trabajo. Se identifico la presencia de colorantes en 15 vegetales donde prevalecen los P-carotenos, betalainas, clorofila, curcumina, antocianinas, capsantinas bixina, tartrazina y ficocianina, en 11 frutas que contienen los siguientes componentes: antocianinas, carotenos y betalaina, y en 3 plantas medicinales: carotenos y betalaina amarantina. En conclusión, identificamos que los vegetales, frutas y plantas medicinales poseen compuestos que ejercen la función de tinción del colorante natural utilizados en la industria alimentaria y son empleados en su mayor parte la línea láctea y cárnica."
7,Data and code for: Nutritional quality scores overlook additive-driven ultra-processing globally,2026,Zenodo (CERN European Organization for Nuclear Research),en,TR,0,10.5281/zenodo.20379041,D_calidad_open_food_facts,"""Open Food Facts""",OpenAlex,https://openalex.org/W7162320844,,,,"""Nutritional quality scores overlook additive-driven ultra-processing globally""Arslan, S., Yilmaz, S., & Gunal, A. M.Nature Food (2026). Data files: nutriscore_merged_full.csv — Product-level data for 944,316 food products with valid NutriScore grades, sourced from the Open Food Facts database (May 2025 dump). Each product includes nutritional composition per 100 g, NutriScore grade and numeric score, NOVA processing group, additive and ingredient counts, food category, country of sale, and merged country-level health and economic indicators. The analytic sample comprises 519,749 unique products with valid NOVA classification from 63 countries (≥50 products each). country_merged_dataset.csv — Country-level indicators for 86 countries with at least 100 products in the Open Food Facts database. Includes NCD mortality, diabetes prevalence, life expectancy, overweight rates, GDP per capita, health expenditure, smoking prevalence, alcohol consumption (World Bank World Development Indicators) and daily per capita calorie, protein, and fat supply (FAOSTAT Food Balance Sheets). Analysis code: R scripts for statistical analysis (multilevel modelling, health associations, visualisation) and Python scripts for data processing, machine learning (XGBoost with Optuna optimisation) and SHAP interpretability analysis. Full reproduction instructions are available at https://github.com/sy142/nutriscore-discordance-cross-national Data sources Source Variables Access URL Open Food Facts Product-"
7,Data and code for: Nutritional quality scores overlook additive-driven ultra-processing globally,2026,Zenodo (CERN European Organization for Nuclear Research),en,TR,0,10.5281/zenodo.20379040,D_calidad_open_food_facts,"""Open Food Facts""",OpenAlex,https://openalex.org/W7162341138,,,,"""Nutritional quality scores overlook additive-driven ultra-processing globally""Arslan, S., Yilmaz, S., & Gunal, A. M.Nature Food (2026). Data files: nutriscore_merged_full.csv — Product-level data for 944,316 food products with valid NutriScore grades, sourced from the Open Food Facts database (May 2025 dump). Each product includes nutritional composition per 100 g, NutriScore grade and numeric score, NOVA processing group, additive and ingredient counts, food category, country of sale, and merged country-level health and economic indicators. The analytic sample comprises 519,749 unique products with valid NOVA classification from 63 countries (≥50 products each). country_merged_dataset.csv — Country-level indicators for 86 countries with at least 100 products in the Open Food Facts database. Includes NCD mortality, diabetes prevalence, life expectancy, overweight rates, GDP per capita, health expenditure, smoking prevalence, alcohol consumption (World Bank World Development Indicators) and daily per capita calorie, protein, and fat supply (FAOSTAT Food Balance Sheets). Analysis code: R scripts for statistical analysis (multilevel modelling, health associations, visualisation) and Python scripts for data processing, machine learning (XGBoost with Optuna optimisation) and SHAP interpretability analysis. Full reproduction instructions are available at https://github.com/sy142/nutriscore-discordance-cross-national Data sources Source Variables Access URL Open Food Facts Product-"
7,Informatics for Food Processing.,2025,PubMed,en,US,0,,D_calidad_open_food_facts,"""Open Food Facts""",OpenAlex,https://openalex.org/W4416624958,,,,", a random forest model trained on nutrient composition data to infer processing levels and generate a continuous FPro score. It also explores how large language models like BERT and BioBERT can semantically embed food descriptions and ingredient lists for predictive tasks, even in the presence of missing data. A key contribution of the chapter is a novel case study using the Open Food Facts database, showcasing how multimodal AI models can integrate structured and unstructured data to classify foods at scale, offering a new paradigm for food processing assessment in public health and research."
7,Production of natural colorants by liquid fermentation with Chlorociboria aeruginascens and Laetiporus sulphureus and prospective applications,2021,Institutional Repository of Leibniz Universität Hannover (Leibniz Universität Hannover),en,DE,0,10.15488/12297,E_sustitucion_natural_sintetico,"""natural colorants"" ""synthetic dyes"" replacement",OpenAlex,https://openalex.org/W6943644164,,,,"The replacement of potentially hazardous synthetic dyes with natural dyes and pigments are of great interest for a sustainable economy. In order to obtain cost-efficient, environmentally friendly and competitive products, improvements in the cultivation and extraction of pigment-producing organisms and in dyeing processes are necessary. In our study, we were able to scale up the production of xylindein by Chlorociboria aeruginascens from 3 to 70 L bioreactor cultivations. We have identified important bioprocess parameters like low shear stress (150 rpm, tip speed <0.5 m/s) for optimal pigment yield (4.8 mg/L/d). Additionally, we have demonstrated the potential of laetiporic acid production by Laetiporus sulphureus in various cultivation systems and media, achieving dried biomass concentrations of almost 10 g/L with a 7 L bioreactor cultivation after 17 days. Extractions performed at 70°C and 15 min incubation time showed optimal results. To the best of our knowledge, we have described for the first time the use of this pigment in silk dyeing, which results in a brilliant hue that cannot easily be produced by other natural pigments. © 2020 The Authors. Engineering in Life Sciences published by Wiley-VCH GmbH"
7,Production of an Anthocyanin-Rich Vegetable Juice Concentrate from Cull Red Radishes for Use as a Food Colorant,2011,OhioLink ETD Center (Ohio Library and Information Network),en,US,0,,E_sustitucion_natural_sintetico,"""natural colorants"" ""synthetic dyes"" replacement",OpenAlex,https://openalex.org/W2296273577,,,,"Anthocyanins are widely distributed compounds in nature that serve a dual purpose: they produce a wide array of vibrant colors and they possess potent antioxidant properties.The ability to harvest the natural rich colors of anthocyanins as a potential replacement for synthetic dyes such as FD&C Red No. 40 will fulfill the modern consumer's demand for a more natural and healthful product.Anthocyanins present in red radish skins provide color intensity, under acidic conditions, similar to that of FD&C Red No. 40 and could provide a useful tool for the food industry.Additionally, radish anthocyanins exhibit higher stability than most other anthocyanin extracts.The objective of this work was to harvest an anthocyanin-rich natural colorant from cull radishes, a waste product, in order to produce a high quality product free of undesirable aromas that provides color and added value suitable for food applications.From cull or premium radish skins, the color was extracted by abrasive action or steam to produce a colored juice.Filtration, evaporation, salt and acid addition and heat were evaluated as means of removing undesirable aromas and flavors or minimize their"
7,Pigments extracted from Melastoma Malabathricum (Senduduk) fruits for possible application as a biological stain and cosmetic colourant,2016,,en,,0,,E_sustitucion_natural_sintetico,"""natural colorants"" ""synthetic dyes"" replacement",OpenAlex,https://openalex.org/W2531621240,,,,"Melastoma malabathricum Linn is a shrub that belongs to the family Melastomataceae and a common plant with pigment that considered a potential replacement for synthetic dyes. The objective for this study is to explore a biological stain and cosmetic dye from extracted melastoma malabathricum. Fresh fruit of Melastoma malabathricum was collected at Jeli,Kelantan. Plant pigment from the fruit was extracted with ethanol and solvent was removed under reduced pressure. Purple pigment from fruit was extracted with ethanol and was used to stain epidermal cell of Allium cepa (onion) and human cheek cell.The plant pigment was also used to color glycerin soap. From the result, it had proved that pigment of Melastoma malabathricum was able to stain onion epidermal cell and human cheek cells with purple color. Glycerin soap incorporated with 5% (w/w). 2.5% (w/w) and 1.25% (w/w) of pigment was colored with blue color. However, the color was fading over time. In conclusion, this study was revealed that the pigment from fruit of Melastoma malabathricum can be used as a biological stain after a further development. However, Melastoma malabathricum was not able to be used as natural colorant for soap."
7,Natural Food Colorant Applications in the Food Industry: Alternatives for Overcoming Stability Limitations,2026,Colorants,en,CR,0,10.3390/colorants5030027,E_sustitucion_natural_sintetico,"""natural colorants"" ""synthetic dyes"" replacement",OpenAlex,https://openalex.org/W7202070629,,,,"The replacement of synthetic dyes with natural food colorants has become a priority for the food industry, as emerging evidence from in vitro and animal studies on the potential neurotoxic and pro-inflammatory effects of certified dyes converges with consumer pressure for clean-label formulations. Yet despite this, the industrial uptake of natural pigments remains uneven, held back by stability limitations that differ considerably from one pigment class to the next and from one food matrix to another. This review covers the chemistry, industrial applications, and stabilization approaches of the main natural colorant groups: carotenoids, anthocyanins, betalains, chlorophylls, curcuminoids, phycocyanin, and genipin-derived pigments, with particular attention to the physicochemical reasons behind their instability and the practical tools available to address it. Among stabilization strategies, spray-drying microencapsulation with composite protein–polysaccharide wall materials is often the most scalable and cost-effective option, whereas freeze drying may be preferable for high-value pigments or applications in which maximum pigment retention is the priority. Whether the encapsulating matrix remains in a glassy or rubbery state stands out as a key factor governing oxidative degradation across all pigment categories, which makes water activity management a non-negotiable element of any serious formulation effort. Anthocyanins require more than physical encapsulation alone: copigm"
7,Effect of Formulation on the Quality of Clean-Label Pasteurized Celta Pork Sausages,2025,ACS Food Science & Technology,en,ES,0,10.1021/acsfoodscitech.5c00144,E_sustitucion_natural_sintetico,"""clean label"" colorants reformulation",OpenAlex,https://openalex.org/W4410395827,,,,"The design of clean-label foods aligns with consumer demand. In this study, three batches of pasteurized sausages were manufactured. Control elaborated with synthetic additives, following the formulation used by the company (with colorants [E-160c; E-120], preservatives [E-621; E-250; E-325], antioxidants [E-316; E-331iii], gelling agents/texturizers [E-451; E-407], and soy protein [allergen] and two batches of reformulated sausages (R1: with only two synthetic antioxidants [E-331iii; E-301] and without allergens, and R2: without any synthetic additives or allergens)). In both reformulated batches, the synthetic additives were replaced by vegetable extracts, fibers, and proteins. The effect of formulation on the chemical composition, physicochemical properties (color, pH, and hardness), oxidative stability (TBARs), presence of pathogenic microbials, and sensory quality of the pasteurized sausages was evaluated. Shelf life was studied for 3 months at 2 °C (vacuum-packed). Reformulation significantly increased liquid release (5.66–14.9% in R2 and R1, respectively, vs 2.71% in control) during pasteurization, which produced significant differences in chemical composition (R2 samples had higher moisture and lower fat and protein content in comparison with the other batches). The use of nitrites and synthetic colorants in the control samples led to significant differences in color parameters (control samples had the highest redness and lowest yellowness values during all shelf life"
7,Smart Detection of Food Fraud Using Supervised Learning: A Comparative Analysis of Ensemble and Traditional Classification Models,2026,Journal of Food Process Engineering,en,IN,0,10.1111/jfpe.70447,D_calidad_open_food_facts,"""Open Food Facts""",OpenAlex,https://openalex.org/W7147419986,,,,"ABSTRACT There is increasing complexity in global food supply chains and an increase in mislabeling, adulteration, and ingredient fraud. The study assesses and compares four supervised machine learning techniques: Logistic regression (LR), Decision tree (DT), Random Forest (RFT), and XGBoost (XGB) to identify fraudulent food products from the multisource data of 12,000 real‐world items comprising UK Food Standards Agency source, Open Food Facts, and Kaggle. The dataset covers seven fraud‐relevant features such as origin mismatch, absence of label items, presence of additives, allergen declaration statement, number of ingredients, etc. After applying SMOTE to address class imbalance, the dataset was divided into 80% for training and the remaining 20% for testing. The models' performance was measured through accuracy, precision, recall, F1‐score, and AUC. Among all, XGB outperforms others, with the highest Precision (0.919), Recall (0.675), F1‐score of 0.779, and AUC of 0.95, highlighting strong potential for reliable detection of food fraud. This piece of work is novel in that it combines multi‐source product‐level data, domain‐specific feature engineering, and comparative analysis of traditional and ensemble ML classifiers and overcame the shortcomings of its predecessors, which utilized small‐scale datasets more often, single‐product datasets, and lab‐based datasets. The results indicate that XGB provides a strong, scalable system of early fraudulent food product detection, "
7,Aplicación Inteligente para el escaneo y la clasificación nutricional de productos de alimentación,2026,RODIN (Universidad de Cádiz),es,,0,,D_calidad_open_food_facts,"""Open Food Facts""",OpenAlex,https://openalex.org/W7169701308,,,,"El incremento en el consumo de alimentos ultraprocesados y su demostrada correlación con enfermedades no transmisibles han convertido la elección de productos saludables en un desafío para la población. A pesar de la existencia de sistemas de etiquetado como NutriScore o la clasificación NOVA, la falta de transparencia y la información nutricional incompleta dificultan la toma de decisiones informadas por parte de los consumidores. El presente Trabajo Fin de Grado detalla el diseño, desarrollo y despliegue de un sistema inteligente compuesto por una aplicación móvil y una arquitectura de servidor orientada a la evaluación nutricional y la recomendación de alternativas saludables. Para solventar la escasez de datos categorizados en bases de datos abiertas como Open Food Facts, se ha entrenado e integrado un modelo de Machine Learning basado en eXtreme Gradient Boosting (XGBoost), capaz de inferir el grado de procesamiento de un alimento en tiempo real con alta precisión. Además, se ha incorporado la librería SHAP para dotar al modelo de explicabilidad, mostrando al usuario el razonamiento detrás de cada clasificación. Como núcleo innovador del proyecto, se ha diseñado un algoritmo matemático propio basado en la estandarización estadística Z-Score poblacional. Este motor de recomen dación no solo busca productos similares, sino que penaliza la presencia de aditivos y ultraprocesados, devolviendo las alternativas objetivamente más saludables dentro de una misma categoría taxonóm"
7,P069 Ultra-processed food intake and dietary insufficiencies are common in adults with Crohn’s Disease in remission. The INTICO 2 Study,2024,Journal of Crohn s and Colitis,en,GB,0,10.1093/ecco-jcc/jjad212.0199,D_calidad_open_food_facts,"""Open Food Facts""",OpenAlex,https://openalex.org/W4391164561,,,,"Abstract Background Adults with Crohn’s Disease (CD) may have dietary restrictions and micronutrient inadequacies. Consumption of ultra processed foods (UPF) has been associated with an increased need for IBD-related surgery and is a growing area of research. This study aimed to investigate the habitual diet of adults with CD during disease remission to understand the nutritional adequacy, diet diversity and diet quality. Methods 196 adult CD outpatients in remission (Harvey Bradshaw Index <5 and calprotectin <250µg) were recruited from a single UK IBD centre outpatients as part of the INTICO 2 observational study. Seven-day food diaries were electronically recorded using Nutritics® (Libro) software. UPF intake was determined using NOVA Score . Data cleaning was undertaken by a dietitian prior to analysis to identify input errors. NOVA Score1 criteria was utilised to determine UPF intake. Product ingredient lists were examined using supermarket websites and ‘Open food Facts’ by two research dietitians to assign a NOVA score. Consensus on NOVA Scoring was achieved, and a data dictionary was prospectively updated to justify the assigned score. Results 97% (189/195) of those who underwent food diary analysis had at least one micronutrient below the LNRI. The intake was below the LNRI for a mean of 6 (SD 4.2) micronutrients per subject. The number of subjects who failed to meet the LNRI from diet (with and without inclusion of usual supplements) is listed for each micronutrient i"
6,PAINÉIS CIMENTO-MADEIRA DE Eucalyptus saligna COM DIFERENTES ADITIVOS QUÍMICOS E MÉTODOS DE FORMAÇÃO,2014,FLORESTA,,,6,10.5380/rf.v45i2.35765,B_aditivos_envasados_mx,"""aditivos alimentarios"" preenvasados",Crossref,https://doi.org/10.5380/rf.v45i2.35765,,,," Este trabalho teve como objetivo avaliar o potencial de uso de diferentes aditivos químicos e métodos de formação na produção de compósitos cimento-madeira com clone de Eucalyptus saligna. Utilizou-se o cimento Portland tipo CP II-Z, como aglutinante mineral, e cloreto de cálcio (CaCl2) e cloreto de magnésio (MgCl2),como aceleradores de cura do cimento. Os painéis cimento-madeira foram produzidos pelo método de prensagem na prensa de pratos de 50,5 x 38,5 x1,5 cm, e pelo método de adensamento por vibrocompactação em dimensões de 35 x 7 x1,5 cm. Os painéis foram formados com densidade nominal de 1 g/cm³ e relação cimento:madeira de 2,75:1. Com base nos resultados, pode-se concluir que: (I) os testes de hidratação mostraram que a madeira é compatível com o cimento Portland tipo II; (II) o uso de cloreto de cálcio e de magnésio na proporção de 3% em relação à massa do cimento proporcionou incremento nas propriedades físicas e mecânicas dos painéis produzidos pelos dois métodos de formação avaliados; (III) os painéis produzidos pelo método de adensamento por vibrocompactação apresentaram menor densidade média, maior estabilidade dimensional e melhor tração perpendicular do que os painéis produzidos pelo método tradicional de prensa de pratos.Palavras-chave: Compósito cimento-madeira; vibro compactação; aceleradores de cura. AbstractWood-cement boards of Eucalyptus saligna with different chemical additives and methods of formation. The aim of this work was evaluate the potential "
6,"Ação trófica de aditivos fitogênicos, glutamina e ácido glutâmico sobre a Bursa de Fabrícius e intestino delgado de frangos de corte",2015,Pesquisa Veterinária Brasileira,,,5,10.1590/s0100-736x2015000700015,B_aditivos_envasados_mx,"""aditivos alimentarios"" preenvasados",Crossref,https://doi.org/10.1590/s0100-736x2015000700015,,,," Abstract The aim of this study was to evaluate the effect of phytogenic additives and glutamine plus glutamic acid, associated or not, on histomorphometry of bursa of Fabricius and small intestine, oocyst count and lesion scores, and carbon turnover of duodenal mucosa of broiler chickens infected with Eimeria acervulina. A total of 450 male broiler chickens was distributed into a completely randomized design with six treatments and three replications. Treatments consisted of control diet (CD); CD + coccidiosis vaccine; CD + antibiotic performance enhancers and anticoccidial (APE/AC); CD + glutamine and glutamic acid (Gln/Glu); CD + phytogenic additives (PA); CD + Gln/Glu + PA. Birds on treatment CD + vaccine were vaccinated via drinking water at three days of age against coccidiosis. At 16 days of age all birds of all treatments were inoculated orally and individually with 500,000 oocysts of Eimeria acervulina. There was no treatment effect on lesion score in the intestinal epithelium of birds. The smaller number of excreted oocysts was observed in groups of birds fed diets containing APE/AC and PA. Were observed better results of villus height and crypt depth for duodenum and ileum of birds of treatments containing Gln/Glu at 7 days of age, and Gln/Glu and PA at 21 days of age. Higher percentage of cortical area from bursa follicles was observed in birds fed diets supplemented with Gln/Glu and PA at 7, 14 and 21 days of age. Increased turnover of intestinal mucosa was obser"
6,Efecto del etiquetado frontal de advertencia de alimentos y bebidas. La experiencia de otros países de América Latina,2021,DOAJ (DOAJ: Directory of Open Access Journals),es,,5,10.19230/jonnpr.4176,B_aditivos_envasados_mx,"""NOM-051"" etiquetado",OpenAlex,https://openalex.org/W3214829823,,,,"Introducción. En México se ha propuesto una serie de estrategias para la prevención y control de la obesidad, como el etiquetado frontal de advertencia, aprobado con la modificación a la NOM 051. Algunos países de América Latina como Chile y Ecuador ya han implementado etiquetados resumidos y simplificados sobre nutrientes relevantes para la salud.\n\n\nObjetivo. Describir la información disponible acerca de los efectos en la elección, compra y consumo de alimentos y bebidas procesadas, posterior a la implementación de un etiquetado nutrimental de advertencia en Chile y Ecuador.\n\n\nMaterial y métodos. Revisión sistémica en las bases de datos Medline, Pubmed, NCBI, Crossref, Scielo, Redalyc, buscador web y Google Académico. Las palabras claves fueron: etiquetado nutrimental, etiquetado de advertencia y semaforización de alimentos. La búsqueda se realizó en español e inglés.\n\n\nResultados. Se encontró que existe buena comprensión y aceptabilidad de los sistemas de etiquetado de advertencia, sin embargo, los individuos con mayor nivel socioeconómico y educativo tienen una mayor predisposición a elegir productos más saludables, de igual manera en la elección de un alimento interfieren otros factores como la edad, las preferencias y el precio del producto. Por otro lado, el etiquetado de advertencia octogonal de Chile brinda resultados más favorables en comparación con el etiquetado de semáforo de Ecuador.\n\n\nConclusiones. Este estudio permite describir un ligero panorama de"
6,Food Label Scanner & Personalized Supplement Recommendation System,2025,International Journal on Advanced Electrical and Computer Engineering,,IN,0,10.65521/ijaece.v14i1.414,D_calidad_open_food_facts,openfoodfacts,OpenAlex,https://openalex.org/W7133313629,,,,"The Food Label Scanner and Supplement Recommendation System is a smart tool that helps users make better food choices. It uses advanced tools like OpenFoodFacts and USDA FoodData to give users more control over their diet. With this system, people can scan barcodes on food items to get accurate details about their nutrition. This includes information on calories major nutrients, and what's in the food. The system checks the ingredients for any harmful additives and gives the product a health score based on how nutritious it is. On top of analyzing food, the system has a Personalized Supplement Recommendation Engine. This engine proposes vitamins, minerals, and dietary supplements that fit the user's specific health profile. The profile takes into account things like age, weight, fitness goals, food preferences, and current health issues. By looking at nutrient gaps and daily eating habits, the system offers custom advice to help muscle recovery, strengthen immunity, and sharpen brain function. The platform also includes a User Profile System to keep track of food preferences, fitness aims, and nutrition history. This allows for personalized insights and monitoring over time. Built for health-minded people, fitness buffs, and those with special dietary needs, this adaptable and smart solution combines real-time food info and data-backed insights to encourage healthier living."
6,Application of machine learning to predict food processing level using Open Food Facts,2025,arXiv (Cornell University),,,0,10.48550/arxiv.2512.17169,D_calidad_open_food_facts,"""Open Food Facts""",OpenAlex,https://openalex.org/W7116877186,,,,"Ultra-processed foods are increasingly linked to health issues like obesity, cardiovascular disease, type 2 diabetes, and mental health disorders due to poor nutritional quality. This first-of-its-kind study at such a scale uses machine learning to classify food processing levels (NOVA) based on the Open Food Facts dataset of over 900,000 products. Models including LightGBM, Random Forest, and CatBoost were trained on nutrient concentration data. LightGBM performed best, achieving 80-85% accuracy across different nutrient panels and effectively distinguishing minimally from ultra-processed foods. Exploratory analysis revealed strong associations between higher NOVA classes and lower Nutri-Scores, indicating poorer nutritional quality. Products in NOVA 3 and 4 also had higher carbon footprints and lower Eco-Scores, suggesting greater environmental impact. Allergen analysis identified gluten and milk as common in ultra-processed items, posing risks to sensitive individuals. Categories like Cakes and Snacks were dominant in higher NOVA classes, which also had more additives, highlighting the role of ingredient modification. This study, leveraging the largest dataset of NOVA-labeled products, emphasizes the health, environmental, and allergenic implications of food processing and showcases machine learning's value in scalable classification. A user-friendly web tool is available for NOVA prediction using nutrient data: https://cosylab.iiitd.edu.in/foodlabel/."
6,Application of machine learning to predict food processing level using Open Food Facts,2025,arXiv (Cornell University),,,0,,D_calidad_open_food_facts,"""Open Food Facts""",OpenAlex,https://openalex.org/W7117079212,,,,"Ultra-processed foods are increasingly linked to health issues like obesity, cardiovascular disease, type 2 diabetes, and mental health disorders due to poor nutritional quality. This first-of-its-kind study at such a scale uses machine learning to classify food processing levels (NOVA) based on the Open Food Facts dataset of over 900,000 products. Models including LightGBM, Random Forest, and CatBoost were trained on nutrient concentration data. LightGBM performed best, achieving 80-85% accuracy across different nutrient panels and effectively distinguishing minimally from ultra-processed foods. Exploratory analysis revealed strong associations between higher NOVA classes and lower Nutri-Scores, indicating poorer nutritional quality. Products in NOVA 3 and 4 also had higher carbon footprints and lower Eco-Scores, suggesting greater environmental impact. Allergen analysis identified gluten and milk as common in ultra-processed items, posing risks to sensitive individuals. Categories like Cakes and Snacks were dominant in higher NOVA classes, which also had more additives, highlighting the role of ingredient modification. This study, leveraging the largest dataset of NOVA-labeled products, emphasizes the health, environmental, and allergenic implications of food processing and showcases machine learning's value in scalable classification. A user-friendly web tool is available for NOVA prediction using nutrient data: https://cosylab.iiitd.edu.in/foodlabel/."
6,Encyclopedia of Indian Food Ingredients,2026,Zenodo (CERN European Organization for Nuclear Research),,US,0,10.5281/zenodo.18650863,D_calidad_open_food_facts,"""Open Food Facts""",OpenAlex,https://openalex.org/W7128947336,,,,"The Encyclopedia of Indian Food Ingredients is a foundational component of the Indian Food Informatics Data (IFID) project, conceived as Digital Public Infrastructure (DPI) for the Indian food ecosystem. This initiative provides a standardized taxonomy and multi-format dataset (JSON, Markdown, LaTeX) covering 600+ food components, spanning traditional Ayurvedic botanicals to modern industrial additives. By bridging traditional culinary knowledge systems with contemporary global food standards (such as Open Food Facts and INS/FSSAI classifications), the project establishes a machine-readable framework for food informatics in India. The work focuses on nomenclature normalization, hierarchical categorization, and interoperable data structuring to enable API integrations, research applications, and community-driven refinement over time."
6,Encyclopedia of Indian Food Ingredients,2026,Zenodo (CERN European Organization for Nuclear Research),,US,0,10.5281/zenodo.18650862,D_calidad_open_food_facts,"""Open Food Facts""",OpenAlex,https://openalex.org/W7128950510,,,,"The Encyclopedia of Indian Food Ingredients is a foundational component of the Indian Food Informatics Data (IFID) project, conceived as Digital Public Infrastructure (DPI) for the Indian food ecosystem. This initiative provides a standardized taxonomy and multi-format dataset (JSON, Markdown, LaTeX) covering 600+ food components, spanning traditional Ayurvedic botanicals to modern industrial additives. By bridging traditional culinary knowledge systems with contemporary global food standards (such as Open Food Facts and INS/FSSAI classifications), the project establishes a machine-readable framework for food informatics in India. The work focuses on nomenclature normalization, hierarchical categorization, and interoperable data structuring to enable API integrations, research applications, and community-driven refinement over time."
6,Encyclopedia of Indian Food Ingredients,2026,Zenodo (CERN European Organization for Nuclear Research),,US,0,10.5281/zenodo.20556807,D_calidad_open_food_facts,"""Open Food Facts""",OpenAlex,https://openalex.org/W7163686868,,,,"The Encyclopedia of Indian Food Ingredients is a foundational component of the Indian Food Informatics Data (IFID) project, conceived as Digital Public Infrastructure (DPI) for the Indian food ecosystem. This initiative provides a standardized taxonomy and multi-format dataset (JSON, Markdown, LaTeX) covering 600+ food components, spanning traditional Ayurvedic botanicals to modern industrial additives. By bridging traditional culinary knowledge systems with contemporary global food standards (such as Open Food Facts and INS/FSSAI classifications), the project establishes a machine-readable framework for food informatics in India. The work focuses on nomenclature normalization, hierarchical categorization, and interoperable data structuring to enable API integrations, research applications, and community-driven refinement over time."
6,Development of a Latin American Native Food Composition Database,2021,,en,AR,0,10.3390/blsf2021008006,D_calidad_open_food_facts,"""food composition database"" ""data quality""",OpenAlex,https://openalex.org/W4200005887,,,,"Food composition data have a fundamental function in studies on nutrition, health, and agriculture, among others. Many factors affect the nutrient content of food, and for this reason, it is essential to have updated and reliable data on the composition of the main foods consumed. The objective of this work was to develop a food composition database (FCDB) that compiles the composition of native foods of Latin America, mainly grains/seeds, tubers, and derivatives. An interdisciplinary work group of compilers was formed. A search of various sources was carried out (scientific publications, laboratory and technical reports, and theses), and a total of 78 publications were collected. For compilation, a form composed of eight worksheets was prepared. The initial sheet contains general data and food identification; the remaining ones contain information on the proximal composition, amino acids, fatty acids, vitamins, and minerals. Each section has an evaluation of data quality, which determines whether it will be included in the FCDB or not. After an exhaustive analysis based on compliance with the minimum requirements previously established, 58 publications and laboratory reports were selected. The main reason for rejection was the lack of moisture information (60%), followed by low data quality (30%). Information is available on the composition of at least 26 grains and derived products (i.e., quinoa, amaranth, and kañiwa) and five tubers and roots (Andean potatoes and ocas), wh"
4,Anthocyanin food colorant and its application in pH-responsive color change indicator films,2020,Critical Reviews in Food Science and Nutrition,en,KR,587,10.1080/10408398.2020.1776211,A_colorantes_mercado_mx,"""food colorants"" ""packaged food""",OpenAlex,https://openalex.org/W3034461597,,,,"Recently, interest in smart packaging, which can show the color change of the packaging film according to the state of the food and evaluate the quality or freshness of the packaged food in real-time, is increasing. As a color indicator, a natural colorant, anthocyanin, drew a lot of attention due to their various colors as well as useful functions properties such as antioxidant activity and anti-carcinogenic and anti-inflammatory effects, prevention of cardiovascular disease, obesity, and diabetes. In particular, the pH-responsive color-changing function of anthocyanins is useful for making color indicator smart packaging films. This review addressed the latest information on the use of natural pigment anthocyanins for intelligent and active food packaging applications. Recent studies on eco-friendly biodegradable polymer-based color indicator films incorporated with anthocyanins have been addressed. Also, studies on the use of smart packaging films to monitor the freshness of foods such as milk, meat, and fish were reviewed. This review highlights the potential and challenges for the use of anthocyanins as pH-responsive color-changing films for intelligent food packaging applications, which may be beneficial for further development of smart color indicator films for practical use."
4,Assessment of water contamination caused by a mutagenic textile effluent/dyehouse effluent bearing disperse dyes,2010,Journal of Hazardous Materials,en,,419,10.1016/j.jhazmat.2009.09.106,A_colorantes_mercado_mx,"""synthetic dyes"" ""packaged foods""",Crossref,https://doi.org/10.1016/j.jhazmat.2009.09.106,,,,
4,Recent Advances in Intelligent Food Packaging Applications Using Natural Food Colorants,2021,ACS Food Science & Technology,en,KR,313,10.1021/acsfoodscitech.0c00039,A_colorantes_mercado_mx,"""food colorants"" ""packaged food""",OpenAlex,https://openalex.org/W3129119266,,,,"This review covers the latest research done in biopolymer-based pH-responsive color indicators integrated with natural colorants for real-time monitoring of packaged food quality. The pH-dependent color change of various natural food colorants and the structural change of colorants at different pH values were described. Recent developments in the fabrication of pH-responsive color indicator films prepared by immobilizing natural food colorants obtained from various plant sources into different biopolymer substrates are discussed. Their applications on different food types, including meat, seafood, and dairy products, have been reviewed. They show clear and noticeable color changes with variation in the pH of the food that indicates the degree of deterioration over time. Subsequently, besides the problems faced by natural food color-based indicators, the discussion of commercial pH indicators has also been highlighted."
4,Dye-sensitized solar cells with natural dyes extracted from achiote seeds,2010,Solar Energy Materials and Solar Cells,en,,242,10.1016/j.solmat.2009.05.013,A_colorantes_mercado_mx,"""synthetic dyes"" ""packaged foods""",Crossref,https://doi.org/10.1016/j.solmat.2009.05.013,,,,
4,A review of chromatographic methods for determination of synthetic food dyes,2010,Talanta,en,,202,10.1016/j.talanta.2009.09.032,A_colorantes_mercado_mx,"""synthetic dyes"" ""packaged foods""",Crossref,https://doi.org/10.1016/j.talanta.2009.09.032,,,,
4,Effect of treatment with probiotics as water additives on tilapia (Oreochromis niloticus) growth performance and immune response,2010,Fish Physiology and Biochemistry,en,,194,10.1007/s10695-009-9320-z,B_aditivos_envasados_mx,"""food additives"" ""packaged food supply""",Crossref,https://doi.org/10.1007/s10695-009-9320-z,,,,
4,Recent Advances in pH-Responsive Freshness Indicators Using Natural Food Colorants to Monitor Food Freshness,2022,Foods,en,CN,167,10.3390/foods11131884,A_colorantes_mercado_mx,"""food colorants"" ""packaged food""",OpenAlex,https://openalex.org/W4283451916,,,,"Recently, due to the enhancement in consumer awareness of food safety, considerable attention has been paid to intelligent packaging that displays the quality status of food through color changes. Natural food colorants show useful functionalities (antibacterial and antioxidant activities) and obvious color changes due to their structural changes in different acid and alkali environments, which could be applied to detect these acid and alkali environments, especially in the preparation of intelligent packaging. This review introduces the latest research on the progress of pH-responsive freshness indicators based on natural food colorants and biodegradable polymers for monitoring packaged food quality. Additionally, the current methods of detecting food freshness, the preparation methods for pH-responsive freshness indicators, and their applications for detecting the freshness of perishable food are highlighted. Subsequently, this review addresses the challenges and prospects of pH-responsive freshness indicators in food packaging, to assist in promoting their commercial application."
4,Effect of different electron donating groups on the performance of dye-sensitized solar cells,2010,Dyes and Pigments,en,,145,10.1016/j.dyepig.2009.06.014,A_colorantes_mercado_mx,"""synthetic dyes"" ""packaged foods""",Crossref,https://doi.org/10.1016/j.dyepig.2009.06.014,,,,
4,Ability of the Nutri-Score front-of-pack nutrition label to discriminate the nutritional quality of foods in the German food market and consistency with nutritional recommendations,2019,Archives of Public Health,en,FR,117,10.1186/s13690-019-0357-x,D_calidad_open_food_facts,"""Open Food Facts""",OpenAlex,https://openalex.org/W2951132265,,,,"BACKGROUND: There is currently a societal debate in Germany concerning the interest to introduce a comprehensive and simplified nutritional information label on foods. Consumer associations and some manufacturers are supporting the Nutri-Score, a summary, graded, colours-coded front-of-pack label (FoPL) adopted by public health authorities in France, Belgium and Spain. The Nutri-Score is using a Nutrient Profiling System (NPS) to define five different categories of nutritional quality (from 'Dark green' associated with the letter A to 'dark orange' with an E). The ability of the Nutri-Score to discriminate nutritional quality of foods was demonstrated in the French context. The objectives of this study were to verify its ability to discriminate the nutritional quality of foods and beverages currently present on the market in Germany and its consistency with German Food-Based Dietary Guidelines (FBDG). METHODS: Nutritional composition of 8587 usual foods available on the German market collected from the web-based collaborative project Open Food Facts, were retrieved. Data were collected from 2012 to 2019, with regular updates each time a product is scanned again by a contributor. Distribution of products across the five Nutri-Score categories according to consumer-based food groups was assessed. The ability of the FoPL to discriminate the nutritional quality of foods and beverages was estimated by the number of available colours of the Nutri-Score in each food group and sub-gr"
4,Removal of direct azo dyes and aromatic amines from aqueous solutions using two β-cyclodextrin-based polymers,2010,Journal of Hazardous Materials,en,,103,10.1016/j.jhazmat.2009.09.093,A_colorantes_mercado_mx,"""synthetic dyes"" ""packaged foods""",Crossref,https://doi.org/10.1016/j.jhazmat.2009.09.093,,,,
4,Heat treatment effects on the characteristics and sonocatalytic performance of TiO2 in the degradation of organic dyes in aqueous solution,2010,Journal of Hazardous Materials,en,,100,10.1016/j.jhazmat.2009.08.060,A_colorantes_mercado_mx,"""synthetic dyes"" ""packaged foods""",Crossref,https://doi.org/10.1016/j.jhazmat.2009.08.060,,,,
4,Two Dimensions of Nutritional Value: Nutri-Score and NOVA,2021,Nutrients,en,ES,97,10.3390/nu13082783,D_calidad_open_food_facts,"""Open Food Facts""",OpenAlex,https://openalex.org/W3194621753,,,,"Front-of-pack labels can improve the ability of consumers to identify which foods are healthier, making them a useful public health tool. Nutri-Score is a front-of-pack labelling system adopted by several European countries. This system ranks foods according to their nutritional quality, but does not consider other dimensions such as the degree of food processing. The aim of this study is to compare the nutritional quality (as assessed by Nutri-Score) and the ultra-processing (as assessed by the NOVA classification) of foods in the Open Food Facts database. A simple correspondence analysis was carried out to study the relationship between the two systems. Ultra-processed foods (NOVA 4) were found in all Nutri-Score categories, ranging from 26.08% in nutritional category A, 51.48% in category B, 59.09% in category C, 67.39% in category D to up to 83.69% in nutritional category E. Given the negative effect that the consumption of ultra-processed foods has on different aspects of health, front-of-pack labelling with Nutri-Score should at least be accompanied by complementary labelling indicating the level of processing, such as the NOVA classification."
4,Sudan azo dyes and Para Red degradation by prevalent bacteria of the human gastrointestinal tract,2010,Anaerobe,en,,88,10.1016/j.anaerobe.2009.06.007,A_colorantes_mercado_mx,"""synthetic dyes"" ""packaged foods""",Crossref,https://doi.org/10.1016/j.anaerobe.2009.06.007,,,,
4,Highly bright and photostable cyanine dye-doped silica nanoparticles for optical imaging: Photophysical characterization and cell tests,2010,Dyes and Pigments,en,,88,10.1016/j.dyepig.2009.07.004,A_colorantes_mercado_mx,"""synthetic dyes"" ""packaged foods""",Crossref,https://doi.org/10.1016/j.dyepig.2009.07.004,,,,
4,Discriminating nutritional quality of foods using the 5-Color nutrition label in the French food market: consistency with nutritional recommendations,2015,Nutrition Journal,en,FR,86,10.1186/s12937-015-0090-4,D_calidad_open_food_facts,"""Open Food Facts""",OpenAlex,https://openalex.org/W1759598728,,,,"PURPOSE: Our objectives were to assess the performance of the 5-Colour nutrition label (5-CNL) front-of-pack nutrition label based on the Food Standards Agency nutrient profiling system to discriminate nutritional quality of foods currently on the market in France and its consistency with French nutritional recommendations. METHODS: Nutritional composition of 7777 foods available on the French market collected from the web-based collaborative project Open Food Facts were retrieved. Distribution of products across the 5-CNL categories according to food groups, as arranged in supermarket shelves was assessed. Distribution of similar products from different brands in the 5-CNL categories was also assessed. Discriminating performance was considered as the number of color categories present in each food group. In the case of discrepancies between the category allocation and French nutritional recommendations, adaptations of the original score were proposed. RESULTS: Overall, the distribution of foodstuffs in the 5-CNL categories was consistent with French recommendations: 95.4% of 'Fruits and vegetables', 72.5% of 'Cereals and potatoes' were classified as 'Green' or 'Yellow' whereas 86.0% of 'Sugary snacks' were classified as 'Pink' or 'Red'. Adaptations to the original FSA score computation model were necessary for beverages, added fats and cheese in order to be consistent with French official nutritional recommendations. CONCLUSION: The 5-CNL label displays a high performance in"
4,Towards an “Internet of Food”: Food Ontologies for the Internet of Things,2015,Future Internet,en,"CA,GB,TH,TR",77,10.3390/fi7040372,D_calidad_open_food_facts,"""Open Food Facts""",OpenAlex,https://openalex.org/W2163068967,,,,"Automated food and drink recognition methods connect to cloud-based lookup databases (e.g., food item barcodes, previously identified food images, or previously classified NIR (Near Infrared) spectra of food and drink items databases) to match and identify a scanned food or drink item, and report the results back to the user. However, these methods remain of limited value if we cannot further reason with the identified food and drink items, ingredients and quantities/portion sizes in a proposed meal in various contexts; i.e., understand from a semantic perspective their types, properties, and interrelationships in the context of a given user’s health condition and preferences. In this paper, we review a number of “food ontologies”, such as the Food Products Ontology/FOODpedia (by Kolchin and Zamula), Open Food Facts (by Gigandet et al.), FoodWiki (Ontology-driven Mobile Safe Food Consumption System by Celik), FOODS-Diabetes Edition (A Food-Oriented Ontology-Driven System by Snae Namahoot and Bruckner), and AGROVOC multilingual agricultural thesaurus (by the UN Food and Agriculture Organization—FAO). These food ontologies, with appropriate modifications (or as a basis, to be added to and further expanded) and together with other relevant non-food ontologies (e.g., about diet-sensitive disease conditions), can supplement the aforementioned lookup databases to enable progression from the mere automated identification of food and drinks in our meals to a more useful application w"
4,Rapid decolorization of azo dyes in aqueous solution by an ultrasound-assisted electrocatalytic oxidation process,2010,Ultrasonics Sonochemistry,en,,67,10.1016/j.ultsonch.2009.10.002,A_colorantes_mercado_mx,"""synthetic dyes"" ""packaged foods""",Crossref,https://doi.org/10.1016/j.ultsonch.2009.10.002,,,,
4,Colour removal of three reactive dyes by UV light exposure after electrochemical treatment,2010,Chemical Engineering Journal,en,,61,10.1016/j.cej.2009.10.006,A_colorantes_mercado_mx,"""synthetic dyes"" ""packaged foods""",Crossref,https://doi.org/10.1016/j.cej.2009.10.006,,,,
4,"The inkjet printing process for Lyocell and cotton fibres. Part 1: The significance of pre-treatment chemicals and their relationship with colour strength, absorbed dye fixation and ink penetration",2010,Dyes and Pigments,en,,60,10.1016/j.dyepig.2009.06.015,A_colorantes_mercado_mx,"""synthetic dyes"" ""packaged foods""",Crossref,https://doi.org/10.1016/j.dyepig.2009.06.015,,,,
4,Selection of indicator bacteria based on screening of 16S rDNA metagenomic library from a two-stage anoxic–oxic bioreactor system degrading azo dyes,2010,Bioresource Technology,en,,50,10.1016/j.biortech.2009.08.006,A_colorantes_mercado_mx,"""synthetic dyes"" ""packaged foods""",Crossref,https://doi.org/10.1016/j.biortech.2009.08.006,,,,
4,Natural pigments: innovative extraction technologies and their potential application in health and food industries,2025,Frontiers in Pharmacology,en,"ID,JP",49,10.3389/fphar.2024.1507108,A_colorantes_mercado_mx,"""food colorants"" ""packaged food""",OpenAlex,https://openalex.org/W4406188705,,,,"Natural pigments, or natural colorants, are frequently utilized in the food industry due to their diverse functional and nutritional attributes. Beyond their color properties, these pigments possess several biological activities, including antioxidant, anti-inflammatory, anticancer, antibacterial, and neuroprotective effects, as well as benefits for eye health. This review aims to provide a timely overview of the potential of natural pigments in the pharmaceutical, medical, and food industries. Special emphasis is placed on emerging technologies for natural pigment extraction (thermal technologies, non-thermal technologies, and supercritical fluid extraction), their pharmacological effects, and their potential application in intelligent food packaging and as food colorants. Natural pigments show several pharmaceutical prospects. For example, delphinidin (30 µM) significantly inhibited the growth of three cancer cell lines (B16-F10, EO771, and RM1) by at least 90% after 48 h. Furthermore, as an antioxidant agent, fucoxanthin at the highest concentration (50 μg/mL) significantly increased the ratio of glutathione to glutathione disulfide ( p < 0.05). In the food industry, natural pigments have been used to improve the nutritional value of food without significantly altering the sensory experience. Moreover, the use of natural pH-sensitive pigments as food freshness indicators in intelligent food packaging is a cutting-edge technological advancement. This innovation could provid"
4,Integration of photocatalysis and membrane distillation for removal of mono- and poly-azo dyes from water,2010,Desalination,en,,48,10.1016/j.desal.2009.06.075,A_colorantes_mercado_mx,"""synthetic dyes"" ""packaged foods""",Crossref,https://doi.org/10.1016/j.desal.2009.06.075,,,,
4,"Anthraquinone-2,6-disulfonate (AQDS) as a catalyst to enhance the reductive decolourisation of the azo dyes Reactive Red 2 and Congo Red under anaerobic conditions",2010,Bioresource Technology,en,,46,10.1016/j.biortech.2009.08.015,A_colorantes_mercado_mx,"""synthetic dyes"" ""packaged foods""",Crossref,https://doi.org/10.1016/j.biortech.2009.08.015,,,,
4,"D–π–A solvatochromic charge transfer dyes containing a 2-cyanomethylene-3-cyano-4,5,5-trimethyl-2,5-dihydrofuran acceptor",2010,Dyes and Pigments,en,,45,10.1016/j.dyepig.2009.07.012,A_colorantes_mercado_mx,"""synthetic dyes"" ""packaged foods""",Crossref,https://doi.org/10.1016/j.dyepig.2009.07.012,,,,
4,An efficient light-harvesting ruthenium dye for solar cell application,2010,Dyes and Pigments,en,,43,10.1016/j.dyepig.2009.06.017,A_colorantes_mercado_mx,"""synthetic dyes"" ""packaged foods""",Crossref,https://doi.org/10.1016/j.dyepig.2009.06.017,,,,
4,Oral nicotine pouches with an aftertaste? Part 1: screening and initial toxicological assessment of flavorings and other ingredients,2023,Archives of Toxicology,en,DE,33,10.1007/s00204-023-03538-9,C_extraccion_desde_ingredientes,"""ingredient list"" ""food additives"" extraction",OpenAlex,https://openalex.org/W4382631874,,,,"Nicotine pouches are oral products that deliver nicotine without containing tobacco. Previous studies mainly focused on the determination of known tobacco toxicants, while yet no untargeted analysis has been published on unknown constituents, possibly contributing to toxicity. Furthermore, additives might enhance product attractiveness. We therefore performed an aroma screening with 48 different nicotine-containing and two nicotine-free pouches using gas chromatography coupled to mass spectrometry, following acidic and basic liquid-liquid extraction. For toxicological assessment of identified substances, European and international classifications for chemical and food safety were consulted. Further, ingredients listed on product packages were counted and grouped by function. Most abundant ingredients comprised sweeteners, aroma substances, humectants, fillers, and acidity regulators. 186 substances were identified. For some substances, acceptable daily intake limits set by European Food Safety Agency (EFSA) and Joint FAO/WHO Expert Committee on Food Additives are likely exceeded by moderate pouch consumption. Eight hazardous substances are classified according to the European CLP regulation. Thirteen substances were not authorized as food flavorings by EFSA, among them impurities such as myosmine and ledol. Three substances were classified by International Agency for Research on Cancer as possibly carcinogenic to humans. The two nicotine-free pouches contain pharmacologically"
4,Dielectric relaxation dynamics in liquid crystal – dye composites,2010,Dyes and Pigments,en,,30,10.1016/j.dyepig.2009.07.005,A_colorantes_mercado_mx,"""synthetic dyes"" ""packaged foods""",Crossref,https://doi.org/10.1016/j.dyepig.2009.07.005,,,,
4,Characterizing Meat- and Milk/Dairy-like Vegetarian Foods and Their Counterparts Based on Nutrient Profiling and Food Labels,2023,Foods,en,ES,27,10.3390/foods12061151,D_calidad_open_food_facts,"""Open Food Facts""",OpenAlex,https://openalex.org/W4323663272,,,,"Vegetarian foods are plant-based (PB) foods, often perceived as healthier foods than animal-based (AB) foods. The objective of this study was to analyze the nutritional quality of a set of PB foods (meat, milk and dairy products) marketed in Spain, and to compare their nutrient profiles with respect to some AB counterparts. Nutritional information per 100 g or mL, ingredients, and nutritional declarations, as well as the Nutri-Score, NOVA, and Eco-Score of each food were collected from Open Food Facts. Differences in the nutrient compositions between PB foods and their counterparts, and between the different groups of PB foods, were assessed at a 5% significance level. A total of 544 PB foods and 373 AB foods were identified. Overall, PB foods had a higher median content of fiber and carbohydrates, but a lower amount of proteins (except PB “meat” analogues: 14 g) and saturated fats (except PB “cheese alternatives”: 12.5 g), than the AB counterparts (p < 0.05). PB “milk alternatives”, particularly oat “milk”, showed a higher median content of total carbohydrates (8 g) and sugars (5.5 g) compared to cow milks (4.7 g carbohydrates/sugars, on average; p < 0.001). PB “meat alternatives” also had a significantly higher value of carbohydrates (9 g) than AB meats (2 g, on average; p < 0.001). PB foods were mostly classified as Nutri-Score A and B (86%). However, more than half of them were of NOVA groups 3 and 4. Thus, there is a great diversity of PB meat and milk/dairy product alte"
4,Linked open data for halal food products,2019,Journal of King Saud University - Computer and Information Sciences,en,ID,27,10.1016/j.jksuci.2019.04.004,D_calidad_open_food_facts,"""Open Food Facts""",OpenAlex,https://openalex.org/W2939040658,,,,"The life of a Muslim cannot be separated from the concept of halal in his daily life, especially in food. Indonesia is a country that its major population is Muslim. In Indonesia, Institute For Foods, Drugs, And Cosmetics Indonesian Council Of Ulama as known as LPPOM MUI is an organisation that provides halal food product information. However, lack of information is presented on LPPOM MUI site. Therefore, LODHalal, a Linked Open Data system for halal products is proposed. We introduce a halal vocabulary which extends two food vocabularies. Then, collected data from LPPOM MUI, E-Number, Open Food Facts are transformed to RDF. Also, the RDF data are connected to DBpedia, PubChem and Mesh. We develop a web application and an Android application which provides recommendations on the halal and nutritional status of a food product."
4,Complementarity between the updated version of the front-of-pack nutrition label Nutri-Score and the food-processing NOVA classification,2024,Public Health Nutrition,en,FR,27,10.1017/s1368980024000296,D_calidad_open_food_facts,openfoodfacts,OpenAlex,https://openalex.org/W4391446092,,,,"OBJECTIVE: To compare the initial and the updated versions of the front-of-pack label Nutri-Score (related to the nutritional content) with the NOVA classification (related to the degree of food processing) at the food level. DESIGN: Using the OpenFoodFacts database - 129,950 food products - we assessed the complementarity between the Nutri-Score (initial and updated) with the NOVA classification through a correspondence analysis. Contingency tables between the two classification systems were used. SETTINGS: The food offer in France. PARTICIPANTS: Not applicable. RESULTS: With both versions (i.e. initial and updated) of the Nutri-Score, the majority of ultra-processed products received medium to poor Nutri-Score ratings (between 77·9 % and 87·5 % of ultra-processed products depending on the version of the algorithm). Overall, the update of the Nutri-Score algorithm led to a reduction in the number of products rated A and B and an increase in the number of products rated D or E for all NOVA categories, with unprocessed foods being the least impacted (-3·8 percentage points (-5·2 %) rated A or B and +1·3 percentage points (+12·9 %) rated D or E) and ultra-processed foods the most impacted (-9·8 percentage points (-43·4 %) rated A or B and +7·8 percentage points (+14·1 %) rated D or E). Among ultra-processed foods rated favourably with the initial Nutri-Score, artificially sweetened beverages, sweetened plant-based drinks and bread products were the most penalised categories by "
4,A study of interaction of cationic dyes with anionic polyelectrolytes,2010,Spectrochimica Acta Part A: Molecular and Biomolecular Spectroscopy,en,,25,10.1016/j.saa.2009.08.032,A_colorantes_mercado_mx,"""synthetic dyes"" ""packaged foods""",Crossref,https://doi.org/10.1016/j.saa.2009.08.032,,,,
4,Perylene dye photodegradation due to ketones and singlet oxygen,2010,Dyes and Pigments,en,,23,10.1016/j.dyepig.2009.06.012,A_colorantes_mercado_mx,"""synthetic dyes"" ""packaged foods""",Crossref,https://doi.org/10.1016/j.dyepig.2009.06.012,,,,
4,Photoinduced cleaning of water-soluble dyes on patterned superhydrophilic/superhydrophobic substrates,2010,Nanoscale,en,,21,10.1039/b9nr00055k,A_colorantes_mercado_mx,"""synthetic dyes"" ""packaged foods""",Crossref,https://doi.org/10.1039/b9nr00055k,,,,
4,Aditivos fitogênicos e butirato de sódio como promotores de crescimento de leitões desmamados,2011,Archivos de Zootecnia,en,,16,10.4321/s0004-05922011000300056,B_aditivos_envasados_mx,"""aditivos alimentarios"" preenvasados",Crossref,https://doi.org/10.4321/s0004-05922011000300056,,,,
4,"Electrochemical studies on the binding of a carcinogenic anthraquinone dye, Purpurin (C.I. 58 205) with DNA",2010,Dyes and Pigments,en,,15,10.1016/j.dyepig.2009.09.004,A_colorantes_mercado_mx,"""synthetic dyes"" ""packaged foods""",Crossref,https://doi.org/10.1016/j.dyepig.2009.09.004,,,,
4,Hybrid solar cells using nanorod zinc oxide electrodes and perylene monoimide–monoanhydride dyes,2010,Current Applied Physics,en,,15,10.1016/j.cap.2009.05.018,A_colorantes_mercado_mx,"""synthetic dyes"" ""packaged foods""",Crossref,https://doi.org/10.1016/j.cap.2009.05.018,,,,
4,How far can reformulation participate in improving the nutritional quality of diets at population level? A modelling study using real food market data in France,2024,BMJ Global Health,en,FR,15,10.1136/bmjgh-2023-014162,D_calidad_open_food_facts,openfoodfacts,OpenAlex,https://openalex.org/W4394764629,,,,"BACKGROUND: Food reformulation is promoted as a tool to improve the nutritional quality of population diets. However, the potential impact of industry-wide reformulation on dietary intake has been investigated minimally. OBJECTIVES: The aim was to estimate the impact on the French population nutrient intakes of industry-wide reformulation towards healthier products using the updated nutrient profiling system underpinning the front-of-pack nutrition label Nutri-Score (uNS-NPS). METHODS: Dietary data were retrieved from the Nutrinet-Santé cohort at baseline (N=100 418), providing detailed information regarding participants' food choices (N>3000 generic food items). Each individual food from 24 hours dietary record was matched with French food market data from OpenFoodFacts database (N=119 073 products). Three scenarios were constructed using nutrient content of currently existing food products: (1) all products available (baseline situation); (2) only existing products of better nutritional quality were available as potential substitutes and (3) only existing products of poorer quality were available. The assessment of the nutritional quality was based on the uNS-NPS score. Finally, dietary intakes were calculated for each scenario after random attribution of healthier/less healthy products as dietary choices. Monte-Carlo iterations (n=300) were conducted to generate uncertainty intervals. RESULTS: After simulation of reformulation using scenario 2, reduction in daily intake in"
4,Aditivos fitogênicos e butirato de sódio como alternativas aos antibióticos para leitões desmamados,2011,Archivos de Zootecnia,en,,14,10.4321/s0004-05922011000300061,B_aditivos_envasados_mx,"""aditivos alimentarios"" preenvasados",Crossref,https://doi.org/10.4321/s0004-05922011000300061,,,,
4,"Synthesis, characterization and photovoltaic properties of novel molecules based on triarylamine dyes",2010,Current Applied Physics,en,,13,10.1016/j.cap.2009.09.009,A_colorantes_mercado_mx,"""synthetic dyes"" ""packaged foods""",Crossref,https://doi.org/10.1016/j.cap.2009.09.009,,,,
4,"Benzodipyrrolenine-based biscyanine dyes: Synthesis, molecular structure and spectroscopic characterization",2010,Dyes and Pigments,en,,13,10.1016/j.dyepig.2009.09.007,A_colorantes_mercado_mx,"""synthetic dyes"" ""packaged foods""",Crossref,https://doi.org/10.1016/j.dyepig.2009.09.007,,,,
4,Spectroscopic and lasing properties of Xanthene dyes encapsulated in silica and polymeric matrices,2010,Optik,en,,11,10.1016/j.ijleo.2008.05.005,A_colorantes_mercado_mx,"""synthetic dyes"" ""packaged foods""",Crossref,https://doi.org/10.1016/j.ijleo.2008.05.005,,,,
4,Auto Halal Detection Products Based on Euclidian Distance and Cosine Similarity,2018,International Journal on Advanced Science Engineering and Information Technology,en,ID,9,10.18517/ijaseit.8.4-2.7083,D_calidad_open_food_facts,"""Open Food Facts""",OpenAlex,https://openalex.org/W2898312886,,,,"Although Indonesia is the world the world's most populous Muslim-majority country, the number of halal-certified products in Indonesia is only 20% of the products on the Indonesian market. Halal certification is voluntary as such there are many food products which are halal but are not certified as halal. In principle, these food products may have similar halal ingredients with halal-certified products. In this study, we build a system that can compare products that have not been certified halal with halal certified products based on its ingredients. The food products are collected from Open Food Facts, Institute For Foods, Drugs, And Cosmetics Indonesian Council Of Ulama (LPPOM MUI) and our halal system. As of this paper writing, the halal-certified products are obtained from LPPOM MUI. The system uses the Euclidean Distance and Cosine Similarity that generate top-5 similar products. Those two similarity calculations are based on Term Frequency-Inverse Entity Frequency weighting function. The weighting function calculates the frequency of a term on a product name and ingredients. If a similarity value of a product with no halal certification and a halal-certified product is higher than 75%, then the former could be indicated as a halal product. In the end, the system can give a recommendation of unknown products from a related pool of halal-certified products based on similarity of product composition. Cosine similarity accuracy is higher than Euclidean Distance and MoreLike"
4,Use of the WHO Nutrient Profile Model for Food Marketing Regulation in Germany: Feasibility and Public Health Implications,2023,Obesity Facts,en,DE,8,10.1159/000534542,D_calidad_open_food_facts,"""Open Food Facts""",OpenAlex,https://openalex.org/W4388688072,,,,"INTRODUCTION: Exposure to marketing for foods high in sugar, salt, and fat is considered a key risk factor for childhood obesity. To support efforts to limit such marketing, the World Health Organization Regional Office for Europe has developed a nutrient profile model (WHO NPM). Germany's Federal Ministry of Food and Agriculture plans to use this model in proposed new food marketing legislation, but it has not yet been tested in Germany. The present study therefore assesses the feasibility and implications of implementing the WHO NPM in Germany. METHODS: We applied the WHO NPM to a random sample of 660 food and beverage products across 22 product categories on the German market drawn from Open Food Facts, a publicly available product database. We calculated the share of products permitted for marketing to children based on the WHO NPM, both under current market conditions and for several hypothetical reformulation scenarios. We also assessed effects of adaptations to and practical challenges in applying the WHO NPM. RESULTS: The median share of products permitted for marketing to children across the model's 22 product categories was 20% (interquartile range (IQR) 3-59%) and increased to 38% (IQR 11-73%) with model adaptations for fruit juice and milk proposed by the German government. With targeted reformulation (assuming a 30% reduction in fat, sugar, sodium, and/or energy), the share of products permitted for marketing to children increased substantially (defined as a rela"
4,Revisiting named entity recognition in food computing: enhancing performance and robustness,2024,Artificial Intelligence Review,en,"ES,JP",8,10.1007/s10462-024-10834-y,C_extraccion_desde_ingredientes,"""named entity recognition"" food ingredients",OpenAlex,https://openalex.org/W4401486023,,,,"In the ever-evolving domain of food computing, named entity recognition (NER) presents transformative potential that extends far beyond mere word tagging in recipes. Its implications encompass intelligent recipe recommendations, health analysis, and personalization. Nevertheless, existing NER models in food computing encounter challenges stemming from variations in recipe input standards, limited annotations, and dataset quality. This article addresses the specific problem of ingredient NER and introduces two innovative models: SINERA , an efficient and robust model, and SINERAS , a semi-supervised variant that leverages a Gaussian Mixture Model (GMM) to learn from untagged ingredient list entries. To mitigate issues associated with data quality and availability in food computing, we introduce the ARTI dataset, a diverse and comprehensive repository of ingredient lines. Additionally, we identify and tackle a pervasive challenge—spurious correlations between entity positions and predictions. To address this, we propose a set of data augmentation rules tailored for food NER. Extensive evaluations conducted on the ARTI dataset and a revised TASTEset dataset underscore the performance of our models. They outperform several state-of-the-art benchmarks and rival the BERT model while maintaining smaller parameter sizes and reduced training times."
4,"Mixture Design and Response Surface Analysis of Densification of Silicon Carbide Ceramics with (SiO
                    <sub>2</sub>
                    –Dy
                    <sub>2</sub>
                    O
                    <sub>3</sub>
                    –Al
                    <sub>2</sub>
                    O
                    <sub>3</sub>
                    ) Additives",2010,International Journal of Applied Ceramic Technology,en,,6,10.1111/j.1744-7402.2009.02358.x,B_aditivos_envasados_mx,"""food additives"" ""packaged food supply""",Crossref,https://doi.org/10.1111/j.1744-7402.2009.02358.x,,,," 
                    Statistical mixture designs are used to systematically study the densification properties of silicon carbide (SiC) ceramics sintered with SiO
                     2 
                    , Dy
                     2 
                    O
                     3 
                    , and Al
                     2 
                    O
                     3 
                    . Mixture models for percentage theoretical density and SiC weight loss as a function of the SiO
                     2 
                    , Dy
                     2 
                    O
                     3 
                    , and Al
                     2 
                    O
                     3 
                    oxide proportions have been determined and validated by analysis of variance. The results indicate a region confined by about 0–20 mol% silica, 50–65 mol% dysprosia, and 40–65 mol% alumina, with all samples containing 10% by volume of additives, and simultaneously maximization of density values and minimization of weight loss during SiC‐based ceramic sintering.
                   "
4,All the Colors of the Rainbow: Synthetic Dyes in US Packaged Foods and Beverages in 2020,2025,Journal of the Academy of Nutrition and Dietetics,en,"AU,US,ZA",6,10.1016/j.jand.2025.05.007,A_colorantes_mercado_mx,"""synthetic dyes"" ""packaged foods""",OpenAlex,https://openalex.org/W4411590498,,,,
4,Demonstration of Segmental Arrangement of Thoracic Spinal Motor Neurons Using Lipophilic Dyes,2010,Developmental Neuroscience,en,,6,10.1159/000111676,A_colorantes_mercado_mx,"""synthetic dyes"" ""packaged foods""",Crossref,https://doi.org/10.1159/000111676,,,," Unlike the afferent input into the spinal cord, it is generally believed that the motor efferent system in the mammalian spinal cord is more segmental in arrangement. Isolated comments in recent reports suggest that motor neurons in the mammalian spinal cord may be strictly segmental, contrary to many earlier reports using less sophisticated methods. We have attempted to address the question of the segmental arrangement of motor neurons in a mammalian spinal cord using single and double labelling with the fluorescent lipophilic dyes, Di I and Di A. These dyes have the ability to diffuse along and stain the plasma membrane of the neural elements in aldehyde-fixed specimens. Sprague-Dawley rat fetuses and early postnatal pups were used. The study was conducted on the thoracic spinal cord. The results confirm that thoracic spinal motor neurons are restricted to the segments from which their axons exit via the ventral roots in the intrauterine stages of development. The segmental arrangement of motor neurons in the thoracic spinal cord corresponded well with that of the sympathetic preganglionic neurons which were stained simultaneously. "
4,"Novel Insights into Torrefacto and Natural Coffee Silverskin: Composition, Bioactivity, Safety, and Environmental Impact for Sustainable Food Applications",2025,Foods,en,"ES,UY",6,10.3390/foods14193388,E_sustitucion_natural_sintetico,"""clean label"" colorants reformulation",OpenAlex,https://openalex.org/W4414655498,,,,"Coffee silverskin (CS), the principal solid by-product from coffee roasting, is a promising raw material for sustainable food applications aligned with circular economy principles. Due to its high flammability at roasting temperatures, effective management of CS is not only an environmental but also a safety concern in coffee processing facilities. To the best of our knowledge, this is the first study evaluating the chemical composition, bioactivity, safety, and environmental impact of torrefacto (CT) and natural (CN) coffee silverskin. CT (from Arabica–Robusta blends subjected to sugar-glazing) and CN (from 100% Arabica) were characterized in terms of composition and function. Oven-dried CT showed higher levels of caffeine (13.2 ± 0.6 mg/g vs. 8.7 ± 0.7 mg/g for CN), chlorogenic acid (1.34 ± 0.08 mg/g vs. 0.92 ± 0.06 mg/g), protein (18.1 ± 0.2% vs. 16.7 ± 0.2%), and melanoidins (14.9 ± 0.3 mg/g vs. 9.6 ± 0.2 mg/g), but CN yielded more total phenolics (13.8 ± 0.6 mg GAE/g). Both types exhibited strong antioxidant capacity (ABTS: 48.9–59.2 µmol TE/g), and all oven-dried samples met food safety criteria (microbial loads below 102 CFU/g, moisture 7.9%). Oven drying was identified as the most industrially viable, ensuring preservation of bioactives and resulting in a 19% lower greenhouse gas emissions impact compared to freeze-drying. Sun drying was less reliable microbiologically. The valorization of oven-dried CT as a clean-label, antioxidant-rich colorant offers clear potentia"
4,Information Extraction from Product Labels: A Machine Vision Approach,2024,International Journal of Artificial Intelligence & Applications,en,US,6,10.5121/ijaia.2024.15204,D_calidad_open_food_facts,"""Open Food Facts""",OpenAlex,https://openalex.org/W4394825039,,,,"This research tackles the challenge of manual data extraction from product labels by employing a blend of computer vision and Natural Language Processing (NLP). We introduce an enhanced model that combines Convolutional Neural Networks (CNN) and Recurrent Neural Networks (RNN) in a Convolutional Recurrent Neural Network (CRNN) for reliable text recognition. Our model is further refined by incorporating the Tesseract OCR engine, enhancing its applicability in Optical Character Recognition (OCR) tasks. The methodology is augmented by NLP techniques and extended through the Open Food Facts API (Application Programming Interface) for database population and text-only label prediction. The CRNN model is trained on encoded labels and evaluated for accuracy on a dedicated test set. Importantly, our approach enables visually impaired individuals to access essential information on product labels, such as directions and ingredients. Overall, the study highlights the efficacy of deep learning and OCR in automating label extraction and recognition."
4,Analysis of solvent dyes in refined petroleum products by electrospray ionization mass spectrometry,2010,Fuel,en,,5,10.1016/j.fuel.2009.09.011,A_colorantes_mercado_mx,"""synthetic dyes"" ""packaged foods""",Crossref,https://doi.org/10.1016/j.fuel.2009.09.011,,,,
4,Fuentes ocultas de fósforo: presencia de aditivos con contenido en fósforo en los alimentos procesados,2013,Diálisis y Trasplante,es,,4,10.1016/j.dialis.2013.06.001,B_aditivos_envasados_mx,"""aditivos alimentarios"" preenvasados",Crossref,https://doi.org/10.1016/j.dialis.2013.06.001,,,,
4,Uso de aditivos na biodegradação de madeira pelo fungo Ceriporiopsis subvermispora: efeito na peroxidação de lipídios dependente de manganês-peroxidase,2012,Química Nova,en,,4,10.1590/s0100-40422012000600007,B_aditivos_envasados_mx,"""aditivos alimentarios"" preenvasados",Crossref,https://doi.org/10.1590/s0100-40422012000600007,,,,
4,Application of the WHO Nutrient Profile Model to products on the German market: Implications for proposed new food marketing legislation in Germany,2023,medRxiv,en,DE,3,10.1101/2023.04.24.23288785,D_calidad_open_food_facts,"""Open Food Facts""",OpenAlex,https://openalex.org/W4367059175,,,,"Abstract Background Exposure to marketing for foods high in sugar, salt, and fat is considered a key risk factor for childhood obesity. To support efforts to limit such marketing, the World Health Organization Regional Office for Europe has developed a nutrient profile model (WHO NPM). Germany’s Federal Ministry of Food and Agriculture plans to use this model in proposed new legislation on food marketing directed towards children, but the model has not yet been tested on products on the German market. Against this backdrop, the present paper aims to assess the feasibility and implications of implementing the WHO NPM in Germany. Methods We applied the WHO NPM to a random sample of 660 food and beverage products across 22 product categories on the German market drawn from Open Food Facts, a publicly available product database. We calculated the share of products permitted for marketing to children based on the WHO NPM’s nutrient and ingredient criteria, both under current market conditions and for several hypothetical reformulation scenarios. We also assessed effects of adaptations to and practical challenges in applying the WHO NPM. Results The median share of products permitted for marketing to children across the model’s 22 product categories was 20% (interquartile range (IQR) 3-59%) and increased to 38% (IQR 11-73%) with model adaptations for fruit juice and milk proposed by Germany’s Federal Ministry of Food and Agriculture. With targeted reformulation (assuming a 30% redu"
4,Quantitative differentiation of dyes with overlapping one-photon spectra by femtosecond pulse-shaping,2010,Journal of Luminescence,en,,3,10.1016/j.jlumin.2009.07.014,A_colorantes_mercado_mx,"""synthetic dyes"" ""packaged foods""",Crossref,https://doi.org/10.1016/j.jlumin.2009.07.014,,,,
4,Degradabilidade in situ das silagens de variedades de cana-de açúcar com aditivos,2014,Archivos de Zootecnia,en,,3,10.4321/s0004-05922014000100017,B_aditivos_envasados_mx,"""aditivos alimentarios"" preenvasados",Crossref,https://doi.org/10.4321/s0004-05922014000100017,,,,
4,Pilot Research on Improving Consumer Health Literacy in Food Labels by Measuring the Prevalence & Occurrence of Similar Ingredients,2021,2021 IEEE International Conference on Bioinformatics and Biomedicine (BIBM),en,US,2,10.1109/bibm52615.2021.9669591,D_calidad_open_food_facts,"""Open Food Facts""",OpenAlex,https://openalex.org/W4206751866,,,,"Food labels on packaged foods should be consistent, correct, and helpful. However, they contain irregularities, including misspellings and different terms used to characterize the same ingredient. We created distribution graphs of ingredients with the highest occurrences from two databases, USDA FoodData Central and Open Food Facts, and prevalence scripts to compare the proportion of ingredients with their synonyms. Consumers with food allergies, intolerances, or mindful of their health will be informed of these alternative terms and less at risk for health problems. This will also bring awareness to the inconsistencies of food labels, thus improving the health literacy of consumers."
4,Complementary roles of Nutri-Score and NOVA in assessing pre-packaged food products available in Southeast Asia from an online food database,2026,Exploration of Foods and Foodomics,en,"IT,PH",1,10.37349/eff.2026.1010171,D_calidad_open_food_facts,"""Open Food Facts""",OpenAlex,https://openalex.org/W7165877801,,,,"Aim: This study characterized pre-packaged foods in Southeast Asia using Nutri-Score, NOVA, and Multiple Traffic Light systems; cross-classified products by Nutri-Score and NOVA; and assessed their ability to discriminate products by nutrient content. Methods: Data were obtained from Open Food Facts in October 2024. Of 29,789 products identified in Southeast Asia, duplicates and products with incomplete information were excluded, resulting in 4,668 pre-packaged food products from eight Southeast Asian countries. Salt, sugar, total fat, and saturated fat contents were evaluated using the Multiple Traffic Light system. Nutri-Score data were available for 4,565 products, while 2,068 products had complete information for both Nutri-Score and NOVA and were included in cross-classification analysis. Spearman correlation analyses examined relationships among Nutri-Score, NOVA, and nutrient profiles. Results: Most products were of lower nutritional quality, with 52% classified as Nutri-Score D or E and 71% categorized as ultra-processed (NOVA 4). Multiple Traffic Light classification showed that beverages and sweet products had the highest proportion high in sugar, while beverages, cereals, and dish meals were most frequently high in salt. Sweets and snacks were the main contributors to products high in total fat and saturated fat. Cross-classification showed that as Nutri-Score decreased from A to E, the prevalence of ultra-processed foods consistently increased, while NOVA 1 became"
4,Measures of Reading Ease and NOVA Food Processing Classification on Ingredients Lists in the United States,2024,,en,US,1,10.1109/ichi61247.2024.00033,D_calidad_open_food_facts,"""Open Food Facts""",OpenAlex,https://openalex.org/W4401753688,,,,"Recent literature has focused on how consumers perceive and understand the composition and production of ultra-processed foods, finding need for clear and transparent food product labeling and public nutrition campaigns as increased intake of ultra-processed foods and drinks has been associated with adverse health outcomes. The NOVA system classifies foods into 4 groups, where NOVA 1 foods are raw or minimally processed and NOVA 4 foods are considered “ultra-processed”. To this end, the objective of this work is to determine if there is a relationship between NOVA classification groups for food processing and metrics of reading ease using ingredients lists. Reading ease metrics (syllables per ingredient, complex word count) were measured on the ingredients lists of food products by NOVA classification from the Open Food Facts database. NOVA 4 group food products were found to have ingredients lists that were longer, had more syllables, and had more complex words than other NOVA groups. The results of this work indicate that measures of reading ease could be further explored as a means for food product producers to understand how consumers may perceive their products and use them in their personal health pursuits. Further, the results of this study indicate that more analysis is needed to understand the semantic breakdown of text used in food product labeling."
4,Information Extraction from Product Labels: A Machine Vision Approach,2024,,en,US,1,10.5121/csit.2024.141419,D_calidad_open_food_facts,"""Open Food Facts""",OpenAlex,https://openalex.org/W4402354585,,,,"This research tackles the challenge of manual data extraction from product labels by employing a blend of computer vision and Natural Language Processing (NLP). We introduce an enhanced model that combines Convolutional Neural Networks (CNN) and Recurrent Neural Networks (RNN) in a Convolutional Recurrent Neural Network (CRNN) for reliable text recognition. Our model is further refined by incorporating the Tesseract OCR engine, enhancing its applicability in Optical Character Recognition (OCR) tasks. The methodology is augmented by NLP techniques and extended through the Open Food Facts API (Application Programming Interface) for database population and text-only label prediction. The CRNN model is trained on encoded labels and evaluated for accuracy on a dedicated test set. Importantly, our approach enables visually impaired individuals to access essential information on product labels, such as directions and ingredients. Overall, the study highlights the efficacy of deep learning and OCR in automating label extraction and recognition."
4,Reach and public health implications of proposed new food marketing regulation in Germany: an updated analysis,2023,medRxiv,en,"CH,DE",1,10.1101/2023.11.08.23298259,D_calidad_open_food_facts,"""Open Food Facts""",OpenAlex,https://openalex.org/W4388519161,,,,"Abstract Introduction Advertising of unhealthy foods to children is a key public health concern as exposure to such advertising has been shown to adversely affect children’s food preferences, choices, purchases and intake. The proposed Children’s Food Advertising Act (Kinder-Lebensmittel-Werbegesetz or KLWG) in Germany aims to regulate such marketing by using an adapted version of the World Health Organization Regional Office for Europe Nutrient Profile Model (WHO NPM). Since the first announcement of the proposed new legislation in February 2023, several revisions to the proposed law have been made. In the present study, we evaluate the reach and public health implications of the planned law’s latest draft proposed in June 2023, updating a previously published analysis of the initial proposal. Methods Our analysis is based on a dataset from the open-source online database Open Food Facts, comprising 660 food products randomly selected from the German market. We assigned these products to the 22 food and beverage categories covered the WHO NPM. We then applied the nutrient and ingredient thresholds of the the June 2023 version of the KLWG to this sample to assess the share of products permitted for marketing to children under the proposed legislation. Results Applying the adjustments from the June 2023 KLWG version increased the proportion of products allowed for marketing to children in three product categories, namely plant-based milks (from 70% to 73%), yogurt and cream (f"
4,ADITIVOS NO PROCESSO DE ENSILAGEM,2010,Revista Brasileira de Engenharia de Biossistemas,pt,,1,10.18011/bioeng2010v4n3p175-183,B_aditivos_envasados_mx,"""aditivos alimentarios"" preenvasados",Crossref,https://doi.org/10.18011/bioeng2010v4n3p175-183,,,," O objetivo desta revisão foi relacionar os diferentes tipos de aditivos utilizados para ensilagem, seus efeitos e formas de utilização. O processo de ensilagem visa a boa conservação da cultura para utilizar com animais confinados em períodos de alimentação escassa, e para um melhor aproveitamento do material ensilado, o uso de aditivos é necessário. Dentre os aditivos destacam-se os estimuladores da fermentação, os inibidores da fermentação, os estimuladores da estabilidade aeróbia e os nutrientes. A decisão sobre qual aditivo usar dependerá principalmente do custo de utilização e a relação deste com os benefícios alcançados. "
4,Estudio de pre factibilidad comercial para el cultivo de stevia dirigido al mercado externo,2014,,es,,1,,B_aditivos_envasados_mx,"""food additives"" ""Latin America""",OpenAlex,https://openalex.org/W2354268762,,,,"The market mainly Stevia can be divided into three groups:The largest market for Stevia is currently the food industry and the beverage, mainly as a sweetener and flavoring.The healthcare market is second in order of importance.In the third, are the byproducts formed by the remains of the plant once the leaves have been selected for the tea industry or mining.The 70% of the total world production of Stevia is used to extract crystals called stevioside and Rebaudosidos-A, while 30% is intended for herbal uses.One of the limitations of market growth and atonement and cultivation of Stevia is that it has always been subject to a regulatory framework and this determined their economic performance. Your marketing is more limited when it is regulated as a dietary supplement, and is larger when it is defined as a food additive, including sweeteners.Note that the food and beverage industry is one of the most regulated in the world. It is not surprising that Stevia is experiencing barriers to growth, especially as a natural sweetener certificate. The way to improve the competitiveness of Stevia is to meet the regulatory and try that countries generally allowed as a food additive and it can be used as a natural sweetener.Scientific studies support the use of Stevia are available in Japan, Brazil, Denmark and other countries. Approximately 1 500 scientific research has resulted only in Japan who have a comprehensive approach and try to use the whole plant, not only the blade, through a "
4,AVALIAÇÃO DE ADITIVOS UTILIZADOS PARA AUMENTO DA EFICIÊNCIA NUTRICIONAL NA BOVINOCULTURA,2014,Revista Brasileira de Engenharia de Biossistemas,pt,,1,10.18011/bioeng2014v8n3p250-254,B_aditivos_envasados_mx,"""aditivos alimentarios"" preenvasados",Crossref,https://doi.org/10.18011/bioeng2014v8n3p250-254,,,," Atualmente o setor pecuário necessita e exige eficiência de sistemas produtivos para garantir uma maior competitividade e rentabilidade, tais como a criação racional de bovinos para alcançar uma maior eficiência na produção de alimentos, principalmente carne e leite. Serão abordados neste breve estudo os aspectos fundamentais na nutrição de ruminantes em relação à microbiota do rúmen e a utilização de diferentes aditivos para aperfeiçoar o balanço nutricional da produção de bovinos de corte. "
4,Psoriasis tras contacto con guantes de goma en un paciente sensibilizado a los aditivos de las gomas,2010,Actas Dermo-Sifiliográficas,es,,1,10.1016/j.ad.2010.02.015,B_aditivos_envasados_mx,"""aditivos alimentarios"" preenvasados",Crossref,https://doi.org/10.1016/j.ad.2010.02.015,,,,
4,Prevalence and impact of dye adulteration in toffee consumption: A case study on mildly acute or acute toxicity affecting the population in misbranded toffee and candy consumption; an occupational health study report and branding strategies in marketing n,2025,Journal of Toxicological Studies,en,IN,1,10.59400/jts1570,A_colorantes_mercado_mx,"""food dyes"" prevalence",OpenAlex,https://openalex.org/W4407398949,,,,"Advancements in toxicological research have led to the development of several innovative methods for assessing the safety and potential risks of chemicals and toxic substances. This study investigates the prevalence and health implications of dye adulterants in toffees in excess amount from various brands distributed during a corporate year-end evaluation in Navi Mumbai, New Bombay 2015. The research employs random and stratified sampling methodologies to ensure a comprehensive analysis of the market. Laboratory tests reveals that dye X is present in 100% of samples from each brand, contradicting the natural flavour labels. Descriptive statistics indicate variations in dye concentration among brands, and ANOVA results demonstrate statistically significant differences in mean dye concentrations. Despite the presence of dye X across all brands, the chi-square test does not show a significant association between dye presence and brand at a 0.05 significance level. Employees reported adverse health effects, including dysuria, fatigue, and cardiovascular disturbances, after consuming the toffees, and tea. These findings highlight the need for stringent regulatory measures and consumer awareness to ensure food safety and mitigate health risks associated with food dye adulteration. The primary focus of this research study was to advance new methodologies for health monitoring and toxicology analysis that minimise large-scale disruptions. It aimed to foster innovation in medical scie"
4,“A Machine Learning Approach to Assessing Packaged Food Healthiness and Recommending Healthier Alternatives via Mobile Application”,2025,INTERANTIONAL JOURNAL OF SCIENTIFIC RESEARCH IN ENGINEERING AND MANAGEMENT,en,,1,10.55041/ijsrem50301,D_calidad_open_food_facts,openfoodfacts,OpenAlex,https://openalex.org/W4411315893,,,,"Abstract - This research presents an AI-powered Android application designed to assess the healthiness of packaged food products and offer healthier alternatives based on nutritional data. Users can scan barcodes to retrieve product information via the OpenFoodFacts API, including details such as sugar, fat, and salt content. The application evaluates these values using a machine learning model, predicting a health score out of 100. A key innovation of this system is its ability to recommend alternative products that score higher in health value, aligning with the user's dietary preferences and wellness goals. The backend is powered by Firebase for real-time data storage and user authentication, while barcode scanning is implemented using Google ML Kit. A custom ML model hosted via Flask provides score predictions dynamically. This mobile solution bridges the gap between consumer convenience and nutritional awareness, aiming to promote informed food choices and healthier consumption habits through intuitive technology integration. Key Words: machine learning, barcode scanner, packaged food, food health assessment"
4,Impact of Diet and Nutritional Factors in Controlling Type 2 Diabetes Through Machine Learning,2023,,en,IN,1,10.1109/nelex59773.2023.10421052,D_calidad_open_food_facts,openfoodfacts,OpenAlex,https://openalex.org/W4391894089,,,,"Diabetes mellitus poses a significant challenge globally, necessitating an urgent need for effective solutions that deviate from the conventional route of medication. It is one of the world's leading causes of mortality yet taken less seriously in comparison with other similar life-threatening diseases. The standard approach of medications for diabetes involves receiving prescribed drugs such as synthetic insulin, which pose adverse negative effects on the body over time. Hence, it is crucial to challenge the notion that this approach is the only available treatment option. With a focus on glycaemic index (GI) and ketosis, this research proposes a model to determine the suitability of food items for diabetic patients and hence evaluate its healthiness. This can help people formulate their own personalized meal plans. The existing scientific research of how low GI foods can help promote ketosis and how it is the recommended type of nutrition for diabetic patients is used. Utilizing data from Openfoodfacts, a dataset of 625 records was preprocessed and analyzed, revealing key features influencing the glycaemic index. Through a machine learning model, this research aims to predict the GI value for any food item as closely as possible. By testing various classifiers, including Random Forest, K Neighbors, and Decision Tree models, we achieved an optimal accuracy of 99.5% with the Random Forest Classifier. Our research highlights the need for a shift from medication-centric approac"
4,Smart Packaging of Temperature and Light Susceptible Product with Purple Sweet Potato (Ipomoea batatas L.) Indicator Label,2021,"International Conference Health, Science And Technology (ICOHETECH)",en,ID,1,,A_colorantes_mercado_mx,"""food colorants"" ""packaged food""",OpenAlex,https://openalex.org/W3195665910,,,,"The main role of packaging in the food industry is to preserve and protect products from external contamination such as light, heat, oxygen, moisture, microorganisms, and others. Product shelf life can be increased by reducing the risk of contamination from microbes, especially for products that are vulnerable to temperature and light such as pasteurized milk. Consumers generally evaluate the quality and freshness of packaged foods through the shelf life printed on the package. Still, for some products, the shelf life date is not enough to evaluate the quality and freshness of the food. In this regard, using the color indicator packaging has been found to be an innovative and smart process for detecting, tracking and protecting the quality of food, and it turns out to be an ultimate tool for safe and convenient food packaging. Smart packaging can show the color change of the packaging film according to the state of the food and evaluate the quality or freshness of the packaged food in real-time, is increasing. Anthocyanins, a family of polyphenol-based flavonoids, are natural colorants that reflect light from red to blue in the visible spectrum. Recently, studies on anthocyanins are rapidly increasing as an alternative to toxic synthetic food colorants due to their excellent functional properties. Anthocyanin’s pH dependent color change properties are very important in that it can monitor food quality, indicate the shelf life of food, increase consumer interest in food, and e"
4,Application of Microbial Pigments in the Food Industry,2024,,en,,0,10.1201/9781003353980-4,A_colorantes_mercado_mx,"""food colorants"" ""packaged food""",OpenAlex,https://openalex.org/W4390534577,,,,"Color is a crucial sensory parameter that can distinguish between a food product’s appeal, acceptability, and interest with ease. In essence, it affects whether a food product is first accepted or rejected. The color of a product is determined by pigments. The avoidance of synthetic colorants by consumers has prompted the food industry to switch to natural pigments. Microbial pigments provide intriguing substitutes to synthetic pigments for various applications as they decompose more quickly and are more environmentally friendly. Fungi, microalgae, and bacteria are well known for producing a variety of naturally occurring pigments that differ noticeably in their chemical compositions, functions, stability, and solubility. Depending on their chemical arrangements, natural occurrence, and functional properties, they can be divided into different categories, such as derivatives of flavonoids, pyrroles, carotenoids, etc. The main pigments found in microbial sources that are used as food colorants are riboflavin, violacein, β-carotene, phycocyanin, canthaxanthin, prodigiosin, melanin, astaxanthin, and lycopene. The chemical structure of microbial pigments and the relationship between their structure and function require future investigations. This chapter describes the microbial food pigments applied in the food industry including dairy, bakery, and packaged foods."
4,Utilisation de colorants pour le dépistage de la pénicilline dans le lait,2010,Pathologia et Microbiologia,en,,0,10.1159/000161317,A_colorantes_mercado_mx,"""food colorants"" ""packaged food""",Crossref,https://doi.org/10.1159/000161317,,,,
4,INTEGRATING FUZZY LOGIC PROCEDURE FOR SIGNAL VALIDATIONS: MALTA COLORING AS STUDY CASE,2010,Journal of Food Process Engineering,en,,0,10.1111/j.1745-4530.2008.00257.x,A_colorantes_mercado_mx,"""food colorants"" ""packaged food""",Crossref,https://doi.org/10.1111/j.1745-4530.2008.00257.x,,,,"  ABSTRACT    In this study, the use of fuzzy logic for signal validation is introduced. This tool uses the sensor readings at the current time step to predict system state at the next time step using observers. The deviation between the sensor reading and the model prediction rises, leading to fault detection and isolation. The fault is accommodated by replacing the reading of the faulty sensor by the model prediction. The results presented in this article demonstrate that a simple scheme can carry out sensor fault detection, isolation and accommodation using a fuzzy rule‐based system based on experience of an operator into heuristics. Although the method lacks the mathematical basis that other analytical methods provide, this method is simple, effective and useful.      PRACTICAL APPLICATIONS  The coloring process has to be controlled and monitored carefully because if the color of the MALTA is not adequate, then the MALTA has to be recycled to another unit (dilution unit) where the colorant is eliminated. This recycling process uses delay around 3 working days, and the economic impact is high. The validation of signal and reduction of fault sensor contribute to the reduction of the recycling process. In this study, the incorporation of fuzzy logic in the treatment of sensor signal represents a significant factor in the improvement of MALTA production units.  "
4,Boron nitride -molybdenum disulfide nanocomposite as electrochemical sensor for the nanomolar level detection of synthetic dye–sunset yellow in soft drinks,2026,Electrochimica Acta,en,IN,0,10.1016/j.electacta.2026.149525,A_colorantes_mercado_mx,"""synthetic dyes"" ""packaged foods""",OpenAlex,https://openalex.org/W7168163974,,,,
4,Central Fitness: Desarrollo de una aplicación web para la gestión nutricional y deportiva mediante una arquitectura desacoplada basada en Symfony y React,2026,Archivo Digital UPM (Universidad Politécnica de Madrid),es,,0,,D_calidad_open_food_facts,openfoodfacts,OpenAlex,https://openalex.org/W7167560202,,,,"El Trabajo de Fin de Grado realizado consiste en el desarrollo e implementación de una aplicación web cuyo objetivo es centralizar en una única herramienta la medición del progreso en el ámbito deportivo y nutricional. La plataforma permite al usuario medir su progreso de forma autónoma y precisa mediante una arquitectura desacoplada. Se divide en dos secciones principales: un módulo de actividad física para el registro de las sesiones de entrenamiento realizadas y un módulo de nutrición destinado a registrar los alimentos consumidos diariamente. Este último módulo permite al usuario comparar el consumo diario con los objetivos nutricionales definidos previamente, es decir, la cantidad de calorías a consumir y el porcentaje de cada macronutriente: proteína, carbohidratos y grasa. Respecto a las tecnologías empleadas, el Front-End se ha desarrollado con React 19 utilizando el enfoque Single Page Application (SPA) empleando componentes shadcn/ui y Tailwind CSS para darle un aspecto minimalista y profesional. Además, se utiliza Vite como herramienta de compilación para mejorar la experiencia de desarrollo. En el Back-End se ha optado por Symfony 7 utilizando MariaDB como base de datos relacional. La seguridad y comunicación del sistema se gestiona mediante una API REST propia protegida con JWT (JSON Web Token). Para optimizar la experiencia de usuario en el módulo de nutrición, se ha incorporado de forma complementaria la API externa de OpenFoodFacts, permitiendo la búsqueda de "
4,Data Acquisition and Ingredient Extraction: Building a Vocabulary of What India's Packaged Food Labels Actually Say,2026,Zenodo (CERN European Organization for Nuclear Research),en,US,0,10.5281/zenodo.19454090,D_calidad_open_food_facts,openfoodfacts,OpenAlex,https://openalex.org/W7151627966,,,,"Indian packaged food labels do not share a common ingredient vocabulary. The same substance appears under regional names, transliterations, INS (International Numbering System) codes, and brand-specific terms --- sometimes across labels from the same manufacturer. No reference layer exists that maps these expressions to shared identities. This report documents the construction of a first ingredient variant corpus from two sources: 896 directly sampled products collected from verified Indian market listings, and English ingredient strings from OpenFoodFacts filtered to rows with a traceable Indian product name. Both sets were processed through a constrained parsing pipeline --- one atomic operation per API call, temperature set to 0, explicit failure rather than approximation when data was unavailable. After combining both sources and iterative cleaning, the corpus contains 2,291 unique ingredient variant strings. These variants are not noise to eliminate. They are documentation of how ingredient identity is expressed in practice across Indian commercial food labels. The question of which variants refer to the same ingredient --- and by what logic --- is addressed in EMF Model [@arIdentityTransformationFunction2026]."
4,Data Acquisition and Ingredient Extraction: Building a Vocabulary of What India's Packaged Food Labels Actually Say,2026,Zenodo (CERN European Organization for Nuclear Research),en,US,0,10.5281/zenodo.19454089,D_calidad_open_food_facts,openfoodfacts,OpenAlex,https://openalex.org/W7151477464,,,,"Indian packaged food labels do not share a common ingredient vocabulary. The same substance appears under regional names, transliterations, INS (International Numbering System) codes, and brand-specific terms --- sometimes across labels from the same manufacturer. No reference layer exists that maps these expressions to shared identities. This report documents the construction of a first ingredient variant corpus from two sources: 896 directly sampled products collected from verified Indian market listings, and English ingredient strings from OpenFoodFacts filtered to rows with a traceable Indian product name. Both sets were processed through a constrained parsing pipeline --- one atomic operation per API call, temperature set to 0, explicit failure rather than approximation when data was unavailable. After combining both sources and iterative cleaning, the corpus contains 2,291 unique ingredient variant strings. These variants are not noise to eliminate. They are documentation of how ingredient identity is expressed in practice across Indian commercial food labels. The question of which variants refer to the same ingredient --- and by what logic --- is addressed in EMF Model [@arIdentityTransformationFunction2026]."
4,"BFIT: An Intelligent AI-Driven Android Framework for Personalized Fitness Planning, Nutrition Tracking, and Adaptive Coaching Using On-Device Machine Learning",2026,Zenodo (CERN European Organization for Nuclear Research),en,,0,10.5281/zenodo.20785150,D_calidad_open_food_facts,openfoodfacts,OpenAlex,https://openalex.org/W7165488636,,,,"the global rise in lifestyle-related diseases has intensified the demand for intelligent, accessible, and personalized digital health interventions. While numerous mobile fitness applications exist, the majority suffer from critical limitations: rigid meal logging workflows, absence of real-time AI coaching, poor offline functionality, and a lack of integration between nutrition tracking, physical planning, and behavioral feedback. This paper presents BFIT, a novel AI-driven Android application that addresses these deficiencies through a unified, modular framework combining on-device machine learning, large language model (LLM)-based conversational coaching, and a hybrid local-cloud data architecture. The system integrates Google ML Kit for real-time barcode-based nutrition scanning and image-based meal recognition, the Gemini Generative AI SDK for context-aware dietary and fitness coaching, and a dual-layer persistence model using Room (local) and Firebase Firestore (cloud). A BMI-driven personalized planner generates user-specific bulk, lean, or maintenance programs. Preliminary functional evaluation demonstrates that BFIT achieves accurate product nutrition retrieval via OpenFoodFacts API integration, responsive AI coaching interactions, and reliable weekly progress analytics through structured weight logging and MPAndroidChart visualizations. The proposed architecture establishes a reproducible blueprint for the next generation of intelligent mHealth applications."
4,"BFIT: An Intelligent AI-Driven Android Framework for Personalized Fitness Planning, Nutrition Tracking, and Adaptive Coaching Using On-Device Machine Learning",2026,Zenodo (CERN European Organization for Nuclear Research),en,,0,10.5281/zenodo.20785151,D_calidad_open_food_facts,openfoodfacts,OpenAlex,https://openalex.org/W7165487402,,,,"the global rise in lifestyle-related diseases has intensified the demand for intelligent, accessible, and personalized digital health interventions. While numerous mobile fitness applications exist, the majority suffer from critical limitations: rigid meal logging workflows, absence of real-time AI coaching, poor offline functionality, and a lack of integration between nutrition tracking, physical planning, and behavioral feedback. This paper presents BFIT, a novel AI-driven Android application that addresses these deficiencies through a unified, modular framework combining on-device machine learning, large language model (LLM)-based conversational coaching, and a hybrid local-cloud data architecture. The system integrates Google ML Kit for real-time barcode-based nutrition scanning and image-based meal recognition, the Gemini Generative AI SDK for context-aware dietary and fitness coaching, and a dual-layer persistence model using Room (local) and Firebase Firestore (cloud). A BMI-driven personalized planner generates user-specific bulk, lean, or maintenance programs. Preliminary functional evaluation demonstrates that BFIT achieves accurate product nutrition retrieval via OpenFoodFacts API integration, responsive AI coaching interactions, and reliable weekly progress analytics through structured weight logging and MPAndroidChart visualizations. The proposed architecture establishes a reproducible blueprint for the next generation of intelligent mHealth applications."
4,DETEKSI KEHALALAN BAHAN MAKANAN PADA PRODUK KEMASAN MENGGUNAKAN OPTICAL CHARACTER RECOGNITION (OCR) DAN MULTI-LAYER PERCEPTRON (MLP),2025,Digital Repository Universitas Negeri Medan (Universitas Negeri Medan),en,ID,0,,D_calidad_open_food_facts,openfoodfacts,OpenAlex,https://openalex.org/W7171757340,,,,"Kehalalan bahan makanan pada produk kemasan merupakan aspek kritis bagi konsumen Muslim. Namun, informasi komposisi pada label sering kali disajikan dalam format yang beragam, sehingga menyulitkan identifikasi status halal secara manual. Penelitian ini bertujuan untuk mendeteksi kehalalan pada produk makanan kemasan dengan mengintegrasikan Optical Character Recognition (OCR) untuk ekstraksi teks dan Multi-Layer Perceptron (MLP) untuk klasifikasi. Dataset sebanyak 55149 data komposisi produk dikumpulkan dari berbagai sumber seperti OpenFoodFacts dan Kaggle, yang kemudia melalui tahap prapemprosesan teks (case folding, stopword removal) dan pelabelan otomatis menjadi kelas halal atau haram berdasarkan daftar bahan haram dari sumber resmi internasional. Teks komposisi yang telah dibersihkan diubah menjadi representasi numerik menggunakan TF-IDF (Term Frequency-Inverse Document Frequency) sebelum diproses oleh model MLP. Arsitektur terbaik adalah MLP dengan dua lapisan tersembunyi berisi 16 dan 8 neuron, dengan optimizer Adam dan fungsi binary cross-entropy. Hasil evaluasi menunjukkan performa yang konsisten di berbagai skenario pembagian dataset (80:20, 70:30, 60:40), dengan akurasi, presisi, recall, dan F1-Score mencapai 94-95%. Hasil ini menunjukkan bahwa kombinasi OCR dan MLP mampu memberikan solusi otomatis yang efektif dan efisien untuk mendeteksi status halal produk makanan kemasan."
4,"NutritionWise: Converting Nutritional Labels into Personalized, AI-Driven Nutritional Insights",2026,Procedia Computer Science,en,IN,0,10.1016/j.procs.2026.06.394,D_calidad_open_food_facts,openfoodfacts,OpenAlex,https://openalex.org/W7167731771,,,,"NutritionWise: A decoder nutrition label that is an artificial intelligence system that separates the complex information of food labels into easy tailored and practical information for the consumer. NutritionWise is a system that does not solely depend on the basic as is the case of the present systems raw data tracking or extraction, involves multimodal processing (image + text), retrieval- augmented generation (RAG) and large language models so as to provide context-sensitive explanations, health impact predictions and dietary suitability checks. The system uses TrOCR to do high-accuracy optical character recognition, LLaMA-3.2-1B and LLaMA-3-8B to do explanations and conversational support that are friendly to ordinary people, FAISS and SentenceTransformer to perform semantic retrieval and allergen matching. NutritionWise makes personal recommendations depending on databases such as the OpenFoodFacts and the WHO/FDA nutritional guidelines, smart notifications (e.g., high sodium, allergens), and nutrition plans depending on the individual health goals. Experimental analysis shows that the model presents high accuracy in text generation and text retrieval with a BLEU of 0.9758, ROUGE-L of 0.9871 and METEOR of 0.9923 that is almost human-like. A case study on the assessment of diabetic diets further helps to confirm their usefulness in a practical setting. NutritionWise is a large leap towards the right direction of offering customized nutrition counseling with a filter to t"
4,"Efectos aditivos de las combinaciones variables de LPL, APOA5 y APOE en los niveles de triglicéridos e hipertrigliceridemia: resultados del subestudio genético ICARIA",2011,Clínica e Investigación en Arteriosclerosis,es,,0,10.1016/j.arteri.2011.03.004,B_aditivos_envasados_mx,"""aditivos alimentarios"" preenvasados",Crossref,https://doi.org/10.1016/j.arteri.2011.03.004,,,,
4,Extraction of E171 or E172 food additives from sugar-based or lipid-based complex matrices for primary particles identification by electron microscopy,2024,Open Research Europe,en,,0,10.12688/openreseurope.18678.1,C_extraccion_desde_ingredientes,"""ingredient list"" ""food additives"" extraction",OpenAlex,https://openalex.org/W4405526156,,,,"Measurement of primary particle size distributions is fundamental to determining if a material should be classified as a nanomaterial according to the European Commission recommended definition. This is of particular relevance to alimentary products, where current regulation requires that any additives containing nanoforms be explicitly declared as such in the ingredients’ list. Currently, Electron Microscopy is the only instrumental technique able to reliably classify materials as nanomaterials. To verify the nanostatus of a material using this technique, it is essential to firstly extract the additives from the matrix in which they are dispersed, and then measure a wide size distribution while avoiding artefacts from the food matrix. In this operating procedure, extraction protocols, developed and applied for sugar-based or lipid-based food, are described. In particular, case studies for titanium dioxide E171 and iron oxide/iron hydroxide based materials such as E172 are considered. The protocols are based on gentle extraction of the additive materials and could, in principle, be used for other nanomaterials provided they are not soluble in water or ethanol and are resistant to enzymatic reactions. The size distribution of the extracted material can then be determined from images acquired using scanning and/or transmission electron microscopy."
4,"Erratum to “The synthesis and characterization of heterocyclic azo dyes derived from 5-N,N-dialkylamino-2,2′-bithiophene couplers” [Dyes Pigments 83 (2009) 59–65]",2010,Dyes and Pigments,en,,0,10.1016/j.dyepig.2009.09.001,A_colorantes_mercado_mx,"""synthetic dyes"" ""packaged foods""",Crossref,https://doi.org/10.1016/j.dyepig.2009.09.001,,,,
4,Abordando o Tema Alimentos Embutidos por Meio de uma Estratégia de Ensino Baseada na Resolução de Casos: Os Aditivos Alimentares em Foco,2015,Química Nova na Escola,en,,0,10.5935/0104-8899.20150009,B_aditivos_envasados_mx,"""aditivos alimentarios"" preenvasados",Crossref,https://doi.org/10.5935/0104-8899.20150009,,,,
4,Estimación de la incidencia de la hepatitis B en Cataluña mediante modelos aditivos generalizados y su relación con las tasas de inmigración y vacunación,2013,Vacunas,es,,0,10.1016/j.vacun.2013.08.001,B_aditivos_envasados_mx,"""aditivos alimentarios"" preenvasados",Crossref,https://doi.org/10.1016/j.vacun.2013.08.001,,,,
4,Open Food Facts : Acting on the health and environnemental impacts of the food system,2024,TIB KMO / FLOWWORKS GmbH,en,,0,10.5446/71935,D_calidad_open_food_facts,"""Open Food Facts""",OpenAlex,https://openalex.org/W7105962238,,,,
4,Estudo comparativo de metodologias para a determinação do pH em silagens de capim com aditivos seco e nutritivo,2012,Revista Acadêmica: Ciência Animal,en,,0,10.7213/academica.7529,B_aditivos_envasados_mx,"""aditivos alimentarios"" preenvasados",Crossref,https://doi.org/10.7213/academica.7529,,,,
4,"Dietly Food and Nutrition Sample: 5,000 Foods with Calories and Macronutrients",2026,Zenodo (CERN European Organization for Nuclear Research),en,,0,10.5281/zenodo.21434334,D_calidad_open_food_facts,"""Open Food Facts""",OpenAlex,https://openalex.org/W7169687010,,,,"This deposit contains a 5,000-row sample from the worldwide food catalog indexed by DietlyAPI. The dataset includes stable food identifiers, food names, brands, EAN/UPC barcodes, categories, serving information, calories, macronutrients, selected micronutrients, source labels, and confidence values. The sample is intended for data exploration, prototyping, teaching, reproducible examples, and evaluating whether the DietlyAPI data structure fits an application. Some values are missing because the underlying community-contributed product records vary in completeness. Nutrition values describe the serving recorded in each row and are not necessarily normalized per 100 g. Barcode misses and nullable nutrition fields should be expected. DietlyAPI provides fuzzy, confidence-aware search across more than 4.2 million indexed foods, barcode lookup, and stable food-ID retrieval. DietlyAPI product page Postman documentation Hugging Face dataset Kaggle dataset This sample contains data derived primarily from Open Food Facts. When publicly using or redistributing applicable data, retain the required Open Food Facts attribution and Open Database License notice."
4,"Dietly Food and Nutrition Sample: 5,000 Foods with Calories and Macronutrients",2026,Open MIND,en,,0,10.5281/zenodo.21434333,D_calidad_open_food_facts,"""Open Food Facts""",OpenAlex,https://openalex.org/W7169665858,,,,"This deposit contains a 5,000-row sample from the worldwide food catalog indexed by DietlyAPI. The dataset includes stable food identifiers, food names, brands, EAN/UPC barcodes, categories, serving information, calories, macronutrients, selected micronutrients, source labels, and confidence values. The sample is intended for data exploration, prototyping, teaching, reproducible examples, and evaluating whether the DietlyAPI data structure fits an application. Some values are missing because the underlying community-contributed product records vary in completeness. Nutrition values describe the serving recorded in each row and are not necessarily normalized per 100 g. Barcode misses and nullable nutrition fields should be expected. DietlyAPI provides fuzzy, confidence-aware search across more than 4.2 million indexed foods, barcode lookup, and stable food-ID retrieval. DietlyAPI product page Postman documentation Hugging Face dataset Kaggle dataset This sample contains data derived primarily from Open Food Facts. When publicly using or redistributing applicable data, retain the required Open Food Facts attribution and Open Database License notice."
4,Governance Models for Future Digital Commons,2025,Zenodo (CERN European Organization for Nuclear Research),en,FR,0,10.5281/zenodo.17865998,D_calidad_open_food_facts,"""Open Food Facts""",OpenAlex,https://openalex.org/W7131455332,,,,"This report studies governance of Digital Commons through the concept of the bundle of rights, an analytical framework initially developed by legal scholars to describe the various rights that constitute ownership. Since ownership, through open licensing, has been one of the most widely studied features of DCs legal governance, one of the aims of this task was to study governance beyond this. In order to do so, we analysed governance documents of three DCs (Open Food Facts, Debian and Matrix) which were available online (bylaws, rules, codes of conduct, etc.) We identify four categories of rights: Produce & Monitor, Lead, Communicate & Represent, and Care as well as three objects to which governance applies, namely: resources (including their production), communities (including sanctions) and organisations (towards sustainability through autonomy, independence, the provision of infrastructure and shared values)."
4,Governance Models for Future Digital Commons,2025,HAL (Le Centre pour la Communication Scientifique Directe),en,FR,0,10.5281/zenodo.17865999,D_calidad_open_food_facts,"""Open Food Facts""",OpenAlex,https://openalex.org/W7131403426,,,,"This report studies governance of Digital Commons through the concept of the bundle of rights, an analytical framework initially developed by legal scholars to describe the various rights that constitute ownership. Since ownership, through open licensing, has been one of the most widely studied features of DCs legal governance, one of the aims of this task was to study governance beyond this. In order to do so, we analysed governance documents of three DCs (Open Food Facts, Debian and Matrix) which were available online (bylaws, rules, codes of conduct, etc.) We identify four categories of rights: Produce & Monitor, Lead, Communicate & Represent, and Care as well as three objects to which governance applies, namely: resources (including their production), communities (including sanctions) and organisations (towards sustainability through autonomy, independence, the provision of infrastructure and shared values)."
4,Intelligent recommendation system for nutrition using machine learning,2020,LA Referencia (Red Federada de Repositorios Institucionales de Publicaciones Científicas),pt,,0,,D_calidad_open_food_facts,"""Open Food Facts""",OpenAlex,https://openalex.org/W7119435948,,,,"Esta pesquisa usa machine learning para criar um sistema de recomendação contendo itens mais saudáveis que os itens de uma lista base de compras de supermercado feita por um usuário. Para ajudar os consumidores na escolha de produtos melhores ao criar uma lista de compras, e levando em consideração a variedade de produtos e marcas que são comercializados, apresentamos um estudo sobre as técnicas de recomendações extraídas de conjuntos de dados de Open Food Facts usando rótulos de produtos. A metodologia utilizada foi uma pesquisa experimental, e criado um sistema para um aplicativo móvel que usa a recomendação baseado em conteúdo (RICCI; ROKACH; SHAPIRA, 2015) para testar e treinar esse conjunto de dados"
4,AI-Powered Mobile Web Application For Automated Dietary Tracking And Nutritional Analysis,2026,Zenodo (CERN European Organization for Nuclear Research),en,"AE,IN",0,10.5281/zenodo.20315433,D_calidad_open_food_facts,"""Open Food Facts""",OpenAlex,https://openalex.org/W7161852836,,,,"This paper presents an AI-powered mobile web application for automated dietary tracking and nutritional analysis. The proposed system simplifies food logging using food image recognition, barcode scanning, and manual search features integrated with cloud-based synchronization. The application utilizes artificial intelligence models for food classification and retrieves nutritional data such as calories, proteins, carbohydrates, and fats from open food databases. Users can track daily calorie intake, monitor hydration levels, analyze macro nutrients, and view progress through interactive dashboards and analytics. The system is developed using Next.js, React.js, Firebase Firestore, Transformers.js, Open Food Facts API, and Recharts to provide a responsive and scalable dietary tracking solution. The study demonstrates how AI, cloud computing, and modern web technologies can improve user engagement and simplify nutrition monitoring and health management. Keywords: Artificial Intelligence, Dietary Tracking, Nutrition Analysis, Food Recognition, Health Technology, Web Application"
4,Computational Semantic Mapping of Food Ontologies and Databases: An NLP and AI-Powered Framework for Precision Nutrition,2026,Archivo Digital UPM (Universidad Politécnica de Madrid),en,,0,,D_calidad_open_food_facts,"""Open Food Facts""",OpenAlex,https://openalex.org/W7168002541,,,,"This work is situated within the broader objective of automating food classification into the standardized FoodEx2 system, with the aim of improving data interoperability, food safety monitoring, and public health research. The related literature shows an evolution from supervised classification systems based on deep learning models to more flexible semantic retrieval approaches. More recent retrieval-augmented strategies decompose the task into sequential stages, such as base term identification, facet category prediction, and facet descriptor assignment. In this context, the present work focuses on a complementary problem: linking noisy, crowdsourced Open Food Facts ingredients to the FoodEx2 reporting hierarchy. The proposed framework combines semantic embeddings, lexical retrieval, Jaccard similarity, hierarchical beam search, and confidencebased scoring. The results show that, although professional systems achieve higher accuracy on controlled datasets, the proposed framework obtains reliable performance in a more challenging setting. Overall, these approaches demonstrate the value of hybrid semantic-lexical models and retrieval-based architectures for scalable and interpretable FoodEx2 coding."
4,AI-Powered Mobile Web Application For Automated Dietary Tracking And Nutritional Analysis,2026,Zenodo (CERN European Organization for Nuclear Research),en,"AE,IN",0,10.5281/zenodo.20315432,D_calidad_open_food_facts,"""Open Food Facts""",OpenAlex,https://openalex.org/W7161781578,,,,"This paper presents an AI-powered mobile web application for automated dietary tracking and nutritional analysis. The proposed system simplifies food logging using food image recognition, barcode scanning, and manual search features integrated with cloud-based synchronization. The application utilizes artificial intelligence models for food classification and retrieves nutritional data such as calories, proteins, carbohydrates, and fats from open food databases. Users can track daily calorie intake, monitor hydration levels, analyze macro nutrients, and view progress through interactive dashboards and analytics. The system is developed using Next.js, React.js, Firebase Firestore, Transformers.js, Open Food Facts API, and Recharts to provide a responsive and scalable dietary tracking solution. The study demonstrates how AI, cloud computing, and modern web technologies can improve user engagement and simplify nutrition monitoring and health management. Keywords: Artificial Intelligence, Dietary Tracking, Nutrition Analysis, Food Recognition, Health Technology, Web Application"
4,MyNutritionApp,2024,O2 - Repositori Institucional (Universitat Oberta de Catalunya),es,,0,,D_calidad_open_food_facts,"""Open Food Facts""",OpenAlex,https://openalex.org/W7131749164,,,,"El TFG consistirá en la creación de una aplicación móvil que permitirá a los usuarios obtener información sobre los alimentos escaneando sus códigos de barras. Para lograr esto, utilizaré la base de datos Open Food Facts, que es una fuente rica y extensa de datos nutricionales. La aplicación también ofrecerá funcionalidades adicionales, como la capacidad de determinar la aptitud de un alimento para enfermedades previamente indicadas y proporcionar recomendaciones personalizadas para mejorar la salud del consumidor. Como característica más atractiva de este trabajo es la tecnología utilizada. Hablamos de una aplicación desarrollada con el FrameWork React Native que nos permitirá programar en HTML, CSS y JavaScript para generar 3 aplicativos: IOS, Android y WEB aunque en principio, por limitaciones con la cuenta de desarrollo de IOS y el hardware dependiente (IPhone y MAC) se descarta el producto IOS • Características Principales: o Escaneo de códigos de barras para obtener información detallada sobre los alimentos desde Open Food Facts. o Evaluación de la aptitud del alimento para enfermedades específicas. o Recomendaciones basadas en las enfermedades seleccionadas o Creación en BBDD de respaldo de alimentos nuevos y consultados con las recomendaciones y enfermedades calculadas o Cálculo del Nutri-Score utilizando la librería Nutri-Score en JavaScript para nuevos alimentos o alimentos sin dicha información o Historial de alimentos consultados para un seguimiento detallado. o G"
4,A Hybrid Model for Predicting Calories in Food Items via Image Acquisition and Classification Layers,2025,,en,,0,10.1109/iccies63851.2025.11032353,D_calidad_open_food_facts,"""Open Food Facts""",OpenAlex,https://openalex.org/W4411359303,,,,"Accurate calorie estimation from food images is essential for dietary monitoring and health management. Therefore, this research proposes a hybrid model that combines transformers and CNNs for predicting calorie values while utilizing the strengths of the former to model spatial connections and of the latter in feature extraction. The system uses a combined dataset, including five thousand unique real-world images, Open Food Facts, and Food-101, to ensure robustness in different food items and environments. Image augmentation and depth-based volume estimation are preprocessing techniques that enhance the efficacy of the model. The design has included a correlation layer, that translates features into calorie values, a transformer layer which understands the context, and a convolutional neural network layer to extract features. A complete analysis proves the exceptional performance of the model with a 98.2% accuracy and 7.24 ms mean absolute error on the test dataset. Real-time predictions can be generated using an interface, built on Streamlit. This outcome shows that the algorithm is theoretically capable of producing real-world, scalable estimates of calories."
4,Halalmate: an AI-based halal food recommendation application,2025,UiTM Institutional Repositories (Universiti Teknologi MARA),en,ID,0,,D_calidad_open_food_facts,"""Open Food Facts""",OpenAlex,https://openalex.org/W7162614011,,,,"Finding trustworthy halal food information remains challenging for the global Muslim population, projected to reach 2.2 billion by 2030 (Research Nester, 2024). Despite a significant recovery in Muslim travel, reaching approximately 145 million international arrivals in 2023, about 90% of pre-pandemic levels of accessibility to verified halal options remain problematic, particularly in diverse regions. HALALMATE is an AI-powered mobile application addressing this need through three core features: (1) nearby halal restaurant search and validation, (2) personalised food recommendations, and (3) packaged food scanning for instant halal verification. The application integrates Google Maps scraping, OpenAI OCR for menu extraction, Open Food Facts API for product verification, and an AI chatbot for interactive recommendations. Supported by a dynamic halal database and intelligent filtering system, HALALMATE enables users to make accurate, faith-compliant food choices anywhere. This innovation combines AI technology with real-world Muslim community needs, empowering confident halal consumption decisions in the digital era."
4,Development and Optimisation of Convolutional Neural Networks (CNNs) to predict the nutrition and sustainability scores of foods from crowd sourced images.,2024,,en,,0,10.63227/707.318.44,D_calidad_open_food_facts,"""Open Food Facts""",OpenAlex,https://openalex.org/W4407910452,,,,"This research explores the use of Convolutional Neural Networks (CNNs) for the automated classification and profiling of food products based on publicly sourced data. With the vast array of food products available worldwide and the complexity of labelling regulations, food business operators face challenges in ensuring compliance, while regulators struggle to verify adherence. This study addresses the need for efficient and accurate methods for food classification and eco/nutritional profiling. It begins with a comprehensive literature review on the application of CNNs in food product classification, followed by the collection of a large-scale dataset from Open Food Facts. A CNN architecture tailored for food product classification was developed, focusing on optimising the model's architecture and hyperparameters. Additionally, a user-friendly tool was created using Streamlit, in line with trends in the literature. The research investigates the effectiveness of this integrated approach compared to traditional manual methods. The study highlights the importance of high-quality, extensive datasets and the challenges of recognising visually complex food images. The results indicate that while the CNN models performed well during training, validation accuracy was lower, suggesting potential overfitting. Hyperparameter tuning, focusing on learning rate, optimizer type, and dropout rate, was used to mitigate this. The findings underscore the need for a balance between model complex"
4,Desarrollo e Integración de una WebApp de Nutrición en Cloud con AWS y Snowflake,2025,UPM Digital Archive (Technical University of Madrid),es,,0,,D_calidad_open_food_facts,"""Open Food Facts""",OpenAlex,https://openalex.org/W7113085029,,,,"El presente Trabajo de Fin de Grado consiste en el desarrollo de una aplicación web full-stack centrada en la nutrición, que permite a los usuarios obtener información nutricional precisa de productos alimentarios mediante el escaneo de códigos de barras. Esta funcionalidad se apoya en una base de datos alojada en Snowflake, con más de 4 millones de registros de productos alimentarios, proveniente de Open Food Facts y otras fuentes relevantes. El backend, desarrollado con FastAPI, está compuesto por varios módulos funcionales: escaneo de productos mediante Pyzbar (‘scan.py‘), un chatbot basado en Retrieval- Augmented Generation usando Snowflake Cortex AI y Mistral (‘chat.py‘), generación de etiquetas nutricionales (‘ nutrition-label.py‘), conexión con la base de datos y lógica principal. El frontend, construido con React, incluye todos los componentes y archivos necesarios para una interfaz moderna, intuitiva y dinámica. La aplicación está contenida en Docker y automatizada mediante un pipeline de despliegue continuo en AWS. Usando GitHub como repositorio principal, AWS CodePipeline gestiona el flujo desde el repositorio, construyendo la aplicación mediante Code-Build (con ‘Dockerfile‘ y ‘buildspec.yml‘), y desplegándola finalmente en AWS Elastic Beanstalk, donde queda disponible al público. Este proyecto representa una integración sólida entre tecnologías modernas de desarrollo web, cloud computing y big data, aplicadas al ámbito de la nutrición, con el potencial de ampliars"
4,A Network-based Analysis of Ingredients Lists in Nutrient Profile Systems,2021,Current Research in Nutrition and Food Science Journal,en,US,0,10.12944/crnfsj.9.3.08,D_calidad_open_food_facts,"""Open Food Facts""",OpenAlex,https://openalex.org/W3217151371,,,,"It is well-established that diseases can be prevented or mitigated through dietary intervention, yet proper nutrition is one aspect consumers struggle to manage. Recent studies have shown that there are barriers to understanding the nutrition facts component of a food label which can be linked to dietary choices. In this work, we demonstrate reproducibility and replicability of a network-based method for automating the analysis of ingredients on a food product label en masse using the Open Food Facts Database and the USDA FoodData Central Branded Foods database in February 2020. Our results, which analyze the co-occurrence of 72,754 ingredients across show some consensus in labeling across FALCPA-regulated ingredients in food product labels across databases but highlight potential areas for discrepancy in consumer understanding and labeling practices for terms not subject to strict regulations. The key findings or contributions of this work include the provision of a reproducible method for quantifying the ingredients of packaged food in the United States across two nutritional profiling systems, and have identified 17 total ingredients that appear in the top 20 most co-occurring ingredients for both databases examined. We compare how of 8 FALCPA-regulated ingredients are represented in ingredients lists versus a common, but non-FALCPA regulated ingredient (corn), to demonstrate how one could examine differences between ingredient labeling between products. These findings sug"
4,Application of the WHO Nutrient Profile Model to products on the German market: Implications of proposed new legislation to limit food marketing to which children are exposed,2023,Adipositas - Ursachen Folgeerkrankungen Therapie,en,DE,0,10.1055/s-0043-1771621,D_calidad_open_food_facts,"""Open Food Facts""",OpenAlex,https://openalex.org/W4388203436,,,,"Einleitung Exposure to marketing for foods high in sugar, salt and fat is considered a key risk factor for childhood obesity. To support efforts to limit such marketing, the World Health Organization Regional Office for Europe has developed a nutrient profile model (WHO NPM). The German government plans to use this model in new legislation on food marketing, but it has not yet been tested in Germany. Methoden We applied the WHO NPM to a random sample of 660 food and beverage products on the German market drawn from Open Food Facts. We calculated the share of products permitted for marketing towards children based on the WHO NPM’s criteria, both under current market conditions and for a number of hypothetical reformulation scenarios. Ergebnisse The median share of products permitted for marketing towards children across the model’s 22 product categories was 20% (interquartile range (IQR) 3–59%), and increased to 38% (IQR 11–73%) with model adaptations announced by the German government. In our intermediate reformulation scenario, the share of products permitted for marketing towards children increased substantially in six product categories, but changed less in the remaining categories. Schlussfolgerung The application of the WHO NPM to a random sample of food and beverage products on the German market was found to be feasible. Its use in the proposed new legislation on food marketing in Germany seems likely to serve its intended public health objectives. Practical challenges "
4,"OpenHSR: An open, FAIR-compliant dataset for modeling the health star rating system",2025,Open Research Europe,en,,0,10.12688/openreseurope.21837.1,D_calidad_open_food_facts,"""Open Food Facts""",OpenAlex,https://openalex.org/W4417032889,,,,"Background Nutritional awareness is increasing worldwide due to rising obesity rates and the widespread use of nutrition-tracking technologies. However, nutritional labels on food packaging remain difficult for many consumers to interpret. To improve clarity, public authorities have introduced simplified front-of-pack labeling systems, such as the Health Star Rating (HSR) used in Australia and New Zealand, which summarizes a product’s overall nutritional quality. Despite its adoption, the lack of open data on Health Star Rating labeled products limits independent research, reproducibility, and data-driven policy evaluation. Methods We introduce OpenHSR, the first open, FAIR-compliant dataset (Findable, Accessible, Interoperable, and Reusable) dedicated to the Health Star Rating system. The dataset includes 246 unique food products collected from Australian supermarket websites and brand databases. Using these data, we trained and compared several regression models linear, tree-based, and neural approaches to predict Health Star Rating values from nutritional attributes, thereby developing a transparent, interpretable (“white-box”) Health Star Rating calculator. Results Machine learning models achieved strong predictive performance, with the Support Vector Regression model yielding the best overall accuracy (Mean Squared Error = 0.28). The trained models were then applied to predict Health Star Rating values for 6,554 Open Food Facts products, demonstrating scalability and gen"
4,EKSTRAKSI INFORMASI BERBASIS TRANSFORMERS PADA PRODUK PANGAN OLAHAN TERKEMAS UNTUK DETEKSI KANDUNGAN BAHAN MAKANAN,2024,University of Bengkulu Scholar Repository (University of Bengkulu),en,,0,,D_calidad_open_food_facts,"""Open Food Facts""",OpenAlex,https://openalex.org/W7126126563,,,,"Alergen merupakan hal yang perlu dihindari oleh penderita alergi sebab reaksi alergi terparahnya, anafilaksis, dapat mengakibatkan kematian. Di Indonesia, sebanyak 21,94% dari pengeluaran penduduk dan 32,00% dari pengeluaran wisatawan mancanegara dialokasikan untuk kategori pangan. Oleh karena itu, implementasi Peraturan Badan Pengawas Obat dan Makanan (BPOM) Nomor 31 Tahun 2018 tentang pelabelan pangan olahan perlu ditegakkan guna menjamin perlindungan konsumen terhadap risiko alergen. Meskipun demikian, sangat disayangkan bahwa masih ada sejumlah individu yang belum menyadari pentingnya informasi mengenai alergen, yang pada akhirnya dapat menimbulkan risiko kesehatan bagi dirinya sendiri maupun orang di sekitarnya. Dalam penelitian ini, penulis mengembangkan arsitektur OCR-free document understanding transformer (Donut) pada dataset kemasan produk olahan yang diperoleh melalui proses scraping pada situs Alfagift dan Open Food Facts untuk tugas ekstraksi informasi, kemudian mengintegrasikannya dengan fuzzy string matching untuk mengidentifikasi kandungan alergen dalam komposisi produk olahan berdasarkan hasil ekstraksi informasi dan data alergen. Model ekstraksi informasi yang telah dikembangkan menunjukkan tingkat akurasi sebesar 98,7% dan skor F-1 sebesar 93,2%. Lebih lanjut lagi, sistem deteksi alergen yang dihasilkan menunjukkan kinerja yang sangat baik dengan tingkat akurasi mencapai 99,35%. Hasil ini mengindikasikan bahwa metode yang digunakan berhasil mendeteksi alerg"
4,Supplementary Material for: Use of the WHO Nutrient Profile Model for food marketing regulation in Germany: feasibility and public health implications,2023,Figshare,en,,0,10.6084/m9.figshare.24565009,D_calidad_open_food_facts,"""Open Food Facts""",OpenAlex,https://openalex.org/W4394184380,,,,"Introduction: Exposure to marketing for foods high in sugar, salt, and fat is considered a key risk factor for childhood obesity. To support efforts to limit such marketing, the World Health Organization Regional Office for Europe has developed a nutrient profile model (WHO NPM). Germany’s Federal Ministry of Food and Agriculture plans to use this model in proposed new food marketing legislation, but it has not yet been tested in Germany. The present study therefore assesses the feasibility and implications of implementing the WHO NPM in Germany. Methods: We applied the WHO NPM to a random sample of 660 food and beverage products across 22 product categories on the German market drawn from Open Food Facts, a publicly available product database. We calculated the share of products permitted for marketing to children based on the WHO NPM, both under current market conditions and for several hypothetical reformulation scenarios. We also assessed effects of adaptations to and practical challenges in applying the WHO NPM. Results: The median share of products permitted for marketing to children across the model’s 22 product categories was 20% (interquartile range (IQR) 3-59%) and increased to 38% (IQR 11-73%) with model adaptations for fruit juice and milk proposed by the German government. With targeted reformulation (assuming a 30% reduction in fat, sugar, sodium, and/or energy) the share of products permitted for marketing to children increased substantially (defined as a relat"
4,Novel Plant and fungi-based Alternatives Support Nutritional Adequacy of Diets and Reduce Their Environmental Impacts,2026,Current Developments in Nutrition,en,GB,0,10.1016/j.cdnut.2026.107669,D_calidad_open_food_facts,"""Open Food Facts""",OpenAlex,https://openalex.org/W7135039352,,,,"Background: Evidence suggests dietary shifts away from animal-sourced toward plant-based foods benefit health and the environment. Although the United Kingdom's (UK) meat consumption has decreased, further efforts are required to meet national targets. Novel plant- and fungi-based foods (NPBFs) could offer a straightforward alternative to animal-sourced foods with a similar sensory experience. However, their impact on nutrition, the environment, and cost remains unclear. Objectives: We aimed to identify trade-offs and co-benefits of substituting specific animal-sourced foods with NPBFs in a UK minimally accepted ""basic basket"" (baseline) stratified by gender. Methods: Nine new baskets were created to assess the nutritional, environmental, and cost outcomes by substituting either all processed meats, milk, or yogurt with NPBFs (most popular, nutritionally balanced, inexpensive). Foods from the ""basic basket"" were matched with the UK food composition table. NPBF nutritional data were collected from UK supermarkets using Open Food Facts. All foods were matched with dietary environmental footprints (greenhouse gas emissions, water, and land use). Prices were manually collected from UK supermarkets. Results: Dietary environmental footprints decreased in all new baskets (‒0.39% to ‒6.94%). Nutritional outcomes varied across new baskets, with most substitutions aligned with recommended weekly averages. Baskets with the most nutritionally balanced NPBFs showed minimal nutritional dif"
4,Does the update of the Nutri-Score improve its complementarity with French dietary guidelines?,2023,European Journal of Public Health,en,FR,0,10.1093/eurpub/ckad160.1656,D_calidad_open_food_facts,"""Open Food Facts""",OpenAlex,https://openalex.org/W4387902091,,,,"Abstract To help consumers to make healthier food choices, seven European countries have implemented the front-of-pack nutrition label Nutri-Score Six years after its implementation in France, the algorithm was updated in 2023 by the Nutri-Score European scientific committee, based on the current scientific knowledge. The present work aimed to study the complementarity of the newly-developed algorithm and the 2019 French food-based dietary guidelines (FBDG) and compare the respective performances of the new and initial algorithms. Three French food composition databases were used to have access to the food composition of the entire food supply in France: the OQALI, Open Food Facts, and Ciqual databases. Based on the FBDG, a list of 40 criteria was identified for 26 food groups and used to assess the complementarity between FBDG and the Nutri-Score. Out of the 40 criteria, 45% (18/40) were position criteria (i.e. criteria which require to have products rated favourably (A or B) (resp. unfavourably (D or E))), 35% (14/40) were discrimination between groups criteria (i.e. criteria which require a group to be discriminated over another group), and 20% (8/40) were nutrient discrimination criteria (i.e. criteria which require products in a group to be discriminated on a nutrient of interest). For the position and group discrimination criteria (32 in total), the initial algorithm met 63% (20/32) of them while the revised algorithm met 84% (27/32) of them. For the nutrient discrimina"
4,Use of the WHO Nutrient Profile Model in Germany: feasibility and public health implications,2023,European Journal of Public Health,en,DE,0,10.1093/eurpub/ckad160.345,D_calidad_open_food_facts,"""Open Food Facts""",OpenAlex,https://openalex.org/W4387901437,,,,"Abstract Background Exposure to marketing for foods high in sugar, salt, and fat is considered a key risk factor for childhood obesity. To support efforts to limit such marketing, the World Health Organization Regional Office for Europe has developed a nutrient profile model (WHO NPM), published as second edition in March 2023. The German government plans to use this model in new food marketing legislation, but it has not yet been tested in Germany. Methods We applied the WHO NPM to a random sample of 660 food and beverage products across 22 product categories on the German market from Open Food Facts, a product database. We calculated the share of products permitted for marketing to children under current market conditions and for hypothetical reformulation scenarios. We assessed practical challenges in applying the WHO NPM and the effects of model adaptations. Results The median share of products permitted for marketing to children across the 22 categories was 20% (interquartile range (IQR) 3-59%) and increased to 38% (IQR 11-73%) with model adaptations proposed by the German government. With targeted reformulation (i.e. a 30% reduction in fat, sugar, sodium, and/or energy) the share increased substantially (defined as a relative increase by at least 50%) in several product categories (including bread, processed meat, yogurt, convenience foods, and savoury plant-based foods), but changed less in others. Practical challenges included the ascertainment of the trans-fatty acid"
4,Exposition aux additifs alimentaires et risque de pathologies chroniques : approche épidémiologique,2021,,en,FR,0,10.70675/bcb16bf8z3e12z4209zbf65z863359f7469d,D_calidad_open_food_facts,"""Open Food Facts""",OpenAlex,https://openalex.org/W4394563327,,,,"Ce travail de thèse s'articule en 3 parties. Dans une première partie descriptive, nous avons estimé l'exposition aux additifs en population générale et en particulier aux mélanges d'additifs. Nous avons d'abord étudié la distribution des additifs alimentaires dans une large base de données de produits alimentaires et de boissons disponibles sur le marché français (Open Food Facts) et identifié les mélanges fréquemment utilisés dans les formulations industrielles. Ensuite, nous avons estimé la consommation quotidienne moyenne d'une large gamme d'additifs chez les adultes français de la cohorte NutriNet-Santé, puis identifié les principaux mélanges d'additifs consommés et les profils socio-démographiques et comportementaux associés. Dans une seconde partie, nous avons étudié les associations entre la consommation de boissons sucrées et édulcorées et le risque de cancer et de maladies cardiovasculaires. Nous avons observé une association positive entre la consommation de boissons sucrées et le risque de cancer au global et du sein. Les boissons édulcorées n'étaient pas associées au risque de cancer dans cette étude, mais la puissance statistique était probablement limitée. Dans une seconde étude, nous avons montré que la consommation de boissons sucrées mais également celle de boissons édulcorées étaient associées à des risques plus élevés de maladies cardiovasculaires. Enfin, nous avons observé une association positive entre la consommation d'édulcorants, plus particulièrement"
4,Functional ice cream development with ingredient substitution and bioactive enrichment,2026,Journal of Food Science and Technology,en,BR,0,10.1007/s13197-026-06833-2,E_sustitucion_natural_sintetico,"""clean label"" colorants reformulation",OpenAlex,https://openalex.org/W7171349369,,,,"Abstract This review article discusses recent advances in the reformulation of ice cream, focusing on the transformation of this traditional product into a functional food. The analysis covers the substitution of conventional ingredients, including dairy proteins, fats, sugars, and synthetic emulsifiers, with plant-based, natural, and bioactive alternatives, aiming to meet the growing demand for healthier, more sustainable, and clean-label products. Publications from the past five years were considered, addressing dairy substitutes (soy, almond, hazelnut, sheep milk), fat replacers based on fibers and proteins, natural sweeteners (stevia, honey, fruit syrups), and natural emulsifiers (gums, pectins, plant proteins). In addition to structural substitutions, the study highlights the role of functional supplements, probiotics, prebiotics, antioxidants, vitamins, and natural colorants, in improving the nutritional value and health-promoting potential of the final product. Evidence indicates that it is possible to develop ice creams with enhanced nutritional profiles, functional properties, and physicochemical stability, although the challenge of preserving texture and sensory acceptance remains. The review proposes that hybrid formulation strategies, combining plant-based ingredients, bioactives, and sensory optimization techniques, represent a promising pathway for establishing ice cream as a functional matrix and a vehicle for bioactive compounds."
4,Colorimetric paper-based detection of phosphoric acid in packaged foods for point-of-care quality control,2026,Analytical Methods,en,IN,0,10.1039/d6ay00234j,A_colorantes_mercado_mx,"""food colorants"" ""packaged food""",OpenAlex,https://openalex.org/W7171616491,,,,"Here, we present the development of a paper-based colorimetric device for the rapid and easy quantification of phosphoric acid (PA) in packaged food samples using the phosphoantimonylmolybdenum (PMB) assay. The underlying sensing mechanism is based on the molybdenum blue reaction, in which phosphate reacts with a molybdate-antimony complex under acidic conditions and is subsequently reduced by L-ascorbic acid to develop a blue color which is quantified using smartphone imaging. The developed platform enables accurate PA determination with a LoD of 22 ppm and LoQ of 73 ppm and shows strong agreement with standard spectrophotometric results. We have evaluated 24 commercially available packaged foods spanning liquid, semi-solid, and solid matrices, requiring minimal sample preparation steps. A systematic investigation of sample-related effects revealed that strongly acidic foods frequently exhibit deviations greater than 10% relative to spectrophotometry; however, this behavior cannot be generalized and is further influenced by food colorants and matrix constituents. To quantify matrix interference, gelatin-based surrogate matrices were examined, which consistently produced higher responses on the paper platform compared with spectrophotometric analysis, affirming the significant role of the matrix. Furthermore, our on-site testing outside the laboratory settings indicates the development of an accessible and affordable tool for point-of-care settings for food quality control wi"
3,Desempenho e rendimento de carcaça de frangos de corte alimentados com mistura de aditivos fitogênicos na dieta,2014,Pesquisa Agropecuária Brasileira,,,17,10.1590/s0100-204x2014000300009,B_aditivos_envasados_mx,"""aditivos alimentarios"" preenvasados",Crossref,https://doi.org/10.1590/s0100-204x2014000300009,,,," O objetivo deste trabalho foi avaliar o efeito de misturas de aditivos fitogênicos na dieta de frangos de corte, sobre seu desempenho zootécnico e rendimento de carcaça. Foram avaliados 660 pintos de sexo misto, entre 1 e 42 dias de idade, em delineamento inteiramente casualizado, com cinco tratamentos e seis repetições de 22 aves (11 machos e 11 fêmeas). Além do controle, foram avaliados tratamentos com antibiótico (10 ppm de virginiamicina) ou com misturas de aditivos fitogênicos: mistura A, 150 ppm de óleos essenciais de alecrim, cravo, gengibre e orégano; mistura B, 150 ppm de óleos essenciais de canela, sálvia, tomilho branco e óleo-resina de copaíba; e mistura A+B, 50% da mistura A e 50% da B. A mistura B proporcionou maior ganho de peso e melhor conversão alimentar das aves, no período de 36 a 42 dias de idade. No período total do experimento, o antibiótico e a mistura B proporcionaram maior ganho de peso das aves. O consumo de ração foi maior com o antibiótico do que com o controle. A mistura A+B e o tratamento controle proporcionaram maior rendimento de coxa+sobrecoxa e maior peso relativo do baço. As mistura B e A+B apresentam potencial como melhoradores de desempenho para frangos de corte. "
3,"Características bromatológicas, fermentativas e população de leveduras de silagens de cana-de-açúcar acrescidas de ureia e aditivos absorventes de umidade",2010,Revista Brasileira de Zootecnia,,,17,10.1590/s1516-35982010000500007,B_aditivos_envasados_mx,"""aditivos alimentarios"" preenvasados",Crossref,https://doi.org/10.1590/s1516-35982010000500007,,,," Este trabalho foi conduzido com o objetivo de avaliar os efeitos da utilização de aditivos sobre as características fermentativas e bromatológicas e a população de leveduras da silagem de cana-de-açúcar. O experimento foi conduzido em delineamento inteiramente casualizado, com quatro repetições. Foram testadas diferentes quantidades de aditivos à cana-de-açúcar no momento da ensilagem (com base na matéria verde da forragem): 1,5% ureia; 0,5 ureia + 4% de milho; 0,5 ureia + 4% de mandioca desidratada; 1,5% de amireia e cana-de-açúcar controle. A cana-de-açúcar da variedade RB-72454, com 18 meses de rebrota, foi armazenada em silos experimentais de concreto com capacidade de 500 kg durante 180 dias. Foram avaliados os teores de matéria seca, proteína bruta, fibra em detergente neutro, fibra em detergente ácido, carboidratos não-fibrosos, cinzas, pH, nitrogênio amoniacal e lignina e a contagem de leveduras. O maior teor de matéria seca e o menor teor de fibra em detergente neutro são obtidos com a associação de ureia e milho, que melhora o padrão fermentativo na silagem. "
3,"Ractopamina, cromo-metionina e suas combinações como aditivos modificadores do metabolismo de suínos em crescimento e terminação",2010,Revista Brasileira de Zootecnia,,,13,10.1590/s1516-35982010000900015,B_aditivos_envasados_mx,"""aditivos alimentarios"" preenvasados",Crossref,https://doi.org/10.1590/s1516-35982010000900015,,,," Objetivou-se neste estudo avaliar o efeito da adição de ractopamina, cromo-metionina e suas combinações em dietas para suínos em crescimento e terminação sobre o desempenho, as características de carcaça e a qualidade da carne. Sessenta e quatro suínos da linhagem Topigs, com peso inicial de 26,56 ± 3,11 kg, foram distribuídos em delineamento experimental de blocos casualizados em esquema fatorial 2 x 2, com dois níveis de ractopamina (0 e 5 ppm) e dois níveis de cromo-metionina (0 e 400 ppb), totalizando quatro dietas com oito repetições (blocos) por dieta. Em cada uma das três fases, crescimento 1 (de 26,56 kg aos 50,51 kg), crescimento 2 (de 50,51 kg aos 70,32 kg) e terminação (de 70,32 kg aos 114,80 kg), os animais receberam rações fareladas e água à vontade. Ao atingirem o peso vivo de 114,80 ± 4,98 kg, os animais foram abatidos e as carcaças avaliadas quanto ao rendimento de carcaça fria, ao comprimento de carcaça, à espessura de toucinho, à área de olho-de-lombo e à relação gordura:carne. Amostras do músculo longissimus dorsi foram retiradas para mensurações de cor, pH final e perda de peso por gotejamento. A suplementação de ractopamina melhorou a conversão alimentar, o rendimento de carcaça fria, a área de olho-de-lombo, a relação gordura:carne e a perda de peso por gotejamento e reduziu os teores de vermelho e amarelo da carne. O cromo-metionina, embora tenha ocasionado redução no consumo diário de ração, não altera as características de desempenho e de carcaça nem"
3,Fermentação ruminal e produção de metano em bovinos alimentados com feno de capim-tifton 85 e concentrado com aditivos,2010,Revista Brasileira de Zootecnia,,,13,10.1590/s1516-35982010000300022,B_aditivos_envasados_mx,"""aditivos alimentarios"" preenvasados",Crossref,https://doi.org/10.1590/s1516-35982010000300022,,,," Objetivou-se avaliar o efeito do uso de monensina, complexo de leveduras, ácidos graxos poliinsaturados e aminoácidos no consumo de matéria seca e nutrientes, na estimativa da digestibilidade ruminal, nos parâmetros de fermentação ruminal (pH, concentração de nitrogênio amoniacal e de ácidos graxos de cadeia curta), na população de protozoários e na produção de metano. Foram utilizados seis bovinos e com peso corporal de 530 ± 15 kg, recebendo complexo de leveduras, ácidos graxos poliinsaturados e aminoácidos (5 g/dia); monensina (5 g/dia); caulim (5 g/dia), usado como controle adicionado à dieta composta de feno de capim-tifton 85 (Cynodon spp.); e concentrado, na relação 80:20. O delineamento experimental adotado para análise do consumo e da digestibilidade foi o de blocos completos casualizados e, para análise dos parâmetros ruminais e da produção de metano, o de parcelas subdivididas. O consumo foi influenciado pelo uso de monensina na dieta, mas não diferiu entre os aditivos. As digestibilidades da matéria seca e dos nutrientes não foram influenciadas pelo fornecimento dos aditivos. A relação acetato:propionato nos animais alimentados com a dieta com monensina foi menor que naqueles que receberam o complexo de leveduras e ácidos graxos poliinsaturados e aminoácidos, diminuindo a perda de energia na forma de metano. O pH e a concentração de nitrogênio amoniacal foram adequados para o crescimento bacteriano. A concentração de metano não é alterada pelo uso dos aditivos te"
3,Queima e aditivos químicos e bacterianos na ensilagem de cana-de-açúcar,2010,Revista Brasileira de Zootecnia,,,11,10.1590/s1516-35982010000100014,B_aditivos_envasados_mx,"""aditivos alimentarios"" preenvasados",Crossref,https://doi.org/10.1590/s1516-35982010000100014,,,," Objetivou-se avaliar o efeito da queima e do uso de aditivos (ureia, benzoato de sódio, hidróxido de sódio (NaOH), Propionibacterium acidipropionici + Lactobacillus plantarum e Lactobacillus buchneri) na ensilagem de cana-de-açúcar. Utilizou-se o delineamento inteiramente casualizado, em esquema fatorial 2 (cana-de-açúcar crua e queimada) × 6 (cinco aditivos mais o grupo controle) com três repetições. Determinaram-se as perdas durante o processo fermentativo nas formas de gases e de efluentes e a recuperação de matéria seca (MS). Maior recuperação de MS foi observada nas silagens de cana-de-açúcar queimada (77,3%) em relação às silagens de cana crua (73,1%). As recuperações de MS observadas nas silagens tratadas com NaOH ou L. buchneri foram de 84%, enquanto das silagens controle, 69%. No período após abertura, uma variável importante é a inibição da elevação do pH, nesse caso, medida pela variação do pH. Destacam-se como inibidores da variação do pH o benzoato de sódio e o L. buchneri, que promoveram variação do pH de 0,05 e 0,18 unidade de pH, respectivamente. A ensilagem da cana-de-açúcar sem aditivos, crua ou queimada, é uma estratégia que resulta em grandes perdas quantitativas, que podem ser evitadas pelo uso de aditivos. Entre os aditivos avaliados, o L. buchneri é o que atua de forma mais satisfatória nas fases de fermentação e pós-abertura de silagens de cana-de-açúcar crua ou queimada. "
3,Perdas fermentativas e composição bromatológica da entrecasca de palmito pupunha ensilada com aditivos químicos,2010,Revista Brasileira de Zootecnia,,,9,10.1590/s1516-35982010000200005,B_aditivos_envasados_mx,"""aditivos alimentarios"" preenvasados",Crossref,https://doi.org/10.1590/s1516-35982010000200005,,,," Objetivou-se avaliar o efeito da inclusão de aditivos químicos na ensilagem de resíduos (entrecasca) da produção de palmito pupunha (Bactris gasipaes, Kunth). Utilizaram-se silos experimentais (baldes de 20 litros) providos de aparatos para determinação gravimétrica de perdas por gases e efluentes. Os tratamentos aplicados foram: controle (sem aditivos); ureia (1% da MV) e cal virgem (1% da MV). Decorridos 70 dias de armazenagem, os silos foram pesados, abertos e amostrados. As perdas por efluentes e gases aumentaram com a aplicação de cal virgem na ensilagem. As perdas totais de MS foram de 15,1; 14,4 e 26,6% nas silagens controle, ureia e cal, respectivamente. Em todas as silagens, houve redução no teor de FDN e elevação da fração FDA, o que indica desaparecimento da fração hemicelulose. A relação cálcio:fósforo aumentou substancialmente com a adição de cal virgem, de 4,1:1 na silagem controle para 15,6:1 na silagem com cal. O resíduo da extração do palmito pupunha pode ser classificado como alimento de média qualidade e alto teor de umidade. Os aditivos aplicados na ensilagem não são efetivos em reduzir as perdas fermentativas no processo de conservação. "
3,"Efeitos genéticos aditivos e não-aditivos em características de crescimento, reprodutivas e habilidade materna em ovinos das raças Santa Inês, Somalis Brasileira, Dorper e Poll Dorset",2010,Revista Brasileira de Zootecnia,,,9,10.1590/s1516-35982010000900012,B_aditivos_envasados_mx,"""aditivos alimentarios"" preenvasados",Crossref,https://doi.org/10.1590/s1516-35982010000900012,,,," Efeitos genético aditivo, de dominância e de recombinação em cruzamentos entre as raças Santa Inês (SI), Somalis Brasileira (So), Dorper (Do) e Poll Dorset (Po) foram estimados para as características de crescimento, reprodutivas e de habilidade materna. Os dados foram obtidos da Gaasa e Alimentos LTDA, uma empresa que participa do Programa de Melhoramento Genético de Caprinos e Ovinos (GENECOC) da Embrapa Caprinos. Inicialmente, 3.573 registros foram analisados por meio do procedimento MIXED do pacote estatístico SAS (1999). As análises foram realizadas considerando os efeitos da diferença genética aditiva entre as raças, de dominância e de recombinação. O peso ao nascer foi influenciado pelos efeitos genéticos aditivos, enquanto o peso ao desmame e o ganho de peso pré-desmame foram influenciados por efeitos genéticos não-aditivos. A estimativa de herdabilidade direta para o peso ao nascer foi moderada, o que indica a existência de variabilidade genética passível de ser explorada por meio da seleção individual. Do mesmo modo, as estimativas de herdabilidade das características idade ao primeiro parto e peso total das crias ao nascer indicaram a existência de variabilidade genética para obter ganhos genéticos por meio da seleção. Os genes das raças Poll Dorset e Dorper tiveram papel importante para melhor desempenho ponderal, portanto, essas raças podem ser indicadas como paternas no cruzamento terminal. A utilização de matrizes F1 Santa Inês x Somalis Brasileira em cruzamen"
3,"Novos aditivos microbianos na ensilagem da cana-de-açúcar: composição bromatológica, perdas fermentativas, componentes voláteis e estabilidade aeróbia",2011,Revista Brasileira de Zootecnia,,,9,10.1590/s1516-35982011000300011,B_aditivos_envasados_mx,"""aditivos alimentarios"" preenvasados",Crossref,https://doi.org/10.1590/s1516-35982011000300011,,,," Nesta pesquisa, comparou-se a inclusão de aditivo composto por cepas de Lactobacillus brevis + Enterococcus faecium + L. plantarum à inoculação com aditivo comercial contendo cepas de Lactobacillus buchneri e à ensilagem sem aditivos (controle). As silagens foram confeccionadas em silos experimentais e armazenadas por 90 dias antes da abertura do silo. Foram avaliadas a composição bromatológica da cana-de-açúcar antes e após a ensilagem, a composição de ácidos orgânicos e etanol das silagens, a estabilidade aeróbia e as perdas fermentativas durante o processo de ensilagem. O uso do aditivo composto e do aditivo comercial contendo cepas de Lactobacillus buchneri provocou aumento da produção de efluentes e de gases e da perda total de matéria seca. O teor de ácido lático da silagem aumentou com o uso do aditivo composto, embora esse aditivo também tenha elevado o teor de etanol (18,6% da MS) em relação ao da silagem controle (14,4%). A estabilidade aeróbia da silagem não foi influenciada pelos inoculantes adicionados no processo de ensilagem. Os aditivos aplicados prejudicaram o processo de ensilagem da cana-de-açúcar. "
3,Ureia e glicerina bruta como aditivos na ensilagem de cana-de-açúcar,2014,Arquivo Brasileiro de Medicina Veterinária e Zootecnia,,,9,10.1590/1678-7349,B_aditivos_envasados_mx,"""aditivos alimentarios"" preenvasados",Crossref,https://doi.org/10.1590/1678-7349,,,," Objetivou-se avaliar a inclusão de ureia e glicerina bruta como aditivos na ensilagem da cana-de-açúcar, na composição químico-bromatológica, pH, N-amoniacal (N-NH3) e digestibilidade in vitro (DIV). Os tratamentos foram quatro doses de ureia, 0, 10, 20 e 30 g de ureia por kg de cana-de-açúcar na ensilagem, e cinco doses de glicerina bruta, 0, 10, 20, 30 e 40g de glicerina bruta por kg de cana-de-açúcar na ensilagem. As silagens foram armazenadas por 180 dias. O tratamento com ureia afetou a maioria das variáveis relacionadas ao valor nutritivo, aumentando os teores de matéria seca (MS) e proteína (PB) (2,58; 7,76; 18,70 e 19,31%), reduzindo os teores de fibra em detergente neutro (FDN) e melhorando a DIV da MS (42,61; 48,53; 50,69 e 51,18%) e FDN (38,81; 39,23; 41,06 e 43,46%), e as características fermentativas da silagem, apresentando valores de pH de 3,49; 3,86; 4,18 e 3,93 e de N-NH3 de 1,72; 3,80; 7,88 e 9,00, para as dose de 0, 10, 20 e 30 g, respectivamente. A glicerina bruta aumentou os teores de MS e extrato etéreo (1,45; 3,03; 3,62; 3,41 e 4,38%), melhorou a DIV da MS com valores de 49,61; 52,24; 53,28; 55,60 e 56,09% e reduziu perdas por gases durante o processo de fermentação, apresentando médias de 6,69; 5,97; 5,89; 5,51 e 5,48% da MS para as doses 0, 10, 20, 30 e 40g, respectivamente. Assim, a ureia e a glicerina bruta podem ser utilizadas como aditivos na ensilagem da cana-de-açúcar. "
3,Misturas NR/SBR: influência da ordem de adição dos aditivos da mistura e do tipo de carga sobre propriedades mecânicas,2011,Polímeros,,,8,10.1590/s0104-14282011005000040,B_aditivos_envasados_mx,"""aditivos alimentarios"" preenvasados",Crossref,https://doi.org/10.1590/s0104-14282011005000040,,,," Neste trabalho foram preparadas misturas de borracha natural (NR) e copolímero de estireno-butadieno (SBR) na proporção 1:1 em massa. A sequência de adição dos aditivos e a influência de cargas, como negro de fumo e mica, foram avaliadas com relação a propriedades físico-mecânicas. As misturas, feitas em misturador aberto de rolos segundo a norma ASTM D 3182, foram realizadas de quatro modos diferentes para a incorporação dos aditivos. Os vulcanizados foram investigados com relação às propriedades reométricas, propriedades mecânicas de resistências à tração e ao rasgamento, dureza (shore A) e pela densidade de ligações cruzadas, de acordo a respectiva norma ASTM. Os resultados mostram que melhores desempenhos são obtidos quando os aditivos são primeiramente incorporados à SBR. Também foi verificada a superioridade do negro de fumo no aumento da maioria das propriedades mecânicas dos elastômeros, seja na composição com apenas uma das borrachas, seja nas composições com as duas borrachas misturadas. "
3,Aditivos alternativos a antibióticos para frangos de corte no período de 22 a 42 dias de idade,2014,Revista Brasileira de Saúde e Produção Animal,,,7,10.1590/s1519-99402014000400014,B_aditivos_envasados_mx,"""aditivos alimentarios"" preenvasados",Crossref,https://doi.org/10.1590/s1519-99402014000400014,,,," A pesquisa foi conduzida para avaliar o desempenho, metabolizabilidade dos nutrientes e rendimento de carcaça e dos principais cortes comerciais de frangos de cortes alimentados com dietas contendo aditivos alternativos a antibióticos promotores de crescimento, no período de 22 a 42 dias. Os tratamentos foram constituídos de uma ração controle padrão para atender as exigências das aves em cada fase e os demais adicionados de antibiótico; probióticos, prebióticos e simbióticos, com quatro repetições. O uso de probiótico (Lactobacillus acidophilus, Streptococcus faecium e Bifidumbacterium bifidum), do prebiótico (mananoligossacarídeo - MOS) e simbióticos, em ração de frangos de corte, proporciona resultado semelhante ao uso do antibiótico avilamicina 12% para desempenho, rendimento de carcaça e cortes comerciais (peito, dorso, coxa, sobrecoxa, asas, entreasas), coeficiente de metabolizabilidade da matéria seca, da proteína bruta e da energia bruta, no período de 22 a 42 dias de idade, constituindo esses aditivos em alternativa importante na substituição dos antibióticos promotores de crescimento. "
3,Digestibilidade aparente da dieta com capim-elefante ensilado com diferentes aditivos,2010,Arquivo Brasileiro de Medicina Veterinária e Zootecnia,,,7,10.1590/s0102-09352010000400019,B_aditivos_envasados_mx,"""aditivos alimentarios"" preenvasados",Crossref,https://doi.org/10.1590/s0102-09352010000400019,,,," Foram estudados os efeitos da adição de 15% de diferentes aditivos - casca de café, farelo de cacau e farelo de mandioca - à forragem verde de capim-elefante (peso/peso), no momento da ensilagem, sobre a digestibilidade aparente de dietas. Foram usados 20 ovinos machos, não castrados, com média de 22,27±3,24kg de peso corporal, em um delineamento inteiramente ao acaso, com quatro tratamentos e cinco repetições. Os tratamentos foram: T1 = capim-elefante ensilado sem aditivo; T2 = capim-elefante ensilado com 15% de casca de café; T3 = capim-elefante ensilado com 15% de farelo de cacau; T4 = capim-elefante ensilado com 15% de farelo de mandioca. Os animais receberam dieta isoproteica (10% de proteína bruta) em proporção de 60% de volumoso e 40% de concentrado, na base da matéria seca. Utilizou-se o método de coleta total de fezes durante sete dias. Os coeficientes de digestibilidade aparente da matéria seca, proteína bruta, fibra em detergente neutro e fibra em detergente ácido e de digestibilidade verdadeira da proteína bruta foram maiores no capim-elefante ensilado sem aditivo. O coeficiente de digestibilidade do extrato etéreo foi mais alto na silagem sem aditivo e na silagem com farelo de cacau. Os coeficientes de digestibilidade da matéria orgânica e dos carboidratos totais foram mais elevados na silagem sem aditivo e na silagem com farelo de mandioca. Os maiores valores de nutrientes digestíveis totais foram observados nas dietas que continham silagem sem aditivo e silage"
3,Métodos de estimação de efeitos genéticos não-aditivos para características de peso e perímetro escrotal em bovinos de corte mestiços,2012,Revista Brasileira de Zootecnia,,,5,10.1590/s1516-35982012000500009,B_aditivos_envasados_mx,"""aditivos alimentarios"" preenvasados",Crossref,https://doi.org/10.1590/s1516-35982012000500009,,,," Os objetivos neste trabalho foram investigar, em uma população de bovinos de corte mestiços a obtenção dos efeitos genéticos não-aditivos para as características peso aos 205 e 390 dias e perímetro escrotal e avaliar a consideração desses efeitos na predição dos valores genéticos dos reprodutores utilizando diferentes metodologias de estimação. No método 1, os dados foram pré-ajustados para os efeitos não-aditivos obtidos pelo método de mínimos quadrados em modelo que considerou os efeitos fixos genéticos aditivos diretos e maternos e os não-aditivos, das heterozigoses direta e materna total, e epistasia. No método 2, os efeitos não-aditivos foram considerados covariáveis no modelo genético. Valores genéticos para os dados ajustados e não-ajustados foram preditos considerando efeitos aleatórios no modelo os efeitos aditivos direto e materno e, para peso aos 205 dias, também o efeito permanente de ambiente. Os valores genéticos dos reprodutores nas categorias analisadas, para a característica peso aos 205 dias, foram organizados em arquivos com a finalidade de verificar alterações na magnitude das predições e no ordenamento dos animais, quanto aos dois métodos de correção dos dados para os efeitos não-aditivos. Os efeitos não-aditivos não se assemelham em magnitude e sentido nos dois métodos de estimação utilizados nem para as características avaliadas. Correlações de Pearson e Spearman entre os valores genéticos foram maiores que 0,94. A utilização dos métodos de estimação a"
3,"Desempenho e características bioquímicas de leitões submetidos a dietas com aditivos probióticos, prebióticos, simbióticos e antibióticos",2013,Arquivo Brasileiro de Medicina Veterinária e Zootecnia,,,5,10.1590/s0102-09352013000200021,B_aditivos_envasados_mx,"""aditivos alimentarios"" preenvasados",Crossref,https://doi.org/10.1590/s0102-09352013000200021,,,," Avaliaram-se o desempenho e as características bioquímicas de leitões desmamados, utilizando-se aditivos alternativos em substituição aos antibióticos. Foram utilizados 480 leitões machos, distribuídos em delineamento inteiramente ao acaso, composto por cinco tratamentos. A ração foi à base de milho, farelo de soja e um núcleo comercial para leitões. Os tratamentos consistiram em T1: ração sem aditivos, T2: dieta basal com antibiótico, T3: dieta basal com adição de prebiótico, T4: dieta basal com adição de probiótico e T5: dieta basal com adição de simbiótico. Foram avaliados peso corporal, ganho de peso, consumo de ração e conversão alimentar. Em 50 amostras de sangue de leitões, sendo 10 amostras de cada tratamento, avaliaram-se as concentrações séricas de proteínas totais, de albumina e globulina, a relação albumina:globulina e a fosfatase alcalina, creatinina, alanina aminotransferase, aspartato aminotransferase, gama- glutamiltransferase, colesterol, ureia, cálcio e fósforo e a relação cálcio:fósforo. A substituição de antibióticos por aditivos alternativos não influenciou o desempenho nem as características bioquímicas dos leitões. "
3,Efectos genéticos aditivos y no aditivos en cruces rotacionales holstein×jersey y holstein×pardo suizo,2010,Agronomía Mesoamericana,,,4,10.15517/am.v21i2.4885,B_aditivos_envasados_mx,"""aditivos alimentarios"" preenvasados",Crossref,https://doi.org/10.15517/am.v21i2.4885,,,,
3,Valor nutricional de silagem de capim-mombaça com aditivos agroindustriais,2014,Semina: Ciências Agrárias,,,4,10.5433/1679-0359.2014v35n3p1543,B_aditivos_envasados_mx,"""aditivos alimentarios"" preenvasados",Crossref,https://doi.org/10.5433/1679-0359.2014v35n3p1543,,,,
3,Aditivos alimentares na dieta de bovinos confinados,2013,Arquivo Brasileiro de Medicina Veterinária e Zootecnia,,,4,10.1590/s0102-09352013000600002,B_aditivos_envasados_mx,"""aditivos alimentarios"" preenvasados",Crossref,https://doi.org/10.1590/s0102-09352013000600002,,,," O objetivo do presente trabalho foi avaliar o efeito da inclusão do preparado de anticorpos policlonais (PAP) e/ou da monensina sódica (MON) sobre o desempenho, as características da carcaça, o perfil de ácidos graxos da carcaça (PAG) e a concentração de lipoproteínas sanguíneas (CLS) de bovinos confinados. O delineamento experimental foi inteiramente ao acaso, em arranjo fatorial 2 x 2, com medidas repetidas no tempo, sendo os fatores a inclusão ou não de MON e PAP avaliados em dois períodos, em que 72 bovinos machos da raça Brangus, não castrados, foram alocados em 24 baias (três animais/baia), totalizando seis repetições por tratamento. Não foi observado efeito (P&gt;0,05) da inclusão do PAP para nenhuma das varáveis de desempenho e características de carcaça. Contudo, foi observado efeito (P&lt;0,05) da inclusão de MON, em que animais que receberam MON apresentaram maiores ganho de peso diário (1,666 vs. 1,552), ganho de peso total (179,95 vs. 167,68), peso vivo final (474,86 vs. 459,61), peso de carcaça quente (248,46 vs. 240,20), melhor conversão alimentar (5,57 vs. 5,79) e reduzido custo para ganhar um quilo de peso vivo (3,06 vs. 3,18). Ainda não foi observado efeito principal (P&gt;0,05) dos aditivos para o PAG e a CLS. Assim, a inclusão do PAP não foi boa alternativa à substituição da MON. Por outro lado, a inclusão do PAP não afetou negativamente os itens estudados. "
3,Uso de aditivos e tempo de abertura dos silos em silagens de estilosantes campo grande,2014,Revista Brasileira de Saúde e Produção Animal,,,4,10.1590/s1519-99402014000200001,B_aditivos_envasados_mx,"""aditivos alimentarios"" preenvasados",Crossref,https://doi.org/10.1590/s1519-99402014000200001,,,," Objetivou-se avaliar o potencial de utilização do estilosantes campo grande na forma de silagem, através do valor nutritivo de silagens a vácuo, submetidas a diferentes tempos de abertura e uso de aditivos. Utilizou-se um delineamento inteiramente casualizado em esquema fatorial 4 x 4, sendo quatro tratamentos: sem inoculante; com inoculante; com inoculante mais uréia e apenas com uréia, com quatro tempo de abertura (14, 28, 42 e 56 dias) e quatro repetições. Observou-se que as silagens sem inoculante apresentaram menores valores de pH e de temperatura, em relação aos demais tratamentos. Todas as silagens apresentaram maiores índices de recuperação da matéria seca no primeiro tempo de abertura, diminuindo posteriormente. As silagens de estilosantes apresentaram altas concentrações de proteína bruta, em média 167,30g/kg de MS, sendo os maiores valores encontrados nas silagens com adição de uréia. As silagens sem o uso de aditivo apresentaram melhor composição químico-bromatológica, em relação aos demais tratamentos com aditivos, sendo observados valores médios de 539,17g/kg e 665,79g/kg de MS, para as concentrações de nutrientes digestíveis totais e digestibilidade ""in vitro"" da matéria seca, respectivamente. O estilosantes campo grande apresenta potencial para ser utilizado na forma de silagem. "
3,Efeito de Aditivos Desaerantes nas Características de Compósitos de Epóxi/Fibras de Vidro,2014,Polímeros Ciência e Tecnologia,,,4,10.4322/polimeros.2014.059,B_aditivos_envasados_mx,"""aditivos alimentarios"" preenvasados",Crossref,https://doi.org/10.4322/polimeros.2014.059,,,,
3,"Desempenho, características qualitativas da carcaça e da carne de novilhas Brangus suplementadas em pastagem recebendo diferentes aditivos nutricionais",2013,Revista Brasileira de Saúde e Produção Animal,,,4,10.1590/s1519-99402013000300015,B_aditivos_envasados_mx,"""aditivos alimentarios"" preenvasados",Crossref,https://doi.org/10.1590/s1519-99402013000300015,,,," Objetivou-se avaliar a eficiência de dietas contendo diferentes aditivos sobre o desempenho, características qualitativas da carcaça e da carne de 150 novilhas Brangus suplementadas a pasto diariamente com 0,32% do peso vivo. Os tratamentos foram: suplemento base (sem aditivos); farinha de algas calcárias (Lithothamnium calcareum) adicionada ao suplemento base; vitamina E e selênio orgânico adicionados ao suplemento base; gordura protegida adicionada ao suplemento base; uma aplicação por via subcutânea de vitamina D 7 dias antes do abate + suplemento base; e uma associação de vitamina E, selênio orgânico e gordura protegida adicionados ao suplemento base + uma aplicação por via subcutânea de vitamina D 7 dias antes do abate. Os animais foram suplementados por 109,80 ± 11,71 dias, quando foram abatidos ao alcançarem 337,95 ± 20,56kg de PV. O delineamento experimental foi inteiramente casualizado, com seis tratamentos e 25 repetições. O desempenho, as características de carcaça e da carne não foram afetados pelos aditivos utilizados. A média da área de olho de lombo de 52,00 cm² e a média da espessura de gordura subcutânea de 3,58mm dos animais que receberam a associação de aditivos não diferiram dos valores dos animais do tratamento controle. A adição de vitamina D3 não teve efeito sobre a força de cisalhamento da carne. O uso de aditivos conforme os protocolos adotados não foi eficiente para melhorar o desempenho, as características de carcaça e as características físicas da"
3,Caracterização física e mecânica de um compósito de polipropileno reciclado e farinha de madeira sem aditivos,2014,Matéria (Rio de Janeiro),,,4,10.1590/s1517-70762014000100003,B_aditivos_envasados_mx,"""aditivos alimentarios"" preenvasados",Crossref,https://doi.org/10.1590/s1517-70762014000100003,,,,"  Compósitos de matriz polimérica reciclada reforçados com farinha de madeira podem ser uma alternativa viável para a substituição da madeira e de polímeros virgens em materiais empregados em pisos, batentes de portas, janelas e revestimentos externos. O objetivo desta pesquisa foi determinar alguns parâmetros físicos e mecânicos de compósito com farinha de madeira de Pinus taeda e elliotti e polipropileno reciclado, sem o emprego de compatibilizantes ou aditivos. Os compósitos foram separados em quatro traços, sendo eles: 100% polipropileno, 90% polipropileno com 10% de farinha de madeira, 80% de polipropileno com 20% de farinha de madeira e 70% de polipropileno com 30% de farinha de madeira. Para caracterização do compósito foram utilizadas as normas ASTM D-638-10, ASTM D256-00, ASTM D570-98, ASTM D1238-10 e ASTM G-155-05 e também a análise de superfície por microscopia eletrônica de varredura. Os ensaios de estabilidade dimensional apresentaram resultados satisfatórios. Mesmo o compósito com maior porcentagem de farinha de madeira (30%) apresentou um melhor índice de fluidez de 10,0MFI, sendo considerado compatível com os índices para PP (polipropileno) virgem da norma ASTM D-1238-10. A inclusão de farinha de madeira (FM) proporcionou a obtenção de compósitos com boas características mecânicas que podem ser aplicados na fabricação de diferentes materiais, empregados especificamente em ambientes externos. "
3,Fundamentos sobre o conhecimento dos aditivos químicos presentes nas luvas de borracha,2011,Anais Brasileiros de Dermatologia,,,4,10.1590/s0365-05962011000500008,B_aditivos_envasados_mx,"""aditivos alimentarios"" preenvasados",Crossref,https://doi.org/10.1590/s0365-05962011000500008,,,," FUNDAMENTOS: Uma das causas mais frequentes de dermatite de contato alérgica, de origem ocupacional, são os aditivos da borracha, presentes nos Equipamentos de Proteção Individual. Os aditivos das luvas natural e sintética mais alergênicos são tiurams, mercaptos e carbamatos. OBJETIVO: levantar o nível de conhecimento em relação aos aditivos químicos utilizados na fabricação das luvas de borracha sintética. MÉTODOS: Foi aplicado um questionário aberto a profissionais que trabalham com fabricação, pesquisa, prescrição e comercialização das luvas. Foi adotado o método de pesquisa qualitativa. RESULTADOS: Foram entrevistadas 30 pessoas: 4 pesquisadores na área de Medicina do Trabalho, 5 médicos do Trabalho, 2 técnicos de segurança do Trabalho, 1 médico do sindicato de trabalhadores da borracha, 1 engenheiro de Segurança do Trabalho, 1 engenheira de Produção do setor de fabricação de luvas de borracha, 4 empresários importadores de luvas, 1 empresário fabricante de luvas, 3 empresários que comercializavam Equipamentos de Proteção Individual, 3 vendedores de lojas de Equipamentos de Proteção Individual, 2 empresários de lojas que comercializavam produtos para alérgicos e 3 dermatologistas. CONCLUSÃO: O conhecimento da composição química das luvas é pequeno. A rotulagem das luvas, com a descrição da composição química, facilitaria a escolha do melhor tipo de luva para cada pessoa. Esta ação, de baixo custo para as empresas, seria um ganho, do ponto de vista da saúde pública, e ter"
3,Frações fibrosas da silagem de resíduo de manga com aditivos,2010,Ciência e Agrotecnologia,,,3,10.1590/s1413-70542010000300031,B_aditivos_envasados_mx,"""aditivos alimentarios"" preenvasados",Crossref,https://doi.org/10.1590/s1413-70542010000300031,,,," Com o objetivo de avaliar as diferentes frações fibrosas da silagem de resíduo de manga em mistura com diferentes aditivos, em níveis crescentes de adição, foi conduzido este estudo. O delineamento experimental utilizado foi o inteiramente casualizado, com três repetições, sendo os tratamentos dispostos em um esquema fatorial do tipo (4 x 3) + 1, sendo quatro aditivos (milho desintegrado com palha e sabugo (MDPS), palha de feijão (PF), sabugo de milho (SM) e casca de café (CC)) em três níveis de adição (10, 20 e 30%) e um tratamento testemunha (resíduo de manga puro ensilado). O material experimental foi ensilado em silos de PVC adaptados com válvula tipo ""Bunsen"" com capacidade para aproximadamente 3 kg cada. Todos os aditivos utilizados elevaram os teores de MS. Os aditivos PF, SM e CC elevaram os teores de FDN, FDA e celulose. Quanto aos teores de hemicelulose, apenas o aditivo SM promoveu aumento com a elevação dos níveis de adição. Comportamento semelhante foi observado para o aditivo PF em relação à lignina. Os valores registrados para as diferentes frações fibrosas das silagens, quando se utilizou o MDPS, sofreram reduções em relação ao resíduo de manga ensilado puro, não diferindo, no entanto, com o aumento dos níveis de adição. De maneira geral, a utilização dos demais aditivos, promoveu elevações nos teores das variáveis estudadas. "
3,FILME BIODEGRADÁVEL INCORPORADO COM GLICEROL E ADITIVOS NATURAIS,2011,Cadernos de Prospecção,,,3,10.9771/s.cprosp.2011.004.003,B_aditivos_envasados_mx,"""aditivos alimentarios"" preenvasados",Crossref,https://doi.org/10.9771/s.cprosp.2011.004.003,,,,
3,Efeito da densidade do fluxo e da presença de aditivos na soldagem ATIG de aço inoxidável austenítico,2013,Soldagem &amp; Inspeção,,,3,10.1590/s0104-92242013000200005,B_aditivos_envasados_mx,"""aditivos alimentarios"" preenvasados",Crossref,https://doi.org/10.1590/s0104-92242013000200005,,,," A soldagem ATIG é uma variante simples do processo TIG convencional que permite aumentar a penetração da solda e, por exemplo, possibilitar a soldagem em um passe, com penetração total e sem abertura de chanfro, para juntas com espessura de 5 mm ou mais. Diferentes mecanismos foram propostos para explicar este efeito com destaque para o da contração do arco pela presença de íons negativos e o da alteração no movimento de metal líquido na poça de fusão associada com variações da tensão superficial em função da temperatura. O presente trabalho avalia o efeito da quantidade de um fluxo de um componente (óxido de cromo III, Cr2O3) colocado na superfície da peça e de adições de KClO4 e Al2O3 no formato do cordão de solda. Foram realizados três conjuntos de experimentos consistindo na deposição de cordões sobre chapa de aço inoxidável austenítico ABNT 304 com 5 mm de espessura. No primeiro conjunto, variou-se a quantidade de fluxo usada, no segundo, estudou-se o efeito de adições de KClO4 e, no terceiro, de Al2O3. Foram medidos os sinais elétricos (corrente e tensão) durante a soldagem e, em seções transversais dos cordões, a largura, a penetração e a área do cordão. Os resultados indicaram uma pequena variação na tensão de soldagem (aumento inferior a 1 V) na passagem da soldagem TIG para a ATIG. A concentração superficial de fluxo afetou a penetração da solda, ocorrendo um aumento brusco de penetração e área do cordão para concentrações entre 7,5 e 15 g/m², seguido por uma varia"
3,Evaluación del ensilaje del pasto Ratana (Ischaemum indicum Houtt.) con tres diferentes aditivos.,2014,Agronomía Mesoamericana,,,3,10.15517/am.v25i2.15435,B_aditivos_envasados_mx,"""aditivos alimentarios"" preenvasados",Crossref,https://doi.org/10.15517/am.v25i2.15435,,,," El objetivo de este trabajo fue evaluar las características del proceso de fermentación del pasto Ratana (Ischaemum indicum Houtt.) y la calidad del ensilado, al agregar tres aditivos. El experimento se llevó a cabo en la provincia de Limón, Costa Rica, durante el periodo de julio a diciembre del 2011; zona con una temperatura de 24,5 °C; una altura de 249 msnm y precipitación de 4577,2 mm anuales distribuidos principalmente de mayo a diciembre. Se empleó un diseño de bloques completos al azar, con cuatro repeticiones y nueve tratamientos: ensilado con melaza, maíz molido o pulpa de cítricos deshidratada como aditivos, en tres niveles de adición ortogonales. Las pérdidas de material más importantes se produjeron con melaza o pulpa de cítricos (p&lt;0,05) con disminuciones en base fresca de 13,27% y 14,42%, respectivamente; mientras que el ensilaje con maíz molido tuvo mermas de 11,68%. No se encontró ninguna diferencia (p&gt;0,05) en los porcentajes de materia seca (MS), fibra neutrodetergente (FND), fibra ácido detergente (FAD), hemicelulosa y cenizas en los ensilajes de ninguno de los tratamientos. La proteína cruda (PC), celulosa y extracto etéreo (EE) difirieron según el porcentaje de aditivo agregado (p&lt;0,05). Los niveles de pH encontrados fueron estadísticamente menores (p&lt;0,05) en los tratamientos que incluyeron melaza (4,84), que en los ensilados con maíz (5,10) o citropulpa (5,02). Finalmente, todos los tratamientos analizados presentaron características organ"
3,Efeito de aditivos no comportamento reológico do rejeito da bauxita,2015,Cerâmica,,,3,10.1590/0366-69132015613571808,B_aditivos_envasados_mx,"""aditivos alimentarios"" preenvasados",Crossref,https://doi.org/10.1590/0366-69132015613571808,,,," Na mineração da bauxita no município de Paragominas-PA, são descartados no processo de beneficiamento rejeitos com teor de sólido de 33,5% e granulometria muito fina com D50 abaixo de 5 µm. Esses fatores contribuem para que esta suspensão formada basicamente por silico-aluminatos, com elevada concentração de argila caulinitica, apresente aumento na viscosidade e na tensão inicial de escoamento, fatores importantes durante o processo de bombeamento. Foi realizada análise granulométrica e determinadas as composições químicas e mineralógicas do material. Avaliou-se a utilização dos aditivos hexametafosfato de sódio e poliacrilamida 25% aniônica visando à diminuição da viscosidade. Os resultados mostram diminuição da viscosidade com a adição de 23,8 g/ton para a poliacrilamida e 101,75 g/ton para o hexametafosfato de sódio. A granulometria da polpa de bauxita descartada e o pH influenciam no comportamento dos aditivos reológicos. "
3,ADITIVOS ALIMENTARES E SUAS REAÇÕES ADVERSAS NO CONSUMO INFANTIL,2015,REVISTA DA UNIVERSIDADE VALE DO RIO VERDE,,,3,10.5892/ruvrd.v13i1.1845,B_aditivos_envasados_mx,"""aditivos alimentarios"" preenvasados",Crossref,https://doi.org/10.5892/ruvrd.v13i1.1845,,,,
3,Síntesis verde y caracterización de sólidos de matriz silícea con cobre y plata obtenidos a partir de dos precursores para su aplicación como aditivos antifúngicos,2015,Matéria (Rio de Janeiro),,,3,10.1590/s1517-707620150003.0062,B_aditivos_envasados_mx,"""aditivos alimentarios"" preenvasados",Crossref,https://doi.org/10.1590/s1517-707620150003.0062,,,,
3,A regulação de aditivos que conferem sabor e aroma aos produtos derivados do tabaco no Brasil,2014,Cadernos Ibero-Americanos de Direito Sanitário,,,2,10.17566/ciads.v3i1.18,B_aditivos_envasados_mx,"""aditivos alimentarios"" preenvasados",Crossref,https://doi.org/10.17566/ciads.v3i1.18,,,," A Agência Nacional de Vigilância Sanitária (ANVISA) proibiu, por meio da Resolução da Diretoria Colegiada nº 14, de 2012, o uso de aditivos que conferem aroma e sabor aos produtos derivados do tabaco, com o objetivo de reduzir a experimentação e iniciação por crianças e jovens já que o emprego dessas substâncias, que caracterizam sabores e reduzem a aspereza da fumaça, os tornam mais atraentes e palatáveis. A Organização Mundial da Saúde (OMS) considera o tabagismo como uma doença pediátrica pois 90% dos fumantes começam a fumar antes dos 19 anos e quanto mais cedo se iniciam no uso do tabaco, mais rapidamente eles se tornam dependentes. No Brasil, os custos do tratamento das doenças tabaco-relacionadas chegam a R$ 21 bilhões/ano. Proibir os aditivos é uma importante medida de saúde pública, em consonância com os artigos 9 e 10 e Guias Parciais de Implementação da Convenção-Quadro para o Controle do Tabaco da OMS (CQCT/OMS), tratado ratificado pelo Brasil em 2005. Esses artigos versam sobre a regulamentação do conteúdo e a divulgação de informações dos produtos do tabaco, respectivamente. O artigo faz uma análise do processo regulatório no Brasil, elencando os principais eventos relacionados e sugerindo uma interferência direta da indústria fumageira e de grupos de interesse na tomada de decisão e na implementação da RDC14/2012. Apesar do esforço da Anvisa e de pareceres favoráveis da Advocacia Geral da União e da Procuradoria Geral da República quanto à constitucionalidade "
3,Uso de aditivos biológicos na ensilagem de forrageiras,2011,Revista Ambiência,,,2,10.5777/ambiencia.2011.03.01rb,B_aditivos_envasados_mx,"""aditivos alimentarios"" preenvasados",Crossref,https://doi.org/10.5777/ambiencia.2011.03.01rb,,,,
3,Incidência de ruminite e abscesso hepático em bovinos jovens confinados alimentados com dietas contendo aditivos alimentares,2015,Revista Brasileira de Saúde e Produção Animal,,,2,10.1590/s1519-99402015000100017,B_aditivos_envasados_mx,"""aditivos alimentarios"" preenvasados",Crossref,https://doi.org/10.1590/s1519-99402015000100017,,,," &lt;p&gt;O objetivo deste estudo foi avaliar o efeito da inclusão do preparado de anticorpos policlonais (PAP) e/ou de monensina sódica (MON) na morfologia das papilas ruminais, incidência de ruminites (IR) e abscessos hepáticos (AH) em bovinos jovens confinados. Foram utilizados 72 novilhos da raça Brangus, não castrados, com peso vivo inicial de 261,04 ± 34,73 kg, em 24 baias (3 animais/baia) com 6 repetições por tratamento. O delineamento experimental foi inteiramente casualizado em arranjo fatorial 2 x 2, sendo os fatores a adição ou não de MON e PAP. Após o abate foram realizadas as avaliações. No fígado tanto o percentual de AH quanto a severidade foram menores (P&lt;0,01) nos animais que receberam PAP em relação aos que não receberam. A inclusão de MON foi apenas eficiente em reduzir (P&lt;0,01) a severidade dos AH em relação ao tratamento sem o aditivo. Não houve efeito dos aditivos sobre o IR. O tratamento com MON resultou em maior (P=0,07) superfície de absorção/cm&lt;sup&gt;2&lt;/sup&gt; de parede de rúmen e maior (P=0,10) área papilar em relação ao tratamento sem este aditivo. Número de papilas/cm&lt;sup&gt;2&lt;/sup&gt; de parede e área média das papilas não apresentaram diferenças entre tratamentos. O uso de PAP foi eficiente na redução de AH bem como a severidade, porém não foi capaz de melhorar a forma e a estrutura das papilas ruminais, como o observado com o uso de MON.&lt;/p&gt; "
3,Composição e pH de silagem de cana-de-açúcar com aditivos químicos e microbiológicos,2011,Revista de Ciências Agrárias,,,2,10.4322/rca.2012.005,B_aditivos_envasados_mx,"""aditivos alimentarios"" preenvasados",Crossref,https://doi.org/10.4322/rca.2012.005,,,,
3,"Grupo genético, sistema de acasalamento e efeitos genéticos aditivos e não-aditivos nas características de musculosidade da carcaça de novilhos oriundos do cruzamento rotativo Charolês × Nelore",2010,Revista Brasileira de Zootecnia,,,2,10.1590/s1516-35982010000300007,B_aditivos_envasados_mx,"""aditivos alimentarios"" preenvasados",Crossref,https://doi.org/10.1590/s1516-35982010000300007,,,," Foram avaliadas as carcaças de 800 novilhos oriundos do cruzamento rotativo entre as raças Charolesa e Nelore abatidos aos 2 anos de idade. As características avaliadas foram: conformação, espessura de coxão, perímetro de braço, área de olho-de-lombo e área de olho-de-lombo dividida por 100 kg de peso da carcaça fria (AOL100). Na análise dos dados, consideraram-se dois modelos: o Modelo 1 incluiu os efeitos genéticos de sistema de acasalamento e grupo genético do novilho aninhado em sistema de acasalamento e o Modelo 2 correspondeu ao Modelo 1, porém o sistema de acasalamento e o grupo genético foram substituídos pelas covariáveis representativas da porcentagem da raça Charolesa no indivíduo e na sua mãe e da porcentagem de heterozigose no indivíduo e na sua mãe. Pela análise do Modelo 1, novilhos charoleses foram superiores aos nelores em todas as características avaliadas. A heterose retida foi significativa para conformação (4,2%), espessura de coxão (3,2%), perímetro de braço (4,2%), área de olho-de-lombo (7,3%) e AOL100 (-6,7%). O efeito genético aditivo individual da raça Charolesa em relação à Nelore foi de 1,89 pontos para conformação, 1,37 cm para espessura de cochão, 2,55 cm para perímetro de braço, 12,70 cm² para área de olho-de-lombo e 3,13 cm² para AOL100. O efeito genético heterótico individual (em relação à média dos definidos) foi de 3,9% para conformação, 3,8% para espessura de cochão, 3,1% para perímetro de braço e 9,8% para área de olho-de-lombo. A heteros"
3,POTENCIAL DEL ALMIDÓN RESISTENTE RETROGRADADO DE PAPA FRENTE A OTROS ADITIVOS FUNCIONALES USADOS EN POLLOS DE ENGORDE,2014,Revista de la Facultad de Medicina Veterinaria y de Zootecnia,,,2,10.15446/rfmvz.v61n1.43883,B_aditivos_envasados_mx,"""aditivos alimentarios"" preenvasados",Crossref,https://doi.org/10.15446/rfmvz.v61n1.43883,,,,
3,Avaliação das características da resina epóxi com diferentes aditivos desaerantes,2015,Polímeros,,,2,10.1590/0104-1428.1661,B_aditivos_envasados_mx,"""aditivos alimentarios"" preenvasados",Crossref,https://doi.org/10.1590/0104-1428.1661,,,," Este trabalho tem por objetivo a busca por técnicas alternativas para diminuir a incidência de vazios em resinas poliméricas e, por consequência, em materiais compósitos. Foram produzidas formulações diferentes utilizando resina epóxi à base de éter diglicidílico do Bisfenol A, endurecedor de poliamina alifática com e sem a adição de diferentes aditivos desaerantes a base de éteres e ésteres modificados. As formulações produzidas foram submetidas a condições extremas de agitação e processamento, sendo posteriormente avaliadas quanto a incidência de bolhas e vazios, densidade, propriedades mecânicas, morfológicas e térmicas. Os resultados foram bastante positivos quanto à diminuição da quantidade e do tamanho de poros pela utilização de técnicas de desgaseificação a vácuo e pelo uso de aditivos desaerantes. "
3,Modelagem estatística para estimação da população de protozoários ruminais em função da relação volumoso: concentrado na dieta e da presença de aditivos,2012,Revista Brasileira de Saúde e Produção Animal,,,2,10.1590/s1519-99402012000100009,B_aditivos_envasados_mx,"""aditivos alimentarios"" preenvasados",Crossref,https://doi.org/10.1590/s1519-99402012000100009,,,," Objetivou-se com a realização deste trabalho desenvolver modelos estatísticos para estimar as variações da população de protozoários ruminais em função da relação volumoso:concentrado e da presença ou não de aditivos na dieta. Foram construídas planilhas mediante a utilização do software Excel com dados referentes à composição da dieta, presença e ausência de aditivos e do número de protozoários do rúmen de bovinos de 23 artigos científicos e três teses realizados no Brasil. Estas variáveis foram utilizadas e testadas para obtenção da equação para predição do perfil da população de protozoários. Os modelos estatísticos obtidos foram verificados por análise residual e a seleção das variáveis foi realizada considerando o nível de significância de 5% de probabilidade do erro experimental. Verificou-se que dietas com maior proporção de volumosos favorecem o incremento na população de protozoários totais e em particular, de Entodinium, enquanto a presença de ionóforos reduz o número desses microorganismos ruminais. O modelo estatísticos desenvolvido pode auxiliar na identificação antecipada de fatores nutricionais limitantes para o desenvolvimento da microbiota ruminal. "
3,Lodos procedentes de la industria de tratamiento de superficies metálicas como aditivos a matrices cerámicas,2011,Boletín de la Sociedad Española de Cerámica y Vidrio,,,1,10.3989/cyv.162011,B_aditivos_envasados_mx,"""aditivos alimentarios"" preenvasados",Crossref,https://doi.org/10.3989/cyv.162011,,,,
3,Consumo e digestibilidade aparente de silagens de Brachiaria brizantha cv marandu adicionada de aditivos,2011,Arquivo Brasileiro de Medicina Veterinária e Zootecnia,,,1,10.1590/s0102-09352011000300023,B_aditivos_envasados_mx,"""aditivos alimentarios"" preenvasados",Crossref,https://doi.org/10.1590/s0102-09352011000300023,,,," Avaliaram-se o consumo e a digestibilidade aparente da matéria seca, da proteína bruta e da energia e o balanço de nitrogênio de silagens de Brachiaria brizantha cvmarandusem aditivos (T1), B. brizantha cvmarandu + inoculante bacteriano Sil-ALL C4 (T2), B. brizantha cvmarandu + inoculante bacteriano Bactosilo C Tropical (T3) e B. brizantha cvmarandu + 30% de cana-de-açúcar (T4) em ovinos. Não foram observadas diferenças no consumo de matéria seca (MS), proteína bruta (PB), energia bruta (EB), energia digestível (ED) e energia metabolizável (EM) entre os tratamentos (P&gt;0,05). Os maiores valores de digestibilidade aparente da MS, PB e EB foram para o T2, de 60,9%, 44,3% e 57,5%, respectivamente, e os menores para o T4, 53,0%, 30,0% e 49,5%, respectivamente (P&lt;0,05). Todos os tratamentos apresentaram balanço de nitrogênio positivo e não diferiram entre si. A utilização de inoculantes bacterianos ou cana-de-açúcar não indicou aumento de consumo da matéria seca e energia das silagens. O inoculante SiL ALL C4 (T2) mostrou-se eficiente em aumentar o consumo e a digestibilidade da PB. "
3,Avaliações das silagens de bagaço de laranja e de milho com diferentes aditivos protéicos,2012,Semina: Ciências Agrárias,,,1,10.5433/1679-0359.2012v33supl2p3305,B_aditivos_envasados_mx,"""aditivos alimentarios"" preenvasados",Crossref,https://doi.org/10.5433/1679-0359.2012v33supl2p3305,,,,
3,AVALIAÇÃO DE ADITIVOS ASSOCIADOS NA ENSILAGEM DE CANA-DE-AÇÚCAR Saccharum officinarum 1,2012,Nucleus,,,1,10.3738/1982.2278.728,B_aditivos_envasados_mx,"""aditivos alimentarios"" preenvasados",Crossref,https://doi.org/10.3738/1982.2278.728,,,,
3,Definição de grupos genéticos aditivos visando melhor predição de valores genéticos em bovinos de corte,2013,Revista Brasileira de Saúde e Produção Animal,,,1,10.1590/s1519-99402013000200003,B_aditivos_envasados_mx,"""aditivos alimentarios"" preenvasados",Crossref,https://doi.org/10.1590/s1519-99402013000200003,,,," O objetivo do estudo foi avaliar a estrutura de grupos genéticos aditivos como uma alternativa para melhor ajuste de animais com paternidade desconhecida nas avaliações genéticas. As características estudadas foram: peso a desmama; peso ao sobreano; ganho de peso pós-desmama em 345 dias; perímetro escrotal ao sobreano e o escore visual de musculosidade ao sobreano. Um banco em que todos os animais tinham paternidade conhecida foi utilizado como grupo controle. A partir deste, três cenários foram criados em que 30; 50 ou 70% dos indivíduos foram aleatoriamente assumidos como animais com paternidade desconhecida. As estratégias consideradas de grupos genéticos aditivos foram: ano de nascimento do animal com paternidade desconhecida; fazenda de nascimento do animal com paternidade desconhecida; ano de nascimento e fazenda de nascimento do animal e um grupo controle negativo que manteve os animais com pais desconhecidos. A estratégia adequada de grupo genético aditivo foi escolhida como sendo aquela que resultou em um maior coeficiente de regressão e com valor genético aditivo mais próximos ao predito para os animais do grupo controle. Os resultados que incluíram a estratégia de grupo genético aditivo nos modelos de predição dos valores genéticos mostraram maior coerência com o grupo controle, frente a não inclusão destes nas análises. Dentre as estratégias propostas, ano de nascimento e fazenda de nascimento do animal e apenas ano de nascimento do animal com paternidade desconh"
3,Desempenho produtivo e concentrações de N-ureico em ovinos alimentados com parte aérea da mandioca ensilada com aditivos alternativos,2014,Revista Brasileira de Saúde e Produção Animal,,,1,10.1590/s1519-99402014000300009,B_aditivos_envasados_mx,"""aditivos alimentarios"" preenvasados",Crossref,https://doi.org/10.1590/s1519-99402014000300009,,,," Objetivou-se avaliar a parte aérea da mandioca ensilada in natura, sem e com adição de 10% de farinha de varredura, farelo de jaca ou bagaço de laranja, na alimentação de ovinos confinados. Avaliou-se o desempenho produtivo e parâmetro sanguíneo, de 28 cordeiros não castrados, mestiços da raça Santa Inês, pesando inicialmente em média 22,0kg. Foram 14 dias de adaptação dos animais às dietas e às instalações e 56 de coleta de dados. Os consumos (g/animal/dia) de matéria seca, matéria orgânica, proteína bruta, extrato etéreo, fibra insolúvel em detergente neutro (FDN), carboidratos não fibrosos e FDN corrigido para cinzas e proteína, não diferiram e apresentaram as seguintes médias: 1466,7; 1448,5; 253,4; 69,8; 498,7; 662,0 e 410,8 respectivamente. A concentração média (24,8mg/dL) de nitrogênio ureico plasmático, não diferiu, mas, o efeito de tempo após alimentação apresentou comportamento quadrático, com pico de concentração, aproximadamente, às 3 horas. O ganho de peso médio (207,5g/dia), a média de peso final (30,1kg PC), o ganho de peso médio total (11,6kg) e a conversão alimentar (7,3kg MS/kg peso ganho) não foram influenciados pelas dietas. Conclui-se que as silagens de parte aérea da mandioca com ou sem os aditivos alternativos podem ser utilizadas na alimentação de ovinos. "
3,Resposta Econômica do Uso de Diferentes Aditivos na Silagem de Milho (Zea mays L.) no Sistema de Terminação de Bovinos em Confinamento,2012,Revista Brasileira de Milho e Sorgo,,,1,10.18512/1980-6477/rbms.v11n1p86-97,B_aditivos_envasados_mx,"""aditivos alimentarios"" preenvasados",Crossref,https://doi.org/10.18512/1980-6477/rbms.v11n1p86-97,,,,
3,"Efeitos genéticos aditivos e não aditivos, grupo genético e sistema de acasalamento nas características métricas da carcaça de novilhos oriundos do cruzamento alternado contínuo Charolês x Nelore",2014,Semina: Ciências Agrárias,,,1,10.5433/1679-0359.2014v35n6p3319,B_aditivos_envasados_mx,"""aditivos alimentarios"" preenvasados",Crossref,https://doi.org/10.5433/1679-0359.2014v35n6p3319,,,,
3,Cinética de degradação ruminal de silagens de Brachiaria brizantha com diferentes aditivos microbianos,2013,Semina: Ciências Agrárias,,,1,10.5433/1679-0359.2013v34n6supl2p4025,B_aditivos_envasados_mx,"""aditivos alimentarios"" preenvasados",Crossref,https://doi.org/10.5433/1679-0359.2013v34n6supl2p4025,,,,
3,Efeito de aditivos na composição bromatológica e qualidade de silagens de coproduto do desfibramento do sisal,2013,Semina: Ciências Agrárias,,,1,10.5433/1679-0359.2013v34n6p2991,B_aditivos_envasados_mx,"""aditivos alimentarios"" preenvasados",Crossref,https://doi.org/10.5433/1679-0359.2013v34n6p2991,,,,
3,Development of Active Packaging by Extraction of Anthocyanin From Red Cabbage,2024,Zenodo (CERN European Organization for Nuclear Research),,IN,0,10.5281/zenodo.18144645,A_colorantes_mercado_mx,"""food colorants"" ""packaged food""",OpenAlex,https://openalex.org/W7118160985,,,,"Anthocyanins are brilliant cell reinforcement/antimicrobial specialists as well as pH-delicate markers that give new possibilities to encourage imaginative savvy bundling frameworks because of their capacity to further develop food time span of usability and identify physicochemical and organic changes in bundled food. Contrasted and anthocyanins from other normal sources, red cabbage anthocyanins (RCAs) are of extraordinary interest in food bundling since they address a variety range over a wide scope of pH values.There is a rising interest in anthocyanins, as normal food colorants, in food items and furthermore in drug items because of their antioxidative potential. The current review manages extraction and cleaning of anthocyanins from red cabbage. Besides, the utilization of RCAs as colorimetric pH-responsive specialists can dependably screen the subjective properties of the packaged food items in a continuous evaluation. Hence, the improvement of brilliant biodegradable movies utilizing RCAs is a promising way to deal with the possibility of food packaging."
3,Development of Active Packaging by Extraction of Anthocyanin From Red Cabbage,2024,Zenodo (CERN European Organization for Nuclear Research),,IN,0,10.5281/zenodo.18144646,A_colorantes_mercado_mx,"""food colorants"" ""packaged food""",OpenAlex,https://openalex.org/W7118170382,,,,"Anthocyanins are brilliant cell reinforcement/antimicrobial specialists as well as pH-delicate markers that give new possibilities to encourage imaginative savvy bundling frameworks because of their capacity to further develop food time span of usability and identify physicochemical and organic changes in bundled food. Contrasted and anthocyanins from other normal sources, red cabbage anthocyanins (RCAs) are of extraordinary interest in food bundling since they address a variety range over a wide scope of pH values.There is a rising interest in anthocyanins, as normal food colorants, in food items and furthermore in drug items because of their antioxidative potential. The current review manages extraction and cleaning of anthocyanins from red cabbage. Besides, the utilization of RCAs as colorimetric pH-responsive specialists can dependably screen the subjective properties of the packaged food items in a continuous evaluation. Hence, the improvement of brilliant biodegradable movies utilizing RCAs is a promising way to deal with the possibility of food packaging."
3,A Web Application for Household Food Management and Meal Planning,2026,Repository of the University of Ljubljana (University of Ljubljana),sl,,0,,D_calidad_open_food_facts,openfoodfacts,OpenAlex,https://openalex.org/W7131057787,,,,"Zavržena hrana predstavlja resen okoljski in ekonomski izziv, saj se globalno vsako leto zavrže približno 1,05 milijarde ton hrane, od tega večina v gospodinjstvih. Diplomska naloga obravnava razvoj celostne spletne aplikacije za upravljanje z živili in načrtovanje obrokov, ki uporabnikom pomaga zmanjšati količino zavržene hrane. Sistem temelji na sodobnih spletnih tehnologijah in omogoča beleženje živil v inventuri, sledenje rokom trajanja, iskanje receptov na podlagi razpoložljivih sestavin, načrtovanje obrokov ter avtomatsko generiranje nakupovalnih seznamov. Zaledni del aplikacije je razvit z Node.js in Express.js ter uporablja MongoDB bazo za shranjevanje podatkov. Ključna komponenta sistema je klasifikator živil, implementiran kot samostojen strežnik FastAPI, ki s pomočjo fuzzy string matching algoritma in sistema učenja iz uporabniških izbir zagotavlja točno kategorizacijo živil. Klasifikator kombinira podatke iz OpenFoodFacts taksonomije ter uporabniško ustvarjene kategorije, pri čemer se njegova točnost skozi čas izboljšuje na podlagi povratnih informacij uporabnikov. Čelni del aplikacije je zasnovan kot enostranska aplikacija (angl. Single Page Application – SPA) z uporabo React knjižnjice in Tailwind CSS za odziven dizajn. Aplikacija podpira dvosmerno komunikacijo v realnem časupreko Socket.IO protokola, kar omogoča sinhronizacijo nakupovalnih seznamov med več uporabniki istega gospodinjstva. Integracija s Spoonacular API omogoča iskanje receptov, ki so prilagojeni"
3,FoodAnalyzer: A Smart Web-Based Nutrition Analysis System for Indian Cuisine Using AI and Open Datasets,2025,,,"IN,LB",0,10.1109/ccpis65231.2025.11234250,D_calidad_open_food_facts,openfoodfacts,OpenAlex,https://openalex.org/W4416403191,,,,"The FoodAnalyzer is a smart web-based nutrition analysis tool that helps users discover and enjoy the nutritional values of their food, with special attention to Indian food. Employing AI-based image analysis of GPT-4 Vision model and nutritional information from OpenFoodFacts, the FoodAnalyzer enables users to upload food images, log meals, and receive analysis that can encompass calories, macronutrients, glycemic index, etc. Based on the MERN stack(MongoDB, Express.js, React.js, Node.js) and projects 75–85% accuracy for Indian food recognition based on benchmark studies. Pilot tests revealed 80% user satisfaction, showing its potential to bridge AI and healthy food decisions."
3,Development of a mobile application for checking allergens in food products,2026,Digitální knihovna Univerzity Pardubice (Univerzity Pardubice),cs,,0,,D_calidad_open_food_facts,openfoodfacts,OpenAlex,https://openalex.org/W7163723870,,,,"Tato bakalářská práce se zabývá návrhem a vývojem mobilní a webové aplikace na kontrolu alergenů v potravinových produktech. Cílem této práce bylo vytvořit funkční a prakticky využitelnou aplikaci, která uživatelům umožňuje rychle a spolehlivě zjistit, zda konkrétní výrobek obsahuje alergen, který si uživatel vybral z nabídky. Aplikace pracuje s veřejně dostupnými daty OpenFoodFacts API, která jsou zpracována, přeložena do českého jazyka a ukládána do databáze PostgreSQL. Serverová část je implementována pomocí technologie SpringBoot a zajišťuje komunikaci mezi databází, externí API a klientskou aplikací. Uživatelské rozhraní je vytvořeno pomocí technologie React Native. Součástí práce je návrh architektury systému, struktury uživatelského rozhraní a datového modelu. Důraz je kladen na přehlednost a intuitivní ovládání aplikace společně s možností přizpůsobení podle individuálních potřeb uživatele. Výstupem práce je funkční aplikace umožňující personalizované vyhledávání a filtrování podle nastavených alergenů."
3,Blockchain-Enabled Organic Product Authentication: Integrating Machine Learning-Based Ingredient Analysis for Enhanced Supply Chain Transparency,2026,,,IN,0,10.1109/icfact66887.2026.11518264,D_calidad_open_food_facts,openfoodfacts,OpenAlex,https://openalex.org/W7161734896,,,,"BioChain is a food trust scoring system built on blockchain technology that overcomes the weaknesses of existing centralized food authentication systems with trust through transparent, immutable, and low-cost food verification. BioChain leverages a multi-signal algorithm that assesses a trust score generating food trust scores based on five weighted measures certification verification$(30 \%)$, supply chain completeness$(25 \%)$, community feedback (20 %), price analysis (15 %), and AI-based risk assessment (10 %). BioChain processes information from various databases and application programming interfaces (APIs), including USDA FoodData Central and OpenFoodFacts. The BioChain application is constructed using a Polygon Amoy testnet which accommodates smart contract verification, with an average verification time of 2.8 seconds and transaction costs less than $0.01. The BioChain platform consists of a FastAPI backend, MetaMask, and a React frontend with QR scanning. The BioChain's scalability and dependability for transparent food authenticity verification are demonstrated by the experimental results of trust scores, which range from 51 to 98 %. The mean trust scores for organic brands are higher."
3,Συγκριτική διατροφική ανάλυση προϊόντων κρέατος,2023,Harokopio University,el,,0,10.26258/heal.hua.4634,D_calidad_open_food_facts,openfoodfacts,OpenAlex,https://openalex.org/W7155180911,,,,"H παρούσα εργασία είχε σκοπό την συλλογή διαφορετικών ετικετών προϊόντων αλλαντοποιίας. Αρχικά, έγινε μια βιβλιογραφική ανασκόπηση για τα προϊόντα αλλαντοποιίας, εστιάζοντας περισσότερο στην κατανάλωση αυτών σε σχέση με την υγεία. εν συνεχεία, για την υλοποίηση της εργασίας αυτής έγινε η συλλογή και η καταγραφή διαφορών ετικετών από δυο βάσεις δεδομένων (openFoodFacts και fooddatacentral). ακόμη, οι πληροφορίες που συλλέχθηκαν καταγράφηκαν σε μια ηλεκτρονική βάση δεδομένων ώστε να είναι πιο εύκολη η επεξεργασία τους. με βάση λοιπόν τα στοιχεία των προϊόντων αυτών, έγιναν οι ανάλογες τροποποιήσεις και ακολούθως πραγματοποιήθηκε η διατροφική ανάλυση σε μακρο- και μικροθρεπτικά συστατικά. Η συγκριτική αξιολόγηση έγινε με περιγραφική στατιστική/ πίνακες, ανάλυση κύριων συνιστώσεων και ανάλυση συστάδων. καταγράφηκαν δυο βάρη, με την πιο συχνή τιμή και στα δυο βάρη, να ήταν τα 28 γραμμάρια . Από την στατιστική ανάλυση, προέκυψε ότι η υγρασία είναι αντιστρόφως ανάλογη με τα λιπαρά και τις θερμίδες. Το αλάτι, οι υδατάνθρακες και η πρωτεΐνη δεν έχουν κάποια σχέση με τις θερμίδες και τα λιπαρά. Οι θερμίδες των περισσότερων προϊόντων είναι περίπου στις 200 θερμίδες και προέρχονται από τα λιπαρά με μεγαλύτερη αναλογία από μονοακόρεστα και κορεσμένα. Επίσης, από την ανάλυση συστάδων προέκυψε ότι υπάρχει ομολογία κατά 99 % σε 45 συστάδες (προϊόντα δηλαδή με παρόμοιο διατροφικό προφίλ). συμπερασματικά, τα προϊόντα κρέατος έχουν αρκετές διατροφικές διαφορές και υπάρχουν επιλογές με χαμηλά λι"
3,Hydrating on the synthetic rainbow: Prevalence of synthetic food dyes in hydration drinks,2026,medRxiv,,US,0,10.64898/2026.03.11.26348123,A_colorantes_mercado_mx,"""food dyes"" prevalence",OpenAlex,https://openalex.org/W7135020885,,,,"Abstract Synthetic food dyes (SFDs) have been associated with neurobehavioral symptoms in children, including hyperactivity, inattention, anxiety, and irritability. Although often associated with candy and snack foods, SFDs are also present in hydration beverages commonly consumed by children during illness and physical exertion. This study examined the prevalence of SFDs in hydration drinks by target age group and product type. Ingredient information was collected for 102 hydration beverages from a single retail in Carson City, Nevada in 2024. Products were categorized as pediatric-marketed, adult-marketed, or marketed to all ages. Of 24 pediatric-marketed drinks, 21 (87.5%) contained at least one synthetic dye, most commonly Red 40 (66.7%), Blue 1 (61.9%), and Yellow 6 (19.0%). Among six adult-marketed drinks, two (33.5%) contained dyes, primarily Blue 1 and Red 40. Of 72 all-age products, 20 (27.7%) contained synthetic dyes. Overall, 43 of 102 drinks (42.2%) contained at least one SFD, with Blue 1 (51.2%), Red 40 (44.2%), and Yellow 6 (23.3%) being most prevalent. Hydration beverages are often perceived as health-supportive and are frequently consumed during physiological stress. Given prior evidence linking SFDs to behavioral effects, the high prevalence of dyes in pediatric hydration products warrants clinical awareness."
3,Выявление гиперчувствительности к пищевым красителям трансбуккальным методом,2016,Смоленский медицинский альманах,ru,,0,,A_colorantes_mercado_mx,"""food dyes"" prevalence",OpenAlex,https://openalex.org/W2562564029,,,,"The study assessed the prevalence of food dyes hypersensitivity in patients with atopy, with high allergy risk and in healthy volunteers. All participants gargle mouth with 0.001% solution of 4 dyes mixture. Oral fluid was taken twice: before meals, and 15 minutes following challenge. Peroxidase activity was assessed in 3 saliva dilutions by spectrophotometer. Oral fluid peroxidase activity increase was higher in individuals with atopy and high allergy risk than in controls (M-U: U=39; p=0,04). Food and food dyes allergy history was a positive predictable factor. Food dyes hypersensitivity was observed in atopic subjects and in the risk group (31%) but not in the controls. There were no adverse reactions during the test. The incidence of food dyes hypersensitivity in the general population was high (25%), through the patients with atopy 38%, and risk group 20%. Safe challenge test with evaluating peroxidase activity increase of the oral fluid to diagnose food dyes allergy was given."
3,Portable Spectrophotometer in Diabetes Analysis,2026,,,US,0,10.1109/icaiii69475.2026.11521128,A_colorantes_mercado_mx,"""food dyes"" prevalence",OpenAlex,https://openalex.org/W7162113191,,,,"The diagnosis and management of metabolic diseases, particularly diabetes mellitus, rely heavily on the accurate measurement of glucose levels in body fluids. With the global prevalence of diabetes projected to increase substantially in the coming years, the demand for precise and real-time glucose monitoring is more critical than ever. This paper presents the development of a portable visible spectrophotometer tailored for glucose analysis, with a particular focus on its integration with digital microfluidics (DMF) platforms. The spectrophotometer utilizes colorimetric methods and microfluidic technology to enable rapid and efficient glucose detection. It features a userfriendly interface and a robust control and processing subsystem, making it suitable for point-of-care applications. Preliminary experimental validation demonstrates the device's optical performance using food dyes, while glucose assay measurements reveal the need for improved reaction protocols and voltage stabilization. This work highlights both the potential and current limitations of the proposed system for diabetes management, with specific engineering solutions identified to enhance reliability in clinical settings. Future improvements will focus on regulated light source drivers, heat insulation, and optimized glucose assay protocols to ensure consistent concentration-absorbance relationships."
3,Seleção de aditivos para redução da toxicidade do quartzo em formulações cerâmicas,2015,Cerâmica Industrial,,,0,10.4322/cerind.2015.008,B_aditivos_envasados_mx,"""aditivos alimentarios"" preenvasados",Crossref,https://doi.org/10.4322/cerind.2015.008,,,,
3,ADITIVOS ALIMENTARES E SUAS REAÇÕES ADVERSAS NO CONSUMO INFANTIL,2015,REVISTA DA UNIVERSIDADE VALE DO RIO VERDE,,,0,10.5892/ruvrd.v13i1.1485,B_aditivos_envasados_mx,"""aditivos alimentarios"" preenvasados",Crossref,https://doi.org/10.5892/ruvrd.v13i1.1485,,,,
3,INFLUÊNCIA DE ADITIVOS E DA TEMPERATURA DA ÁGUA NA PLASTICIDADE DE UMA FORMULAÇÃO PARA FABRICAÇÃO DE CERÂMICA VERMELHA,2015,Cerâmica Industrial,,,0,10.4322/cerind.2015.004,B_aditivos_envasados_mx,"""aditivos alimentarios"" preenvasados",Crossref,https://doi.org/10.4322/cerind.2015.004,,,,
3,ENSILAJE DE PASTOS “YURAC ICHU” (Festuca dichoclada) Y “CHILLIWA” (Fetuca dolichophylla) CON INCLUSIÓN DE ALFALFA Y ADITIVOS EN BOLSAS DE POLIETILENO,2013,Revista Investigaciones Altoandinas - Journal of High Andean Investigation,,,0,10.18271/ria.2013.5,B_aditivos_envasados_mx,"""aditivos alimentarios"" preenvasados",Crossref,https://doi.org/10.18271/ria.2013.5,,,," &lt;span&gt;Este trabajo se realizó en el distrito de Macari, provincia de Melgar- Puno, los objetivos fueron: a) Evaluar la calidad organoléptica de los ensilados, b) Determinar composición química de los ensilados, y c) Estimar costo de elaboración de ensilado y su rentabilidad.  Los factores  en estudio fueron: Ensilaje de dos especies de pastos nativos (E1: Forraje de&lt;/span&gt;&lt;em&gt; Festuca dolichophylla&lt;/em&gt;&lt;span&gt;  y E2: Forraje de &lt;/span&gt;&lt;em&gt;Festuca dichoclada&lt;/em&gt;&lt;span&gt;) y cuatro  niveles de inclusión de aditivos (A1: Alfalfa 0%+ Urea 1% + melaza 1%, A2: Alfalfa 0%+ Urea 2% + melaza 3%, A3: Alfalfa 30% + Melaza 1% y A4: Alfalfa 30% + Melaza 3%). Las variables evaluadas fueron: Calidad organoléptica de los ensilados. Contenido de proteína cruda,  fibra detergente neutro, ácido láctico, ácido acético y pH de los ensilados. Costo producción ensilado, rentabilidad y relación beneficio/costo. Los datos se analizaron en un  diseño completamente al azar con arreglo factorial de 2 x 4  con 3 repeticiones. Ensilado de “Yurac Ichu” mezclados  con alfalfa y melaza presentó una calidad organoléptica buena. Mientras  los ensilados de “Chilliwa”  fueron  calificados como  de calidad regular.  Se encontraron diferencia significativa (P≤0,05) entre ensilajes (E), entre niveles de aditivos (A) y para la interacción ExA en el contenido de proteína cruda y fibra detergente neutro de los ensilados producidos. Los ensilados de “Yurac Ichu” mezcl"
3,MEDIDAS CAUTELARES INTERPRETATIVAS E DE EFEITOS ADITIVOS NO CONTROLE DE CONSTITUCIONALIDADE: UMA ANÁLISE CRÍTICA DE SUA APLICAÇÃO,2015,Revista Direito GV,,,0,10.1590/1808-2432201504,B_aditivos_envasados_mx,"""aditivos alimentarios"" preenvasados",Crossref,https://doi.org/10.1590/1808-2432201504,,,," Apresentamos uma análise sistemática e crítica acerca da possibilidade de técnicas decisórias interpretativas e aditivas serem aplicadas em medidas de urgência do modo principal de controle judicial de constitucionalidade. Para tanto, esmiuçamos as características de tais técnicas processuais e as peculiaridades de sua aplicação nas ações típicas da jurisdição constitucional brasileira. Feito isso, avaliamos a compatibilidade de tais provimentos sumários com as peculiaridades das técnicas de controle interpretativas e aditivas. Enfim, apresentamos um estudo de caso, no qual os efeitos práticos de nossas reflexões são postos a prova. "
3,Hacia el alineamiento global en la armonización regional: la regulación de los aditivos alimentarios en el Mercosur,2015,Revista Derecho del Estado,,,0,10.18601/01229893.n34.09,B_aditivos_envasados_mx,"""aditivos alimentarios"" preenvasados",Crossref,https://doi.org/10.18601/01229893.n34.09,,,," Este trabajo pretende analizar el modo en que la normativa internacional de agencias globales como la FAO, la OMC y la OMS limita y condiciona las posibilidades de una construcción autónoma de la regulación regional sobre alimentos. Esto se muestra a partir del análisis de un caso: el proceso de autorización de los aditivos alimentarios en el Mercosur. En primer lugar, se mapea brevemente la regulación alimentaria a nivel global, ante todo los Acuerdos de la OMC en la materia y las normas del CODEX ALIMENTARIUS (FAO/OMS). Se trata de mostrar su influencia en la armonización legislativa alimentaria en la región del Mercosur que tiene lugar a través de las resoluciones del Grupo Mercado Común (GMC). Segundo, se explica el caso analizado (la autorización de los aditivos alimentarios) describiendo el modo en que la normativa regional genera un efecto de alineamiento en función de estándares producidos al exterior de la región. Sin embargo, esta normativa trae una excepción a la regla de alineamiento general (las especies botánicas de origen regional) que nos permite vislumbrar una forma alternativa de regulación emancipatoria. "
3,Caracterización de asfaltos modificados con diferentes aditivos,2011,Revista Ingeniería,,,0,10.15517/ring.v20i1-2.7267,B_aditivos_envasados_mx,"""aditivos alimentarios"" preenvasados",Crossref,https://doi.org/10.15517/ring.v20i1-2.7267,,,,
3,Características Fermentativas da Silagem de Capim-Elefante Contendo Diferentes Aditivos,2012,Revista Científica de Produção Animal,,,0,10.15528/2176-4158/rcpa.v14n2p133-137,B_aditivos_envasados_mx,"""aditivos alimentarios"" preenvasados",Crossref,https://doi.org/10.15528/2176-4158/rcpa.v14n2p133-137,,,,
3,EFETIVIDADE DAS NORMAS CONSTITUCIONAIS E SENTENÇAS COM EFEITOS ADITIVOS NA JUSTIÇA CONSTITUCIONAL PORTUGUESA E BRASILEIRA,2015,Revista Direito e Política,,,0,10.14210/rdp.v10n2.p871-906,B_aditivos_envasados_mx,"""aditivos alimentarios"" preenvasados",Crossref,https://doi.org/10.14210/rdp.v10n2.p871-906,,,," A partir da análise da eficácia ou da efetividade das normas jurídicas no exercício da jurisdição constitucional cumpre analisar o papel cada vez mais marcante nos casos de omissão legislativa do órgão constitucional. Da comparação entre a legislação do Brasil e do país irmão, Portugal, dada a influência deste em nosso controle de constitucionalidade, percebermos que o chamado ativismo judicial é notório na jurisprudência pátria. Assim, a análise hermenêutica constitucional nos permite traçar uma posição mais crítica sobre a famigerada atuação judicial do órgão de cúpula a quem incumbe à guarda da Constituição. "
3,APROVEITAMENTO DA BIOMASSA PARA DESENVOLVIMENTO TECNOLÓGICO DE ADITIVOS MELHORADORES DE CETANO,2013,ANAIS DO SIMPÓSIO INTERNACIONAL DE INOVAÇÃO TECNOLÓGICA - SIMTEC,,,0,10.7198/s2318-34032013001032,B_aditivos_envasados_mx,"""aditivos alimentarios"" preenvasados",Crossref,https://doi.org/10.7198/s2318-34032013001032,,,,
3,Cinética de degradação ruminal de silagens de Brachiaria decumbens com diferentes aditivos nitrogenados,2013,Semina: Ciências Agrárias,,,0,10.5433/1679-0359.2013v34n6supl2p4093,B_aditivos_envasados_mx,"""aditivos alimentarios"" preenvasados",Crossref,https://doi.org/10.5433/1679-0359.2013v34n6supl2p4093,,,,
3,EFEITOS DE ADITIVOS POLIMÉRICOS NAS PROPRIEDADES REOLÓGICAS E DE FILTRAÇÃO DE FLUIDOS DE PERFURAÇÃO,2014,Tecnologia em Metalurgia Materiais e Mineração,,,0,10.4322/tmm.2014.010,B_aditivos_envasados_mx,"""aditivos alimentarios"" preenvasados",Crossref,https://doi.org/10.4322/tmm.2014.010,,,,
3,Efeito de vitaminas e esterol como aditivos foliares no desenvolvimento de Bombyx mori L. e influência do modo de aplicação,2014,Arquivos do Instituto Biológico,,,0,10.1590/s1808-16572014000100010,B_aditivos_envasados_mx,"""aditivos alimentarios"" preenvasados",Crossref,https://doi.org/10.1590/s1808-16572014000100010,,,," O objetivo deste estudo foi avaliar os efeitos e os métodos de aplicação dos aditivos foliares decanoato de nandrolona (esteroide anabolizante) a 0,5%, ácido ascórbico (vitamina C) a 0,5%, palmitato de retinol (vitamina A) a 0,5% e acetato de retinol (vitamina A) a 1,0% em alguns parâmetros biológicos do bicho-da-seda. No experimento do modo de aplicação (pulverização foliar antes do fornecimento, depois do fornecimento e por imersão antes do fornecimento) foram utilizados: decanoato de nandrolona 0,5%; ácido ascórbico 0,5%; e palmitato de retinol 0,5%. No ensaio de desenvolvimento do inseto foram avaliados: duração e viabilidade larval; peso de casulo; taxa de encasulamento; teor líquido de seda; longevidade de adultos; número de ovos por fêmea; e duração do período de subida ao bosque. Para o modo de aplicação determinaram-se: ganho de peso, comprimento, diâmetro do tórax e diâmetro do abdome de lagartas de 5º ínstar, assim como comprimento, diâmetro e peso de glândula sericígena. Os resultados mostraram que, apesar de o ácido ascórbico proporcionar os melhores valores para o desenvolvimento corpóreo das lagartas, este não corresponde a incrementos significativos na produção; o palmitato de retinol não melhora o desenvolvimento das lagartas; o acetato de retinol e o palmitato de retinol prolongam o período larval, sem, no entanto, alterar significativamente os parâmetros de produção; a imersão de folhas antes do fornecimento às lagartas é mais viável para a aplicação dos a"
3,MAPEAMENTO PATENTÁRIO DE RECUPERAÇÃO AVANÇADA DE PETRÓLEO (EOR) COM ADITIVOS POLIMÉRICOS/BIOPOLIMÉRICOS E SURFACTANTES,2014,Cadernos de Prospecção,,,0,10.9771/s.cprosp.2014.007.021,B_aditivos_envasados_mx,"""aditivos alimentarios"" preenvasados",Crossref,https://doi.org/10.9771/s.cprosp.2014.007.021,,,,
3,"Separación de los efectos epistáticos, aditivos y dominantes en maíz.",2014,Agronomía Mesoamericana,,,0,10.15517/am.v13i1.12231,B_aditivos_envasados_mx,"""aditivos alimentarios"" preenvasados",Crossref,https://doi.org/10.15517/am.v13i1.12231,,,,
3,Open Food Facts : une base de données libre et ouverte des produits alimentaires du monde entier - @ Brest,2013,,fr,,0,,D_calidad_open_food_facts,"""Open Food Facts""",OpenAlex,https://openalex.org/W2613175984,,,,"Open Food Facts est un projet collaboratif pour referencer les produits alimentaires du monde entier et les informations qui y sont associees : labels (bio, commerce equitable etc.), ingredients,…"
3,Formação continuada em matemática de professores polivalentes – dois estudos sobre resolução de problemas aditivos,2012,Revemat: revista eletrônica de educação matemática,,,0,10.5007/1981-1322.2012v7n1p78,B_aditivos_envasados_mx,"""aditivos alimentarios"" preenvasados",Crossref,https://doi.org/10.5007/1981-1322.2012v7n1p78,,,,
3,UTILIZAÇÃO DE ADITIVOS NATURAIS A PARTIR DA MORINGA OLEIFERA LAM PARA O MELHORAMENTO DA ESTABILIDADE OXIDATIVA DO BIODIESEL,2012,"Revista Gestão, Inovação e Tecnologias",,,0,10.7198/s2237-0722201200050006,B_aditivos_envasados_mx,"""aditivos alimentarios"" preenvasados",Crossref,https://doi.org/10.7198/s2237-0722201200050006,,,,
3,Composição química e degradabilidade ruminal de silagens da cana-de-açúcar tratada com aditivos químicos e bacteriano,2012,Semina: Ciências Agrárias,,,0,10.5433/1679-0359.2012v33supl2p3341,B_aditivos_envasados_mx,"""aditivos alimentarios"" preenvasados",Crossref,https://doi.org/10.5433/1679-0359.2012v33supl2p3341,,,,
3,UTILIZAÇÃO DE ADITIVOS NATURAIS NO BIODIESEL PARA O MELHORAMENTO DA SUA ESTABILIDADE OXIDATIVA,2013,Cadernos de Prospecção,,,0,10.9771/s.cprosp.2013.006.028,B_aditivos_envasados_mx,"""aditivos alimentarios"" preenvasados",Crossref,https://doi.org/10.9771/s.cprosp.2013.006.028,,,,
3,Personalized analysis of food products using Рython,2025,Репозиторий БГУИР (BSUIR Repository),ru,,0,,D_calidad_open_food_facts,"""Open Food Facts""",OpenAlex,https://openalex.org/W7127227184,,,,"В данной научной работе представлен персонализированный подход к анализу пищевых продуктов с использованием языка Python. Демонстрируется процесс загрузки и фильтрации данных с открытого API Open Food Facts, визуализация продуктов по уровню сахара, соли и калорийности, а также создание простого пользовательского интерфейса. Актуальность обусловлена потребностями групп с хроническими заболеваниями, такими как диабет и гипертония."
3,NUTRIGRADE ML: A Machine Learning Framework for Quantitative Food Healthiness Assessment,2026,Zenodo (CERN European Organization for Nuclear Research),,,0,10.5281/zenodo.19183674,D_calidad_open_food_facts,"""Open Food Facts""",OpenAlex,https://openalex.org/W7140133716,,,,"The trend of consuming packaged food products is on the rise. However, it has posed a challenge to the consumers to take a wise decision while choosing a food product. It may require a lot of time to comprehend the intricacies of the traditional nutritional label found on the food product. This may lead to a poor decision regarding the food product, which may cause health-related problems for the consumer. The paper proposes a system called NutriGrade ML that utilizes a barcode scanning method along with a machine learning algorithm to assess the nutritional quality of the packaged food product. The proposed system utilizes a library called pyNutriScore along with a recommendation engine that utilizes a cosine similarity algorithm to calculate the NutriGrade of the food product. The system retrieves the information related to the food product by using the Open Food Facts API. The Open Food Facts API is an open-source food product database that contains over 4 million food products that are accessible worldwide. The NutriScore is computed by utilizing the pyNutriScore library. The NutriGrade is computed by utilizing the functions provided by the library. The system recommends a healthy food product by utilizing the TF-IDF method and cosine similarity algorithm. The efficiency of the system is validated by utilizing the experimental results for various parameters, such as average cosine similarity for top-N recommendations, precision@3 for recommendation quality, average NutriS"
3,NUTRIGRADE ML: A Machine Learning Framework for Quantitative Food Healthiness Assessment,2026,Zenodo (CERN European Organization for Nuclear Research),,,0,10.5281/zenodo.19183675,D_calidad_open_food_facts,"""Open Food Facts""",OpenAlex,https://openalex.org/W7140126813,,,,"The trend of consuming packaged food products is on the rise. However, it has posed a challenge to the consumers to take a wise decision while choosing a food product. It may require a lot of time to comprehend the intricacies of the traditional nutritional label found on the food product. This may lead to a poor decision regarding the food product, which may cause health-related problems for the consumer. The paper proposes a system called NutriGrade ML that utilizes a barcode scanning method along with a machine learning algorithm to assess the nutritional quality of the packaged food product. The proposed system utilizes a library called pyNutriScore along with a recommendation engine that utilizes a cosine similarity algorithm to calculate the NutriGrade of the food product. The system retrieves the information related to the food product by using the Open Food Facts API. The Open Food Facts API is an open-source food product database that contains over 4 million food products that are accessible worldwide. The NutriScore is computed by utilizing the pyNutriScore library. The NutriGrade is computed by utilizing the functions provided by the library. The system recommends a healthy food product by utilizing the TF-IDF method and cosine similarity algorithm. The efficiency of the system is validated by utilizing the experimental results for various parameters, such as average cosine similarity for top-N recommendations, precision@3 for recommendation quality, average NutriS"
3,Diet tracking app,2025,Digitální knihovna Univerzity Pardubice (Univerzity Pardubice),cs,,0,,D_calidad_open_food_facts,"""Open Food Facts""",OpenAlex,https://openalex.org/W7112057405,,,,"Tato bakalářská práce se zabývá vývojem mobilní aplikace pro sledování konzumace potravin a pohybové aktivity. Aplikace je vytvořena ve frameworku Flutter s využitím programovacího jazyka Dart a ukládá data lokálně pomocí databáze Hive. Uživatelé mohou vyhledávat potraviny prostřednictvím Open Food Facts API, přidávat je do svého denního jídelníčku a sledovat svůj pokrok pomocí vizuálních indikátorů denního příjmu živin. Součástí aplikace je také sledování pohybové aktivity pomocí senzorů mobilního zařízení. Pro práci s polohou a pohybem byly použity knihovny flutter_map, latlong2, location a pedometer."
3,A Custom Continual Incremental Learning Strategy for Food Taxonomy Classification using Parameter-Efficient Fine-Tuning,2026,Open MIND,,,0,10.17605/osf.io/xqgdy,D_calidad_open_food_facts,"""Open Food Facts""",OpenAlex,https://openalex.org/W7159808454,,,,"This study investigates a class-incremental learning strategy designed to mitigate catastrophic forgetting in Transformer-based architectures. The experiment evaluates a DistilBERT model trained on the Open Food Facts dataset to classify 100 distinct product categories introduced sequentially over 10 stages. The proposed methodology integrates Low-Rank Adaptation (LoRA) for parameter efficiency and an Experience Replay buffer to maintain long-term memory of previously seen classes without requiring task identity at inference. Hypotheses H1: A naïve sequential fine-tuning approach will suffer from severe catastrophic forgetting, resulting in a highly negative Backward Transfer (BWT) score and near-zero accuracy on early stages by the end of training. H2: The implementation of an Experience Replay buffer (retaining 50 samples per class) natively within the PyTorch data loading pipeline, combined with LoRA (rank=16), will significantly mitigate forgetting, yielding a higher Final Average Accuracy and a substantially improved BWT score compared to the baseline."
3,NutriGrade ML - Automatically Grading Food Healthiness with ML,2026,Zenodo (CERN European Organization for Nuclear Research),,,0,10.5281/zenodo.18311742,D_calidad_open_food_facts,"""Open Food Facts""",OpenAlex,https://openalex.org/W7125017721,,,,"The rapid growth of processed and packaged foods has created challenges for consumers attempting to make informed dietary choices. Interpreting detailed traditional labels is often very complex and consumes lots of time, leading to poor dietary decisions and associated health complications. This paper reviews NutriGrade ML, a smart packaged food assessment system, that uses barcode scanning and machine learning to evaluate the nutritional quality of packaged products. The system integrates the pyNutriScore python with cosine similarity-based recommendation algorithms that calculates the NutriGrade of packaged food and suggests alternatives. By retrieving product information from Open Food Facts API, the system computes NutriScore grades, detects potential allergens and suggests healthier substitutes with same product category. The recommendation engine applies TFIDF vectorization on ingredients and product text to identify nutritionally superior alternatives. This review analyzes the system’s architecture, machine learning components and comparative performance against existing food analysis applications. NutriGrade ML will simplify nutritional decision making, enhance transparency in food labeling and support healthier consumer choices."
3,NutriGrade ML - Automatically Grading Food Healthiness with ML,2026,Zenodo (CERN European Organization for Nuclear Research),,,0,10.5281/zenodo.18311741,D_calidad_open_food_facts,"""Open Food Facts""",OpenAlex,https://openalex.org/W7124885444,,,,"The rapid growth of processed and packaged foods has created challenges for consumers attempting to make informed dietary choices. Interpreting detailed traditional labels is often very complex and consumes lots of time, leading to poor dietary decisions and associated health complications. This paper reviews NutriGrade ML, a smart packaged food assessment system, that uses barcode scanning and machine learning to evaluate the nutritional quality of packaged products. The system integrates the pyNutriScore python with cosine similarity-based recommendation algorithms that calculates the NutriGrade of packaged food and suggests alternatives. By retrieving product information from Open Food Facts API, the system computes NutriScore grades, detects potential allergens and suggests healthier substitutes with same product category. The recommendation engine applies TFIDF vectorization on ingredients and product text to identify nutritionally superior alternatives. This review analyzes the system’s architecture, machine learning components and comparative performance against existing food analysis applications. NutriGrade ML will simplify nutritional decision making, enhance transparency in food labeling and support healthier consumer choices."
3,SmartLife 365: A CRM-Integrated AI Framework for Predictive Preventive Healthcare and Lifestyle Risk Analysis,2026,International Journal of Advanced Research in Science Communication and Technology,,IN,0,10.48175/ijarsct-36046,D_calidad_open_food_facts,"""Open Food Facts""",OpenAlex,https://openalex.org/W7162873968,,,,"Preventive healthcare has become increasingly important due to the rapid rise in lifestyle-related disorders and unhealthy food consumption habits. Traditional healthcare monitoring systems mainly depend on manual tracking methods and isolated disease prediction models. This review paper presents SmartLife 365, a CRM-integrated artificial intelligence framework designed for predictive preventive healthcare and lifestyle risk analysis. The framework combines machine learning algorithms, nutritional intelligence systems, Microsoft Power Platform technologies, and automation workflows for intelligent healthcare monitoring. The proposed system integrates Open Food Facts API, Microsoft Dataverse, Power Automate, Power BI, and machine learning models such as Random Forest, Decision Tree, Logistic Regression, and XGBoost to generate predictive health-risk analysis and personalized preventive awareness. This paper critically reviews existing research related to predictive healthcare analytics, CRM-based healthcare systems, and AI-driven preventive healthcare technologies. The proposed framework aims to support intelligent automation, real-time risk prediction, and personalized health engagement using low-code technologies and machine learning integration."
3,Label AI: Barcode Scanning Based Mapping of Nutritional Values to Fitness Planning,2025,International Journal of Computer Applications,,"CA,IN",0,10.5120/ijca2025925929,D_calidad_open_food_facts,"""Open Food Facts""",OpenAlex,https://openalex.org/W4416371198,,,,"Unhealthy dietary patterns and excessive intake of processed foods are major contributors to the global rise of obesity and chronic diseases, highlighting the need for accessible tools that enable consumers to make informed food choices at the point of purchase.Label-AI is a web-based system designed to address this challenge by scanning product barcodes by scanning a product's Universal Product Code (UPC) with a smartphone, LabelAI retrieves detailed nutrient data from an extensive food database (Open Food Facts) extracting nutrition information and generating a NutriScore-style health rating on a scale of 0-10.The system's engine processes the nutritional information obtained from barcode scans and computes rating on a 0-10 scale based on key nutrients such as sugars, fat, saturated fat, salt, proteins, fiber, and energy per 100 g.Products with lower scores trigger alerts and suggestions for healthier alternatives within the same category.This paper presents the design and evaluation of Label-AI, including an overview of existing barcode-based nutrition applications, a two-tier architecture that combines browser-side scanning with cloud-based data retrieval, and a hybrid scoring mechanism that integrates machine learning with rule-based thresholds."
3,Nutritional Analysis Using Image Recognition with Location-Aware Precision for Food Recommendation Systems,2025,,,TH,0,10.1109/istas65609.2025.11269651,D_calidad_open_food_facts,"""Open Food Facts""",OpenAlex,https://openalex.org/W4417131861,,,,"This study aims to design and develop an image recognition platform that analyzes nutrients from images of freshly cooked Thai dishes and automatically extracts their nutritional profiles based on the user’s location. Packaged foods are immediately recorded via the Open Food Facts API, retrieving complete nutritional information without additional training. Freshly cooked dishes are analyzed using a fine-tuned ResNet-50 model on the THFOOD-50 dataset (15,770 images, 50 classes), achieving an average accuracy of 78%, a precision of 79%, a recall of 77%, and F1-score of 77%. In addition, we design a database to store food items, nutrition facts, restaurant information, and geographic data from users, supporting a community-based approach. We also develop an intuitive mobile application that allows users to capture, review, and manage this information in real time. This platform enables people who need to monitor their diet, for example, those with NCD, obesity, or fitness goals, to make efficient decisions. The availability of comprehensive nutrition data holds significant potential to inform the formulation of evidence-based food policies by the Thai government, thereby contributing to future strategies aimed at improving public health outcomes."
3,Aharix app: An Intelligent Mobile Application for Grocery Barcode Scanning and Health-Aware Shopping,2025,International Journal for Research in Applied Science and Engineering Technology,,IN,0,10.22214/ijraset.2025.76738,D_calidad_open_food_facts,"""Open Food Facts""",OpenAlex,https://openalex.org/W7118081658,,,,"Health consciousness and dietary awareness have become increasingly important in today’s fast-paced lifestyle [1]. Aharix is an Android-based application designed to assist users in making informed food choices by integrating personalized health data with product nutritional analysis [2]. The system allows users to input and store their health information, creating a personalized health filter based on critical parameters such as sugar, carbohydrates, and fat levels. Using the Open Food Facts API, Aharix scans the barcode of packaged food items to retrieve real-time nutritional details [3]. It then compares these values against the user’s predefined health criteria and alerts them if any component exceeds recommended limits, promoting healthier consumption habits [4]. Additionally, the application provides a convenient e-commerce feature, enabling users to add selected items to a cart, complete payments securely through Razorpay’s UPI gateway, and generate digital bills [5]. Built using Kotlin and Jetpack Compose, Aharix ensures a smooth, modern, and responsive user experience [6][7]. This project demonstrates how mobile and data-driven technologies can be synergized to promote personalized health management and conscious food selection."
3,Real-Time Allergen Detection Application Using Barcode/QR Scanning,2025,INTERANTIONAL JOURNAL OF SCIENTIFIC RESEARCH IN ENGINEERING AND MANAGEMENT,,"IN,US",0,10.55041/ijsrem55185,D_calidad_open_food_facts,"""Open Food Facts""",OpenAlex,https://openalex.org/W7115021623,,,,"Abstract In today’s fast-moving lifestyle, people often buy packaged foods without checking their nutritional content, which leads to unhealthy eating patterns. To solve this problem, this project introduces a Smart Nutrition Scanner Application that allows users to instantly access nutritional information using their mobile camera. The system is built using JavaScript (frontend) and Node.js (backend), and it connects to public nutrition databases through APIs to retrieve details like calories, macronutrients, vitamins, and ingredients. It supports real-time barcode scanning using Optical Barcode Recognition (OBR) as well as image-based food identification using CNN models when no barcode is available. Features such as allergen alerts, dietary warnings, scan history, and healthier alternatives make the application more user-friendly. By capturing images, recognizing barcodes, and querying nutrition datasets, the app provides quick, accurate, and convenient food information. This system helps users make informed dietary decisions, improves health awareness, and can be expanded to fit future digital health and diet-tracking platforms. Keywords — Smart food scanner, barcode recognition, nutrition tracking, mobile health application, Open Food Facts, API integration, optical barcode recognition (OBR), dietary awareness, food informatics."
3,NutriScan: Explainable AI Framework for Real-Time Nutrition Analysis Using Hybrid Databases and QR Code Scanner Integration,2025,,,IN,0,10.1109/punecon67554.2025.11379292,D_calidad_open_food_facts,"""Open Food Facts""",OpenAlex,https://openalex.org/W7129614432,,,,"The continuous rise in dietary choices play critical role in person's health addressing the need for intelligent app designed to help users make better dietary decisions. Our application, NutriScan provides a solid solution which integrates basic information from the Open Food Facts API and unique NutriScan database with facts from verified sources for selected products to ensure accuracy and reliability. The application allows users to scan the QR codes of packaged food products to fetch list of ingredients and health-related information. A dynamic web link is generated with each QR scan thus redirecting to our customized web page which represents visuals and insights of nutritional information of the scanned product. The application also includes alternative food remedies, daily food recommendations, calorie tracking to support the overall nutrient requirements. The hybrid approach of our system includes our own database, NutriScan Random Forest Model and QR code Scanner. The NutriScan RF Model achieves 80 percent accuracy and provides valuable insights into the suitability of products for diabetics as well. Overall, by combining the verified database system, intelligent data extraction and valuable nutrient insights provide real-time approach to dietary consciousness and human living."
3,"Les wikis, sources d’informations",2012,,fr,,0,10.51257/f-1085,D_calidad_open_food_facts,"""Open Food Facts""",OpenAlex,https://openalex.org/W2782518167,,,,"« Wikipédia ne doit pas servir d’unique source d’information sur quelque sujet que ce soit » (Wikipédia, Larry Sanger). On ne peut pas dire mieux. Pourtant, de nombreux élèves et professionnels utilisent voire abusent de Wikipédia. En tant qu’outil d’information personnel, pourquoi pas… mais comme élément de communication à destination d’un auditoire, cette pratique est condamnable. Doit-on pour autant « jeter le bébé avec l’eau du bain » ? Faut-il condamner l’outil qui se veut collaboratif, créateur de liens entre les individus et de chaîne de valeurs ? Car si Wikipédia est le plus connu, il en existe beaucoup d’autres, offrant une information plus ciblée (Juris Pedia, Sourcemap, Open Food Facts…). C’est pourquoi il est nécessaire de s’interroger sur : l’utilisation du wiki comme outil d’information (à titre personnel ? pour prendre une décision ?) ; les différents usages du wiki (consulter, stocker, partager, enrichir l’information) ; la confiance à accorder aux wikis ; l’intérêt du wiki pour le système d’information d’une entreprise ; l’utilisation du wiki pour veiller sur son image."
3,Nutri-score classification of snack products using word embedding and random forest,2026,"Science, Technology, and Communication Journal.",,ID,0,10.59190/stc.v6i3.393,D_calidad_open_food_facts,"""Open Food Facts""",OpenAlex,https://openalex.org/W7166577433,,,,"The increasing consumption of packaged snack products has raised concerns regarding their nutritional quality and potential health impacts. Although nutritional information is commonly provided on food packaging, many consumers experience difficulties in interpreting ingredient descriptions and nutritional labels, making it challenging to identify whether a product is healthy or unhealthy. Therefore, an automated classification system is needed to assist consumers in understanding nutritional information more effectively. This study proposes a text-based classification framework for categorizing snack products into healthy and unhealthy classes using Natural Language Processing (NLP), word embedding techniques, and the Random Forest algorithm. The dataset was obtained from the Open Food Facts database and filtered to include snack products only. After preprocessing and class balancing, a total of 465 samples were used for model development and evaluation. The preprocessing stage consisted of case folding, tokenization, stopword removal, and stemming. Three word embedding techniques, namely Word2Vec, GloVe, and FastText, were employed to transform textual ingredient descriptions into numerical feature representations. Subsequently, Random Forest was utilized as the classification algorithm, and its performance was evaluated using Accuracy, Balanced Accuracy, Precision, Recall, F1-score, and Macro F1-score. The experimental results show that GloVe achieved the best performance "
3,Escanear para cuidar: la huella de carbono como decisión de compra,2026,Revista Científica Horizontes Multidisciplinarios,,CO,0,10.65705/rhomu.v3i3.93,D_calidad_open_food_facts,"""Open Food Facts""",OpenAlex,https://openalex.org/W7171290206,,,,"El estudio evaluó una aplicación móvil diseñada para estimar la huella de carbono de productos de consumo mediante el escaneo de códigos de barras y apoyar decisiones de compra sostenibles. La investigación, desarrollada en 2025 en Aguachica, Cesar, adoptó un enfoque cuantitativo, aplicado y un diseño no experimental descriptivo-correlacional. La aplicación fue construida en Android Studio con Java, Firebase y bases de datos como Open Food Facts, CarbonCloud y Product Environmental Footprint. Su arquitectura integró módulos de escaneo, cálculo de emisiones de dióxido de carbono equivalente y visualización educativa. La validación incluyó 150 productos y un cuestionario tipo Likert para valorar facilidad de uso, utilidad, confiabilidad e impacto educativo. Los resultados mostraron una coincidencia del 87 % entre las estimaciones de la aplicación y los datos de referencia. Asimismo, los usuarios calificaron positivamente la facilidad de uso, la utilidad percibida y el valor educativo del sistema. Se concluye que la herramienta puede reducir la brecha entre conciencia ambiental y comportamiento de compra, fortalecer la alfabetización ecológica y promover el consumo responsable. Sin embargo, su efectividad depende de mantener actualizadas las bases de datos, garantizar la calidad de la información y acompañar su implementación con estrategias de educación ambiental y digital."
3,The Open Constellation of Nutritional Values: Mapping the Health Star Rating System,2025,bioRxiv (Cold Spring Harbor Laboratory),,"FR,IT",0,10.1101/2025.11.05.686692,D_calidad_open_food_facts,"""Open Food Facts""",OpenAlex,https://openalex.org/W4415927174,,,,"Abstract Background Nutritional awareness is increasing worldwide due to rising obesity rates and the widespread use of nutrition-tracking technologies. However, nutritional labels on food packaging remain difficult for many consumers to interpret. To improve clarity, public authorities have introduced simplified front-of-pack labeling systems, such as the Health Star Rating (HSR) used in Australia and New Zealand, which summarizes a product’s overall nutritional quality. Despite its adoption, the lack of open data on Health Star Rating labeled products limits independent research, reproducibility, and data-driven policy evaluation. Methods We introduce OpenHSR, the first open, FAIR-compliant dataset (Findable, Accessible, Interoperable, and Reusable) dedicated to the Health Star Rating system. The dataset includes 246 unique food products collected from Australian supermarket websites and brand databases. Using these data, we trained and compared several regression models linear, tree-based, and neural approaches to predict Health Star Rating values from nutritional attributes, thereby developing a transparent, interpretable (“white-box”) Health Star Rating calculator. Results Machine learning models achieved strong predictive performance, with the Support Vector Regression model yielding the best overall accuracy (Mean Squared Error = 0.28). The trained models were then applied to predict Health Star Rating values for 6,554 Open Food Facts products, demonstrating scalabilit"
1,Resistant starch as functional ingredient: A review,2010,Food Research International,en,,704,10.1016/j.foodres.2010.02.004,C_extraccion_desde_ingredientes,"""ingredient statements"" parsing",Crossref,https://doi.org/10.1016/j.foodres.2010.02.004,,,,
1,Advances in ingredient and processing systems for meat and meat products,2010,Meat Science,en,,316,10.1016/j.meatsci.2010.05.008,C_extraccion_desde_ingredientes,"""ingredient statements"" parsing",Crossref,https://doi.org/10.1016/j.meatsci.2010.05.008,,,,
1,"Energy Drinks: An Assessment of Their Market Size, Consumer Demographics, Ingredient Profile, Functionality, and Regulations in the United States",2010,Comprehensive Reviews in Food Science and Food Safety,en,,291,10.1111/j.1541-4337.2010.00111.x,C_extraccion_desde_ingredientes,"""ingredient statements"" parsing",Crossref,https://doi.org/10.1111/j.1541-4337.2010.00111.x,,,," 
                     ABSTRACT:  
                    The consumption of energy drinks is rapidly increasing, as demonstrated by their large market growth. The targeted demographic group is teenagers, young adults, 18 to 34 y old; although expansion into nontraditional markets is also occurring. It is claimed that energy drinks can offer an increased energy boost related to their ingredient profile of caffeine, taurine, herbal extracts, and vitamins. Research suggests that energy drink formulations, in addition to increasing energy utilization, may also improve mood, enhance physical endurance, reduce mental fatigue, and increase reaction time. However, in most cases, the corresponding mechanisms of action are not clear. In addition, concerns have been raised over their safety and with a currently weak regulatory environment, efforts need to be made to ensure consumer safety. The objective of this article is to review the current U.S. energy drink market with emphasis on its market size, target demographic, active ingredients, potential benefits, safety, and regulations.
                   "
1,Evaluating Value-at-Risk Models with Desk-Level Data,2011,Management Science,en,,246,10.1287/mnsc.1080.0964,D_calidad_open_food_facts,"""food composition database"" ""data quality""",Crossref,https://doi.org/10.1287/mnsc.1080.0964,,,," We present new evidence on disaggregated profit and loss (P/L) and value-at-risk (VaR) forecasts obtained from a large international commercial bank. Our data set includes the actual daily P/L generated by four separate business lines within the bank. All four business lines are involved in securities trading and each is observed daily for a period of at least two years. Given this unique data set, we provide an integrated, unifying framework for assessing the accuracy of VaR forecasts. We use a comprehensive Monte Carlo study to assess which of these many tests have the best finite-sample size and power properties. Our desk-level data set provides importance guidance for choosing realistic P/L-generating processes in the Monte Carlo comparison of the various tests. The conditional autoregressive value-at-risk test of Engle and Manganelli (2004) performs best overall, but duration-based tests also perform well in many cases. 
                   This paper was accepted by John Birge, focused issue editor. "
1,<i>Aloe vera</i>as a Functional Ingredient in Foods,2010,Critical Reviews in Food Science and Nutrition,en,,166,10.1080/10408390802544454,C_extraccion_desde_ingredientes,"""ingredient statements"" parsing",Crossref,https://doi.org/10.1080/10408390802544454,,,,
1,Performance of a resistant starch rich ingredient in the baking and eating quality of short-dough biscuits,2011,LWT - Food Science and Technology,en,,131,10.1016/j.lwt.2010.05.034,C_extraccion_desde_ingredientes,"""ingredient statements"" parsing",Crossref,https://doi.org/10.1016/j.lwt.2010.05.034,,,,
1,Fusion production of solid dispersions containing a heat-sensitive active ingredient by hot melt extrusion and Kinetisol® dispersing,2010,European Journal of Pharmaceutics and Biopharmaceutics,en,,129,10.1016/j.ejpb.2009.09.007,C_extraccion_desde_ingredientes,"""ingredient statements"" parsing",Crossref,https://doi.org/10.1016/j.ejpb.2009.09.007,,,,
1,"<i>Bifidobacterium longum</i>
                    lysate, a new ingredient for reactive skin",2010,Experimental Dermatology,en,,124,10.1111/j.1600-0625.2009.00932.x,C_extraccion_desde_ingredientes,"""ingredient statements"" parsing",Crossref,https://doi.org/10.1111/j.1600-0625.2009.00932.x,,,," 
                     Please cite this paper as 
                    :
                     Bifidobacterium longum 
                    lysate, a new ingredient for reactive skin. Experimental Dermatology 2010;
                     19 
                    : e1–e8.
                   
                   
                     Abstract:  
                    Reactive skin is characterized by marked sensitivity to physical (heat, cold, wind) or chemical (topically applied products) stimuli and by the impairment of the skin barrier’s ability to repair itself. Several lines of evidence suggest that beyond their capacity to positively influence the composition of intestinal microbiota, some probiotic bacteria can modulate the immune system both at local and systemic levels, thereby improving immune defense mechanisms and/or down‐regulating immune disorders such as allergies and intestinal inflammation. Several recent human clinical trials clearly suggest that probiotic supplementation might be beneficial to the skin. Using a probiotic lysate,
                     Bifidobacterium longum 
                    sp. extract (BL), we demonstrated first
                     in vitro 
                    , and then in a clinical trial, that this non‐replicating bacteria form applied to the skin was able to improve sensitive skin. The effect of BL were evaluated first on two different models. Using
                     ex vivo 
                    human skin explant model we found a statisti"
1,Effect of food ingredient on microwave freeze drying of instant vegetable soup,2010,LWT - Food Science and Technology,en,,117,10.1016/j.lwt.2010.03.007,C_extraccion_desde_ingredientes,"""ingredient statements"" parsing",Crossref,https://doi.org/10.1016/j.lwt.2010.03.007,,,,
1,Characterization of a Potential Nutraceutical Ingredient: Pomegranate (Punica granatum L.) Seed Oil Unsaponifiable Fraction,2010,Plant Foods for Human Nutrition,en,,92,10.1007/s11130-010-0173-5,C_extraccion_desde_ingredientes,"""ingredient statements"" parsing",Crossref,https://doi.org/10.1007/s11130-010-0173-5,,,,
1,Healthier lipid combination as functional ingredient influencing sensory and technological properties of low‐fat frankfurters,2010,European Journal of Lipid Science and Technology,en,,90,10.1002/ejlt.201000076,C_extraccion_desde_ingredientes,"""ingredient statements"" parsing",Crossref,https://doi.org/10.1002/ejlt.201000076,,,," Abstract  Oil (healthier lipid combination of olive, linseed and fish oils)‐in‐water emulsions stabilized with different protein systems (prepared with sodium caseinate (SC), soy protein isolate (SPI) and microbial transglutaminase (MTG)) were used as pork backfat replacers in low‐fat frankfurters. Composition (proximate analysis and fatty acid profile), sensory analysis and technological (processing and purge losses, texture and colour) properties of frankfurters were analysed as affected by the type of oil‐in‐water emulsion and by chilling storage (2°C, 41 days). Frankfurters produced with oil combinations had lower levels of saturated fatty acids (SFA, 19.3%), similar levels of MUFA (46.9%) and higher levels of PUFA (33.6%) than control frankfurters (all pork fat) (39.3, 49.5 and 10.6%, respectively). PUFA/SFA and  n ‐6/ n ‐3 PUFA ratios in control sample were 0.27 and 9.27; in reformulated frankfurters the PUFA/SFA ratio was higher (1.7) and the  n ‐6/ n ‐3 PUFA ratio was lower (0.47). In general, frankfurters had good fat and water binding properties. Colour parameters were affected by formulation and storage time. Compared to control sample, frankfurters made with oil‐in‐water emulsions had higher ( p &lt;0.05) hardness, springiness and chewiness values. Emulsified oil stabilizing systems did not affect sensory characteristics of frankfurters, and all products were judged as acceptable. "
1,Nutritional characterization of tomato fiber as a useful ingredient for food industry,2010,Innovative Food Science &amp; Emerging Technologies,en,,76,10.1016/j.ifset.2010.07.005,C_extraccion_desde_ingredientes,"""ingredient statements"" parsing",Crossref,https://doi.org/10.1016/j.ifset.2010.07.005,,,,
1,Innovative biorefinery concept for sugar-based ethanol industries: Production of protein-rich fungal biomass on vinasse as an aquaculture feed ingredient,2010,Bioresource Technology,en,,73,10.1016/j.biortech.2010.07.048,C_extraccion_desde_ingredientes,"""ingredient statements"" parsing",Crossref,https://doi.org/10.1016/j.biortech.2010.07.048,,,,
1,Collection of annotated data in a clinical validation study for alarm algorithms in intensive care—a methodologic framework,2010,Journal of Critical Care,en,,63,10.1016/j.jcrc.2008.09.001,D_calidad_open_food_facts,"""food composition database"" ""data quality""",Crossref,https://doi.org/10.1016/j.jcrc.2008.09.001,,,,
1,"Eating their cake and everyone else's cake, too: Resources as the main ingredient to workplace bullying",2010,Business Horizons,en,,58,10.1016/j.bushor.2010.06.002,C_extraccion_desde_ingredientes,"""ingredient statements"" parsing",Crossref,https://doi.org/10.1016/j.bushor.2010.06.002,,,,
1,A review and assessment of menthol employed as a cigarette flavoring ingredient,2010,Food and Chemical Toxicology,en,,55,10.1016/j.fct.2009.11.002,C_extraccion_desde_ingredientes,"""ingredient statements"" parsing",Crossref,https://doi.org/10.1016/j.fct.2009.11.002,,,,
1,Effects of Technical-Grade Active Ingredient vs. Commercial Formulation of Seven Pesticides in the Presence or Absence of UV Radiation on Survival of Green Frog Tadpoles,2010,Archives of Environmental Contamination and Toxicology,en,,54,10.1007/s00244-010-9528-z,C_extraccion_desde_ingredientes,"""ingredient statements"" parsing",Crossref,https://doi.org/10.1007/s00244-010-9528-z,,,,
1,Stability-indicating UPLC method for determination of Valsartan and their degradation products in active pharmaceutical ingredient and pharmaceutical dosage forms,2010,Journal of Pharmaceutical and Biomedical Analysis,en,,52,10.1016/j.jpba.2010.05.022,C_extraccion_desde_ingredientes,"""ingredient statements"" parsing",Crossref,https://doi.org/10.1016/j.jpba.2010.05.022,,,,
1,Effect of lyophilized water extracts of Melissa officinalis on the stability of algae and linseed oil-in-water emulsion to be used as a functional ingredient in meat products,2010,Meat Science,en,,51,10.1016/j.meatsci.2010.01.007,C_extraccion_desde_ingredientes,"""ingredient statements"" parsing",Crossref,https://doi.org/10.1016/j.meatsci.2010.01.007,,,,
1,Quantitation of a polymorphic mixture of an active pharmaceutical ingredient with solid state 13C CPMAS NMR spectroscopy,2010,International Journal of Pharmaceutics,en,,48,10.1016/j.ijpharm.2010.04.017,C_extraccion_desde_ingredientes,"""ingredient statements"" parsing",Crossref,https://doi.org/10.1016/j.ijpharm.2010.04.017,,,,
1,High pressure–treated sorghum flour as a functional ingredient in the production of sorghum bread,2010,European Food Research and Technology,en,,44,10.1007/s00217-010-1316-5,C_extraccion_desde_ingredientes,"""ingredient statements"" parsing",Crossref,https://doi.org/10.1007/s00217-010-1316-5,,,,
1,Public‐Private Partnerships in Hong Kong: Good Governance – The Essential Missing Ingredient?<sup>1</sup>,2010,Australian Journal of Public Administration,en,,41,10.1111/j.1467-8500.2010.00675.x,C_extraccion_desde_ingredientes,"""ingredient statements"" parsing",Crossref,https://doi.org/10.1111/j.1467-8500.2010.00675.x,,,,"   In recent years the potential of the Public‐Private Partnership (PPP) model in securing sustainable development has been emphasised by various international organisations including the United Nations(UN) and the Organisation for Economic Cooperation and Development (OECD). These bodies, however, have warned that for PPPs to fulfill their potential as development tools, then both a favourable business environment and key aspects of ‘good governance’ need to be in place and functioning. This article examines PPP policies and projects in the Hong Kong Special Administrative Region of the People's Republic of China (HKSAR) over recent years. Ranked by several key agencies as having the freest economy in the world, Hong Kong might appear to be a particularly promising location for using PPPs to attain economic and social infrastructure development goals. Surprisingly, however, many potential PPP projects there frequently fail to reach fruition. Asking why this should be so, the article argues that the lack of certain critical ingredients of ‘good governance’ in Hong Kong has had a direct and negative impact on the fulfillment of its PPP potential. Of particular concern is government's frequent disregard of public views and the exclusion of the public from early and meaningful participation. This reflects an approach that can perhaps best be described as reliance on ‘Government‐Private’ rather than on ‘Public‐Private’ Partnerships.   "
1,"Evaluation of Glycerol from Biodiesel Production as a Feed Ingredient for Channel Catfish,<i>Ictalurus punctatus</i>",2010,Journal of the World Aquaculture Society,en,,41,10.1111/j.1749-7345.2009.00320.x,C_extraccion_desde_ingredientes,"""ingredient statements"" parsing",Crossref,https://doi.org/10.1111/j.1749-7345.2009.00320.x,,,,
1,"Antihyperlipidemic Effect of Protodioscin, an Active Ingredient Isolated from the Rhizomes of<i>Dioscorea nipponica</i>",2010,Planta Medica,en,,39,10.1055/s-0030-1249960,C_extraccion_desde_ingredientes,"""ingredient statements"" parsing",Crossref,https://doi.org/10.1055/s-0030-1249960,,,,
1,Enzyme technology for precision functional food ingredient processes,2010,Annals of the New York Academy of Sciences,en,,36,10.1111/j.1749-6632.2009.05255.x,C_extraccion_desde_ingredientes,"""ingredient statements"" parsing",Crossref,https://doi.org/10.1111/j.1749-6632.2009.05255.x,,,," A number of naturally occurring dietary substances may exert physiological benefits. The production of enhanced levels or particularly tailored versions of such candidate functional compounds can be targeted by enzymatic catalysis. The recent literature contains examples of enhancing bioavailability of iron via enzyme‐catalyzed degradation of phytate in wheat bran, increasing diacyl‐glycerol and conjugated linoleic acid levels by lipase action, enhancing the absorption of the citrus flavonoid hesperetin via rhamnosidase treatment, and obtaining solubilized dietary fiber via enzymatic modification of potato starch processing residues. Such targeted enzyme‐catalyzed reactions provide new invention opportunities for designing functional foods with significant health benefits. The provision of well‐defined naturally structured compounds can, moreover, assist in obtaining the much‐needed improved understanding of the physiological benefits of complex natural substances. "
1,"Pharmacokinetics of [6]-shogaol, a pungent ingredient of Zingiber officinale Roscoe (Part I)",2010,Journal of Natural Medicines,en,,35,10.1007/s11418-010-0404-y,C_extraccion_desde_ingredientes,"""ingredient statements"" parsing",Crossref,https://doi.org/10.1007/s11418-010-0404-y,,,,
1,The Economics of Voluntary Traceability in Multi‐Ingredient Food Chains,2010,Agribusiness,en,,34,10.1002/agr.20233,C_extraccion_desde_ingredientes,"""ingredient statements"" parsing",Crossref,https://doi.org/10.1002/agr.20233,,,," Abstract  The consumption of multi‐ingredient foods is increasing across the globe. Traceability can be used as a tool to gather information about and manage food safety risks associated with these types of products. The authors investigate the choice of voluntary traceability in three‐tiered multi‐ingredient food supply chains. They propose a framework based on vertical control and agency theory to model three dimensions of traceability systems: depth, breadth, and precision. Their analysis has three main results. First, full traceability is feasible as long as there are net benefits to a downstream firm that demands traceability across all ingredients. Second, horizontal network externalities are positive because an increase in the level of traceability in one ingredient requires a similar increase in others. Finally, vertical network effects will be positive insofar as willingness to pay and probabilities of food safety hazards increase. [EconLit Classification: Q130, L140]. © 2010 Wiley Periodicals, Inc. "
1,The use of distillers dried grains plus solubles as a feed ingredient on air emissions and performance from laying hens,2010,Poultry Science,en,,32,10.3382/ps.2009-00471,C_extraccion_desde_ingredientes,"""ingredient statements"" parsing",Crossref,https://doi.org/10.3382/ps.2009-00471,,,,
1,Investigating the effects of ingredient levels on physical quality properties of cooked hamburger patties using response surface methodology and image processing technology,2010,Meat Science,en,,31,10.1016/j.meatsci.2009.10.001,C_extraccion_desde_ingredientes,"""ingredient statements"" parsing",Crossref,https://doi.org/10.1016/j.meatsci.2009.10.001,,,,
1,BEAN STARCH AS INGREDIENT FOR GLUTEN-FREE BREAD,2010,Journal of Food Processing and Preservation,en,,31,10.1111/j.1745-4549.2009.00366.x,C_extraccion_desde_ingredientes,"""ingredient statements"" parsing",Crossref,https://doi.org/10.1111/j.1745-4549.2009.00366.x,,,,
1,Preservation of Bioavailability of Ingredients and Lack of Drug-Drug Interactions in a Novel Five-Ingredient Polypill (Polycap™),2010,American Journal Cardiovascular Drugs,en,,29,10.2165/11532170-000000000-00000,C_extraccion_desde_ingredientes,"""ingredient statements"" parsing",Crossref,https://doi.org/10.2165/11532170-000000000-00000,,,,
1,The contribution of food composition resources to nutrition science methodology,2017,Nutrition Bulletin,en,"BE,GB",26,10.1111/nbu.12274,D_calidad_open_food_facts,"""food composition database"" ""data quality""",OpenAlex,https://openalex.org/W2746004975,,,,"Abstract Advances in nutrition science methods and tools have underpinned better understanding of the complex interactions between diet, nutrition and health. One example is the development of food composition tables, which provide detailed information about the energy and nutrient content of foods. They are important in many fields, including clinical practice and research, and are used in a variety of ways; for example, to assess national population‐level programmes and surveys, formulate emergency food supplies and develop therapeutic diets. In recent years, food composition tables have widened in scope and accessibility but most do not include bioactive compounds, the consumption of which is associated with reduced risk of cancer and cardiovascular disease. Established in 2009, European Food Information Resource (EuroFIR) Association Internationale Sans But Lucratif (AISBL) is a non‐profit member‐based association in Belgium and a leading advocate for food information in Europe. It promotes the use of food composition data across the wider food, nutrition and health research and policy landscapes, raises awareness and understanding of the value of these data, especially for consumers in making healthier dietary choices, and works with other organisations [e.g. Food and Agriculture Organization (FAO) of the United Nations] to facilitate improved data quality, storage and access to encourage wider exploitation of food composition data for both research and commercial purpos"
1,"DART mass spectrometry: a fast screening of solid pharmaceuticals for the presence of an active ingredient, as an alternative for IR spectroscopy",2010,Drug Testing and Analysis,en,,26,10.1002/dta.136,C_extraccion_desde_ingredientes,"""ingredient statements"" parsing",Crossref,https://doi.org/10.1002/dta.136,,,,
1,Use of added sugars in packaged foods sold in Brazil,2018,Public Health Nutrition,en,BR,23,10.1017/s1368980018002148,C_extraccion_desde_ingredientes,"""food labels"" ""text mining""",OpenAlex,https://openalex.org/W2888916037,,,,"OBJECTIVE: Studies have shown that the consumption of added sugars may be associated with harmful health effects. The present study investigated the presence and types of added sugars in packaged foods. DESIGN: Cross-sectional analysis of the presence and types of added sugars in the ingredients lists of packaged foods sold in a major Brazilian supermarket. The nomenclature of ingredients classified as added sugars and their frequency were identified. Data were organised and analysed through descriptive statistics: absolute and relative frequencies of the presence of added sugars categorised by food groups were calculated, and ingredients were analysed by text mining using R statistical environment. SETTING: A supermarket in Florianópolis, a metropolis in southern Brazil. SUBJECTS: Packaged food products (n 4539) classified into eight groups. RESULTS: Of the 4539 products, 71 % had some type of added sugar. The group with the highest frequency of added sugars was 'products in which carbohydrates and fats are the main energy source' (93 %). Food groups containing predominantly salty foods had a high frequency of added sugars, such as 'meats and eggs' (61 %). In total, 179 different terms for added sugars were identified, of which sugar, maltodextrin and glucose syrup were the most frequent. CONCLUSIONS: Most of the packaged foods sold in Brazil contain added sugars, which may hamper adherence to the recommendation of limiting added sugars intake. The data may be useful for mon"
1,Evaluation of the epinecidin-1 peptide as an active ingredient in cleaning solutions against pathogens,2010,Peptides,en,,21,10.1016/j.peptides.2010.05.011,C_extraccion_desde_ingredientes,"""ingredient statements"" parsing",Crossref,https://doi.org/10.1016/j.peptides.2010.05.011,,,,
1,Reactions to foodborne Escherichia coli outbreaks: A text-mining analysis of the public's response,2019,American Journal of Infection Control,en,US,20,10.1016/j.ajic.2019.04.004,C_extraccion_desde_ingredientes,"""food labels"" ""text mining""",OpenAlex,https://openalex.org/W2946515884,,,,
1,Testing the Capacity of a Multi-Nutrient Profiling System to Guide Food and Beverage Reformulation: Results from Five National Food Composition Databases,2017,Nutrients,en,"CH,FR,GB,NL",20,10.3390/nu9040406,D_calidad_open_food_facts,"""food composition database"" ""data quality""",OpenAlex,https://openalex.org/W2606785389,,,,"Nutrient profiling ranks foods based on their nutrient composition, with applications in multiple aspects of food policy. We tested the capacity of a category-specific model developed for product reformulation to improve the average nutrient content of foods, using five national food composition datasets (UK, US, China, Brazil, France). Products (n = 7183) were split into 35 categories based on the Nestlé Nutritional Profiling Systems (NNPS) and were then classified as NNPS ‘Pass’ if all nutrient targets were met (energy (E), total fat (TF), saturated fat (SFA), sodium (Na), added sugars (AS), protein, calcium). In a modelling scenario, all NNPS Fail products were ‘reformulated’ to meet NNPS standards. Overall, a third (36%) of all products achieved the NNPS standard/pass (inter-country and inter-category range: 32%–40%; 5%–72%, respectively), with most products requiring reformulation in two or more nutrients. The most common nutrients to require reformulation were SFA (22%–44%) and TF (23%–42%). Modelled compliance with NNPS standards could reduce the average content of SFA, Na and AS (10%, 8% and 6%, respectively) at the food supply level. Despite the good potential to stimulate reformulation across the five countries, the study highlights the need for better data quality and granularity of food composition databases."
1,Random walk in genome space: A key ingredient of intermittent dynamics of community assembly on evolutionary time scales,2010,Journal of Theoretical Biology,en,,18,10.1016/j.jtbi.2010.03.043,C_extraccion_desde_ingredientes,"""ingredient statements"" parsing",Crossref,https://doi.org/10.1016/j.jtbi.2010.03.043,,,,
1,Gender differences in client–provider relationship as active ingredient in substance abuse treatment,2010,Evaluation and Program Planning,en,,18,10.1016/j.evalprogplan.2009.07.016,C_extraccion_desde_ingredientes,"""ingredient statements"" parsing",Crossref,https://doi.org/10.1016/j.evalprogplan.2009.07.016,,,,
1,"Anti-diabetic effects of globin digest and its active ingredient Leu-Ser-Glu-Leu in ICR mice, streptozotocin-induced diabetic mice and KK-Ay mice",2010,Life Sciences,en,,17,10.1016/j.lfs.2010.01.014,C_extraccion_desde_ingredientes,"""ingredient statements"" parsing",Crossref,https://doi.org/10.1016/j.lfs.2010.01.014,,,,
1,Process modeling and optimization of batch fractional distillation to increase throughput and yield in manufacture of active pharmaceutical ingredient (API),2010,Computers &amp; Chemical Engineering,en,,16,10.1016/j.compchemeng.2010.03.019,C_extraccion_desde_ingredientes,"""ingredient statements"" parsing",Crossref,https://doi.org/10.1016/j.compchemeng.2010.03.019,,,,
1,Effect of an improved local ingredient-based complementary food fortified or not with iron and selected multiple micronutrients on Hb concentration,2010,Public Health Nutrition,en,,14,10.1017/s1368980010000911,C_extraccion_desde_ingredientes,"""ingredient statements"" parsing",Crossref,https://doi.org/10.1017/s1368980010000911,,,," Abstract   Objective  To assess the effect of an improved local ingredient-based gruel fortified or not with selected multiple micronutrients (MM) on Hb concentration of young children.    Design  In a nutrition centre that we opened in their villages, children received either MM supplement (containing iron, zinc, vitamin A, vitamin C and iodine) with the improved gruel (MMGG) or the improved gruel only (GG), twice daily, 6 d/week, for 6 months. We assessed baseline and endpoint Hb concentration and anthropometric indices.    Setting  Kongoussi, a rural and poor district of Burkina Faso.    Subjects  In a community-based trial, we randomly assigned 131 children aged 6–23 months with Hb concentrations in the range of 80–109 g/l into two groups.    Results  The groups did not differ significantly at baseline. Mean baseline Hb concentration was 89·2 ( sd  6·5) g/l and 90·3 ( sd  8·4) g/l in the GG and the MMGG, respectively ( P  = 0·42). It increased to 104·1 ( sd  11·4) g/l in the GG ( P  &lt; 0·001) and 107·6 ( sd  14·7) g/l in the MMGG ( P  &lt; 0·001). The between-group difference of 3·5 (95 % CI −1·0, 8·1) g/l in mean ( sd ) endpoint Hb concentration was not significant ( P  = 0·13). The endpoint anthropometric indices were not different between the groups.    Conclusions  This MM supplement had no additional effect on Hb concentration. Thorough studies are needed to evaluate the actual efficacy of the gruel before its introduction into household routine.  "
1,Extractable and Non-Extractable Antioxidants Composition in the eBASIS Database: A Key Tool for Dietary Assessment in Human Health and Disease Research,2020,Nutrients,en,"GB,IT",14,10.3390/nu12113405,D_calidad_open_food_facts,"""food composition database"" ""data quality""",OpenAlex,https://openalex.org/W3094857852,,,,"The antioxidant properties of foods are crucial in nutrition, food chemistry, and medicine studies but are often underestimated, with significant amounts of bioactive compounds containing physiological and biochemical properties remaining in the residue from extraction as non-extractable antioxidants. Over the last decade, extractable and non-extractable compounds have become key in the evaluation/determination of the antioxidant properties of food matrices because of their relevance in human health. This has led to the need to include extractable and non-extractable antioxidants in comprehensive and harmonized food composition databases for a wide range of applications within research, food, pharmaceutical, nutraceutical, and cosmeceutical areas. Additionally, the databases are invaluable as part of the health claims application process. eBASIS, (Bioactive Substances in Food Information System) a comprehensive database containing quality-evaluated scientific data, covering the composition of bioactive compounds present in foods, has flexible structures, allowing it to be extended to include newly emerging data on extractable and non-extractable compounds. Search criteria were developed and defined for compiling suitable peer-reviewed literature. Data quality assessment methods were established for the addition of composition data and antioxidant activity, with a focus on various parameters including: the extraction procedure, the antioxidant measurements, the expression of r"
1,Simultaneous enantioseparation of a basic active pharmaceutical ingredient compound and its neutral intermediate using reversed phase and normal phase liquid chromatography with a new type of polysaccharide stationary phase,2010,Journal of Pharmaceutical and Biomedical Analysis,en,,13,10.1016/j.jpba.2009.08.027,C_extraccion_desde_ingredientes,"""ingredient statements"" parsing",Crossref,https://doi.org/10.1016/j.jpba.2009.08.027,,,,
1,Determination of potency of heparin active pharmaceutical ingredient by near infrared reflectance spectroscopy,2010,Journal of Pharmaceutical and Biomedical Analysis,en,,13,10.1016/j.jpba.2009.11.022,C_extraccion_desde_ingredientes,"""ingredient statements"" parsing",Crossref,https://doi.org/10.1016/j.jpba.2009.11.022,,,,
1,Named-Entity Recognition and Optical Character Recognition for Detecting Halal Food Ingredients: Indonesian Case Study,2022,2022 10th International Conference on Cyber and IT Service Management (CITSM),en,ID,12,10.1109/citsm56380.2022.9935966,C_extraccion_desde_ingredientes,"""named entity recognition"" food ingredients",OpenAlex,https://openalex.org/W4308793805,,,,"This study offers solutions using OCR and NER technology to read and recognize the compositional entities listed on packaged product. The purpose of this study is to guide Muslim consumers identifying ingredients of a consumers products, we define three food category entities in NER: Halal, Haram, Syubhat (doubtful). The motivation is to meet the needs of a Muslim for halal products that halal guarantees should support. Because consumers have easier access to various imported products, it is hoped that consumers can freely choose the consumption products they like, including imported ones, while maintaining the halal guarantee. Our proposed system is built using OCR to scan the composition listed on packaged products and processed with the trained NER Model; the evaluation of the model gets an F-Score value of 0.967, and in system testing, by testing 24 packaged products, it produces an OCR accuracy value of 90% and the accuracy of the NER model. for a food reading of 84%."
1,eGames: Is imagination the forgotten ingredient?,2010,Computers in Human Behavior,en,,11,10.1016/j.chb.2008.04.006,C_extraccion_desde_ingredientes,"""ingredient statements"" parsing",Crossref,https://doi.org/10.1016/j.chb.2008.04.006,,,,
1,A Novel Hybrid Chromatography−Crystallization Process for the Isolation and Purification of a Natural Pharmaceutical Ingredient from a Medicinal Herb,2010,Organic Process Research &amp; Development,en,,11,10.1021/op1000176,C_extraccion_desde_ingredientes,"""ingredient statements"" parsing",Crossref,https://doi.org/10.1021/op1000176,,,,
1,Finger millet in nutrition transition: an infant weaning food ingredient with chronic disease preventive potential,2010,British Journal of Nutrition,en,,11,10.1017/s0007114510002989,C_extraccion_desde_ingredientes,"""ingredient statements"" parsing",Crossref,https://doi.org/10.1017/s0007114510002989,,,,
1,Safety assessment of a novel ingredient for removable chewing gum,2010,Food and Chemical Toxicology,en,,10,10.1016/j.fct.2009.12.017,C_extraccion_desde_ingredientes,"""ingredient statements"" parsing",Crossref,https://doi.org/10.1016/j.fct.2009.12.017,,,,
1,Evaluation of growth performance of broiler birds fed with diet containing different levels of velvet bean meal as an alternative protein ingredient,2010,Livestock Science,en,,10,10.1016/j.livsci.2009.09.002,C_extraccion_desde_ingredientes,"""ingredient statements"" parsing",Crossref,https://doi.org/10.1016/j.livsci.2009.09.002,,,,
1,"A new IFRA Standard on the fragrance ingredient, hydroxyisohexyl 3‐cyclohexene carboxaldehyde",2010,Contact Dermatitis,en,,10,10.1111/j.1600-0536.2010.01701.x,C_extraccion_desde_ingredientes,"""ingredient statements"" parsing",Crossref,https://doi.org/10.1111/j.1600-0536.2010.01701.x,,,,
1,Span-based model for overlapping entity recognition and multi-relations classification in the food domain,2022,Mathematical Biosciences & Engineering,en,CN,8,10.3934/mbe.2022240,C_extraccion_desde_ingredientes,"""named entity recognition"" food ingredients",OpenAlex,https://openalex.org/W4224251067,,,,"Information extraction (IE) is an important part of the entire knowledge graph lifecycle. In the food domain, extracting information such as ingredient and cooking method from Chinese recipes is crucial to safety risk analysis and identification of ingredient. In comparison with English, due to the complex structure, the richness of information in word combination, and lack of tense, Chinese IE is much more challenging. This dilemma is particularly prominent in the food domain with high-density knowledge, imprecise syntactic structure. However, existing IE methods focus only on the features of entities in a sentence, such as context and position, and ignore features of the entity itself and the influence of self attributes on prediction of inter entity relationship. To solve the problems of overlapping entity recognition and multi-relations classification in the food domain, we propose a span-based model known as SpIE for IE. The SpIE uses the span representation for each possible candidate entity to capture span-level features, which transforms named entity recognition (NER) into a classification mission. Besides, SpIE feeds extra information about the entity into the relation classification (RC) model by considering the effect of entity's attributes (both the entity mention and entity type) on the relationship between entity pairs. We apply SpIE on two datasets and observe that SpIE significantly outperforms the previous neural approaches due to capture the feature of overl"
1,NutriBase – management system for the integration and interoperability of food- and nutrition-related data and knowledge,2025,Frontiers in Nutrition,en,"AU,SI",8,10.3389/fnut.2024.1503389,D_calidad_open_food_facts,"""food composition database"" ""data quality""",OpenAlex,https://openalex.org/W4406110507,,,,"Introduction: Contemporary data and knowledge management and exploration are challenging due to regular releases, updates, and different types and formats. In the food and nutrition domain, solutions for integrating such data and knowledge with respect to the FAIR (Findability, Accessibility, Interoperability, and Reusability) principles are still lacking. Methods: To address this issue, we have developed a data and knowledge management system called NutriBase, which supports the compilation of a food composition database and its integration with evidence-based knowledge. This research is a novel contribution because it allows for the interconnection and complementation of food composition data with knowledge and takes what has been done in the past a step further by enabling the integration of knowledge. NutriBase focuses on two important challenges; data (semantic) harmonization by using the existing ontologies, and reducing missing data by semi-automatic data imputation made from conflating with existing databases. Results and discussion: The developed web-based tool is highly modifiable and can be further customized to meet national or international requirements. It can help create and maintain the quality management system needed to assure data quality. Newly generated data and knowledge can continuously be added, as interoperability with other systems is enabled. The tool is intended for use by domain experts, food compilers, and researchers who can add and edit food-re"
1,SMPT: A Semi-Supervised Multi-Model Prediction Technique for Food Ingredient Named Entity Recognition (FINER) Dataset Construction,2023,Informatics,en,"ID,KR,TW",7,10.3390/informatics10010010,C_extraccion_desde_ingredientes,"""named entity recognition"" food ingredients",OpenAlex,https://openalex.org/W4316465202,,,,"To pursue a healthy lifestyle, people are increasingly concerned about their food ingredients. Recently, it has become a common practice to use an online recipe to select the ingredients that match an individual’s meal plan and healthy diet preference. The information from online recipes can be extracted and used to develop various food-related applications. Named entity recognition (NER) is often used to extract such information. However, the problem in building an NER system lies in the massive amount of data needed to train the classifier, especially on a specific domain, such as food. There are food NER datasets available, but they are still quite limited. Thus, we proposed an iterative self-training approach called semi-supervised multi-model prediction technique (SMPT) to construct a food ingredient NER dataset. SMPT is a deep ensemble learning model that employs the concept of self-training and uses multiple pre-trained language models in the iterative data labeling process, with a voting mechanism used as the final decision to determine the entity’s label. Utilizing the SMPT, we have created a new annotated dataset of ingredient entities obtained from the Allrecipes website named FINER. Finally, this study aims to use the FINER dataset as an alternative resource to support food computing research and development."
1,"Nutritive Evaluation of Protein from Anaerobically Digested Poultry Wastes as a Dietary Ingredient Replacer for Channel Catfish, <i>Ictalurus punctatus</i>",2010,Journal of the World Aquaculture Society,en,,6,10.1111/j.1749-7345.2010.00358.x,C_extraccion_desde_ingredientes,"""ingredient statements"" parsing",Crossref,https://doi.org/10.1111/j.1749-7345.2010.00358.x,,,,"   Two experiments were conducted to determine the effects of feeding protein derived from anaerobically digested poultry wastes on the performance of channel catfish. In the first experiment, poultry waste protein (PWP) was used as a substitute protein source at 5, 10, 20, 30, and 40% levels on an isonitrogenous and isocalorific basis, and compared to a control (0% PWP) soybean meal/fish meal‐based practical diet. A digestibility trial was conducted with diets containing 0, 5, 10, and 20% PWP. There were no significant differences in growth performance, feed efficiency (FE), protein efficiency ratio (PER), and protein productive value (PPV) of channel catfish fed up to 20% substitution compared to the control diet. At replacement levels of 30 and 40%, there were significant ( P  &lt; 0.05) decreases in growth performance, FE, PER, and PPV. The apparent absorption efficiency was generally high for all the essential amino acids. Although differences in apparent crude protein and phosphorous absorption efficiency were not significant ( P  &gt; 0.05), the coefficients were highest for fish that received recovered protein at 10% dietary level. It is concluded that up to 20% of protein derived from thermophilic anaerobic digestion of poultry wastes can be substituted without negative effect on performance.   "
1,Ingredient Consistency of Commercially Available Polyphenol and Tocopherol Nutraceuticals,2010,Pharmaceutics,en,,6,10.3390/pharmaceutics2010050,C_extraccion_desde_ingredientes,"""ingredient statements"" parsing",Crossref,https://doi.org/10.3390/pharmaceutics2010050,,,," Label claims of vitamin E succinate and polyphenolic nutraceuticals are assessed. A validated HPLC method was utilized to assess vitamin E succinate products. Three novel LC/MS methods were used to assess the polyphenols, pterostilbene, phloretin, and myricetin, in dietary supplements. The amount of vitamin E succinate varied from 0-130% of the stated label content with two products containing vitamin E acetate rather than vitamin E succinate. Expected polyphenols were found in 7 of the 8 supplement products. None of the polyphenol supplements contained content within 100-120% of label claims. The present study indicates a lack of uniformity in nutraceutical products. "
1,Analysis of Ingredient Functionality and Formulation Optimization of an Instant Peanut Beverage Mix,2010,Journal of Food Science,en,,6,10.1111/j.1750-3841.2009.01380.x,C_extraccion_desde_ingredientes,"""ingredient statements"" parsing",Crossref,https://doi.org/10.1111/j.1750-3841.2009.01380.x,,,," 
                     ABSTRACT:  
                    Powder for an instant shake‐style beverage was created using partially defatted peanut flour (12% fat), granulated sugar, and nonfat dry milk (NFDM). The 3 main components, along with constant amounts of stabilizing gums and anti‐caking silica, were mixed together and finely milled in a Super Wing Mill to further reduce the particle sizes. Drinks from each formula variation were prepared and analyzed for viscosity (digital viscometer), color (colorimeter), and separation rate. Each beverage was also analyzed by consumers to determine acceptability of flavor, mouth‐feel, and color. Physical test results show that viscosity increased with increasing proportion of peanut flour in the formula, and viscosity decreased with increasing levels of sugar and NFDM. For each formula, the samples at refrigerated temperature (4 °C) were less viscous than those at ambient temperatures (23 to 25 °C). Color values show that the beverage powder color was mostly influenced by peanut flour percentage, becoming darker with increasing levels of peanut flour. Prepared beverage color was influenced by both NFDM and peanut flour percentage; lightness increased with increasing NFDM percentage and decreased with increasing peanut flour percentage. Separation rates were most affected by the proportion of NFDM in the formula; higher levels decreased the rate of separation. Refrigeration slowed the rate of separation in all samples. Response surface a"
1,Deep Learning Based Named Entity Recognition Models for Recipes,2024,arXiv (Cornell University),en,,5,10.48550/arxiv.2402.17447,C_extraccion_desde_ingredientes,"""named entity recognition"" food ingredients",OpenAlex,https://openalex.org/W4392271257,,,,"Food touches our lives through various endeavors, including flavor, nourishment, health, and sustainability. Recipes are cultural capsules transmitted across generations via unstructured text. Automated protocols for recognizing named entities, the building blocks of recipe text, are of immense value for various applications ranging from information extraction to novel recipe generation. Named entity recognition is a technique for extracting information from unstructured or semi-structured data with known labels. Starting with manually-annotated data of 6,611 ingredient phrases, we created an augmented dataset of 26,445 phrases cumulatively. Simultaneously, we systematically cleaned and analyzed ingredient phrases from RecipeDB, the gold-standard recipe data repository, and annotated them using the Stanford NER. Based on the analysis, we sampled a subset of 88,526 phrases using a clustering-based approach while preserving the diversity to create the machine-annotated dataset. A thorough investigation of NER approaches on these three datasets involving statistical, fine-tuning of deep learning-based language models and few-shot prompting on large language models (LLMs) provides deep insights. We conclude that few-shot prompting on LLMs has abysmal performance, whereas the fine-tuned spaCy-transformer emerges as the best model with macro-F1 scores of 95.9%, 96.04%, and 95.71% for the manually-annotated, augmented, and machine-annotated datasets, respectively."
1,Enhancing Food Ingredient Named-Entity Recognition with Recurrent Network-Based Ensemble (RNE) Model,2022,Applied Sciences,en,KR,5,10.3390/app122010310,C_extraccion_desde_ingredientes,"""named entity recognition"" food ingredients",OpenAlex,https://openalex.org/W4306149573,,,,"Food recipe sharing sites are becoming increasingly popular among people who want to learn how to cook or plan their menu. Through online food recipes, individuals can select ingredients that suit their lifestyle and health condition. Information from online food recipes is useful in developing food-related systems such as recommendations and health care systems. However, the information from online recipes is often unstructured. One way of extracting such information into a well-structured format is the technique called named-entity recognition (NER), which is the process of identifying keywords and phrases in the text and classifying them into a set of predetermined categories, such as location, persons, time, and others. We present a food ingredient named-entity recognition model called RNE (recurrent network-based ensemble methods) to extract the entities from the online recipe. RNE is an ensemble-learning framework using recurrent network models such as RNN, GRU, and LSTM. These models are trained independently on the same dataset and combined to produce better predictions in extracting food entities such as ingredient names, products, units, quantities, and states for each ingredient in a recipe. The experimental findings demonstrate that the proposed model achieves predictions with an F1 score of 96.09% and outperforms all individual models by 0.2% to 0.5% in percentage points. This result indicates that RNE can extract information from food recipes better than a singl"
1,"Influence of pH, Temperature and Impurities on the Solubility of an Active Pharmaceutical Ingredient (API)",2010,International Journal of Chemical Reactor Engineering,en,,4,10.2202/1542-6580.2099,C_extraccion_desde_ingredientes,"""ingredient statements"" parsing",Crossref,https://doi.org/10.2202/1542-6580.2099,,,," Solubility, which defines the liquid /solid equilibrium, is a key parameter to control a crystallization process. This work is focused on the effects of pH, temperature and impurities on the aqueous solubility of an Active Pharmaceutical Ingredient (API).As the API is a weak acid (pKa = 3.7), its solubility increases with the pH. On the basis of the experimental curve of solubility, a model was defined to fit the evolution of the solubility as a function of pH. In the case of this compound, studies revealed a weak influence of the temperature in comparison with the pH. So, the solubility of the compound is slightly impacted by the temperature.Some experiments were carried out in order to compare the solubility of the API, at the same pH and temperature, for different concentrations of impurities found in the process. The results revealed a solubility increase in presence of acetic acid and a high solubility decrease in presence of sodium chloride. By carrying out experiments on common ions salts, the anion chloride Cl- has been identified as the cause of the solubility decrease. "
1,"Tempeh’s Contribution to the Intake Vitamins B12, Folates and Essential Amino Acids",2020,Current Developments in Nutrition,en,"GB,MZ,PT",4,10.1093/cdn/nzaa052_010,D_calidad_open_food_facts,"""food composition database"" ""data quality""",OpenAlex,https://openalex.org/W3031567713,,,,"Tempeh is a plant-based fermented food consumed as an alternative source of protein. This study aims to compare the nutritional contents of some cooked tempeh and understand which way tempeh contributes to daily needs regarding its protein composition, B12 (cobalamins) and B9 (folates) vitamin contents. Amino acid profile was determined by UPLC-PDA. Protein scores to access protein quality were calculated especially for methionine. Folate vitamers (folic acid, 5- methyltetrahydrofolate, tetrahydrofolate, 5–10-formyltetrahydrofolate, 5-formyltetrahydrofolate and 10- formyltetrahydrofolate) and the different B12 vitamers (hydroxocobalamin, methylcobalamin, and cyanocobalamin) were determined by UPLC-MS/MS. Tempeh was analyzed “raw” and after two different cooking methods (sautéed and stewed). Samples were purchased in commercial surfaces from different brands and production sets. Sampling was performed in accordance with the requirements of the Food Composition Databases in compliance with available Data Quality Evaluation Systems. The sautéed sample is the one which most contribute for the population needs, with 34,7% and 27,3% of total amino acids (to woman with 55 kg and a man with 70 kg, respectively), 7% of folates and 32% of B12 vitamin (particularly, hydroxocobalamin), following the “raw” sample and, finally, the marinated sample. In this way, the culinary method chosen for cooking the tempeh reveals to be an essential aspect in order to obtain higher nutritional value f"
1,A requirement-oriented data quality model and framework of a food composition database system,2012,Repository for Publications and Research Data (ETH Zurich),en,,3,10.3929/ethz-a-007605248,D_calidad_open_food_facts,"""food composition database"" ""data quality""",OpenAlex,https://openalex.org/W951214267,,,,
1,Data quality analysis for food composition databases,2011,Repository for Publications and Research Data (ETH Zurich),en,,3,10.3929/ethz-a-006660133,D_calidad_open_food_facts,"""food composition database"" ""data quality""",OpenAlex,https://openalex.org/W2491277977,,,,"Data quality has been an issue ever since databases are used.Despite the absence of a clear definition, it is widely agreed that data quality is of major importance especially in scientific applications.Having noted this, it is rather surprising how little research has been done in the area of data quality.We present a Data Quality Analysis Toolkit which is capable of measuring and visualising data quality.A variety of different charts and tables support the user in judging in what area urgent action is needed.Furthermore, the toolkit provides tools to drill down on the data quality issues and identify individual problems in the data.In this master thesis, we apply our concept of data quality analysis to the FoodCASE 1 database, which is the Swiss food composition database managed by the Swiss Food Information"
1,Assessing and improving the quality of vitamin data in food composition databases,2012,Food & Nutrition Research,en,GB,3,10.3402/fnr.v56i0.5654,D_calidad_open_food_facts,"""food composition database"" ""data quality""",OpenAlex,https://openalex.org/W1978949109,,,,"The EuroFIR (European Food Information Resource; www.eurofir.org) project has developed the first comprehensive pan-European Food Data Platform, using state-of-the-art database linking. Data from 25 countries are available online (www.eurofir. org) and include vitamin contents of an extensive range of over 27,000 foods. The datasets have been compiled based on a technical standard developed within the project and this standardisation of data allows effective management, updating, extending, and comparability of data across Europe. Most datasets have traditionally been published in forms that do not easily allow publication of additional information, but Euro- FIR datasets are supported by extensive additional documentation of individual values that allow users to trace original references and laboratory reports and evaluate the quality of values according to their intended use.Keywords: food composition; data quality; vitamins; EuroFIR(Published: 2 April 2012)Citation: Food & Nutrition Research 2012, 56: 5654 - DOI: 10.3402/fnr.v56i0.5654"
1,TASTEset -- Recipe Dataset and Food Entities Recognition Benchmark,2022,arXiv (Cornell University),en,,3,10.48550/arxiv.2204.07775,C_extraccion_desde_ingredientes,"""named entity recognition"" food ingredients",OpenAlex,https://openalex.org/W4224287004,,,,"Food Computing is currently a fast-growing field of research. Natural language processing (NLP) is also increasingly essential in this field, especially for recognising food entities. However, there are still only a few well-defined tasks that serve as benchmarks for solutions in this area. We introduce a new dataset -- called \textit{TASTEset} -- to bridge this gap. In this dataset, Named Entity Recognition (NER) models are expected to find or infer various types of entities helpful in processing recipes, e.g.~food products, quantities and their units, names of cooking processes, physical quality of ingredients, their purpose, taste. The dataset consists of 700 recipes with more than 13,000 entities to extract. We provide a few state-of-the-art baselines of named entity recognition models, which show that our dataset poses a solid challenge to existing models. The best model achieved, on average, 0.95 $F_1$ score, depending on the entity type -- from 0.781 to 0.982. We share the dataset and the task to encourage progress on more in-depth and complex information extraction from recipes."
1,Describing the Problem for an Evidence-Based Practice Improvement Project: A Missing Ingredient,2010,Research and Theory for Nursing Practice,en,,3,10.1891/1541-6577.24.3.155,C_extraccion_desde_ingredientes,"""ingredient statements"" parsing",Crossref,https://doi.org/10.1891/1541-6577.24.3.155,,,,
1,Evaluation of Soy Hulls as a Potential Ingredient of Functional Foods for the Prevention of Obesity,2010,Ecology of Food and Nutrition,en,,3,10.1080/03670240903540974,C_extraccion_desde_ingredientes,"""ingredient statements"" parsing",Crossref,https://doi.org/10.1080/03670240903540974,,,,
1,"Methods for the characterisation of breadcrumb, an important ingredient of stuffed pasta",2010,Journal of Cereal Science,en,,3,10.1016/j.jcs.2010.02.006,C_extraccion_desde_ingredientes,"""ingredient statements"" parsing",Crossref,https://doi.org/10.1016/j.jcs.2010.02.006,,,,
1,Empowering health geography research with location-based social media data: innovative food word expansion and energy density prediction via word embedding and machine learning,2023,International Journal of Health Geographics,en,"CA,US",3,10.1186/s12942-023-00344-5,D_calidad_open_food_facts,"""crowdsourced"" ""food composition database""",OpenAlex,https://openalex.org/W4386799916,,,,"BACKGROUND: The exponential growth of location-based social media (LBSM) data has ushered in novel prospects for investigating the urban food environment in health geography research. However, previous studies have primarily relied on word dictionaries with a limited number of food words and employed common-sense categorizations to determine the healthiness of those words. To enhance the analysis of the urban food environment using LBSM data, it is crucial to develop a more comprehensive list of food-related words. Within the context, this study delves into the exploration of expanding food-related words along with their associated energy densities. METHODS: This study addresses the aforementioned research gap by introducing a novel methodology for expanding the food-related word dictionary and predicting energy densities. Seed words are generated from official and crowdsourced food composition databases, and new food words are discovered by clustering food words within the word embedding space using the Gaussian mixture model. Machine learning models are employed to predict the energy density classifications of these food words based on their feature vectors. To ensure a thorough exploration of the prediction problem, ten widely used machine learning models are evaluated. RESULTS: The approach successfully expands the food-related word dictionary and accurately predicts food energy density (reaching 91.62%.). Through a comparison of the newly expanded dictionary with the ini"
1,ANALYTICAL METHOD FOR 1-METHYL-4-AMINO-PIPERAZINE IN AN ACTIVE PHARMACEUTICAL INGREDIENT USING CHEMICAL DERIVATIZATION AND HPLC-UV,2010,Journal of Liquid Chromatography &amp; Related Technologies,en,,2,10.1080/10826071003608959,C_extraccion_desde_ingredientes,"""ingredient statements"" parsing",Crossref,https://doi.org/10.1080/10826071003608959,,,,
1,Characterizing ingredients in commercially packaged baked products sold in the U.S.: An application of IngID,2022,Journal of Food Composition and Analysis,en,US,2,10.1016/j.jfca.2022.104830,C_extraccion_desde_ingredientes,"""ingredient statements"" parsing",OpenAlex,https://openalex.org/W4292086797,,,,
1,When Is a “Generic” Medication Not Really a Generic?: Confusion About Medication Products Containing the Same Active Ingredient,2010,Journal of Psychosocial Nursing and Mental Health Services,en,,2,10.3928/02793695-20100108-04,C_extraccion_desde_ingredientes,"""ingredient statements"" parsing",Crossref,https://doi.org/10.3928/02793695-20100108-04,,,," 
            The distinction between pharmaceutical
             equivalent 
            and pharmaceutical
             alternative 
            drug products can lead to considerable confusion, especially with the proliferation of various branded, alternative, and generic medications that contain the same active ingredient. To illustrate this problem, four examples of medication products containing the active ingredients paroxetine, venlafaxine, bupropion, and valproate will be described. Understanding these differences is important for nurses providing patient care. Only generic drugs can be freely substituted for a brand-name product. Switching to a pharmaceutical alternative requires a change in prescription. Finally, the use, labeling, and cost of branded, alternative, and generic medications may be different.
           "
1,Exploring the Readability of Ingredients Lists of Food Labels with Existing Metrics.,2022,PubMed,en,US,2,,C_extraccion_desde_ingredientes,"""food labels"" ""text mining""",OpenAlex,https://openalex.org/W4286377303,,,,"grade reading level or higher to comprehend are found at rates of 84.2% (using FRE Index). These results demonstrate the need to further explore how ingredients lists can be measured for readability, both for the purposes of consumer understanding as well as for supporting future nutrition research involving text mining."
1,Molecules: Plastics ingredient raises concern: Bisphenol A's ‘twin’ may have more potent hormone effects,2010,Science News,en,,2,10.1002/scin.5591771218,C_extraccion_desde_ingredientes,"""ingredient statements"" parsing",Crossref,https://doi.org/10.1002/scin.5591771218,,,,
1,"Data from: Refining the trophic diversity, ecological network structure, and bottom-up importance of prey groups for temperate reef fishes",2023,Zenodo (CERN European Organization for Nuclear Research),en,"AU,US",1,10.5281/zenodo.10073476,D_calidad_open_food_facts,"""citizen science"" food database completeness",OpenAlex,https://openalex.org/W4393463198,,,,"The file ""Zarco-Perello et al Temperate Reef Fish Trophic Guilds Complete Diet Dataset.xlsx"" contains several spreadsheet tabs related to the analyses carried out in the paper: Refining the trophic diversity, ecological network structure, and bottom-up importance of prey groups for temperate reef fishes: https://doi.org/10.32942/X2CC97 All analyses, with the exception of the network calculations, of the study were carried out in the computer software R. The code is contained in the file ""Zarco-Perello et al Temperate Reef Fish Trophic Ecology.R"". For trophic network analyses we used the computer program Gephi v0.1 (Bastian et al. 2009). DATASET DESCRIPTION Region of Study The region of study encompasses all the temperate reefs of south-western Australia (SWA). Extending along ~1600 km of coast, from Jurien Bay Marine Park (30° 18.6 S, 115° 0.1 E) to the Recherche Archipelago Nature Research (33° 53.7 S, 123° 52.3 E; supplementary Fig. S1), the temperate reefs of SWA are distributed across the Leeuwin and Houtman biogeographical ecoregions (Spalding et al. 2007), conforming approximately ⅓ of the total distribution of temperate Australia, known as the Great Southern Reef (Bennett et al. 2016). Species Composition The species composition of the metacommunity of temperate reef fishes of the region was obtained from a total of 4589 underwater visual surveys conducted across 206 reefs in 12 locations by the Reef Life Survey (RLS) citizen science program, and the Australian Tempera"
1,NutriSafe:Allergen detection using NLP and Gen AI,2025,,en,IN,1,10.1109/icbmesh66209.2025.11182261,C_extraccion_desde_ingredientes,"""named entity recognition"" food ingredients",OpenAlex,https://openalex.org/W4414692914,,,,"In recent years, the growing prevalence of food allergies and the need for allergen detection has gained significant attention, particularly concerning health. Recognizing this need, our work focuses on developing a sustainable solution for allergen detection. To address this challenge, we developed a web application that helps to detect allergen foods present in the food item, using Natural Language Processing (NLP) and Optical character recognition (OCR). This web application is designed to process the images of food product labels to extract relevant ingredient information which is then used to assess the consumption of the product by the user. The user information about dietary restrictions and allergies is stored in the Firebase. The OCR component uses Tesseract.js, to convert images of food labels into texts. This text is then processed using the spaCy for Named Entity Recognition (NER) to extract pertinent food ingredient information for cross referencing with the user’s dietary profile which is done using the Natural Language Toolkit (NLTK), that evaluates whether the product is safe for consumption. This intelligent system highlights the application of Generative AI and automated analysis capability, which aims at enhancing the efficiency and accessibility of food safety assessments for users."
1,Top Sweeteners in Top Contributors of Commercially Processed Foods With Added Sugars in the U.S.: Application of the IngID Program,2021,Current Developments in Nutrition,en,US,1,10.1093/cdn/nzab043_012,C_extraccion_desde_ingredientes,"""ingredient statements"" parsing",OpenAlex,https://openalex.org/W3169814407,,,,"Added sugars should be limited to help achieve healthy dietary patterns within calorie limits. According to What We Eat in America Data Briefs 2015–2018, beverages and sweet foods provided 90% of added sugars intake combined. However, there is a knowledge gap in the type of sweetener used in these foods. A framework for parsing and reporting of ingredients used in commercially packaged foods (IngID) was recently developed to make this analysis possible. This study aims to analyze top types of added sugars and most frequently appearing concurrent ingredients in the top sugar contributing categories. Two categories, carbonated beverages and cookies, were selected as examples to demonstrate the analyses of ingredients. Universal Product Codes (UPC) of foods in these categories were obtained from IRI's (Information Resources Incorporated) scanner data covering over 80% of the total sold products in the category. Ingredient statements were obtained from USDA's Global Branded Food Products Database (BFPD) and manufacturer or distributor websites. A program developed for IngID was applied to parse the ingredient text strings for each product (unique UPC). A thesaurus was applied to assign preferred descriptors (PDs) to equivalent ingredient terms such as synonyms and spellingy errors. In the 982 carbonated beverages with unique UPCs aside from carbonated water and flavor, the top 5 ingredients were citric acid, high fructose corn syrup (HFCS), caramel color, sodium benzoate and caff"
1,"W1695 Effect of Allyl Isothiocyanate, a Pungent Ingredient of Wasabi and Mustard Oil, on Gastric Mucosal Blood Flow and Ulcerogenesis in Rats: Comparison With Capsaicin",2010,Gastroenterology,en,,1,10.1016/s0016-5085(10)63315-x,C_extraccion_desde_ingredientes,"""ingredient statements"" parsing",Crossref,https://doi.org/10.1016/s0016-5085(10)63315-x,,,,
1,Potential of African pear (<i>Dacryodes edulis</i>) as an ingredient in plantain‐based composite cookies,2010,Nutrition &amp; Food Science,en,,1,10.1108/00346651011015908,C_extraccion_desde_ingredientes,"""ingredient statements"" parsing",Crossref,https://doi.org/10.1108/00346651011015908,,,,"  Purpose  The purpose of this paper is to explore the level of substitution of margarine with African pear that will be acceptable to consumers.    Design/methodology/approach  A recipe for cookies is modified by replacing margarine with African pear. Plantain composite flour is also used. Physical parameters and proximate composition are determined using standard methods. Sensory evaluation is carried out using sensory panelists.    Findings  The moisture content of the cookies ranges from 2.09 to 4.10 per cent, fat content and ash contents range from 21.40 to 22.90 per cent and 2.14 to 2.77 per cent, respectively. The ash content is higher than the value 1.43 per cent recorded for cookies made from 100 per cent margarine. The average value for energy 487 kcal/100 g will meet the recommended daily dietary allowance. There is no significant difference on the average weight, thickness, volume and density of the cookies made from 25 to 100 per cent African pear with either 25 or 50 per cent ripe/unripe plantain flour. Average weight, thickness, volume and density are 5.60 g, 058 mm, 9.72 cm 3 , and 0.574 g/cm 3 , respectively. Sensory evaluation reveals that composite flour at 25‐100 per cent with either ripe or unripe plantain shows significant difference ( p  &lt; 0.05) in taste and overall acceptability. At 50 per cent unripe or ripe plantain composite flour, there is no significant difference in attributes except flavour.    Research limitations/implications  Up to 50 per "
1,Recent Experience with Botanical Ingredients Submitted to FDA in New Dietary Ingredient Notifications,2010,Planta Medica,en,,1,10.1055/s-0030-1251741,C_extraccion_desde_ingredientes,"""ingredient statements"" parsing",Crossref,https://doi.org/10.1055/s-0030-1251741,,,,
1,"Maintaining national food databases to enhance precision: A report from the preconference workshop 1 of the 2025 international diet and activity methods conference, Toronto, Canada, April 27, 2025",2026,Journal of Food Composition and Analysis,en,"AU,BR,DK,GB,JP,KR,NL",1,10.1016/j.jfca.2026.108970,D_calidad_open_food_facts,"""food composition database"" ""data quality""",OpenAlex,https://openalex.org/W7127623619,,,,"National food composition databases are essential for data quality and reliability in dietary monitoring, nutrition research, and policy. Nevertheless, they face growing challenges from rapidly evolving food markets, new data demands, and limited analytical resources. This paper summarizes outcomes of a preconference workshop at ICDAM 2025 that brought together experts from seven countries to share experiences in developing and maintaining databases. Presentations highlighted strategies to keep databases fit for purpose, including standardized and harmonized food descriptions, inclusion of biodiversity and regional foods; maintaining strong analytical anchors with continuous updates; systematic handling of missing values (recipe calculations, preparation factors, and imputation), and AI-based linking of branded with generic foods to address nutrient gaps and capture market changes. These developments also underline the value of food composition databases: supporting national dietary surveys, monitoring reformulation, informing front-of-pack labeling, and enabling evaluation of nutrition policies. Breakout discussions emphasized challenges such as resource constraints and reliance on secondary data, as well as demands for new data types beyond traditional nutrients, alongside opportunities in branded data, automation, FAIR data standards, and harmonization. The workshop concluded that sustained investment, modernized infrastructures, and collaborative governance are critical t"
1,"Consumer preference for energy, fat, salt and ingredient information in catering outlets",2010,Proceedings of the Nutrition Society,en,,0,10.1017/s0029665109993077,C_extraccion_desde_ingredientes,"""ingredient statements"" parsing",Crossref,https://doi.org/10.1017/s0029665109993077,,,,
1,Curbilene From edible plant to cosmetics ingredient,2010,Fitoterapia,en,,0,10.1016/s0367-326x(09)00292-5,C_extraccion_desde_ingredientes,"""ingredient statements"" parsing",Crossref,https://doi.org/10.1016/s0367-326x(09)00292-5,,,,
1,The use of topically dissolved oxygen as a pluripotent raw material ingredient for medical aesthetic products,2010,Journal of the American Academy of Dermatology,en,,0,10.1016/j.jaad.2009.11.120,C_extraccion_desde_ingredientes,"""ingredient statements"" parsing",Crossref,https://doi.org/10.1016/j.jaad.2009.11.120,,,,
1,This Month's Secret Ingredient: <i>Eggs</i>,2010,The Physics Teacher,en,,0,10.1119/1.3393074,C_extraccion_desde_ingredientes,"""ingredient statements"" parsing",Crossref,https://doi.org/10.1119/1.3393074,,,," Special thanks to Diane Rosenthal, Presentation High School, San Jose, CA, for her help with this column. "
1,190C: NUCLEAR MAGNETIC RESONANCE SPECTROSCOPY AS A USEFUL TOOL FOR INGREDIENT ANALYSIS OF ARTIFICIAL MATERIALS,2010,Plastic and Reconstructive Surgery,en,,0,10.1097/01.prs.0000371924.11133.87,C_extraccion_desde_ingredientes,"""ingredient statements"" parsing",Crossref,https://doi.org/10.1097/01.prs.0000371924.11133.87,,,,
1,Food Use Inert Ingredient Proposed Data Set,2010,Journal of ASTM International,en,,0,10.1520/jai102857,C_extraccion_desde_ingredientes,"""ingredient statements"" parsing",Crossref,https://doi.org/10.1520/jai102857,,,," Abstract 
                A discussion of the proposed data for establishing a tolerance or exemption from the requirement of a tolerance for inert ingredients used in pesticide formulations. "
1,Deep stacking poultry litter as feed ingredient in livestock production,2010,Toxicological &amp; Environmental Chemistry,en,,0,10.1080/02772240903306441,C_extraccion_desde_ingredientes,"""ingredient statements"" parsing",Crossref,https://doi.org/10.1080/02772240903306441,,,,
1,Granular Formulations and Active Ingredient Distribution from a Rotary Spreader,2010,Journal of ASTM International,en,,0,10.1520/jai102892,C_extraccion_desde_ingredientes,"""ingredient statements"" parsing",Crossref,https://doi.org/10.1520/jai102892,,,," Abstract 
                When using a spinner spreader, particle size distribution may affect a gravimetric distribution pattern, larger particles being thrown farther than smaller particles. If active ingredient (AI) concentrations were uneven with respect to particle size, it is possible that a gravimetric distribution analysis (i.e., a spreader calibration) would not accurately reflect AI distribution. This paper discusses granule uniformity and its effect on granular formulation gravimetric distribution and AI distribution. A more uniform particle size provides a more even AI distribution. "
1,"<i>Photocure v. Kappos</i>
                    : Different “Active Ingredient” Deserves Drug Patent Extension",2010,Biotechnology Law Report,en,,0,10.1089/blr.2010.9944,C_extraccion_desde_ingredientes,"""ingredient statements"" parsing",Crossref,https://doi.org/10.1089/blr.2010.9944,,,,
1,TBT･SPS Notification for Import Foods Labeling Regulation as Trade Barrier: Approaches to Text Mining Analysis,2023,,en,,0,10.15798/kaici.2023.25.3.109,C_extraccion_desde_ingredientes,"""food labels"" ""text mining""",OpenAlex,https://openalex.org/W4390894706,,,,"The main objective of this study is to examine the connection between the TBT/SPS labeling notification and trade barrier reports of IPEF member countries, and to devise a strategic response for Korea's imported food labeling system in the future. The analysis involves a comprehensive review of 689 labeling-related notifications spanning from 2013 to 2022 across 14 IPEF countries. To extract relevant keywords and gauge their shifting significance, a country-specific and year-specific TF (Term Frequency) and TF-IDF (Term Frequency-Inverse Document Frequency) analysis was conducted. During the information analysis phase, topic modeling utilizing LDA was employed to delve into the primary labeling concerns prevailing among IPEF countries. This exploration unearthed six major topics, out of which Topics 1 (Warning Labels), 2 (Packaging), 4 (Infant Food), 5 (Genetically Modified Organisms), and 6 (Alcohol) were identified as concrete instances of trade barriers outlined in the United States' trade barrier reports. By evaluating actual TBT and SPS notifications, this study offers insights into the effectiveness of IPEF member countries' food labeling systems as potential trade barriers."
1,"Informal Rulemaking and Democratic Participation FDA – Food Labeling, FCC – Net Neutrality, a Text Mining Study",2018,,en,,0,,C_extraccion_desde_ingredientes,"""food labels"" ""text mining""",OpenAlex,https://openalex.org/W2921658386,,,,
1,Revisiting Named Entity Recognition in Food Computing: Enhancing Performance and Robustness,2023,Research Square,en,"ES,JP,US",0,10.21203/rs.3.rs-3604026/v1,C_extraccion_desde_ingredientes,"""named entity recognition"" food ingredients",OpenAlex,https://openalex.org/W4388703626,,,,
1,FoodBench: A Domain-Targeted Question-Answering Dataset for Food and Nutrition Applications,2025,dCOBISS.SI Digital Repository,en,"MK,SI",0,10.5281/zenodo.17798876,C_extraccion_desde_ingredientes,"""named entity recognition"" food ingredients",OpenAlex,https://openalex.org/W7108744566,,,,"We present FoodBench, a curated benchmark dataset of question–answer pairs designed for training and evaluating LLMs in food and nutrition. It spans key tasks such as nutrient estimation, food traffic-light classification, synonym linking, cooking measurement conversion, and food named-entity recognition and linking. FoodBench enables robust performance evaluation across zero-, one-, and few-shot settings, laying the groundwork for trustworthy, domain-adapted language models. This resource supports advances in personalized nutrition, dietary assessment, and food system innovation. Publicly accessible datasets include Ingredient Synonyms Identification (ingredient_synonyms_identification.txt), Household Cooking Measurements Conversion (household_cooking_measurements_conversion.txt), and Food Named-Entity Recognition and Linking (covering CafeteriaFCD, CafeteriaSA (NER_NEL_CafeteriaSA.txt and NER_NEL_CafeteriaFCD.txt), and Artificial NEL (artifical_NEL_foodon.txt, artificial_NEL_hansard.txt, artifical_NEL_snomedct.txt)). The datasets for Food Traffic-Light System Classification, Recipe Nutrient Estimation, and Ingredient Nutrient Estimation are derived from the Recipe1+ dataset, which can be obtained upon request from the original authors. For these cases, we provide publicly available scripts that generate the corresponding FoodBench datasets, including all seeds required for reproducibility (https://github.com/matejMartinc/FoodBench/tree/main/datasets ). We also recommend use"
1,FoodBench: A Domain-Targeted Question-Answering Dataset for Food and Nutrition Applications,2025,Zenodo (CERN European Organization for Nuclear Research),en,"MK,SI",0,10.5281/zenodo.17798877,C_extraccion_desde_ingredientes,"""named entity recognition"" food ingredients",OpenAlex,https://openalex.org/W7108730062,,,,"We present FoodBench, a curated benchmark dataset of question–answer pairs designed for training and evaluating LLMs in food and nutrition. It spans key tasks such as nutrient estimation, food traffic-light classification, synonym linking, cooking measurement conversion, and food named-entity recognition and linking. FoodBench enables robust performance evaluation across zero-, one-, and few-shot settings, laying the groundwork for trustworthy, domain-adapted language models. This resource supports advances in personalized nutrition, dietary assessment, and food system innovation. Publicly accessible datasets include Ingredient Synonyms Identification (ingredient_synonyms_identification.txt), Household Cooking Measurements Conversion (household_cooking_measurements_conversion.txt), and Food Named-Entity Recognition and Linking (covering CafeteriaFCD, CafeteriaSA (NER_NEL_CafeteriaSA.txt and NER_NEL_CafeteriaFCD.txt), and Artificial NEL (artifical_NEL_foodon.txt, artificial_NEL_hansard.txt, artifical_NEL_snomedct.txt)). The datasets for Food Traffic-Light System Classification, Recipe Nutrient Estimation, and Ingredient Nutrient Estimation are derived from the Recipe1+ dataset, which can be obtained upon request from the original authors. For these cases, we provide publicly available scripts that generate the corresponding FoodBench datasets, including all seeds required for reproducibility (https://github.com/matejMartinc/FoodBench/tree/main/datasets ). We also recommend use"
1,Chinese Recipe Flow Graph,2026,Lecture notes in computer science,en,CN,0,10.1007/978-981-92-3520-9_3,C_extraccion_desde_ingredientes,"""named entity recognition"" food ingredients",OpenAlex,https://openalex.org/W7169654057,,,,"Structuring Chinese recipes is inherently challenging due to their complex procedural logic and the semantic density of cooking instructions. This paper introduces the Chinese Recipe Flow Graph (CRFG), a novel dataset designed for fine-grained recipe modeling. Based on rigorous annotation protocols, we performed multi-round manual labeling of entities and relationxds within cooking texts. To bridge the gap between culinary actions and health metrics, Large Language Models (LLMs) were employed to map ingredients to the China Food Composition Table. Furthermore, we developed LogicFlow-Net, which utilizes Inter-sentence Position enhancement to capture long-range dependencies in complex procedural text. The resulting dataset comprises 304 recipes, 25,025 entities, 19,369 relation instances, and 727 ingredients with detailed nutritional data. Experimental results demonstrate that the proposed model achieves F1 scores of 82% and 91% for Named Entity Recognition (NER) and Relation Extraction (RE) tasks, respectively. Although the scale and diversity of the dataset require further expansion, this study achieves fine-grained modeling of recipe logic and nutritional data. Consequently, it provides high-quality data and methodological support for downstream applications such as intelligent cooking, nutrition management, and personalized recipe recommendation."
1,GastroCorp: A Bilingual Gastronomic NER Corpus (Spanish–English),2026,Zenodo (CERN European Organization for Nuclear Research),es,CO,0,10.5281/zenodo.19183413,C_extraccion_desde_ingredientes,"""named entity recognition"" food ingredients",OpenAlex,https://openalex.org/W7140127047,,,,"GastroCorp is a bilingual (Spanish–English) gastronomic corpus for Named Entity Recognition (NER), constructed through human annotation by 71 university students at Universidad Tecnológica de Bolívar (Cartagena, Colombia) using Label Studio. Corpus Statistics 21,385 annotated tasks (16,587 menus · 4,798 recipes) 86,320 clean entities across four types: DISH, BEVERAGE, INGREDIENT, BRAND Split: 70% train / 15% dev / 15% test (stratified by entity type) Inter-annotator agreement: Cohen's κ = 0.9031 (Almost perfect) · Pairwise F1 = 0.9727 (Brandsen et al., 2020) Annotation period: October–December 2025 Entity Types DISH: complete dish names in menus (e.g., ""Lomo saltado"", ""Grilled salmon"") BEVERAGE: drinks listed as final products (e.g., ""Mojito"", ""Café americano"") INGREDIENT: individual components in menu descriptions and recipes BRAND: commercial names and registered trademarks Each entity is annotated with semantic attributes (cooking method, preparation state, culinary origin, language, beverage type, etc.). Files menu_{train,dev,test}.jsonl — Menu annotations in HuggingFace Datasets format recipe_{train,dev,test}.jsonl — Recipe annotations in HuggingFace Datasets format All files follow the HuggingFace NER JSONL format with aligned token/tag sequences and full entity metadata. Labels use English names (DISH, BEVERAGE, INGREDIENT, BRAND) for international interoperability. Data Sources Menus: provided by CLUVI (Colombia) under academic use agreement Recipes: RecipeNLG (Bień e"
1,"Reconhecimento Automático Multilingue de Entidades Mencionadas em Diversos Domínios, para Efeitos de Anonimização de Tradução Automática",2022,Revista da Associação Portuguesa de Linguística,en,,0,10.26334/2183-9077/rapln9ano2022a12,C_extraccion_desde_ingredientes,"""named entity recognition"" food ingredients",OpenAlex,https://openalex.org/W4307362117,,,,"The following article describes the research developed at Unbabel, a Portuguese Machine-Translation start-up, that combines Machine Translation (MT) with human post-edition with a focus on customer service content. With the work carried out within a real multilingual AI powered, human-refined, MT industry, we aim to contribute to furthering MT quality and good-practices, by exposing the importance of having continuously in development, robust Named Entity Recognition systems for General Data Protection Regulation (GDPR) compliance. We will report three different experiments, resulting from a shared work with Unbabel´s linguists and Unbabel´s Artificial Intelligence (AI) engineering team, matured over a year. The first experiment focused on developing a methodology for the identification and annotation of domain-specific Named Entities (NEs) for the Food-Industry. The devised methodology allows the construction of gold standards for building domain specific NER systems and can be applied for a myriad of different domains. With the implementation of the designed method, we were able to identify the following domain-specific NEs set: Restaurant Names; Restaurant Chains; Dishes; Beverage, Ingredients. The second and third experiments explored the possibilities of constructing, in a semi-automatically way, multilingual NER gold standards for different domains and language pairs, using aligners that project Named Entities across a parallel corpus. Both experiments made it possible "
1,GastroCorp: A Bilingual Gastronomic NER Corpus (Spanish–English),2026,Zenodo (CERN European Organization for Nuclear Research),es,CO,0,10.5281/zenodo.20684341,C_extraccion_desde_ingredientes,"""named entity recognition"" food ingredients",OpenAlex,https://openalex.org/W7164759655,,,,"GastroCorp is a bilingual (Spanish–English) gastronomic corpus for Named Entity Recognition (NER), constructed through human annotation by 71 university students at Universidad Tecnológica de Bolívar (Cartagena, Colombia) using Label Studio. What's new in v2 This version adds the complete-context corpus variant (corpus_with_o/), which reconstructs full token sequences including O-labeled context tokens from the original annotation export. This variant is required to reproduce the NER training pipeline described in the associated thesis. The v1 annotated files (HuggingFace JSONL, CoNLL, NMT pairs) are unchanged. Corpus statistics have also been corrected to reflect the final published counts after IOB2 validation and stratified splitting. Corpus Statistics 20,616 published sequences (15,818 menus · 4,798 recipes) 86,320 annotated entity spans across four types: DISH, BEVERAGE, INGREDIENT, BRAND Split: 70% train (14,428) / 15% dev (3,085) / 15% test (3,103) — stratified by entity type Inter-annotator agreement: Cohen's κ = 0.9031 (Almost perfect) · Pairwise F1 = 0.9727 (Brandsen et al., 2020) Annotation period: October–December 2025 Entity Types DISH: complete dish names in menus (e.g., ""Lomo saltado"", ""Grilled salmon"") BEVERAGE: drinks listed as final products (e.g., ""Mojito"", ""Café americano"") INGREDIENT: individual components in menu descriptions and recipes BRAND: commercial names and registered trademarks Each entity is annotated with semantic attributes (cooking method, p"
1,GastroCorp: A Bilingual Gastronomic NER Corpus (Spanish–English),2026,Open MIND,es,CO,0,10.5281/zenodo.19183412,C_extraccion_desde_ingredientes,"""named entity recognition"" food ingredients",OpenAlex,https://openalex.org/W7140112416,,,,"GastroCorp is a bilingual (Spanish–English) gastronomic corpus for Named Entity Recognition (NER), constructed through human annotation by 71 university students at Universidad Tecnológica de Bolívar (Cartagena, Colombia) using Label Studio. What's new in v2 This version adds the complete-context corpus variant (corpus_with_o/), which reconstructs full token sequences including O-labeled context tokens from the original annotation export. This variant is required to reproduce the NER training pipeline described in the associated thesis. The v1 annotated files (HuggingFace JSONL, CoNLL, NMT pairs) are unchanged. Corpus statistics have also been corrected to reflect the final published counts after IOB2 validation and stratified splitting. Corpus Statistics 20,616 published sequences (15,818 menus · 4,798 recipes) 86,320 annotated entity spans across four types: DISH, BEVERAGE, INGREDIENT, BRAND Split: 70% train (14,428) / 15% dev (3,085) / 15% test (3,103) — stratified by entity type Inter-annotator agreement: Cohen's κ = 0.9031 (Almost perfect) · Pairwise F1 = 0.9727 (Brandsen et al., 2020) Annotation period: October–December 2025 Entity Types DISH: complete dish names in menus (e.g., ""Lomo saltado"", ""Grilled salmon"") BEVERAGE: drinks listed as final products (e.g., ""Mojito"", ""Café americano"") INGREDIENT: individual components in menu descriptions and recipes BRAND: commercial names and registered trademarks Each entity is annotated with semantic attributes (cooking method, p"
1,Food Composition Tables and Databases,2026,,en,"BE,GB",0,10.1002/9781394206148.mdp0020,D_calidad_open_food_facts,"""food composition database"" ""data quality""",OpenAlex,https://openalex.org/W7155707153,,,,"Food composition data provide information about the nutritional composition of the edible part of foods that are commonly consumed within a population and are the cornerstone of our understanding of nutrition and health. Food composition databases (FCDBs) are used in a variety of settings, including clinical practice, research, public health, agri‐food industry and digital personalised nutrition applications. One of the most practical applications in nutrition and dietetics is the use of composition tables for dietary assessment in both nutritional studies and for planning therapeutic diets. This chapter focuses on national and international databases. To ensure conformity of FCDBs, datasets must demonstrate transparency in aggregation, validation and compilation based on standardised documentation and quality evaluation. FCDBs need to continue to evolve and expand alongside developments in nutrition and clinical research. The challenge will be to ensure rigorous data quality standards underpin any new information."
1,"Native Bee Watch: assessing the efficacy of a citizen science project monitoring native bees in Fort Collins, Colorado",2018,Digital Collections of Colorado (Colorado State University),en,,0,10.25675/3.022339,D_calidad_open_food_facts,"""citizen science"" food database completeness",OpenAlex,https://openalex.org/W2991359738,,,,"As the world's human population continues to grow, urban areas continue to expand, and natural spaces become more fragmented leading to dilution and loss of natural resources. Of the organisms that depend on natural resources, pollinators could face significant impacts including habitat loss, fragmentation, and deterioration. Pollinators provide substantial ecosystem services such as plant reproduction and food production for human and animals. However, urban areas are rapidly expanding and understanding its impact on insects, such as bees, is critical. One method to understand the effects of urbanization on ecosystems is to involve urban residents in exploring the components of the ecosystem around them by engaging, educating, and empowering urbanites through citizen science. Citizen science is defined as involving non-scientists in collecting data for a scientific or research project and many times contribute to a large database. Scientists are capitalizing on citizen scientist availability and enthusiasm to increase capacity, address funding shortcomings for research and satisfy the need to meet an outreach-related component. Data accuracy is one of the main concerns that scientists have with citizen science programs. Several studies have assessed the quality of citizen science data to comprehend the underlying problems and devise effective future protocols. However, the consensus is that researchers do not yet fully understand the error potential in citizen science data p"
1,"Data from: Refining the trophic diversity, ecological network structure, and bottom-up importance of prey groups for temperate reef fishes",2023,Zenodo (CERN European Organization for Nuclear Research),en,"AU,US",0,10.5281/zenodo.10073475,D_calidad_open_food_facts,"""citizen science"" food database completeness",OpenAlex,https://openalex.org/W4393474044,,,,"The file ""Zarco-Perello et al Temperate Reef Fish Trophic Guilds Complete Diet Dataset.xlsx"" contains several spreadsheet tabs related to the analyses carried out in the paper: Refining the trophic diversity, ecological network structure, and bottom-up importance of prey groups for temperate reef fishes: https://doi.org/10.32942/X2CC97 All analyses, with the exception of the network calculations, of the study were carried out in the computer software R. The code is contained in the file ""Zarco-Perello et al Temperate Reef Fish Trophic Ecology.R"". For trophic network analyses we used the computer program Gephi v0.1 (Bastian et al. 2009). DATASET DESCRIPTION Region of Study The region of study encompasses all the temperate reefs of south-western Australia (SWA). Extending along ~1600 km of coast, from Jurien Bay Marine Park (30° 18.6 S, 115° 0.1 E) to the Recherche Archipelago Nature Research (33° 53.7 S, 123° 52.3 E; supplementary Fig. S1), the temperate reefs of SWA are distributed across the Leeuwin and Houtman biogeographical ecoregions (Spalding et al. 2007), conforming approximately ⅓ of the total distribution of temperate Australia, known as the Great Southern Reef (Bennett et al. 2016). Species Composition The species composition of the metacommunity of temperate reef fishes of the region was obtained from a total of 4589 underwater visual surveys conducted across 206 reefs in 12 locations by the Reef Life Survey (RLS) citizen science program, and the Australian Tempera"
1,Dispatches,2014,Frontiers in Ecology and the Environment,en,,0,10.1890/1540-9295-12.10.540,D_calidad_open_food_facts,"""citizen science"" food database completeness",OpenAlex,https://openalex.org/W4231535991,,,,"After 3 years of extreme drought, California's vast Central Valley is so dry that millions of migrating birds have lost stopover points where they rest and feed. This region supports 30% of the shorebirds (such as plovers and sandpipers) and 60% of the waterfowl (including ducks and geese) that use the Pacific Flyway, but The Nature Conservancy (TNC) estimates that about 85% of the Valley's wetlands are dry. “We thought, ‘What can we do?’”, recalls Mark Reynolds, who leads TNC's Migratory Birds Initiative (San Francisco, CA). “We hit on the idea of paying rice farmers to create temporary habitat.” Instead of paying a flat rate, TNC invites farmers to submit bids. “This market-based approach stretches our conservation dollars and gives farmers the opportunity to be compensated for their true costs”, he explains. To decide when and where to fund these “pop-up” wetlands, TNC uses bird-tracking data from eBird, a citizen-science program run by the Cornell Lab of Ornithology (Ithaca, NY). Designed for shorebirds, these temporary wetlands also benefit cranes, ibises, and other avifauna. TNC piloted pop-up wetlands during last spring's northward migration, focusing on shorebirds because existing wetlands primarily serve waterfowl. Ducks and geese prefer water deeper than 15 cm while shorebirds need shallower wetlands. Altogether, the program created over 4000 ha of shallow temporary habitat. “The shorebird response was extraordinary”, Reynolds says. “Their density was 20 times highe"
1,Data Quality Assurance and Analysis for Food Science Data,2015,Repository for Publications and Research Data (ETH Zurich),en,CH,0,10.3929/ethz-a-010510135,D_calidad_open_food_facts,"""food composition database"" ""data quality""",OpenAlex,https://openalex.org/W2232472702,,,,"Data is of paramount significance in every information system.Even though data quality might have a different meaning for different users and applications, it is always recognized that the quality of the data in an information system can have a large impact to the quality and value of every other aspect of the system.In this master thesis, we model and quantify data quality in information systems with the use of constraints.We propose a novel concept for a highly flexible and configurable data quality management framework that can easily be adapted to the needs of different users and applications.For this purpose, we introduce the notion of contracts, which are simple, interchangeable files that allow each user and application of the system to specify an individual importance weight for each quality-related constraint, thus enabling the creation of unique quality profiles.Our framework allows the user to validate data during input, as well as analyze, quantify and visualize the overall quality of the data at any time.For both the data input validation and the data quality analysis, the user is able to select the data entities and constraint groups that should be validated and analyzed, as well as the contract (quality profile) that should be used for the validation and analysis.To measure quality, we defined a novel quality calculation scheme and scale.For the definition, validation and management of the constraints in a unified way, we use the bean validation 1 specification"
0,Preparation of Bakery Products by Incorporating Pea Flour as a Functional Ingredient,2010,American Journal of Food Technology,,,40,10.3923/ajft.2010.130.135,C_extraccion_desde_ingredientes,"""ingredient statements"" parsing",Crossref,https://doi.org/10.3923/ajft.2010.130.135,,,,
0,Anti-diabetic Effect of Material Fermented Using Rice Bran and Soybean as the Main Ingredient by Bacillus sp.,2010,Journal of the Korean Society for Applied Biological Chemistry,,,8,10.3839/jksabc.2010.035,C_extraccion_desde_ingredientes,"""ingredient statements"" parsing",Crossref,https://doi.org/10.3839/jksabc.2010.035,,,,
0,The Earth's Missing Ingredient,2010,Scientific American,,,4,10.1038/scientificamerican0610-76,C_extraccion_desde_ingredientes,"""ingredient statements"" parsing",Crossref,https://doi.org/10.1038/scientificamerican0610-76,,,,
0,"An optical, electrical and ultrasonic layered single sensor for ingredient measurement in liquid",2010,Measurement Science and Technology,,,4,10.1088/0957-0233/21/3/035204,C_extraccion_desde_ingredientes,"""ingredient statements"" parsing",Crossref,https://doi.org/10.1088/0957-0233/21/3/035204,,,,
0,The Effect of Nanometer Accessory Ingredient on the Function of Water Paint,2010,Advanced Materials Research,,,0,10.4028/www.scientific.net/amr.92.277,C_extraccion_desde_ingredientes,"""ingredient statements"" parsing",Crossref,https://doi.org/10.4028/www.scientific.net/amr.92.277,,,," The addition of nanometer accessory ingredient in the paint to improve the function of the traditional paint has been the hot topic in the field of anticorrosive paint research. In this paper, three kinds of water nanometer accessory ingredients including anti-abrasive cleaner, hydrophobing agent and anti-aging agent has been added into the paint to combine the nanometer denaturizing paint. The functions of nanometer denaturizing paint such as shellac’s adhesive force, resistance to water, resistance to alkali , and hydrophobic property were measured to evaluate the effect of the accessory ingredint according to the related test standard. It was found that the type and the quantity of nanometer accessory ingredient can effectively modify the function of the water paint. Finally, the optimum parameters were obtained. "
0,An in vitro study of anti-human cytomegalovirus effect of Forsythia suspensaand its main active ingredient quercetin,2010,China Journal of Chinese Matera Medica,,,0,10.4268/cjcmm20100826,C_extraccion_desde_ingredientes,"""ingredient statements"" parsing",Crossref,https://doi.org/10.4268/cjcmm20100826,,,,
0,Simplistic is the Ingredient for Mobile Learning,2010,International Journal of Interactive Mobile Technologies (iJIM),,,0,10.3991/ijim.v4i3.1159,C_extraccion_desde_ingredientes,"""ingredient statements"" parsing",Crossref,https://doi.org/10.3991/ijim.v4i3.1159,,,," This study explored the studentsâ?? acceptance of Mobile Learning via Short Message Service (SMS-Learning) amongst distance learners in the Universiti Sains Malaysia. This study aims to examine the studentâ??s acceptance towards the language use in SMS-Learning content, the cost of communicating and also the navigation of the system. The study employed the qualitative methodology where data were collected through questionnaire that was administered to 105 distance education students from Bachelor of Management, Bachelor of Science, Bachelor of Social Science and Bachelor of Art. The survey responses were tabulated in a 5-point Likert scale and analyzed using the Rasch Measurement Model.  The results indicated that the simple language used in SMS-Learning was accepted by the respondents. By using the language precisely, it leads to high usability of SMS-Learning which will allow it to academically assist them in their study. "
0,Tinjauan Literatur : Named Entity Recognition pada Resep Makanan Indonesia,2021,AUTOMATA,id,ID,0,,C_extraccion_desde_ingredientes,"""named entity recognition"" food ingredients",OpenAlex,https://openalex.org/W3197739956,,,,"Dalam kehidupan kita sehari-hari makanan merupkan hal yang sangat penting. Masakan juga merupakan percerminan budaya dan tradisi dari beberapa daerah dan hampir seluruh masakan kaya akan bumbu yang berasal dari rempah-rempah seperti: kemiri, cabai, kunyit, kelapa, kencur dan gula aren. Tidak semua masyarakat tahu tentang cara memasak suatu makanan ataupun mengenali resep suatu masakan. Hal tersebut terjadi karena mereka kekuragan pengetahuan untuk mengeolah bahan masakan yang sudah tersedia di rumah. Metode Named Entity Recognition adalah salah satu subtugas ekstraksi informasi yang berfokus pada mengenali dan mengidentifikasi unit informasi seperti nama orang dan nama makanan. Literatur ini mengkaji 8 referensi literatur mengenai NER pada domain masakan yang didapat melalui Google Scholar dengan kata kunci pencarian “ Named Entity Recognition for Food Ingredients ”. Tinjauan literatur NER terbanyak ditemukan di bidang kuliner dengan menggunakan model CNN ( Convolutional Neural Network ). Hasil dari penelitian ini diharapkan dapat membantu pengembangan NER pada bidang wisata."
0,Universal statistical laws governing culinary design,2026,arXiv (Cornell University),,,0,10.48550/arxiv.2604.28021,C_extraccion_desde_ingredientes,"""named entity recognition"" food ingredients",OpenAlex,https://openalex.org/W7159636855,,,,"Cooking is a cultural expression of human creativity that transcends geography and time through the orchestration of ingredients and techniques, much like languages do through words and syntax. Yet, beneath the apparent diversity of culinary traditions, whether recipes obey statistical laws comparable to those of other symbolic systems remains unknown. Here we analyze a large corpus of traditional recipes spanning global cuisines, annotated using a state-of-the-art named entity recognition algorithm into ingredients, cooking techniques, utensils, and other culinary attributes. We find that ingredient usage exhibits Zipf-like rank-frequency scaling, that culinary diversity grows sublinearly with corpus size in accordance with Heaps' law, and that recipe complexity follows Menzerath-Altmann-type relations between the number and average information of constituent units. Consistent with observations in packaged foods, macronutrient concentrations across recipes also display a log-normal signature. Minimal generative models based on preferential reuse, constrained sampling, and incremental modification recapitulate these regularities, suggesting generic processes that shape recipe architecture across cultures. Together, these findings establish recipes as a compositional symbolic system in which complex structure emerges from simple, constrained generative processes."
0,FoodBench-QA: Overview of the Shared Task on Grounded Food and Nutrition Question Answering,2026,,,SI,0,10.63317/3mtt98s2wcu7,C_extraccion_desde_ingredientes,"""named entity recognition"" food ingredients",OpenAlex,https://openalex.org/W7166572459,,,,"We present the results of the FoodBench-QA 2026 shared task at the CL4Health workshop, collocated with LREC 2026.FoodBench-QA challenges systems to answer food and nutrition questions using evidence from food composition databases and food-related ontologies.The shared task comprises three main tasks: nutrient estimation from recipe ingredients, evaluated using EU Regulation 1169/2011 tolerance thresholds; FSA traffic-light classification for fat, salt, saturates, and sugars; and food named entity recognition and linking to three ontologies, namely Hansard Taxonomy, FoodOn, and SNOMED CT.We received submissions from five participating teams across all tasks.For nutrient estimation, the best system achieved accuracy rates of 93.57% for protein, 86.50% for sugars, 84.65% for fat, and 86.26% for saturates.For FSA traffic-light prediction, the best macro F1 scores ranged from 0.65 to 0.90 across different nutrient-color combinations.For named entity linking, the best systems achieved macro F1 scores between 60.71% and 80.89% for natural text and 87.75% and 95.75% for artificial NEL datasets, depending on the ontology."
0,Universal statistical laws governing culinary design,2026,arXiv (Cornell University),,"CA,IN",0,,C_extraccion_desde_ingredientes,"""named entity recognition"" food ingredients",OpenAlex,https://openalex.org/W7159891531,,,,"Cooking is a cultural expression of human creativity that transcends geography and time through the orchestration of ingredients and techniques, much like languages do through words and syntax. Yet, beneath the apparent diversity of culinary traditions, whether recipes obey statistical laws comparable to those of other symbolic systems remains unknown. Here we analyze a large corpus of traditional recipes spanning global cuisines, annotated using a state-of-the-art named entity recognition algorithm into ingredients, cooking techniques, utensils, and other culinary attributes. We find that ingredient usage exhibits Zipf-like rank-frequency scaling, that culinary diversity grows sublinearly with corpus size in accordance with Heaps' law, and that recipe complexity follows Menzerath-Altmann-type relations between the number and average information of constituent units. Consistent with observations in packaged foods, macronutrient concentrations across recipes also display a log-normal signature. Minimal generative models based on preferential reuse, constrained sampling, and incremental modification recapitulate these regularities, suggesting generic processes that shape recipe architecture across cultures. Together, these findings establish recipes as a compositional symbolic system in which complex structure emerges from simple, constrained generative processes."
