titulo,anio,revista,bloque,consulta,fuente_api
Dual solutions of radiative Ag-MoS_2/water hybrid nanofluid flow with variable viscosity and variable thermal conductivity along an exponentially shrinking permeable Riga surface: Stability and entropy generation analysis,2023,International Journal of Modelling and Simulation,A_colorantes_mercado_mx,"""food colorants"" ""packaged food""",OpenAlex
Numerical studies on the effects of melting heat transfer over quadratic radiative-magnetic hybrid nanofluid flow toward a porous shrinkable surface influenced by second-order slip velocity: Stability analysis and entropy generation,2023,International Journal of Modelling and Simulation,A_colorantes_mercado_mx,"""food colorants"" ""packaged food""",OpenAlex
Commonly consumed Indian plant food materials in the management of diabetes mellitus,2010,Diabetes &amp; Metabolic Syndrome: Clinical Research &amp; Reviews,A_colorantes_mercado_mx,"""food colorants"" ""packaged food""",Crossref
"Characterisation of authentic Italian extra-virgin olive oils by stable isotope ratios of C, O and H and mineral composition",2010,Food Chemistry,A_colorantes_mercado_mx,"""food colorants"" ""packaged food""",Crossref
"The combination of stable isotope abundance ratios of H, C, N and S with 87Sr/86Sr for geographical origin assignment of orange juices",2010,Food Chemistry,A_colorantes_mercado_mx,"""food colorants"" ""packaged food""",Crossref
The use of stable carbon isotopes to authenticate claims that poultry have been corn-fed,2010,Food Chemistry,A_colorantes_mercado_mx,"""food colorants"" ""packaged food""",Crossref
Quantitation using informative zeros (QUIZ): Application for GMO detection and quantification without recourse to certified reference material,2010,Food Chemistry,A_colorantes_mercado_mx,"""food colorants"" ""packaged food""",Crossref
Non-dairy probiotic products,2010,Food Microbiology,A_colorantes_mercado_mx,"""food colorants"" ""packaged food""",Crossref
MECHANICAL BEHAVIOR AND PHYSICAL PROPERTIES OF CHICKEN EGG AS AFFECTED BY DIFFERENT EGG WEIGHTS,2010,Journal of Food Process Engineering,A_colorantes_mercado_mx,"""food colorants"" ""packaged food""",Crossref
Chaos control and synchronization of a three-species food chain model via Holling functional response,2010,International Journal of Computer Mathematics,A_colorantes_mercado_mx,"""food colorants"" ""packaged food""",Crossref
Application of trace element and stable isotope signatures to determine the provenance of tea (Camellia sinensis) samples,2010,Food Chemistry,A_colorantes_mercado_mx,"""food colorants"" ""packaged food""",Crossref
Rheological and crystalline properties of trans-free model fat blends as affected by the length of fatty acid chains,2010,Journal of Food Engineering,A_colorantes_mercado_mx,"""food colorants"" ""packaged food""",Crossref
Food Types in the Diet and the Nutrient Intake of Obese and Non-Obese Children,2011,Journal of Clinical Research in Pediatric Endocrinology,A_colorantes_mercado_mx,"""food colorants"" ""packaged food""",Crossref
Stable C and N isotope ratio analysis for regional geographical traceability of cattle in China,2010,Food Chemistry,A_colorantes_mercado_mx,"""food colorants"" ""packaged food""",Crossref
Development of primer and probe sets for the detection of plant species in honey,2010,Food Chemistry,A_colorantes_mercado_mx,"""food colorants"" ""packaged food""",Crossref
Multivariate analysis of NMR fingerprint of the unsaponifiable fraction of virgin olive oils for authentication purposes,2010,Food Chemistry,A_colorantes_mercado_mx,"""food colorants"" ""packaged food""",Crossref
Experimental study of heat transfer intensification by using a novel combined shelf in food refrigerated display cabinets (Experimental study of a novel cabinets),2010,Applied Thermal Engineering,A_colorantes_mercado_mx,"""food colorants"" ""packaged food""",Crossref
Identification of botanical biomarkers found in Corsican honey,2010,Food Chemistry,A_colorantes_mercado_mx,"""food colorants"" ""packaged food""",Crossref
A simple one-step PCR method for the identification between European and American razor clams species,2010,Food Chemistry,A_colorantes_mercado_mx,"""food colorants"" ""packaged food""",Crossref
"Prediction of the identity of fats and oils by their fatty acid, triacylglycerol and volatile compositions using PLS-DA",2010,Food Chemistry,A_colorantes_mercado_mx,"""food colorants"" ""packaged food""",Crossref
Examining preschoolers' nutrition knowledge using a meal creation and food group classification task: age and gender differences,2010,Early Child Development and Care,A_colorantes_mercado_mx,"""food colorants"" ""packaged food""",Crossref
Towards a multiplex cereal traceability tool using padlock probe ligation on genomic DNA,2010,Food Chemistry,A_colorantes_mercado_mx,"""food colorants"" ""packaged food""",Crossref
Verification of the geological origin of bottled mineral water using artificial neural networks,2010,Food Chemistry,A_colorantes_mercado_mx,"""food colorants"" ""packaged food""",Crossref
FUZZY CLUSTERING MODELING AND EVALUATION OF SURFACE INTERACTIONS AND EMULSIONS OF SELECTED WHEAT PROTEIN COMBINED TO IOTA‐CARRAGEENAN AND GUM ARABIC SOLUTIONS,2010,Journal of Food Process Engineering,A_colorantes_mercado_mx,"""food colorants"" ""packaged food""",Crossref
Inhibition of Penicillium nordicum in MRS medium by lactic acid bacteria isolated from foods,2010,Food Control,A_colorantes_mercado_mx,"""food colorants"" ""packaged food""",Crossref
MICROBIAL ANALYSIS AND TEXTURAL PROPERTIES OF CANTONESE SAUSAGE,2010,Journal of Food Process Engineering,A_colorantes_mercado_mx,"""food colorants"" ""packaged food""",Crossref
SUPERCRITICAL CARBON DIOXIDE SELECTIVITY TO FRACTIONATE PHENOLIC COMPOUNDS FROM THE DRY ETHANOLIC EXTRACT OF PROPOLIS,2010,Journal of Food Process Engineering,A_colorantes_mercado_mx,"""food colorants"" ""packaged food""",Crossref
A model and prototype implementation for tracking and tracing agricultural batch products along the food chain,2010,Food Control,A_colorantes_mercado_mx,"""food colorants"" ""packaged food""",Crossref
Aflatoxin M1 contamination in milk from five dairy species in Pakistan,2010,Food Control,A_colorantes_mercado_mx,"""food colorants"" ""packaged food""",Crossref
Influence of processing on the levels of amines and proline and on the physico-chemical characteristics of concentrated orange juice,2010,Food Chemistry,A_colorantes_mercado_mx,"""food colorants"" ""packaged food""",Crossref
Comparison of essential oils compositions of Nepeta persica obtained by supercritical carbon dioxide extraction and steam distillation methods,2010,Food and Bioproducts Processing,A_colorantes_mercado_mx,"""food colorants"" ""packaged food""",Crossref
Effect of different drying conditions on the vitamin C (ascorbic acid) content of Hayward kiwifruits (Actinidia deliciosa Planch),2010,Food and Bioproducts Processing,A_colorantes_mercado_mx,"""food colorants"" ""packaged food""",Crossref
A continuous esterification of malonic acid with citronellol using packed bed reactor: Investigation of parameter and kinetics study,2010,Food and Bioproducts Processing,A_colorantes_mercado_mx,"""food colorants"" ""packaged food""",Crossref
"Nitrogen, sustainable agriculture and food security. A review",2010,Agronomy for Sustainable Development,A_colorantes_mercado_mx,"""food colorants"" ""packaged food""",Crossref
Antioxidant activity of sparkling wines produced by Champenoise and Charmat methods,2010,Food Chemistry,A_colorantes_mercado_mx,"""food colorants"" ""packaged food""",Crossref
"Arable land requirements based on food consumption patterns: Case study in rural Guyuan District, Western China",2010,Ecological Economics,A_colorantes_mercado_mx,"""food colorants"" ""packaged food""",Crossref
Dynamical consequences of predator interference in a tri-trophic model food chain,2010,Nonlinear Analysis: Real World Applications,A_colorantes_mercado_mx,"""food colorants"" ""packaged food""",Crossref
Food shelf life: estimation and optimal design,2010,Journal of Statistical Computation and Simulation,A_colorantes_mercado_mx,"""food colorants"" ""packaged food""",Crossref
SORT-CC: A procedure for the statistical treatment of free sorting data,2010,Food Quality and Preference,A_colorantes_mercado_mx,"""food colorants"" ""packaged food""",Crossref
Seasonal food habits of corsac and red foxes in Mongolia and the potential for competition,2010,Mammalian Biology,A_colorantes_mercado_mx,"""food colorants"" ""packaged food""",Crossref
Anthocyanins and polyphenol oxidase from dried arils of pomegranate (Punica granatum L.),2010,Food Chemistry,A_colorantes_mercado_mx,"""food colorants"" ""packaged food""",Crossref
POLYSACCHARIDES FROM MULBERRY LEAF IN RELATION TO THEIR ANTIOXIDANT ACTIVITY AND ANTIBACTERIAL ABILITY,2010,Journal of Food Process Engineering,A_colorantes_mercado_mx,"""food colorants"" ""packaged food""",Crossref
IMAGE PROCESSING AND PHYSICO‐MECHANICAL PROPERTIES OF BASIL SEED (<i>OCIMUM BASILICUM</i>),2010,Journal of Food Process Engineering,A_colorantes_mercado_mx,"""food colorants"" ""packaged food""",Crossref
STUDY ON INTERACTION AMONG EXTRUSION‐COOKING PROCESS VARIABLES AND ENZYME ACTIVITY: EVALUATION OF EXTRUDATE STRUCTURE,2010,Journal of Food Process Engineering,A_colorantes_mercado_mx,"""food colorants"" ""packaged food""",Crossref
EFFECT OF SOLAR DRYING ON THE COMPOSITION OF ESSENTIAL OIL OF <i>SACHA CULANTRO</i> (<i>ERYNGIUM FOETIDUM</i> L.) GROWN IN THE PERUVIAN AMAZON,2010,Journal of Food Process Engineering,A_colorantes_mercado_mx,"""food colorants"" ""packaged food""",Crossref
PRELIMINARY AND COMPARATIVE STUDIES ON THE CULTIVATIONS OF <i>DUNALIELLA SALINA</i> BETWEEN OUTDOORS AND IN THE PHOTOBIOREACTOR,2010,Journal of Food Process Engineering,A_colorantes_mercado_mx,"""food colorants"" ""packaged food""",Crossref
QUANTIFICATION OF FLUX DECLINE AND DESIGN OF ULTRAFILTRATION SYSTEM FOR CLARIFICATION OF TENDER COCONUT WATER,2010,Journal of Food Process Engineering,A_colorantes_mercado_mx,"""food colorants"" ""packaged food""",Crossref
IMPACT OF BLENDING OF FRYING OILS ON VISCOSITY AND HEAT TRANSFER COEFFICIENT AT ELEVATED TEMPERATURES,2010,Journal of Food Process Engineering,A_colorantes_mercado_mx,"""food colorants"" ""packaged food""",Crossref
Hopf bifurcation analysis of a food-limited population model with delay,2010,Nonlinear Analysis: Real World Applications,A_colorantes_mercado_mx,"""food colorants"" ""packaged food""",Crossref
Risk Assessment of Choleragenic <i>Vibrio cholerae</i> 01 and 0139 in Warm‐water Shrimp in International Trade,2010,International Journal of Food Science &amp; Technology,A_colorantes_mercado_mx,"""food colorants"" ""packaged food""",Crossref
<i>Enterobacter sakazakii</i> and <i>Salmonella</i> in Powdered Infant Formula: meeting report,2010,International Journal of Food Science &amp; Technology,A_colorantes_mercado_mx,"""food colorants"" ""packaged food""",Crossref
Handbook of Innovation in the Food and Drink Industry,2010,International Journal of Food Science &amp; Technology,A_colorantes_mercado_mx,"""food colorants"" ""packaged food""",Crossref
Carbohydrate Chemistry for Food Scientists,2010,International Journal of Food Science &amp; Technology,A_colorantes_mercado_mx,"""food colorants"" ""packaged food""",Crossref
"Characteristic prefrontal blood volume patterns when imaging body type, high-calorie food, and mother–child attachment in childhood anorexia nervosa: A near infrared spectroscopy study",2010,Brain and Development,A_colorantes_mercado_mx,"""food colorants"" ""packaged food""",Crossref
Classification and Antimicrobial Susceptibilities of<i>Enterococcus</i>Species Isolated from Apparently Healthy Food-Producing Animals in Japan,2010,Zoonoses and Public Health,A_colorantes_mercado_mx,"""food colorants"" ""packaged food""",Crossref
Development of a method to measure consumer emotions associated with foods,2010,Food Quality and Preference,A_colorantes_mercado_mx,"""food colorants"" ""packaged food""",Crossref
Chemical stability of açai fruit (Euterpe oleracea Mart.) anthocyanins as influenced by naturally occurring and externally added polyphenolic cofactors in model systems,2010,Food Chemistry,A_colorantes_mercado_mx,"""food colorants"" ""packaged food""",Crossref
Handbook of Innovation in the Food and Drink Industry,2010,Tourism Management,A_colorantes_mercado_mx,"""food colorants"" ""packaged food""",Crossref
Leaving home: Food choice behavior of young German adults,2010,Journal of Business Research,A_colorantes_mercado_mx,"""food colorants"" ""packaged food""",Crossref
Proteins in white wines: Thermo-sensitivity and differential adsorbtion by bentonite,2010,Food Chemistry,A_colorantes_mercado_mx,"""food colorants"" ""packaged food""",Crossref
Formation of heterocyclic amines in slices of Longissimus thoracis beef muscle subjected to jets of superheated steam,2010,Food Chemistry,A_colorantes_mercado_mx,"""food colorants"" ""packaged food""",Crossref
"Food Security, Health, and Medication Expenditures of Emergency Department Patients",2010,The Journal of Emergency Medicine,A_colorantes_mercado_mx,"""food colorants"" ""packaged food""",Crossref
EFFECTS OF DIFFERENT PEKMEZ (FRUIT MOLASSES) TYPES USED AS A NATURAL SUGAR SOURCE ON THE BATTER RHEOLOGY AND PHYSICAL PROPERTIES OF CAKES,2010,Journal of Food Process Engineering,A_colorantes_mercado_mx,"""food colorants"" ""packaged food""",Crossref
Cloud point extraction preconcentration and spectrophotometric determination of copper in food and water samples using amino acid as the complexing agent,2010,Journal of Food Composition and Analysis,A_colorantes_mercado_mx,"""food colorants"" ""packaged food""",Crossref
DRYING EFFECTS OF TWO AIR‐DRYING SHELTERS IN A PILOT TEST ON SULTANA GRAPES,2010,Journal of Food Process Engineering,A_colorantes_mercado_mx,"""food colorants"" ""packaged food""",Crossref
POROSITY DEVELOPMENT AND ITS EFFECT ON OIL UPTAKE DURING FRYING PROCESS,2010,Journal of Food Process Engineering,A_colorantes_mercado_mx,"""food colorants"" ""packaged food""",Crossref
APPLICATION OF DISCRETE MODELING APPROACH TO FLUIDIZED BED YEAST DRYING,2010,Journal of Food Process Engineering,A_colorantes_mercado_mx,"""food colorants"" ""packaged food""",Crossref
OPTIMIZATION OF NEW FLOUR IMPROVER MIXING FORMULA BY SURFACE RESPONSE METHODOLOGY,2010,Journal of Food Process Engineering,A_colorantes_mercado_mx,"""food colorants"" ""packaged food""",Crossref
NEURAL NETWORK MODELING OF END‐OVER‐END THERMAL PROCESSING OF PARTICULATES IN VISCOUS FLUIDS,2010,Journal of Food Process Engineering,A_colorantes_mercado_mx,"""food colorants"" ""packaged food""",Crossref
"GEOMETRICAL, THERMAL AND MECHANICAL PROPERTIES OF OLIVE FRUITS",2010,Journal of Food Process Engineering,A_colorantes_mercado_mx,"""food colorants"" ""packaged food""",Crossref
THIN‐LAYER DRYING BEHAVIORS OF OLIVE LEAVES (<i>OLEA EUROPAEA</i> L.),2010,Journal of Food Process Engineering,A_colorantes_mercado_mx,"""food colorants"" ""packaged food""",Crossref
Optimising acceptability of new prebiotic low-fat milk beverages,2010,Food Quality and Preference,A_colorantes_mercado_mx,"""food colorants"" ""packaged food""",Crossref
Circadian patterns of antioxidant and lipid peroxidation status in daytime food restricted rats,2010,Biological Rhythm Research,A_colorantes_mercado_mx,"""food colorants"" ""packaged food""",Crossref
Night-time food restriction modulates the circadian patterns of redox status in rats,2010,Biological Rhythm Research,A_colorantes_mercado_mx,"""food colorants"" ""packaged food""",Crossref
"Genotypic variation of beta-carotene and lutein contents in tea germplasms, Camellia sinensis (L.) O. Kuntze",2010,Journal of Food Composition and Analysis,A_colorantes_mercado_mx,"""food colorants"" ""packaged food""",Crossref
Experimental design on supercritical extraction of essential oil from valerian roots and study of optimal conditions,2010,Food and Bioproducts Processing,A_colorantes_mercado_mx,"""food colorants"" ""packaged food""",Crossref
Supercritical carbon dioxide extraction of bioactive flavonoid from Strobilanthes crispus (Pecah Kaca),2010,Food and Bioproducts Processing,A_colorantes_mercado_mx,"""food colorants"" ""packaged food""",Crossref
The time cost of food at home: general and food stamp participant profiles,2010,Applied Economics,A_colorantes_mercado_mx,"""food colorants"" ""packaged food""",Crossref
Land use competition for production of food and liquid biofuels: An analysis of the arguments in the current debate,2010,Renewable Energy,A_colorantes_mercado_mx,"""food colorants"" ""packaged food""",Crossref
A role for “omics” technologies in food safety assessment,2010,Food Control,A_colorantes_mercado_mx,"""food colorants"" ""packaged food""",Crossref
Radio frequency heating of comminuted meats - considerations in relation to microbial challenge studies,2010,Food Control,A_colorantes_mercado_mx,"""food colorants"" ""packaged food""",Crossref
"Oestrus in the Julia Creek dunnart (Sminthopsis douglasi) is associated with wheel running behaviour but not necessarily changes in body weight, food consumption or pouch morphology",2010,Animal Reproduction Science,A_colorantes_mercado_mx,"""food colorants"" ""packaged food""",Crossref
Development and application of a centrifugation-plating method to study the biodiversity of Bacillus species in rice products,2010,Food Control,A_colorantes_mercado_mx,"""food colorants"" ""packaged food""",Crossref
"Effect of conformation and water interactions of sucrose, maltitol, mannitol and xylitol on their metastable zone width and ease of nucleation",2010,Food Chemistry,A_colorantes_mercado_mx,"""food colorants"" ""packaged food""",Crossref
Relationship of pungency and leading flavour attributes in model food matrices – temporal aspects,2010,Food Quality and Preference,A_colorantes_mercado_mx,"""food colorants"" ""packaged food""",Crossref
Reliability of stable isotope values from meat juice for the determination of the meat origin,2010,Food Chemistry,A_colorantes_mercado_mx,"""food colorants"" ""packaged food""",Crossref
Determination of nutritional and toxic elements in pasteurized bovine milk from Vale do Paraiba region (Brazil),2010,Food Control,A_colorantes_mercado_mx,"""food colorants"" ""packaged food""",Crossref
Surveillance of pesticide residues in fruits from Valencia during twenty months (2004/05),2010,Food Control,A_colorantes_mercado_mx,"""food colorants"" ""packaged food""",Crossref
Ochratoxin A removal in synthetic media by living and heat-inactivated cells of Oenococcus oeni isolated from wines,2010,Food Control,A_colorantes_mercado_mx,"""food colorants"" ""packaged food""",Crossref
Contamination of UHT milk by aflatoxin M1 in Iran,2010,Food Control,A_colorantes_mercado_mx,"""food colorants"" ""packaged food""",Crossref
Determination of histamine and biogenic amines in fish cubes (Tetrapturus angustirostris) implicated in a food-borne poisoning,2010,Food Control,A_colorantes_mercado_mx,"""food colorants"" ""packaged food""",Crossref
Target cattle age of post-slaughter testing for bovine spongiform encephalopathy and infectivity entering the human food chain in Japan,2010,Food Control,A_colorantes_mercado_mx,"""food colorants"" ""packaged food""",Crossref
Interception of quorum sensing signal molecule by furanone to enhance shelf life of fermented milk,2010,Food Control,A_colorantes_mercado_mx,"""food colorants"" ""packaged food""",Crossref
"Knowledge, attitude and practice of Taif University students on food poisoning",2010,Food Control,A_colorantes_mercado_mx,"""food colorants"" ""packaged food""",Crossref
A survey on the sanitary condition of commercial foods of plant origin sold in Brazil,2010,Food Control,A_colorantes_mercado_mx,"""food colorants"" ""packaged food""",Crossref
Pharmacological evidences for the extracts and secondary metabolites from plants of the genus Hibiscus,2010,Food Chemistry,A_colorantes_mercado_mx,"""food colorants"" ""packaged food""",Crossref
Free listing: A method to gain initial insight of a food category,2010,Food Quality and Preference,A_colorantes_mercado_mx,"""food colorants"" ""packaged food""",Crossref
"Food habits of the Tibetan fox (Vulpes ferrilata) in the Kunlun Mountains, Qinghai Province, China",2010,Mammalian Biology,A_colorantes_mercado_mx,"""food colorants"" ""packaged food""",Crossref
Crystallization in “Tarassaco” Italian honey studied by DSC,2010,Food Chemistry,A_colorantes_mercado_mx,"""food colorants"" ""packaged food""",Crossref
Water quality for Espresso coffee,2010,Food Chemistry,A_colorantes_mercado_mx,"""food colorants"" ""packaged food""",Crossref
Analysis of lactic acid bacteria populations during spontaneous malolactic fermentation of Tempranillo wines at five wineries during two consecutive vintages,2010,Food Control,A_colorantes_mercado_mx,"""food colorants"" ""packaged food""",Crossref
Utilisation of pectin coating to enhance spray-dry stability of pea protein-stabilised oil-in-water emulsions,2010,Food Chemistry,A_colorantes_mercado_mx,"""food colorants"" ""packaged food""",Crossref
"DETERMINATION OF DRYING PARAMETERS, ASCORBIC ACID CONTENTS AND COLOR CHARACTERISTICS OF NETTLE LEAVES DURING MICROWAVE‐, AIR‐ AND COMBINED MICROWAVE–AIR‐DRYING",2010,Journal of Food Process Engineering,A_colorantes_mercado_mx,"""food colorants"" ""packaged food""",Crossref
DETERMINATION OF OIL POINT PRESSURE FOR MELON SEEDS,2010,Journal of Food Process Engineering,A_colorantes_mercado_mx,"""food colorants"" ""packaged food""",Crossref
Rapid determination of five post-harvest fungicides and metabolite in citrus fruits by liquid chromatography/time-of-flight mass spectrometry with atmospheric pressure photoionization,2010,Food Control,A_colorantes_mercado_mx,"""food colorants"" ""packaged food""",Crossref
Fruit pectins – A suitable tool for screening gelling properties using infrared spectroscopy,2010,Food Hydrocolloids,A_colorantes_mercado_mx,"""food colorants"" ""packaged food""",Crossref
Thurstonian models for sensory discrimination tests as generalized linear models,2010,Food Quality and Preference,A_colorantes_mercado_mx,"""food colorants"" ""packaged food""",Crossref
Sweet cherry phytochemicals: Identification and characterization by HPLC-DAD/ESI-MS in six sweet-cherry cultivars grown in Valle del Jerte (Spain),2010,Journal of Food Composition and Analysis,A_colorantes_mercado_mx,"""food colorants"" ""packaged food""",Crossref
Effects of Trolox and ascorbic acid on the riboflavin photosensitised oxidation of aromatic amino acids,2010,Food Chemistry,A_colorantes_mercado_mx,"""food colorants"" ""packaged food""",Crossref
Substrate contribution on carotenoids production in Blakeslea trispora cultivations,2010,Food and Bioproducts Processing,A_colorantes_mercado_mx,"""food colorants"" ""packaged food""",Crossref
Optimizing endopectinase production from date pomace by Aspergillus niger PC5 using response surface methodology,2010,Food and Bioproducts Processing,A_colorantes_mercado_mx,"""food colorants"" ""packaged food""",Crossref
"A novel bacteriocin with a broad inhibitory spectrum produced by Lactobacillus sake C2, isolated from traditional Chinese fermented cabbage",2010,Food Control,A_colorantes_mercado_mx,"""food colorants"" ""packaged food""",Crossref
Managing water in agriculture for food production and other ecosystem services,2010,Agricultural Water Management,A_colorantes_mercado_mx,"""food colorants"" ""packaged food""",Crossref
Continuous H2 and CH4 production from high-solid food waste in the two-stage thermophilic fermentation process with the recirculation of digester sludge,2010,Bioresource Technology,A_colorantes_mercado_mx,"""food colorants"" ""packaged food""",Crossref
Juice clarification by protease and pectinase treatments indicates new roles of pectin and protein in cherry juice turbidity,2010,Food and Bioproducts Processing,A_colorantes_mercado_mx,"""food colorants"" ""packaged food""",Crossref
Antioxidant and anticancer activities of 8-hydroxypsoralen isolated from wampee [Clausena lansium (Lour.) Skeels] peel,2010,Food Chemistry,A_colorantes_mercado_mx,"""food colorants"" ""packaged food""",Crossref
ATP-regulation of antioxidant properties and phenolics in litchi fruit during browning and pathogen infection process,2010,Food Chemistry,A_colorantes_mercado_mx,"""food colorants"" ""packaged food""",Crossref
Impact of emulsifier microenvironments on acid–base equilibrium and activity of antioxidants,2010,Food Chemistry,A_colorantes_mercado_mx,"""food colorants"" ""packaged food""",Crossref
Tracing the geographical origin of honeys based on volatile compounds profiles assessment using pattern recognition techniques,2010,Food Chemistry,A_colorantes_mercado_mx,"""food colorants"" ""packaged food""",Crossref
"A novel approach to authenticity control of whole grain durum wheat (Triticum durum Desf.) flour and pasta, based on analysis of alkylresorcinol composition",2010,Food Chemistry,A_colorantes_mercado_mx,"""food colorants"" ""packaged food""",Crossref
Characterisation by SPME–GC–MS of the volatile profile of a Spanish soft cheese P.D.O. Torta del Casar during ripening,2010,Food Chemistry,A_colorantes_mercado_mx,"""food colorants"" ""packaged food""",Crossref
Antioxidant activities of phenolic rich fractions (PRFs) obtained from black mahlab (Monechma ciliatum) and white mahlab (Prunus mahaleb) seedcakes,2010,Food Chemistry,A_colorantes_mercado_mx,"""food colorants"" ""packaged food""",Crossref
A novel angiotensin I converting enzyme inhibitory peptide from tuna frame protein hydrolysate and its antihypertensive effect in spontaneously hypertensive rats,2010,Food Chemistry,A_colorantes_mercado_mx,"""food colorants"" ""packaged food""",Crossref
Determination of isoflavone content and antioxidant activity in Psoralea corylifolia L. callus cultures,2010,Food Chemistry,A_colorantes_mercado_mx,"""food colorants"" ""packaged food""",Crossref
Heat-induced changes in dairy products containing sucrose,2010,Food Chemistry,A_colorantes_mercado_mx,"""food colorants"" ""packaged food""",Crossref
Antiproliferative and antioxidant properties of anthocyanin-rich extract from açai,2010,Food Chemistry,A_colorantes_mercado_mx,"""food colorants"" ""packaged food""",Crossref
Antioxidant activity of Potentilla fulgens: An alpine plant of western Himalaya,2010,Journal of Food Composition and Analysis,A_colorantes_mercado_mx,"""food colorants"" ""packaged food""",Crossref
"Effects of combined treatments of high pressure, temperature and antimicrobial products on germination of mung bean seeds and microbial quality of sprouts",2010,Food Control,A_colorantes_mercado_mx,"""food colorants"" ""packaged food""",Crossref
Pressurized liquid extraction coupled to liquid chromatography for the analysis of ochratoxin A in breakfast and infants cereals from Morocco,2010,Food Control,A_colorantes_mercado_mx,"""food colorants"" ""packaged food""",Crossref
Separation and isolation of β-sitosterol oxides and their non-mutagenic potential in the Salmonella microsome assay,2010,Food Chemistry,A_colorantes_mercado_mx,"""food colorants"" ""packaged food""",Crossref
Structural characterisation of pentosans from hemicellulose B of wheat varieties with varying chapati-making quality,2010,Food Chemistry,A_colorantes_mercado_mx,"""food colorants"" ""packaged food""",Crossref
On-line HPLC–MS–DPPH assay for the analysis of phenolic antioxidant compounds in fruit wine: Antidesma thwaitesianum Muell.,2010,Food Chemistry,A_colorantes_mercado_mx,"""food colorants"" ""packaged food""",Crossref
Application of artificial neural networks to the prediction of the antioxidant activity of essential oils in two experimental in vitro models,2010,Food Chemistry,A_colorantes_mercado_mx,"""food colorants"" ""packaged food""",Crossref
Effect of cultivar and environment on physicochemical and cooking characteristics of field pea (Pisum sativum),2010,Food Chemistry,A_colorantes_mercado_mx,"""food colorants"" ""packaged food""",Crossref
"Flavan-3-ol contents, anti-oxidative and α-glucosidase inhibitory activities of Cynomorium songaricum",2010,Food Chemistry,A_colorantes_mercado_mx,"""food colorants"" ""packaged food""",Crossref
The effect of MgCl2 on the kinetics of the Maillard reaction in both aqueous and dehydrated systems,2010,Food Chemistry,A_colorantes_mercado_mx,"""food colorants"" ""packaged food""",Crossref
High-power gradient diffusion NMR spectroscopy for the rapid assessment of extra-virgin olive oil adulteration,2010,Food Chemistry,A_colorantes_mercado_mx,"""food colorants"" ""packaged food""",Crossref
Antimicrobial potential of Coriandrum sativum L. against different Candida species in vitro,2010,Food Chemistry,A_colorantes_mercado_mx,"""food colorants"" ""packaged food""",Crossref
Direct determination of free tryptophan contents in soy sauces and its application as an index of soy sauce adulteration,2010,Food Chemistry,A_colorantes_mercado_mx,"""food colorants"" ""packaged food""",Crossref
The potential of coupling information using three analytical techniques for identifying the geographical origin of Liguria extra virgin olive oil,2010,Food Chemistry,A_colorantes_mercado_mx,"""food colorants"" ""packaged food""",Crossref
Authentication of extra virgin olive oils by Fourier-transform infrared spectroscopy,2010,Food Chemistry,A_colorantes_mercado_mx,"""food colorants"" ""packaged food""",Crossref
Antioxidant activities of malt extract from barley (Hordeum vulgare L.) toward various oxidative stress in vitro and in vivo,2010,Food Chemistry,A_colorantes_mercado_mx,"""food colorants"" ""packaged food""",Crossref
Effects of heat treatment and acid-induced gelation on aroma release from flavoured skim milk,2010,Food Chemistry,A_colorantes_mercado_mx,"""food colorants"" ""packaged food""",Crossref
Antioxidant and antiproliferative activities of phytochemicals from Quince (Cydonia vulgaris) peels,2010,Food Chemistry,A_colorantes_mercado_mx,"""food colorants"" ""packaged food""",Crossref
Changes in durum wheat kernel and pasta proteins induced by toasting and drying processes,2010,Food Chemistry,A_colorantes_mercado_mx,"""food colorants"" ""packaged food""",Crossref
Solutions properties and solute–solvent interactions in ternary sugar–salt–water solutions,2010,Food Chemistry,A_colorantes_mercado_mx,"""food colorants"" ""packaged food""",Crossref
Laccase-generated tetramethoxy azobismethylene quinone (TMAMQ) as a tool for antioxidant activity measurement,2010,Food Chemistry,A_colorantes_mercado_mx,"""food colorants"" ""packaged food""",Crossref
Protective effects of quercetin-3-rhamnoglucoside (rutin) on ischemia-reperfusion injury in rat small intestine,2010,Food Chemistry,A_colorantes_mercado_mx,"""food colorants"" ""packaged food""",Crossref
Flow injection analysis of BHA by NiHCF modified electrode,2010,Food Chemistry,A_colorantes_mercado_mx,"""food colorants"" ""packaged food""",Crossref
Solid-phase microextraction gas chromatography–mass spectrometry (HS-SPME-GC–MS) determination of volatile compounds in orujo spirits: Multivariate chemometric characterisation,2010,Food Chemistry,A_colorantes_mercado_mx,"""food colorants"" ""packaged food""",Crossref
Gold nanoparticle-based lateral flow assay for detection of staphylococcal enterotoxin B,2010,Food Chemistry,A_colorantes_mercado_mx,"""food colorants"" ""packaged food""",Crossref
A novel size-exclusion high performance liquid chromatography (SE-HPLC) method for measuring degree of amylose retrogradation in rice starch,2010,Food Chemistry,A_colorantes_mercado_mx,"""food colorants"" ""packaged food""",Crossref
"Linking biodiversity, food and nutrition: The importance of plant identification and nomenclature",2010,Journal of Food Composition and Analysis,A_colorantes_mercado_mx,"""food colorants"" ""packaged food""",Crossref
"Characterisation of the Paio do Alentejo, a traditional Portuguese Iberian sausage, in respect to its safety",2010,Food Control,A_colorantes_mercado_mx,"""food colorants"" ""packaged food""",Crossref
"Plantaricin MG active against Gram-negative bacteria produced by Lactobacillus plantarum KLDS1.0391 isolated from “Jiaoke”, a traditional fermented cream from China",2010,Food Control,A_colorantes_mercado_mx,"""food colorants"" ""packaged food""",Crossref
Naturally occurring propionic acid in foods marketed in South Korea,2010,Food Control,A_colorantes_mercado_mx,"""food colorants"" ""packaged food""",Crossref
Antifungal activity of non-starter lactic acid bacteria isolates from dairy products,2010,Food Control,A_colorantes_mercado_mx,"""food colorants"" ""packaged food""",Crossref
Diversity of lactic acid bacteria from modified atmosphere packaged sliced cooked meat products at sell-by date assessed by PCR-denaturing gradient gel electrophoresis,2010,Food Microbiology,A_colorantes_mercado_mx,"""food colorants"" ""packaged food""",Crossref
Advances in Nutrigenomics research: Novel and future analytical approaches to investigate the biological activity of natural compounds and food functions,2010,Journal of Pharmaceutical and Biomedical Analysis,A_colorantes_mercado_mx,"""food colorants"" ""packaged food""",Crossref
Structural characterisation and determination of prebiotic activity of purified xylo-oligosaccharides obtained from Bengal gram husk (Cicer arietinum L.) and wheat bran (Triticum aestivum),2010,Food Chemistry,A_colorantes_mercado_mx,"""food colorants"" ""packaged food""",Crossref
Pesticide residues and microbiological quality of bottled wines,2010,Food Control,A_colorantes_mercado_mx,"""food colorants"" ""packaged food""",Crossref
"Emitted and endogenous volatiles in ‘Tsugaru’ apple: The mechanism of ester and (E,E)-α-farnesene accumulation",2010,Food Chemistry,A_colorantes_mercado_mx,"""food colorants"" ""packaged food""",Crossref
Unusual sesquiterpene lactones with a new carbon skeleton and new acetylenes from Ajania przewalskii,2010,Food Chemistry,A_colorantes_mercado_mx,"""food colorants"" ""packaged food""",Crossref
Formation of dehydrodiisoeugenol and dehydrodieugenol from the reaction of isoeugenol and eugenol with DPPH radical and their role in the radical scavenging activity,2010,Food Chemistry,A_colorantes_mercado_mx,"""food colorants"" ""packaged food""",Crossref
Immobilization of β-glucosidase and its aroma-increasing effect on tea beverage,2010,Food and Bioproducts Processing,A_colorantes_mercado_mx,"""food colorants"" ""packaged food""",Crossref
"Amino acid and fatty acid compositions and nutritional quality of muscle in the pomfret, Pampus punctatissimus",2010,Food Chemistry,A_colorantes_mercado_mx,"""food colorants"" ""packaged food""",Crossref
Suppressive effect of hot water extract of wasabi (Wasabia japonica Matsum.) leaves on the differentiation of 3T3-L1 preadipocytes,2010,Food Chemistry,A_colorantes_mercado_mx,"""food colorants"" ""packaged food""",Crossref
Effects of addition of anka rice on the qualities of low-nitrite Chinese sausages,2010,Food Chemistry,A_colorantes_mercado_mx,"""food colorants"" ""packaged food""",Crossref
"Reply to: “Rapid gas-chromatographic method for the determination of diacetyl in milk, fermented milk and butter”, V. Macciola, G. Candela and A. De Leonardis. Food Control 19 (2008) 873–878",2010,Food Control,A_colorantes_mercado_mx,"""food colorants"" ""packaged food""",Crossref
"Rapid gas-chromatographic method for the determination of diacetyl in milk, fermented milk and butter, V. Macciola, G. Candela and A. De Leonardis. Food Control 19 (2008) 873–878",2010,Food Control,A_colorantes_mercado_mx,"""food colorants"" ""packaged food""",Crossref
Designing effective messages for microbial food safety hazards,2010,Food Control,A_colorantes_mercado_mx,"""food colorants"" ""packaged food""",Crossref
Evaluation of DNA extraction procedures for traceability of various tomato products,2010,Food Control,A_colorantes_mercado_mx,"""food colorants"" ""packaged food""",Crossref
Fiber and hydrocolloid content affect the microstructural and sensory characteristics of fresh and frozen stored bread,2010,Journal of Food Engineering,A_colorantes_mercado_mx,"""food colorants"" ""packaged food""",Crossref
"Berry juices, teas, antioxidants and the prevention of atherosclerosis in hamsters",2010,Food Chemistry,A_colorantes_mercado_mx,"""food colorants"" ""packaged food""",Crossref
Effect of thermal treatment and storage on the stability of organic acids and the functional value of grapefruit juice,2010,Food Chemistry,A_colorantes_mercado_mx,"""food colorants"" ""packaged food""",Crossref
Removal of oligosaccharides in soybean flour and nutritional effects in rats,2010,Food Chemistry,A_colorantes_mercado_mx,"""food colorants"" ""packaged food""",Crossref
"Purification, structural elucidation, and anti-inflammatory effect of a water-soluble 1,6-branched 1,3-α-d-galactan from cultured mycelia of Poria cocos",2010,Food Chemistry,A_colorantes_mercado_mx,"""food colorants"" ""packaged food""",Crossref
Effect of farm and industrial processing on the amino acid profile of cocoa beans,2010,Food Chemistry,A_colorantes_mercado_mx,"""food colorants"" ""packaged food""",Crossref
Isoflavone during protease hydrolysis of defatted soybean meal,2010,Food Chemistry,A_colorantes_mercado_mx,"""food colorants"" ""packaged food""",Crossref
"Physical, biochemical and antioxidant properties of some Indian honeys",2010,Food Chemistry,A_colorantes_mercado_mx,"""food colorants"" ""packaged food""",Crossref
Development and validation of two new sensitive ELISAs for Hesperetin and Naringenin in biological fluids,2010,Food Chemistry,A_colorantes_mercado_mx,"""food colorants"" ""packaged food""",Crossref
Oxygen species scavenger activities and phenolic contents of four West African plants,2010,Food Chemistry,A_colorantes_mercado_mx,"""food colorants"" ""packaged food""",Crossref
In vitro evaluation of red and green lettuce (Lactuca sativa) for functional food properties,2010,Food Chemistry,A_colorantes_mercado_mx,"""food colorants"" ""packaged food""",Crossref
Marine collagen peptide isolated from Chum Salmon (Oncorhynchus keta) skin facilitates learning and memory in aged C57BL/6J mice,2010,Food Chemistry,A_colorantes_mercado_mx,"""food colorants"" ""packaged food""",Crossref
Effects of alkaline treatment on the structure of phosphorylated wheat starch and its digestibility,2010,Food Chemistry,A_colorantes_mercado_mx,"""food colorants"" ""packaged food""",Crossref
Effects of steaming the root of Panax notoginseng on chemical composition and anticancer activities,2010,Food Chemistry,A_colorantes_mercado_mx,"""food colorants"" ""packaged food""",Crossref
Anti-inflammatory effects of Punica granatum Linne in vitro and in vivo,2010,Food Chemistry,A_colorantes_mercado_mx,"""food colorants"" ""packaged food""",Crossref
"Strontium isotopic signatures of natural mineral waters, the reference to a simple geological map and its potential for authentication of food",2010,Food Chemistry,A_colorantes_mercado_mx,"""food colorants"" ""packaged food""",Crossref
Effect of methylation on the structure and radical scavenging activity of polysaccharides from longan (Dimocarpus longan Lour.) fruit pericarp,2010,Food Chemistry,A_colorantes_mercado_mx,"""food colorants"" ""packaged food""",Crossref
Effect of macerating enzyme treatment on the polyphenol and polysaccharide composition of red wines,2010,Food Chemistry,A_colorantes_mercado_mx,"""food colorants"" ""packaged food""",Crossref
"Influence of the in vivo addition of alpha-tocopheryl acetate with three lipid sources on the lipid oxidation and fatty acid composition of Beluga sturgeon, Huso huso, during frozen storage",2010,Food Chemistry,A_colorantes_mercado_mx,"""food colorants"" ""packaged food""",Crossref
Influence of the refrigeration technique on the colour and phenolic composition of syrah red wines obtained by pre-fermentative cold maceration,2010,Food Chemistry,A_colorantes_mercado_mx,"""food colorants"" ""packaged food""",Crossref
Thermal degradation of sucralose and its potential in generating chloropropanols in the presence of glycerol,2010,Food Chemistry,A_colorantes_mercado_mx,"""food colorants"" ""packaged food""",Crossref
Long-term trends in food habits of Asiatic black bears in the Misaka Mountains on the Pacific coast of central Japan,2010,Mammalian Biology,A_colorantes_mercado_mx,"""food colorants"" ""packaged food""",Crossref
Antioxidant activities from the aerial parts of Platycodon grandiflorum,2010,Food Chemistry,A_colorantes_mercado_mx,"""food colorants"" ""packaged food""",Crossref
Investigation of off-odour and off-flavour development in boiled potatoes,2010,Food Chemistry,A_colorantes_mercado_mx,"""food colorants"" ""packaged food""",Crossref
Preface,2010,Food Chemistry,A_colorantes_mercado_mx,"""food colorants"" ""packaged food""",Crossref
Effects of banana flour and β-glucan on the nutritional and sensory evaluation of noodles,2010,Food Chemistry,A_colorantes_mercado_mx,"""food colorants"" ""packaged food""",Crossref
Effect of photoperiod on flavonoid pathway activity in sweet potato (Ipomoea batatas (L.) Lam.) leaves,2010,Food Chemistry,A_colorantes_mercado_mx,"""food colorants"" ""packaged food""",Crossref
Toxigenicity and genetic diversity of Staphylococcus aureus isolated from Vietnamese ready-to-eat foods,2010,Food Control,A_colorantes_mercado_mx,"""food colorants"" ""packaged food""",Crossref
Colorimetric sensors for poultry and red meat quality control,2024,Elsevier eBooks,A_colorantes_mercado_mx,"""synthetic dyes"" ""packaged foods""",OpenAlex
High-fat and low-fat phenotypes: habitual eating of high- and low-fat foods not related to taste preference for fat,2024,European Journal of Clinical Nutrition,A_colorantes_mercado_mx,"""synthetic dyes"" ""packaged foods""",Crossref
Competitive Reverse Transcriptase-Polymerase Chain Reaction Using a Synthetic Internal RNA Standard to Quantitate Transcripts for Leukocyte-Derived Hormones,2010,Neuroimmunomodulation,A_colorantes_mercado_mx,"""synthetic dyes"" ""packaged foods""",Crossref
Synthetic Medium for Development of Competence and Transformation in Streptococcus challis,2010,Pathologia et Microbiologia,A_colorantes_mercado_mx,"""synthetic dyes"" ""packaged foods""",Crossref
"High concentration of synthetic serum, stepwise equilibration and slow cooling as an efficient technique for large-scale cryopreservation of human embryonic stem cells",2010,Fertility and Sterility,A_colorantes_mercado_mx,"""synthetic dyes"" ""packaged foods""",Crossref
Alternating projection method applied to indefinite correlation matrices for generation of synthetic MIMO channels,2010,AEU - International Journal of Electronics and Communications,A_colorantes_mercado_mx,"""synthetic dyes"" ""packaged foods""",Crossref
Inhibition of Penicillium nordicum in MRS medium by lactic acid bacteria isolated from foods,2010,Food Control,A_colorantes_mercado_mx,"""synthetic dyes"" ""packaged foods""",Crossref
Development of a method to measure consumer emotions associated with foods,2010,Food Quality and Preference,A_colorantes_mercado_mx,"""synthetic dyes"" ""packaged foods""",Crossref
Examining the robustness of fully synthetic data techniques for data with binary variables,2010,Journal of Statistical Computation and Simulation,A_colorantes_mercado_mx,"""synthetic dyes"" ""packaged foods""",Crossref
Synthetic peptide issued from Hap1/LipL32 for new early serodiagnosis of human leptospirosis,2010,"Comparative Immunology, Microbiology and Infectious Diseases",A_colorantes_mercado_mx,"""synthetic dyes"" ""packaged foods""",Crossref
Synthetic biodegradable hydrogel (PleuraSeal) sealant for sealing of lung tissue after thoracoscopic resection,2010,The Journal of Thoracic and Cardiovascular Surgery,A_colorantes_mercado_mx,"""synthetic dyes"" ""packaged foods""",Crossref
Ochratoxin A removal in synthetic media by living and heat-inactivated cells of Oenococcus oeni isolated from wines,2010,Food Control,A_colorantes_mercado_mx,"""synthetic dyes"" ""packaged foods""",Crossref
A survey on the sanitary condition of commercial foods of plant origin sold in Brazil,2010,Food Control,A_colorantes_mercado_mx,"""synthetic dyes"" ""packaged foods""",Crossref
Development of a synthetic PCB mixture resembling the average polychlorinated biphenyl profile in Chicago air,2010,Environment International,A_colorantes_mercado_mx,"""synthetic dyes"" ""packaged foods""",Crossref
Naturally occurring propionic acid in foods marketed in South Korea,2010,Food Control,A_colorantes_mercado_mx,"""synthetic dyes"" ""packaged foods""",Crossref
Diversity of lactic acid bacteria from modified atmosphere packaged sliced cooked meat products at sell-by date assessed by PCR-denaturing gradient gel electrophoresis,2010,Food Microbiology,A_colorantes_mercado_mx,"""synthetic dyes"" ""packaged foods""",Crossref
Defining and Marketing “Local” Foods: Geographical Indications for US Products,2010,The Journal of World Intellectual Property,A_colorantes_mercado_mx,"""synthetic dyes"" ""packaged foods""",Crossref
Toxigenicity and genetic diversity of Staphylococcus aureus isolated from Vietnamese ready-to-eat foods,2010,Food Control,A_colorantes_mercado_mx,"""synthetic dyes"" ""packaged foods""",Crossref
"Influence of various cooking processes on the concentrations of PCDD/PCDFs, PCBs and PCDEs in foods",2010,Food Control,A_colorantes_mercado_mx,"""synthetic dyes"" ""packaged foods""",Crossref
Oxidative stability of sunflower oil supplemented with carnosic acid compared with synthetic antioxidants during accelerated storage,2010,Food Chemistry,A_colorantes_mercado_mx,"""synthetic dyes"" ""packaged foods""",Crossref
"The synthesis of novel, unsymmetrically substituted, chiral naphthalene and perylene diimides: Photophysical, electrochemical, chiroptical and intramolecular charge transfer properties",2010,Dyes and Pigments,A_colorantes_mercado_mx,"""synthetic dyes"" ""packaged foods""",Crossref
"Pentocin 31-1, a novel meat-borne bacteriocin and its application as biopreservative in chill-stored tray-packaged pork meat",2010,Food Control,A_colorantes_mercado_mx,"""synthetic dyes"" ""packaged foods""",Crossref
Ferromagnetism in indium tin-oxide (ITO) electrodes at room temperature,2010,Synthetic Metals,A_colorantes_mercado_mx,"""synthetic dyes"" ""packaged foods""",Crossref
Control of aerosol dispersion and removal in a room using synthetic jet actuators,2010,Building and Environment,A_colorantes_mercado_mx,"""synthetic dyes"" ""packaged foods""",Crossref
Macroscopic modeling of spin injection and spin transport in organic semiconductors,2010,Synthetic Metals,A_colorantes_mercado_mx,"""synthetic dyes"" ""packaged foods""",Crossref
"Synthetic, structural and spectroscopic studies of complexes derived from the copper(II) perchlorate/fumaric acid/N,N′-chelates tertiary reaction systems",2010,Polyhedron,A_colorantes_mercado_mx,"""synthetic dyes"" ""packaged foods""",Crossref
Application of hedonic price modeling to consumer packaged goods using store scanner data,2010,Journal of Business Research,A_colorantes_mercado_mx,"""synthetic dyes"" ""packaged foods""",Crossref
Effects of the regular consumption of wholemeal wheat foods on cardiovascular risk factors in healthy people,2010,"Nutrition, Metabolism and Cardiovascular Diseases",A_colorantes_mercado_mx,"""synthetic dyes"" ""packaged foods""",Crossref
"Synthetic, spectral and structural studies of mononuclear tris(κ2-amidate) aluminium complexes supported by tripodal ligands",2010,Polyhedron,A_colorantes_mercado_mx,"""synthetic dyes"" ""packaged foods""",Crossref
UNCERTAINTY OF MICROBIAL SHELF‐LIFE ESTIMATIONS FOR REFRIGERATED FOODS DUE TO THE EXPERIMENTAL VARIABILITY OF THE MODEL PARAMETERS,2010,Journal of Food Process Engineering,A_colorantes_mercado_mx,"""synthetic dyes"" ""packaged foods""",Crossref
A Nonlinear Filter Coupled With Hospitability and Synthetic Inclination Maps for In-Surveillance and Out-of-Surveillance Tracking,2010,"IEEE Transactions on Systems, Man, and Cybernetics, Part C (Applications and Reviews)",A_colorantes_mercado_mx,"""synthetic dyes"" ""packaged foods""",Crossref
Antioxidant activity of tomato lipophilic extracts and interactions between carotenoids and α-tocopherol in synthetic mixtures,2010,LWT - Food Science and Technology,A_colorantes_mercado_mx,"""synthetic dyes"" ""packaged foods""",Crossref
Acrylamide removal from heated foods,2010,Food Chemistry,A_colorantes_mercado_mx,"""synthetic dyes"" ""packaged foods""",Crossref
"7-Nitro- and 7-aminosubstituted spiropyrans of 1-benzothieno[3,2-b]pyrrole",2010,Dyes and Pigments,A_colorantes_mercado_mx,"""synthetic dyes"" ""packaged foods""",Crossref
TDDFT-calculations of Vis/NIR absorbing compounds,2010,Dyes and Pigments,A_colorantes_mercado_mx,"""synthetic dyes"" ""packaged foods""",Crossref
Selective chromogenic and fluorogenic signalling of Hg2+ ions using a fluorescein-coumarin conjugate,2010,Dyes and Pigments,A_colorantes_mercado_mx,"""synthetic dyes"" ""packaged foods""",Crossref
"Mn(II), Co(II) and Ni(II) complexes of 4-(2-thiazolylazo)resorcinol: Syntheses, characterization, catalase-like activity, thermal and electrochemical behaviour",2010,Dyes and Pigments,A_colorantes_mercado_mx,"""synthetic dyes"" ""packaged foods""",Crossref
Early exposure to solid foods and the development of eczema in children up to 4 years of age,2010,Pediatric Allergy and Immunology,A_colorantes_mercado_mx,"""synthetic dyes"" ""packaged foods""",Crossref
Modelling respiration of packaged fresh-cut ‘Rocha’ pear as affected by oxygen concentration and temperature,2010,Journal of Food Engineering,A_colorantes_mercado_mx,"""synthetic dyes"" ""packaged foods""",Crossref
Spin relaxation and magnetoresistance in disordered organic semiconductors,2010,Synthetic Metals,A_colorantes_mercado_mx,"""synthetic dyes"" ""packaged foods""",Crossref
The synthesis and characterization of 2-(2′-pyridyl)benzimidazole heteroleptic ruthenium complex: Efficient sensitizer for molecular photovoltaics,2010,Dyes and Pigments,A_colorantes_mercado_mx,"""synthetic dyes"" ""packaged foods""",Crossref
"Novel phthalocyanines containing substituted salicyclic hydrazone-1,3-thiazole moieties: Microwave-assisted synthesis, spectroscopic characterization, X-ray structure and thermal characterization",2010,Dyes and Pigments,A_colorantes_mercado_mx,"""synthetic dyes"" ""packaged foods""",Crossref
"Synthesis and photoinduced surface relief grating formation of novel photo-responsive amorphous molecular materials, 4-[bis(9,9-dimethylfluoren-2-yl)amino]-4′-cyanoazobenzene and 4-[bis(9,9-dimethylfluoren-2-yl)-amino]-4′-nitroazobenzene",2010,Dyes and Pigments,A_colorantes_mercado_mx,"""synthetic dyes"" ""packaged foods""",Crossref
Use of synthetic soil aggregates as a containerized growth medium component to substitute peat in the ornamental plant production,2010,Archives of Agronomy and Soil Science,A_colorantes_mercado_mx,"""synthetic dyes"" ""packaged foods""",Crossref
The synthesis and optical properties of novel fluorescent iminocoumarins and bis-iminocoumarins: Investigations in the series of urea derivatives,2010,Dyes and Pigments,A_colorantes_mercado_mx,"""synthetic dyes"" ""packaged foods""",Crossref
Tuning of organic magnetoresistance by reversible modification of the active material,2010,Synthetic Metals,A_colorantes_mercado_mx,"""synthetic dyes"" ""packaged foods""",Crossref
The effect of substituent position upon unsymmetrical isomeric diarylethenes bearing a methoxy group,2010,Dyes and Pigments,A_colorantes_mercado_mx,"""synthetic dyes"" ""packaged foods""",Crossref
Coliphage as pressure surrogates for enteric viruses in foods,2010,Innovative Food Science &amp; Emerging Technologies,A_colorantes_mercado_mx,"""synthetic dyes"" ""packaged foods""",Crossref
Retaining a Nonfunctional Synthetic Arterial Bypass Graft as a Tunnel for Future Bypass Using a Vein Graft: Technical Note,2010,Annals of Vascular Surgery,A_colorantes_mercado_mx,"""synthetic dyes"" ""packaged foods""",Crossref
"Novel, side-on, PVK-based nonlinear optical polymers: Synthesis and NLO properties",2010,Dyes and Pigments,A_colorantes_mercado_mx,"""synthetic dyes"" ""packaged foods""",Crossref
"The synthesis, electrochemical and fluorescent properties of monomers and polymers containing 2,5-diphenyl-1,3,4-thiadiazole",2010,Dyes and Pigments,A_colorantes_mercado_mx,"""synthetic dyes"" ""packaged foods""",Crossref
2-Quinolone and coumarin polymethines for the detection of proteins using fluorescence,2010,Dyes and Pigments,A_colorantes_mercado_mx,"""synthetic dyes"" ""packaged foods""",Crossref
"The synthesis and photodynamic properties of meso-substituted, cationic porphyrin derivatives in HeLa cells",2010,Dyes and Pigments,A_colorantes_mercado_mx,"""synthetic dyes"" ""packaged foods""",Crossref
"A synthetic furanone potentiates the effect of disinfectants on
            <i>Salmonella</i>
            in biofilm",2010,Journal of Applied Microbiology,A_colorantes_mercado_mx,"""synthetic dyes"" ""packaged foods""",Crossref
Basin-Scale Water Resources Assessment in Oklahoma under Synthetic Climate Change Scenarios Using a Fully Distributed Hydrologic Model,2010,Journal of Hydrologic Engineering,A_colorantes_mercado_mx,"""synthetic dyes"" ""packaged foods""",Crossref
Effect of thermal processing on anthocyanin stability in foods; mechanisms and kinetics of degradation,2010,Trends in Food Science &amp; Technology,A_colorantes_mercado_mx,"""synthetic dyes"" ""packaged foods""",Crossref
Spin dependent reactions of polaron pairs in PPV-based organic diodes,2010,Synthetic Metals,A_colorantes_mercado_mx,"""synthetic dyes"" ""packaged foods""",Crossref
"Novel ESIPT fluorescent benzazolyl-4-quinolones: Synthesis, spectroscopic characterization and photophysical properties",2010,Dyes and Pigments,A_colorantes_mercado_mx,"""synthetic dyes"" ""packaged foods""",Crossref
Isotopic consequences of consumer food choice: Hydrogen and oxygen stable isotope ratios in foods from fast food restaurants versus supermarkets,2010,Food Chemistry,A_colorantes_mercado_mx,"""synthetic dyes"" ""packaged foods""",Crossref
Polymer nanocomposites: Synthetic and natural fillers a review,2014,Maderas. Ciencia y Tecnología,A_colorantes_mercado_mx,"""synthetic dyes"" ""packaged foods""",Crossref
In vitro differentiation of chondrogenic ATDC5 cells is enhanced by culturing on synthetic hydrogels with various charge densities,2010,Acta Biomaterialia,A_colorantes_mercado_mx,"""synthetic dyes"" ""packaged foods""",Crossref
A novel synthetic route to Y2O3:Tb3+ phosphors by bicontinuous cubic phase process,2010,Materials &amp; Design,A_colorantes_mercado_mx,"""synthetic dyes"" ""packaged foods""",Crossref
Inputs and distributions of synthetic musk fragrances in an estuarine and coastal environment; a case study,2010,Environmental Pollution,A_colorantes_mercado_mx,"""synthetic dyes"" ""packaged foods""",Crossref
Improved performance in synthetic diamond neutron detectors: Application to boron neutron capture therapy,2010,"Nuclear Instruments and Methods in Physics Research Section A: Accelerators, Spectrometers, Detectors and Associated Equipment",A_colorantes_mercado_mx,"""synthetic dyes"" ""packaged foods""",Crossref
Fabrication and characterization of electro-phosphorescent organic light-emitting devices with a ferromagnetic cathode for observation of spin injection effect,2010,Synthetic Metals,A_colorantes_mercado_mx,"""synthetic dyes"" ""packaged foods""",Crossref
Exergy analysis of synthetic natural gas production method from biomass,2010,Energy,A_colorantes_mercado_mx,"""synthetic dyes"" ""packaged foods""",Crossref
Synthetic human elastin microfibers: Stable cross-linked tropoelastin and cell interactive constructs for tissue engineering applications,2010,Acta Biomaterialia,A_colorantes_mercado_mx,"""synthetic dyes"" ""packaged foods""",Crossref
Magnetophotocurrent effect in organic photovoltaic cells at low temperatures,2010,Synthetic Metals,A_colorantes_mercado_mx,"""synthetic dyes"" ""packaged foods""",Crossref
Parameterization of RVS synthetic stellar spectra for the ESA Gaia mission: Study of the optimal domain for ANN training,2010,Expert Systems with Applications,A_colorantes_mercado_mx,"""synthetic dyes"" ""packaged foods""",Crossref
Muon spin relaxation in synthetic type IIa diamond grown by high-pressure and high-temperature (HPHT) synthesis,2010,Physica B: Condensed Matter,A_colorantes_mercado_mx,"""synthetic dyes"" ""packaged foods""",Crossref
Targeted knockdown of Bcl2 in tumor cells using a synthetic TRAIL 3′‐UTR microRNA,2010,International Journal of Cancer,A_colorantes_mercado_mx,"""synthetic dyes"" ""packaged foods""",Crossref
"Willingness to trial functional foods and vitamin supplements: The role of attitudes, subjective norms, and dread of risks",2010,Food Quality and Preference,A_colorantes_mercado_mx,"""synthetic dyes"" ""packaged foods""",Crossref
3D finite-difference synthetic acoustic log in cylindrical coordinates,2010,Journal of Computational and Applied Mathematics,A_colorantes_mercado_mx,"""synthetic dyes"" ""packaged foods""",Crossref
Evaluating the Mobility of Arsenic in Synthetic Iron-Containing Solids Using a Modified Sequential Extraction Method,2010,Journal of Environmental Engineering,A_colorantes_mercado_mx,"""synthetic dyes"" ""packaged foods""",Crossref
Effect of thermal treatment on whey protein polymerization by transglutaminase: Implications for functionality in processed dairy foods,2010,LWT - Food Science and Technology,A_colorantes_mercado_mx,"""synthetic dyes"" ""packaged foods""",Crossref
"Quantitative structure–electrochemistry relationship for variously-substituted 9, 10-anthraquinones using both an heuristic method and a radial basis function neural network",2010,Dyes and Pigments,A_colorantes_mercado_mx,"""synthetic dyes"" ""packaged foods""",Crossref
"Magnetic field, temperature and electric field dependence of magneto-transport for polyaniline nanofiber networks",2010,Synthetic Metals,A_colorantes_mercado_mx,"""synthetic dyes"" ""packaged foods""",Crossref
Synthetic Gene Regulation Circuits for Control of Cell Expansion,2010,Tissue Engineering Part A,A_colorantes_mercado_mx,"""synthetic dyes"" ""packaged foods""",Crossref
"Novel, soluble diphenyl-diketo-pyrrolopyrroles: Experimental and theoretical study",2010,Dyes and Pigments,A_colorantes_mercado_mx,"""synthetic dyes"" ""packaged foods""",Crossref
The broadened and red-shifted photoluminescence spectral emission of poly(N-vinylcarbazole) nanoparticles,2010,Dyes and Pigments,A_colorantes_mercado_mx,"""synthetic dyes"" ""packaged foods""",Crossref
"The photocatalytic activity of novel, substituted porphyrin/TiO2-based composites",2010,Dyes and Pigments,A_colorantes_mercado_mx,"""synthetic dyes"" ""packaged foods""",Crossref
Catalytic dehydration of methanol over synthetic zeolite W,2010,Microporous and Mesoporous Materials,A_colorantes_mercado_mx,"""synthetic dyes"" ""packaged foods""",Crossref
Antioxidant potential of meso-zeaxanthin a semi synthetic carotenoid,2010,Food Chemistry,A_colorantes_mercado_mx,"""synthetic dyes"" ""packaged foods""",Crossref
Physicochemical characterization and biological activity of synthetic TLR4 agonist formulations,2010,Colloids and Surfaces B: Biointerfaces,A_colorantes_mercado_mx,"""synthetic dyes"" ""packaged foods""",Crossref
Electroluminescence and photovoltaic properties of light-emitting devices and solar cells comprising 2-pyran-4-ylidene-malononitrile conjugated polymers,2010,Dyes and Pigments,A_colorantes_mercado_mx,"""synthetic dyes"" ""packaged foods""",Crossref
Mid‐urethral synthetic slings in the treatment of urodynamic female stress urinary incontinence without concomitant pelvic prolapse repair: 4‐year health‐related quality of life outcomes,2010,BJU International,A_colorantes_mercado_mx,"""synthetic dyes"" ""packaged foods""",Crossref
Editorial Board,2010,Dyes and Pigments,A_colorantes_mercado_mx,"""synthetic dyes"" ""packaged foods""",Crossref
Sn(I) halides: Novel binary compounds of tin and their application in synthetic chemistry,2010,Journal of Organometallic Chemistry,A_colorantes_mercado_mx,"""synthetic dyes"" ""packaged foods""",Crossref
Effects of growth factors on equine synovial fibroblasts seeded on synthetic scaffolds for avascular meniscal tissue engineering,2010,Research in Veterinary Science,A_colorantes_mercado_mx,"""synthetic dyes"" ""packaged foods""",Crossref
Synthetic grafts for anterior cruciate ligament rupture: 19-year outcome study,2010,The Knee,A_colorantes_mercado_mx,"""synthetic dyes"" ""packaged foods""",Crossref
Molecular analysis meets morphology‐based systematics—a synthetic approach for Chalarinae (Insecta: Diptera: Pipunculidae),2010,Systematic Entomology,A_colorantes_mercado_mx,"""synthetic dyes"" ""packaged foods""",Crossref
Application of an optimized 18-h method involving one step culturing and single primer-based PCR assay for detection of Salmonella spp. in foods,2010,Food Control,A_colorantes_mercado_mx,"""synthetic dyes"" ""packaged foods""",Crossref
Kinetic evaluation of the psychrophylic anaerobic digestion of synthetic domestic sewage using an upflow filter,2010,Bioresource Technology,A_colorantes_mercado_mx,"""synthetic dyes"" ""packaged foods""",Crossref
Xenon adsorption in synthetic chabazite zeolites,2010,Microporous and Mesoporous Materials,A_colorantes_mercado_mx,"""synthetic dyes"" ""packaged foods""",Crossref
"Passive, integrated measurement of radon using 5A synthetic zeolite and blue silica gel",2010,Applied Radiation and Isotopes,A_colorantes_mercado_mx,"""synthetic dyes"" ""packaged foods""",Crossref
"Undoped, red organic light-emitting diodes based on a N,N,N’,N’-tetraphenylbenzidine (TPD) derivative as red emitter with a triphenylamine derivative as hole-transporting layer",2010,Dyes and Pigments,A_colorantes_mercado_mx,"""synthetic dyes"" ""packaged foods""",Crossref
Sensory education decreases food neophobia score and encourages trying unfamiliar foods in 8–12-year-old children,2010,Food Quality and Preference,A_colorantes_mercado_mx,"""synthetic dyes"" ""packaged foods""",Crossref
Evaluation of toxic elements in baby foods commercially available in Pakistan,2010,Food Chemistry,A_colorantes_mercado_mx,"""synthetic dyes"" ""packaged foods""",Crossref
"Toxic effects of lambda-cyhalothrin, a synthetic pyrethroid pesticide, on the rat kidney: Involvement of oxidative stress and protective role of ascorbic acid",2010,Experimental and Toxicologic Pathology,A_colorantes_mercado_mx,"""synthetic dyes"" ""packaged foods""",Crossref
Occurrence and fate of synthetic musk compounds in water environment,2010,Water Research,A_colorantes_mercado_mx,"""synthetic dyes"" ""packaged foods""",Crossref
Compressibility and density of select liquid and solid foods under pressures up to 700MPa,2010,Journal of Food Engineering,A_colorantes_mercado_mx,"""synthetic dyes"" ""packaged foods""",Crossref
Maintaining ERP Packaged Software – a Revelatory Case Study,2010,Journal of Information Technology,A_colorantes_mercado_mx,"""synthetic dyes"" ""packaged foods""",Crossref
Systemic Delivery of Synthetic MicroRNA-16 Inhibits the Growth of Metastatic Prostate Tumors via Downregulation of Multiple Cell-cycle Genes,2010,Molecular Therapy,A_colorantes_mercado_mx,"""synthetic dyes"" ""packaged foods""",Crossref
Using synthetic data to evaluate the impact of RTGS on systemic risk in the Australian payments system,2010,Journal of Financial Stability,A_colorantes_mercado_mx,"""synthetic dyes"" ""packaged foods""",Crossref
Synthetic fuel production from tea waste: Characterisation of bio-oil and bio-char,2010,Fuel,A_colorantes_mercado_mx,"""synthetic dyes"" ""packaged foods""",Crossref
Evaluation of subjective toughness feeling of the foods for efficient masticatory muscle activity in daily mastication for occlusal stability,2010,Orthodontic Waves,A_colorantes_mercado_mx,"""synthetic dyes"" ""packaged foods""",Crossref
Amplified Fragment Length Polymorphism and Multi-Locus Sequence Typing for high-resolution genotyping of Listeria monocytogenes from foods and the environment,2010,Food Microbiology,A_colorantes_mercado_mx,"""synthetic dyes"" ""packaged foods""",Crossref
A study of the antimicrobial activity of selected synthetic and naturally occurring quinolines,2010,International Journal of Antimicrobial Agents,A_colorantes_mercado_mx,"""synthetic dyes"" ""packaged foods""",Crossref
"A novel method for the recovery of 4,4′-dinitrostilbene-2,2′disulfonic acid from the wastewater obtained from 4,4′-diaminostilbene-2,2′-disulfonic acid production",2010,Dyes and Pigments,A_colorantes_mercado_mx,"""synthetic dyes"" ""packaged foods""",Crossref
"Quantum-chemical calculations, tautomeric, thermodynamic, spectroscopic and X-ray studies of 3-(4-fluorophenylhydrazone)pentane-2,4-dione",2010,Dyes and Pigments,A_colorantes_mercado_mx,"""synthetic dyes"" ""packaged foods""",Crossref
Assessment of synthetic chimeric multiple antigenic peptides for diagnosis of GB virus C infection,2010,Analytical Biochemistry,A_colorantes_mercado_mx,"""synthetic dyes"" ""packaged foods""",Crossref
Spin dynamics control of recombination current in organic semiconductors,2010,Synthetic Metals,A_colorantes_mercado_mx,"""synthetic dyes"" ""packaged foods""",Crossref
Asymptotic distributions of two “synthetic data” estimators for censored single-index models,2010,Journal of Multivariate Analysis,A_colorantes_mercado_mx,"""synthetic dyes"" ""packaged foods""",Crossref
On the Origin of Atmospheric Frontal Lines off the East Coast of Taiwan Observed on Spaceborne Synthetic Aperture Radar Images,2010,Monthly Weather Review,A_colorantes_mercado_mx,"""synthetic dyes"" ""packaged foods""",Crossref
"Magneto-optical studies of 1-(3-methoxycarbonyl)-propyl-1-phenyl-(6,6)C61; PCBM",2010,Synthetic Metals,A_colorantes_mercado_mx,"""synthetic dyes"" ""packaged foods""",Crossref
High shear strain behaviour of synthetic muscovite fault gouges under hydrothermal conditions,2010,Journal of Structural Geology,A_colorantes_mercado_mx,"""synthetic dyes"" ""packaged foods""",Crossref
Device-spectroscopy of magnetic field effects in several different polymer organic light-emitting diodes,2010,Synthetic Metals,A_colorantes_mercado_mx,"""synthetic dyes"" ""packaged foods""",Crossref
The electrical properties of a fullerene and C.I. Acid Red 2 (methyl red) doped E7 nematic liquid crystal,2010,Dyes and Pigments,A_colorantes_mercado_mx,"""synthetic dyes"" ""packaged foods""",Crossref
A direct and facile synthetic route for micron-scale gold prisms and fabrication of gold prism thin films on solid substrates,2010,Materials Chemistry and Physics,A_colorantes_mercado_mx,"""synthetic dyes"" ""packaged foods""",Crossref
Estimates of synthetic fertilizer N-induced direct nitrous oxide emission from Chinese croplands during 1980–2000,2010,Environmental Pollution,A_colorantes_mercado_mx,"""synthetic dyes"" ""packaged foods""",Crossref
Influence of trace elements on methane formation from a synthetic model substrate for maize silage,2010,Bioresource Technology,A_colorantes_mercado_mx,"""synthetic dyes"" ""packaged foods""",Crossref
"2-(3,4-Dihydro-2H-pyrrolium-1-yl)-3oxoindan-1-olate (DHPO), a novel, synthetic small molecule that alleviates insulin resistance and lipid abnormalities",2010,Biochemical Pharmacology,A_colorantes_mercado_mx,"""synthetic dyes"" ""packaged foods""",Crossref
A simple and convenient synthetic protocol for O-isopropylidenation of sugars using bromodimethylsulfonium bromide (BDMS) as a catalyst,2010,Carbohydrate Research,A_colorantes_mercado_mx,"""synthetic dyes"" ""packaged foods""",Crossref
Magnetic field effect on the photocarriers in self-assembled hexabenzocoronene nanotubes,2010,Synthetic Metals,A_colorantes_mercado_mx,"""synthetic dyes"" ""packaged foods""",Crossref
PACKAGING EVALUATION FOR HIGH‐PRESSURE HIGH‐TEMPERATURE STERILIZATION OF SHELF‐STABLE FOODS,2010,Journal of Food Process Engineering,A_colorantes_mercado_mx,"""synthetic dyes"" ""packaged foods""",Crossref
Preparations and applications of synthetic linked azamacrocycle ligands and complexes,2010,Coordination Chemistry Reviews,A_colorantes_mercado_mx,"""synthetic dyes"" ""packaged foods""",Crossref
Comparative study on the micelle properties of synthetic and dissolved organic matters,2010,Journal of Hazardous Materials,A_colorantes_mercado_mx,"""synthetic dyes"" ""packaged foods""",Crossref
"Synthetic, structural and spectroscopic studies of complexes derived from the copper(II) perchlorate/succinamic acid/N,N′-donor tertiary reaction systems",2010,Inorganica Chimica Acta,A_colorantes_mercado_mx,"""synthetic dyes"" ""packaged foods""",Crossref
Increased Synthetic Phenotype Behavior of Smooth Muscle Cells in Response to In Vitro Balloon Angioplasty Injury Model,2010,Annals of Vascular Surgery,A_colorantes_mercado_mx,"""synthetic dyes"" ""packaged foods""",Crossref
Nile red probing for sphere-to-rod-to-wormlike micelle transition in aqueous surfactant solution,2010,Dyes and Pigments,A_colorantes_mercado_mx,"""synthetic dyes"" ""packaged foods""",Crossref
Editorial Board,2010,Dyes and Pigments,A_colorantes_mercado_mx,"""synthetic dyes"" ""packaged foods""",Crossref
"State craving, food availability, and reactivity to preferred snack foods",2010,Appetite,A_colorantes_mercado_mx,"""synthetic dyes"" ""packaged foods""",Crossref
Sewage sludge sugarcane trash based compost and synthetic aggregates as peat substitutes in containerized media for crop production,2010,Journal of Hazardous Materials,A_colorantes_mercado_mx,"""synthetic dyes"" ""packaged foods""",Crossref
Preparation and synthetic application of partially protected brassinosteroids,2010,Steroids,A_colorantes_mercado_mx,"""synthetic dyes"" ""packaged foods""",Crossref
"Micropropagation by tissue culture triggers differential expression of infectious endogenous
                    <i>Banana streak virus</i>
                    sequences (eBSV) present in the B genome of natural and synthetic interspecific banana plantains",2010,Molecular Plant Pathology,A_colorantes_mercado_mx,"""synthetic dyes"" ""packaged foods""",Crossref
A questionnaire approach to measuring the relative reinforcing efficacy of snack foods,2010,Eating Behaviors,A_colorantes_mercado_mx,"""synthetic dyes"" ""packaged foods""",Crossref
Tribological measurements of foods using a rheometer,2010,Food Research International,A_colorantes_mercado_mx,"""synthetic dyes"" ""packaged foods""",Crossref
Facile fingerstick insulin analysis: Application to monitoring postprandial insulin responses to snack foods,2010,Journal of Diabetes,A_colorantes_mercado_mx,"""synthetic dyes"" ""packaged foods""",Crossref
Environmental biodegradation of synthetic polymers II. Biodegradation of different polymer groups,2010,TrAC Trends in Analytical Chemistry,A_colorantes_mercado_mx,"""synthetic dyes"" ""packaged foods""",Crossref
Methods for the analysis of melamine and related compounds in foods: a review,2010,Food Additives &amp; Contaminants: Part A,A_colorantes_mercado_mx,"""synthetic dyes"" ""packaged foods""",Crossref
Inexpensive synthetic-based matrix for both conventional and rapid purification of protein A- and tandem affinity purification-tagged proteins,2010,Analytical Biochemistry,A_colorantes_mercado_mx,"""synthetic dyes"" ""packaged foods""",Crossref
"The synthesis and photophysical properties of water soluble tetrasulfonated, octacarboxylated and quaternised 2,(3)-tetra-(2 pyridiloxy) Ga phthalocyanines",2010,Dyes and Pigments,A_colorantes_mercado_mx,"""synthetic dyes"" ""packaged foods""",Crossref
Can current dietary exposure models handle aggregated intake from different foods? A simulation study for the case of two foods,2010,Food and Chemical Toxicology,A_colorantes_mercado_mx,"""synthetic dyes"" ""packaged foods""",Crossref
Evaluating the impact of thermal and pressure treatment in preserving textural quality of selected foods,2010,LWT - Food Science and Technology,A_colorantes_mercado_mx,"""synthetic dyes"" ""packaged foods""",Crossref
New second-order nonlinear optical polyphosphazenes: Convenient postfunctionalization synthetic approach and application of the concept of suitable isolation group,2010,Dyes and Pigments,A_colorantes_mercado_mx,"""synthetic dyes"" ""packaged foods""",Crossref
Photoinduced energy and electron transfer in porphyrin-anthraquinone dyads bridged with a triazine group,2010,Dyes and Pigments,A_colorantes_mercado_mx,"""synthetic dyes"" ""packaged foods""",Crossref
"The design and synthesis of a novel 1,8-naphthalimide PAMAM light-harvesting dendron with fluorescence “off-on” switching core",2010,Dyes and Pigments,A_colorantes_mercado_mx,"""synthetic dyes"" ""packaged foods""",Crossref
The geometry and absorption of diketo-pyrrolo-pyrroles substituted with various aryls,2010,Dyes and Pigments,A_colorantes_mercado_mx,"""synthetic dyes"" ""packaged foods""",Crossref
On the Doppler Spreading Effect for the Range-Instantaneous-Doppler Technique in Inverse Synthetic Aperture Radar Imagery,2010,IEEE Geoscience and Remote Sensing Letters,A_colorantes_mercado_mx,"""synthetic dyes"" ""packaged foods""",Crossref
Indium-catalyzed enantioselective allylation of aldehydes with β-carbonyl allylstannanes: An efficient synthetic method for chiral α-methylene-γ-lactones,2010,Journal of Organometallic Chemistry,A_colorantes_mercado_mx,"""synthetic dyes"" ""packaged foods""",Crossref
In vitro stability of open wedge high tibial osteotomy with synthetic bone graft,2010,The Knee,A_colorantes_mercado_mx,"""synthetic dyes"" ""packaged foods""",Crossref
Zn0.6Cu0.4Cr0.5Fe1.46Sm0.04O4 ferrite and its nanocomposites with polyaniline and polypyrrole: Preparation and electromagnetic properties,2010,Synthetic Metals,A_colorantes_mercado_mx,"""synthetic dyes"" ""packaged foods""",Crossref
Controlled polymer synthesis—from biomimicry towards synthetic biology,2010,Chem. Soc. Rev.,A_colorantes_mercado_mx,"""synthetic dyes"" ""packaged foods""",Crossref
"Review: Alternatives to synthetic fungicides for
                    <i>Botrytis cinerea</i>
                    management in vineyards",2010,Australian Journal of Grape and Wine Research,A_colorantes_mercado_mx,"""synthetic dyes"" ""packaged foods""",Crossref
"The preparation and characterization of tabular, pearlescent Fe-doped potassium lithium titanate",2010,Dyes and Pigments,A_colorantes_mercado_mx,"""synthetic dyes"" ""packaged foods""",Crossref
Spectrophotometric investigation of the monomer–dimer process of C.I. Basic Blue 9 in aqueous polymer–surfactant system,2010,Dyes and Pigments,A_colorantes_mercado_mx,"""synthetic dyes"" ""packaged foods""",Crossref
Certification of a new series of gravimetrically prepared synthetic reference materials for n(236U)/n(238U) isotope ratio measurements,2010,Nuclear Instruments and Methods in Physics Research Section B: Beam Interactions with Materials and Atoms,A_colorantes_mercado_mx,"""synthetic dyes"" ""packaged foods""",Crossref
Heat transfer enhancement in microchannels with cross-flow synthetic jets,2010,International Journal of Thermal Sciences,A_colorantes_mercado_mx,"""synthetic dyes"" ""packaged foods""",Crossref
Control of efficiency characteristics in green phosphorescent organic light-emitting devices,2010,Synthetic Metals,A_colorantes_mercado_mx,"""synthetic dyes"" ""packaged foods""",Crossref
"Molecular cloning, over expression, and activity studies of a peptidic HIV-1 protease inhibitor: Designed synthetic gene to functional recombinant peptide",2010,Peptides,A_colorantes_mercado_mx,"""synthetic dyes"" ""packaged foods""",Crossref
Electrochemical polymerization and characterization of new copolymers of 3-substituted thiophenes,2010,Synthetic Metals,A_colorantes_mercado_mx,"""synthetic dyes"" ""packaged foods""",Crossref
Characterization of natural and synthetic humic substances (melanoidins) by chemical composition and adsorption measurements,2010,Organic Geochemistry,A_colorantes_mercado_mx,"""synthetic dyes"" ""packaged foods""",Crossref
Synthetic single crystal diamond dosimeters for conformal radiation therapy application,2010,Diamond and Related Materials,A_colorantes_mercado_mx,"""synthetic dyes"" ""packaged foods""",Crossref
Craving foods: feeding the obesity epidemic?,2010,Trends in Endocrinology &amp; Metabolism,A_colorantes_mercado_mx,"""synthetic dyes"" ""packaged foods""",Crossref
Identification of transgenic foods using NIR spectroscopy: A review,2010,Spectrochimica Acta Part A: Molecular and Biomolecular Spectroscopy,A_colorantes_mercado_mx,"""synthetic dyes"" ""packaged foods""",Crossref
Improved Hyperspectral Image Processing Algorithm Testing Using Synthetic Imagery and Factorial Designed Experiments,2010,IEEE Transactions on Geoscience and Remote Sensing,A_colorantes_mercado_mx,"""synthetic dyes"" ""packaged foods""",Crossref
"Influence of chain length on mono- versus di-alkylation in the reactivity of [Pt2(μ-S)2(PPh3)4] towards α,ω-dihalo-n-alkanes; a synthetic route to platinum(II) ω-haloalkylthiolate complexes",2010,Inorganica Chimica Acta,A_colorantes_mercado_mx,"""synthetic dyes"" ""packaged foods""",Crossref
The synthesis of symmetric and asymmetric perylene derivatives and their optical properties,2010,Dyes and Pigments,A_colorantes_mercado_mx,"""synthetic dyes"" ""packaged foods""",Crossref
Efficiency improvement of polymer light-emitting diodes using a quantum dot interlayer between a hole transport layer and an emitting layer,2010,Synthetic Metals,A_colorantes_mercado_mx,"""synthetic dyes"" ""packaged foods""",Crossref
Preparation and characterization of nickel-coated graphite nanosheets,2010,Synthetic Metals,A_colorantes_mercado_mx,"""synthetic dyes"" ""packaged foods""",Crossref
Water incorporation in synthetic and natural MgAl2O4 spinel,2010,Geochimica et Cosmochimica Acta,A_colorantes_mercado_mx,"""synthetic dyes"" ""packaged foods""",Crossref
"Using electrocoagulation–electroflotation technology to treat synthetic solution and textile wastewater, two case studies",2010,Desalination,A_colorantes_mercado_mx,"""synthetic dyes"" ""packaged foods""",Crossref
"Concepto de dieta mediterránea: ¿un grupo de alimentos saludables, una dieta o una panacea publicitaria?",2011,Medicina Clínica,A_colorantes_mercado_mx,"colorantes ""alimentos procesados""",Crossref
"O valor energético dos alimentos: exemplo de uma determinação experimental, usando calorimetria de combustão",2010,Química Nova,A_colorantes_mercado_mx,"colorantes ""alimentos procesados""",Crossref
"Dye-tracing studies in southwestern Missouri, USA: indication of stratigraphic flow control in the Burlington Limestone",2010,Hydrogeology Journal,A_colorantes_mercado_mx,"colorantes ""alimentos procesados""",Crossref
"Revisão: Avaliação quantitativa de risco microbiológico em alimentos: conceitos, sistemática e aplicações",2010,BRAZILIAN JOURNAL OF FOOD TECHNOLOGY,A_colorantes_mercado_mx,"colorantes ""alimentos procesados""",Crossref
Composição química e energética de alimentos de origem vegetal determinada em aves de diferentes idades,2010,Revista Brasileira de Zootecnia,A_colorantes_mercado_mx,"colorantes ""alimentos procesados""",Crossref
Determinação da energia metabolizável de alimentos para codornas japonesas em postura,2010,Arquivo Brasileiro de Medicina Veterinária e Zootecnia,A_colorantes_mercado_mx,"colorantes ""alimentos procesados""",Crossref
Presence and antimicrobial resistance of<i>Escherichia coli</i>isolated from foodstuffs in Hidalgo State (Mexico) Presencia y resistencia a antimicrobianos de<i>Escherichia coli</i>aislados a partir de alimentos en el estado de Hidalgo (México),2010,CyTA - Journal of Food,A_colorantes_mercado_mx,"colorantes ""alimentos procesados""",Crossref
Linearização de curvas de titulação para determinação da capacidade tamponante da fibra de alimentos em ampla faixa de pH,2010,Acta Scientiarum. Animal Sciences,A_colorantes_mercado_mx,"colorantes ""alimentos procesados""",Crossref
Agir em empresas de pequena e média dimensão para promover a saúde dos trabalhadores: o caso do setor de alimentos e bebidas,2010,Revista Brasileira de Fisioterapia,A_colorantes_mercado_mx,"colorantes ""alimentos procesados""",Crossref
Conhecimento dos manipuladores de alimentos sobre boas práticas nos restaurantes públicos populares do Estado do Rio de Janeiro,2010,BRAZILIAN JOURNAL OF FOOD TECHNOLOGY,A_colorantes_mercado_mx,"colorantes ""alimentos procesados""",Crossref
Revisão:Aminas biogênicas em embutidos cárneos e em outros alimentos,2010,BRAZILIAN JOURNAL OF FOOD TECHNOLOGY,A_colorantes_mercado_mx,"colorantes ""alimentos procesados""",Crossref
Aquisição de açúcar e perfil de macronutrientes na cesta de alimentos adquirida pelas famílias brasileiras (2002-2003),2010,Cadernos de Saúde Pública,A_colorantes_mercado_mx,"colorantes ""alimentos procesados""",Crossref
Avaliação da produção de lipases por diferentes cepas de microrganismos isolados em efluentes de laticínios por fermentação submersa,2010,Ciência e Tecnologia de Alimentos,A_colorantes_mercado_mx,"colorantes ""alimentos procesados""",Crossref
Desempenho do processo de concentração de extratos de própolis por nanofiltração,2010,Ciência e Tecnologia de Alimentos,A_colorantes_mercado_mx,"colorantes ""alimentos procesados""",Crossref
Effect of sugar and water contents on non-expanded cassava flour extrudates,2010,Ciência e Tecnologia de Alimentos,A_colorantes_mercado_mx,"colorantes ""alimentos procesados""",Crossref
Cultivation of microalgae Spirulina platensis (Arthrospira platensis) from biological treatment of swine wastewater,2010,Ciência e Tecnologia de Alimentos,A_colorantes_mercado_mx,"colorantes ""alimentos procesados""",Crossref
Estabilidade de componentes bioativos do suco tropical de goiaba não adoçado obtido pelos processos de enchimento a quente e asséptico,2010,Ciência e Tecnologia de Alimentos,A_colorantes_mercado_mx,"colorantes ""alimentos procesados""",Crossref
Comportamento de cristalização de lipídios estruturados obtidos a partir de gordura do leite e óleo de girassol,2010,Ciência e Tecnologia de Alimentos,A_colorantes_mercado_mx,"colorantes ""alimentos procesados""",Crossref
Carbohydrate composition of ripe pineapple (cv. perola) and the glycemic response in humans,2010,Ciência e Tecnologia de Alimentos,A_colorantes_mercado_mx,"colorantes ""alimentos procesados""",Crossref
Errata,2010,Ciência e Tecnologia de Alimentos,A_colorantes_mercado_mx,"colorantes ""alimentos procesados""",Crossref
Editorial,2010,Ciência e Tecnologia de Alimentos,A_colorantes_mercado_mx,"colorantes ""alimentos procesados""",Crossref
Biotechnological production of bioflavors and functional sugars,2010,Ciência e Tecnologia de Alimentos,A_colorantes_mercado_mx,"colorantes ""alimentos procesados""",Crossref
Avaliação de temperaturas em câmaras frigoríficas de transporte urbano de alimentos resfriados e congelados,2010,Ciência e Tecnologia de Alimentos,A_colorantes_mercado_mx,"colorantes ""alimentos procesados""",Crossref
Volatile compounds in noni (Morinda citrifolia L.) at two ripening stages,2010,Ciência e Tecnologia de Alimentos,A_colorantes_mercado_mx,"colorantes ""alimentos procesados""",Crossref
Purificação de amilases de malte de Zea mays,2010,Ciência e Tecnologia de Alimentos,A_colorantes_mercado_mx,"colorantes ""alimentos procesados""",Crossref
Datos experimentales de la cinética del secado y del modelo matemático para pulpa de cupuaçu (Theobroma grandiflorum) en rodajas,2010,Ciência e Tecnologia de Alimentos,A_colorantes_mercado_mx,"colorantes ""alimentos procesados""",Crossref
Relação entre o comportamento reológico e a dinâmica do congelamento e descongelamento de polpa de morango adicionada de sacarose e pectina,2010,Ciência e Tecnologia de Alimentos,A_colorantes_mercado_mx,"colorantes ""alimentos procesados""",Crossref
Otimização de metodologia colorimétrica para a determinação de ácido ascórbico em geleias de frutas,2010,Ciência e Tecnologia de Alimentos,A_colorantes_mercado_mx,"colorantes ""alimentos procesados""",Crossref
"Discrimination of Brazilian red wines according to the viticultural region, varietal, and winery origin",2010,Ciência e Tecnologia de Alimentos,A_colorantes_mercado_mx,"colorantes ""alimentos procesados""",Crossref
Qualidade do tomate de mesa cultivado nos sistemas convencional e orgânico,2010,Ciência e Tecnologia de Alimentos,A_colorantes_mercado_mx,"colorantes ""alimentos procesados""",Crossref
Fitoesteroles circulantes: biomarcadores de la absorción de los esteroles de la dieta habitual y de adherencia a alimentos suplementados con esteroles vegetales,2010,Actividad Dietética,A_colorantes_mercado_mx,"colorantes ""alimentos procesados""",Crossref
Publicidad de alimentos en la programación de la televisión mexicana: ¿los niños están más expuestos?,2010,Salud Pública de México,A_colorantes_mercado_mx,"colorantes ""alimentos procesados""",Crossref
"Representações iconográficas e literárias da produção de alimentos: espaços, atores e ideologias entre Antiguidade e Idade Média",2010,Revista de Nutrição,A_colorantes_mercado_mx,"colorantes ""alimentos procesados""",Crossref
Bacillus cereus y su implicación en la inocuidad de los alimentos.: Parte I,2010,Revista Cubana de Salud Pública,A_colorantes_mercado_mx,"colorantes ""alimentos procesados""",Crossref
Bacillus cereus y su implicación en la inocuidad de los alimentos.: Parte II,2010,Revista Cubana de Salud Pública,A_colorantes_mercado_mx,"colorantes ""alimentos procesados""",Crossref
A contribuição dos alimentos fortificados na prevenção da anemia ferropriva,2010,Revista Brasileira de Hematologia e Hemoterapia,A_colorantes_mercado_mx,"colorantes ""alimentos procesados""",Crossref
Nuevo Libro en Química y Bioquímica de Alimentos,2010,Información tecnológica,A_colorantes_mercado_mx,"colorantes ""alimentos procesados""",Crossref
ALIMENTOS PROBIÓTICOS EN CHILE: ¿QUÉ CEPAS Y QUÉ PROPIEDADES SALUDABLES?,2010,Revista chilena de nutrición,A_colorantes_mercado_mx,"colorantes ""alimentos procesados""",Crossref
"DETERMINACIÓN DEL CONTENIDO DE GLIADINAS EN ALIMENTOS ELABORADOS CON AMARANTO, QUÍNOA Y/O CHÍA",2010,Revista chilena de nutrición,A_colorantes_mercado_mx,"colorantes ""alimentos procesados""",Crossref
"DIFERENCIAS ÉTNICAS Y DE ACULTURACIÓN EN EL CONSUMO DE ALIMENTOS EN LA REGIÓN DE LA ARAUCANIA, CHILE",2010,Revista chilena de nutrición,A_colorantes_mercado_mx,"colorantes ""alimentos procesados""",Crossref
Abrangência do requisito segurança em certificados de qualidade da cadeia produtiva de alimentos no Brasil,2010,Gestão &amp; Produção,A_colorantes_mercado_mx,"colorantes ""alimentos procesados""",Crossref
O impacto da fortificação de alimentos na prevenção da deficiência de ferro,2010,Revista Brasileira de Hematologia e Hemoterapia,A_colorantes_mercado_mx,"colorantes ""alimentos procesados""",Crossref
Escravidão africana na produção de alimentos. São Paulo no século 19,2010,Estudos Econômicos (São Paulo),A_colorantes_mercado_mx,"colorantes ""alimentos procesados""",Crossref
Influence of food components on lipid metabolism: scenarios and perspective on the control and prevention of dyslipidemias,2010,Ciência e Tecnologia de Alimentos,A_colorantes_mercado_mx,"colorantes ""alimentos procesados""",Crossref
Identificação de Aspergillus spp: toxigênico em arroz,2010,Ciência e Tecnologia de Alimentos,A_colorantes_mercado_mx,"colorantes ""alimentos procesados""",Crossref
Propiedades termofísicas del jugo concentrado de lulo a temperaturas por encima del punto de congelación,2010,Ciência e Tecnologia de Alimentos,A_colorantes_mercado_mx,"colorantes ""alimentos procesados""",Crossref
"Queijo tipo minas frescal com derivados de soja: características físicas, químicas e sensoriais",2010,Ciência e Tecnologia de Alimentos,A_colorantes_mercado_mx,"colorantes ""alimentos procesados""",Crossref
Análise sensorial de músculo de mapará com e sem tratamento osmótico,2010,Ciência e Tecnologia de Alimentos,A_colorantes_mercado_mx,"colorantes ""alimentos procesados""",Crossref
Padrões de identidade e qualidade de fermentados acéticos comerciais de frutas e vegetais,2010,Ciência e Tecnologia de Alimentos,A_colorantes_mercado_mx,"colorantes ""alimentos procesados""",Crossref
"Cultivar, harvest year, and storage conditions affecting nutritional quality of common beans (Phaseolus vulgaris L.",2010,Ciência e Tecnologia de Alimentos,A_colorantes_mercado_mx,"colorantes ""alimentos procesados""",Crossref
Óleo essencial de orégano: interferência da composição química na atividade frente a Salmonella Enteritidis,2010,Ciência e Tecnologia de Alimentos,A_colorantes_mercado_mx,"colorantes ""alimentos procesados""",Crossref
Extração da lectina da folha de mandioca (Manihot esculenta Crantz) e o efeito de cátions divalentes na atividade hemaglutinante,2010,Ciência e Tecnologia de Alimentos,A_colorantes_mercado_mx,"colorantes ""alimentos procesados""",Crossref
Qualidade microbiológica e produtividade de alface sob adubação química e orgânica,2010,Ciência e Tecnologia de Alimentos,A_colorantes_mercado_mx,"colorantes ""alimentos procesados""",Crossref
Avaliação e caracterização da qualidade da carne de peito (Pectoralis major) de matrizes pesadas em final de ciclo produtivo,2010,Ciência e Tecnologia de Alimentos,A_colorantes_mercado_mx,"colorantes ""alimentos procesados""",Crossref
"Chá verde brasileiro (Camellia sinensis var assamica): efeitos do tempo de infusão, acondicionamento da erva e forma de preparo sobre a eficiência de extração dos bioativos e sobre a estabilidade da bebida",2010,Ciência e Tecnologia de Alimentos,A_colorantes_mercado_mx,"colorantes ""alimentos procesados""",Crossref
Componentes antinutricionais e digestibilidade proteica em sementes de abóbora (Cucurbita maxima) submetidas a diferentes processamentos,2010,Ciência e Tecnologia de Alimentos,A_colorantes_mercado_mx,"colorantes ""alimentos procesados""",Crossref
(E)-2-Nonenal determination in brazilian beers using headspace solid-phase microextraction and gas chromatographic coupled mass spectrometry (HS-SPME-GC-MS),2010,Ciência e Tecnologia de Alimentos,A_colorantes_mercado_mx,"colorantes ""alimentos procesados""",Crossref
Influencia de la deshidratación osmótica y de la adición de cloruro de calcio en la conservación de kivis minimamente procesados,2010,Ciência e Tecnologia de Alimentos,A_colorantes_mercado_mx,"colorantes ""alimentos procesados""",Crossref
Propriedades físicas de substitutos do cacau,2010,Ciência e Tecnologia de Alimentos,A_colorantes_mercado_mx,"colorantes ""alimentos procesados""",Crossref
Comparison of phenol content and antioxidant capacity of nuts,2010,Ciência e Tecnologia de Alimentos,A_colorantes_mercado_mx,"colorantes ""alimentos procesados""",Crossref
"Processing of Brazil-nut flour: characterization, thermal and morphological analysis",2010,Ciência e Tecnologia de Alimentos,A_colorantes_mercado_mx,"colorantes ""alimentos procesados""",Crossref
Aspectos da composição química e aceitação sensorial da aguardente de cana-de-açúcar envelhecida em tonéis de diferentes madeiras,2010,Ciência e Tecnologia de Alimentos,A_colorantes_mercado_mx,"colorantes ""alimentos procesados""",Crossref
Avaliação tecnológica de biscoitos tipo cookie com variações nos teores de lipídio e de açúcar,2010,Ciência e Tecnologia de Alimentos,A_colorantes_mercado_mx,"colorantes ""alimentos procesados""",Crossref
Quantificação de vitamina C e capacidade antioxidante de variedades cítricas,2010,Ciência e Tecnologia de Alimentos,A_colorantes_mercado_mx,"colorantes ""alimentos procesados""",Crossref
Validação de método para determinação de resíduos de agrotóxicos em tomate: uma experiência laboratorial,2010,Ciência e Tecnologia de Alimentos,A_colorantes_mercado_mx,"colorantes ""alimentos procesados""",Crossref
Influência de taninos enológicos em diferentes dosagens e épocas distintas de aplicação nas características físico-químicas do vinho Cabernet Sauvignon,2010,Ciência e Tecnologia de Alimentos,A_colorantes_mercado_mx,"colorantes ""alimentos procesados""",Crossref
Influência da fermentação e secagem de amêndoas de cacau no teor de compostos fenólicos e na aceitação sensorial,2010,Ciência e Tecnologia de Alimentos,A_colorantes_mercado_mx,"colorantes ""alimentos procesados""",Crossref
"Antocianinas, ácido ascórbico, polifenoles totales y actividad antioxidante, en la cáscara de camu-camu (Myrciaria dubia (H.B.K) McVaugh)",2010,Ciência e Tecnologia de Alimentos,A_colorantes_mercado_mx,"colorantes ""alimentos procesados""",Crossref
Salame tipo italiano elaborado com culturas starters nativas,2010,Ciência e Tecnologia de Alimentos,A_colorantes_mercado_mx,"colorantes ""alimentos procesados""",Crossref
Nutrientes e propriedades funcionais em sementes de abóbora (Cucurbita maxima) submetidas a diferentes processamentos,2010,Ciência e Tecnologia de Alimentos,A_colorantes_mercado_mx,"colorantes ""alimentos procesados""",Crossref
Verificação intralaboratorial da performance obtida em método de determinação de ocratoxina A por purificação em coluna de imunoafinidade e cromatografia líquida de alta eficiência usando café,2010,Ciência e Tecnologia de Alimentos,A_colorantes_mercado_mx,"colorantes ""alimentos procesados""",Crossref
Concentração e retenção do selênio em peixes marinhos,2010,Ciência e Tecnologia de Alimentos,A_colorantes_mercado_mx,"colorantes ""alimentos procesados""",Crossref
Segurança alimentar de hortaliças orgânicas: aspectos sanitários e nutricionais,2010,Ciência e Tecnologia de Alimentos,A_colorantes_mercado_mx,"colorantes ""alimentos procesados""",Crossref
Determinação de aflatoxina B1 em rações e aflatoxina M1 no leite de propriedades do Estado de São Paulo,2010,Ciência e Tecnologia de Alimentos,A_colorantes_mercado_mx,"colorantes ""alimentos procesados""",Crossref
Psychophysical estimation of acid intensity and determination of sweet-acid interaction in a fish paste containing glycerol,2010,Ciência e Tecnologia de Alimentos,A_colorantes_mercado_mx,"colorantes ""alimentos procesados""",Crossref
Evaluation of the quality of a molded sweet biscuit enriched with okara flour,2010,Ciência e Tecnologia de Alimentos,A_colorantes_mercado_mx,"colorantes ""alimentos procesados""",Crossref
Alimentos utilizados ao longo da história para nutrir lactentes,2010,Jornal de Pediatria,A_colorantes_mercado_mx,"colorantes ""alimentos procesados""",Crossref
Tratamiento dietético integrador de las intolerancias alimentarias y alergias a los alimentos,2010,Revista Internacional de Acupuntura,A_colorantes_mercado_mx,"colorantes ""alimentos procesados""",Crossref
Calidad nutricional de los alimentos ecológicos: una revisión sistemática,2010,Revista Internacional de Acupuntura,A_colorantes_mercado_mx,"colorantes ""alimentos procesados""",Crossref
Traditional plants as source of functional foods: a review Plantas tradicionales como fuente de alimentos funcionales: una revisión,2010,CyTA - Journal of Food,A_colorantes_mercado_mx,"colorantes ""alimentos procesados""",Crossref
O consumo de sal e alimentos ricos em sódio pode influenciar na pressão arterial das crianças?,2010,Ciência &amp; Saúde Coletiva,A_colorantes_mercado_mx,"colorantes ""alimentos procesados""",Crossref
Alimentos tratados por alta presión. Aspectos nutricionales,2010,Actividad Dietética,A_colorantes_mercado_mx,"colorantes ""alimentos procesados""",Crossref
Valores de aminoácidos digestíveis de alimentos para aves,2010,Revista Brasileira de Zootecnia,A_colorantes_mercado_mx,"colorantes ""alimentos procesados""",Crossref
Detecção de genes do cluster egc em Staphylococcus aureus isolados de alimentos de origem animal,2010,Ciência Rural,A_colorantes_mercado_mx,"colorantes ""alimentos procesados""",Crossref
Coeficientes de digestibilidade aparente de alimentos energéticos para juvenis de surubim,2010,Revista Brasileira de Zootecnia,A_colorantes_mercado_mx,"colorantes ""alimentos procesados""",Crossref
Análise sensorial de caldos e canjas elaborados com farinha de carcaças de peixe defumadas: aplicação na merenda escolar,2010,Ciência e Tecnologia de Alimentos,A_colorantes_mercado_mx,"colorantes ""alimentos procesados""",Crossref
Ciclo de vida de Proprioseiopsis cannaensis (Muma) (Acari: Phytoseiidae) com diferentes tipos de alimentos,2010,Neotropical Entomology,A_colorantes_mercado_mx,"colorantes ""alimentos procesados""",Crossref
Validação de método analítico para determinar a migração de ε-caprolactama das embalagens para alimentos gordurosos,2010,Química Nova,A_colorantes_mercado_mx,"colorantes ""alimentos procesados""",Crossref
Perfil sensorial e aceitação de bebida láctea achocolatada,2010,Ciência e Tecnologia de Alimentos,A_colorantes_mercado_mx,"colorantes ""alimentos procesados""",Crossref
Atividade antimicrobiana e antioxidante do óleo essencial de ho-sho (Cinnamomum camphora Ness e Eberm Var. Linaloolifera fujita),2010,Ciência e Tecnologia de Alimentos,A_colorantes_mercado_mx,"colorantes ""alimentos procesados""",Crossref
Influência dos compostos nitrogenados na concentração de proteína da cianobactéria Aphanothece microscopica Nägeli,2010,Ciência e Tecnologia de Alimentos,A_colorantes_mercado_mx,"colorantes ""alimentos procesados""",Crossref
Estabilidade oxidativa e sensorial de farinhas de trigo e fubá irradiados,2010,Ciência e Tecnologia de Alimentos,A_colorantes_mercado_mx,"colorantes ""alimentos procesados""",Crossref
Método acelerado de processamento de presunto cru,2010,Ciência e Tecnologia de Alimentos,A_colorantes_mercado_mx,"colorantes ""alimentos procesados""",Crossref
Coloração de cortes cozidos de frangos alimentados com urucum,2010,Ciência e Tecnologia de Alimentos,A_colorantes_mercado_mx,"colorantes ""alimentos procesados""",Crossref
Concentrações salinas combinadas com tempos de hidratação: efeito no tempo de cocção em feijão,2010,Ciência e Tecnologia de Alimentos,A_colorantes_mercado_mx,"colorantes ""alimentos procesados""",Crossref
Influence of chitosan addition on quality properties of vacuum-packaged pork sausages,2010,Ciência e Tecnologia de Alimentos,A_colorantes_mercado_mx,"colorantes ""alimentos procesados""",Crossref
Chemical composition of five loquat cultivars planted in Brazil,2010,Ciência e Tecnologia de Alimentos,A_colorantes_mercado_mx,"colorantes ""alimentos procesados""",Crossref
Interação de polifenóis e proteínas e o efeito na digestibilidade proteica de feijão comum (Phaseolus vulgaris L.) cultivar Pérola,2010,Ciência e Tecnologia de Alimentos,A_colorantes_mercado_mx,"colorantes ""alimentos procesados""",Crossref
A influência de coberturas comestíveis na aceitação sensorial e intenção de compra de bolos de chocolate,2010,Ciência e Tecnologia de Alimentos,A_colorantes_mercado_mx,"colorantes ""alimentos procesados""",Crossref
"Avaliação da sensibilidade de cepas de Escherichia coli isoladas de mexilhões (Perna perna linnaeus, 1758) à antimicrobianos",2010,Ciência e Tecnologia de Alimentos,A_colorantes_mercado_mx,"colorantes ""alimentos procesados""",Crossref
Efeito sazonal sobre os ácidos graxos e colesterol do polvo Octopus vulgaris Cuvier 1797,2010,Ciência e Tecnologia de Alimentos,A_colorantes_mercado_mx,"colorantes ""alimentos procesados""",Crossref
Association between aflatoxin and aflatoxigenic fungi in Brazil nut (Bertholletia excelsa H.B.K.),2010,Ciência e Tecnologia de Alimentos,A_colorantes_mercado_mx,"colorantes ""alimentos procesados""",Crossref
Sensory analysis of hydrolysed meat preparations,2010,Ciência e Tecnologia de Alimentos,A_colorantes_mercado_mx,"colorantes ""alimentos procesados""",Crossref
Microorganisms screening for limonene oxidation,2010,Ciência e Tecnologia de Alimentos,A_colorantes_mercado_mx,"colorantes ""alimentos procesados""",Crossref
Propriedades físicas e sensoriais da carne de cordeiros Santa Inês terminados em dietas com diferentes níveis de caroço de algodão integral (Gossypium hirsutum),2010,Ciência e Tecnologia de Alimentos,A_colorantes_mercado_mx,"colorantes ""alimentos procesados""",Crossref
Effects of grilling on cholesterol oxide formation and fatty acids alterations in fish,2010,Ciência e Tecnologia de Alimentos,A_colorantes_mercado_mx,"colorantes ""alimentos procesados""",Crossref
"Bolos simples elaborados com farinha da entrecasca de melancia (Citrullus vulgaris, sobral): avaliação química, fisica e sensorial",2010,Ciência e Tecnologia de Alimentos,A_colorantes_mercado_mx,"colorantes ""alimentos procesados""",Crossref
Avaliação físico-química e sensorial de bebidas com diferentes proporções de extratos de soja e de arroz,2010,Ciência e Tecnologia de Alimentos,A_colorantes_mercado_mx,"colorantes ""alimentos procesados""",Crossref
Inativação bacteriana e sensorialidade em bebidas formuladas a partir de extrato reconstituído de Ocimum gratissimum L. (Alfavaca) - Labiatae - (Lamiaceae),2010,Ciência e Tecnologia de Alimentos,A_colorantes_mercado_mx,"colorantes ""alimentos procesados""",Crossref
Preparação de um material de referência certificado para controle de agrotóxicos em hortifrutigranjeiros: estudo da homogeneidade,2010,Ciência e Tecnologia de Alimentos,A_colorantes_mercado_mx,"colorantes ""alimentos procesados""",Crossref
Adição de extratos de Ginkgo biloba e Panax ginseng em néctares mistos de frutas tropicais,2010,Ciência e Tecnologia de Alimentos,A_colorantes_mercado_mx,"colorantes ""alimentos procesados""",Crossref
Rheological and structural evaluations of commercial italian salad dressings,2010,Ciência e Tecnologia de Alimentos,A_colorantes_mercado_mx,"colorantes ""alimentos procesados""",Crossref
Drying of sicilian lemon residue: influence of process variables on the evaluation of the dietary fiber produced,2010,Ciência e Tecnologia de Alimentos,A_colorantes_mercado_mx,"colorantes ""alimentos procesados""",Crossref
Experimental results and modeling of poultry carcass cooling by water immersion,2010,Ciência e Tecnologia de Alimentos,A_colorantes_mercado_mx,"colorantes ""alimentos procesados""",Crossref
"Produção de protoplastos e lise da parede celular de leveduras utilizando β-1,3 glucanase",2010,Ciência e Tecnologia de Alimentos,A_colorantes_mercado_mx,"colorantes ""alimentos procesados""",Crossref
Preparação de um material de referência certificado para controle de agrotóxicos em hortifrutigranjeiros: estudo da estabilidade,2010,Ciência e Tecnologia de Alimentos,A_colorantes_mercado_mx,"colorantes ""alimentos procesados""",Crossref
Desenvolvimento de uma salada de frutas: da pesquisa de mercado à tecnologia de alimentos,2010,Ciência e Tecnologia de Alimentos,A_colorantes_mercado_mx,"colorantes ""alimentos procesados""",Crossref
Potencial antioxidante de extratos de sementes de limão (Citrus limon),2010,Ciência e Tecnologia de Alimentos,A_colorantes_mercado_mx,"colorantes ""alimentos procesados""",Crossref
Atividade antioxidante e teor de fenólicos totais em hortaliças orgânicas e convencionais,2010,Ciência e Tecnologia de Alimentos,A_colorantes_mercado_mx,"colorantes ""alimentos procesados""",Crossref
Calcium bioavailability of raw and extruded amaranth grains,2010,Ciência e Tecnologia de Alimentos,A_colorantes_mercado_mx,"colorantes ""alimentos procesados""",Crossref
Sensory evaluation of rice fortified with iron,2010,Ciência e Tecnologia de Alimentos,A_colorantes_mercado_mx,"colorantes ""alimentos procesados""",Crossref
"Microbiological quality of hamburgers sold in the streets of Cuiabá - MT, Brazil and vendor hygiene-awareness",2010,Ciência e Tecnologia de Alimentos,A_colorantes_mercado_mx,"colorantes ""alimentos procesados""",Crossref
Polyphenoloxidase and peroxidase in avocado pulp (Persea americana Mill.),2010,Ciência e Tecnologia de Alimentos,A_colorantes_mercado_mx,"colorantes ""alimentos procesados""",Crossref
Pré-hidrólise enzimática da gordura de efluente da indústria de pescado objetivando o aumento da produção de metano,2010,Ciência e Tecnologia de Alimentos,A_colorantes_mercado_mx,"colorantes ""alimentos procesados""",Crossref
Comparative antiproliferation of human prostate cancer cells by ethanolic extracts of two groups of Brazilian propolis,2010,Ciência e Tecnologia de Alimentos,A_colorantes_mercado_mx,"colorantes ""alimentos procesados""",Crossref
Effect of enzymatic hydrolysis on some physicochemical properties of root and tuber granular starches,2010,Ciência e Tecnologia de Alimentos,A_colorantes_mercado_mx,"colorantes ""alimentos procesados""",Crossref
"Pelas ruas, de porta em porta. Verdureiros, quitandeiras e o comércio ambulante de alimentos em Campinas na passagem do império à república",2010,Revista de História Regional,A_colorantes_mercado_mx,"colorantes ""alimentos procesados""",Crossref
A piscicultura e o ambiente: o uso de alimentos ambientalmente corretos em piscicultura,2010,Revista Brasileira de Zootecnia,A_colorantes_mercado_mx,"colorantes ""alimentos procesados""",Crossref
Projeto e construção de reômetro capilar para caracterização de alimentos para animais,2010,Ciência Rural,A_colorantes_mercado_mx,"colorantes ""alimentos procesados""",Crossref
"Revisão sistemática destaca as nozes e as sementes comestíveis, em especial a amêndoa de baru, nativa do Cerrado brasileiro, como alimentos ricos em compostos benéficos à saúde",2010,Revista de Nutrição,A_colorantes_mercado_mx,"colorantes ""alimentos procesados""",Crossref
Excesso de sódio e déficit de ferro em alimentos de transição,2010,Jornal de Pediatria,A_colorantes_mercado_mx,"colorantes ""alimentos procesados""",Crossref
Determinantes en la elección del tipo de combustible para cocción de alimentos en asentamientos humanos,2010,Encuentro,A_colorantes_mercado_mx,"colorantes ""alimentos procesados""",Crossref
Avaliação sensorial de produtos panificados com adição de farinha de bagaço de maçã,2010,Ciência e Tecnologia de Alimentos,A_colorantes_mercado_mx,"colorantes ""alimentos procesados""",Crossref
Efeito da concentração de fibra e parâmetros operacionais de extrusão sobre as propriedades de pasta de misturas de fécula de mandioca e polpa cítrica,2010,Ciência e Tecnologia de Alimentos,A_colorantes_mercado_mx,"colorantes ""alimentos procesados""",Crossref
Identificação do potencial amilolítico de linhagens mutantes do fungo filamentoso Aspergillus nidulans,2010,Ciência e Tecnologia de Alimentos,A_colorantes_mercado_mx,"colorantes ""alimentos procesados""",Crossref
Desenvolvimento de misturas instantâneas de mandioca e caseína: efeito do teor de proteína e parâmetros de extrusão sobre a viscosidade,2010,Ciência e Tecnologia de Alimentos,A_colorantes_mercado_mx,"colorantes ""alimentos procesados""",Crossref
Obtention and characterization of gluten-free baked products,2010,Ciência e Tecnologia de Alimentos,A_colorantes_mercado_mx,"colorantes ""alimentos procesados""",Crossref
Study of clarification process of sugar cane juice for consumption,2010,Ciência e Tecnologia de Alimentos,A_colorantes_mercado_mx,"colorantes ""alimentos procesados""",Crossref
Perfil sensorial de bolos de chocolate formulados com farinha de yacon (Smallanthus sonchifolius),2010,Ciência e Tecnologia de Alimentos,A_colorantes_mercado_mx,"colorantes ""alimentos procesados""",Crossref
"Caracterização física, química e sensorial de cookies confeccionados com farinha de talo de couve (FTC) e farinha de talo de espinafre (FTE) ricas em fibra alimentar",2010,Ciência e Tecnologia de Alimentos,A_colorantes_mercado_mx,"colorantes ""alimentos procesados""",Crossref
β-carotene biotransformation to obtain aroma compounds,2010,Ciência e Tecnologia de Alimentos,A_colorantes_mercado_mx,"colorantes ""alimentos procesados""",Crossref
Atraso no amadurecimento de atemoia cv. African Pride após tratamento pós-colheita com 1-metilciclopropeno,2010,Ciência e Tecnologia de Alimentos,A_colorantes_mercado_mx,"colorantes ""alimentos procesados""",Crossref
Avaliação da metodologia microbiológica para determinação de 5-metiltetrahidrofolato em suco de caju (Anacardium occidentale L.),2010,Ciência e Tecnologia de Alimentos,A_colorantes_mercado_mx,"colorantes ""alimentos procesados""",Crossref
Opiniões e atitudes dos consumidores em relação a embalagens e rótulos de cachaça,2010,Ciência e Tecnologia de Alimentos,A_colorantes_mercado_mx,"colorantes ""alimentos procesados""",Crossref
"Avaliação da atividade antifúngica de extratos fenólicos de cebola, farelo de arroz e microalga Chlorella phyrenoidosa",2010,Ciência e Tecnologia de Alimentos,A_colorantes_mercado_mx,"colorantes ""alimentos procesados""",Crossref
Processamento e estudo da estabilidade de pasta de pequi (Caryocar brasiliense),2010,Ciência e Tecnologia de Alimentos,A_colorantes_mercado_mx,"colorantes ""alimentos procesados""",Crossref
"Reflexos da utilização de farelo de coco sobre o valor nutricional do filé de tilápia-do-nilo (Oreochromis niloticus Linnaeus, 1857)",2010,Ciência e Tecnologia de Alimentos,A_colorantes_mercado_mx,"colorantes ""alimentos procesados""",Crossref
Utilização do Intron Splice Site primer EI-1 na discriminação de leveduras contaminantes do processo de fermentação alcoólica,2010,Ciência e Tecnologia de Alimentos,A_colorantes_mercado_mx,"colorantes ""alimentos procesados""",Crossref
Avaliação físico-química e microbiológica da carne soleada do Pantanal,2010,Ciência e Tecnologia de Alimentos,A_colorantes_mercado_mx,"colorantes ""alimentos procesados""",Crossref
Origanum vulgare L. essential oil as inhibitor of potentially toxigenic Aspergilli,2010,Ciência e Tecnologia de Alimentos,A_colorantes_mercado_mx,"colorantes ""alimentos procesados""",Crossref
"Desenvolvimento e caracterização de queijo tipo petit suisse de soja comum e de soja livre de lipoxigenase, enriquecidos com cálcio",2010,Ciência e Tecnologia de Alimentos,A_colorantes_mercado_mx,"colorantes ""alimentos procesados""",Crossref
Inhibitory effect of the essential oil from Cinnamomum zeylanicum Blume leaves on some food-related bacteria,2010,Ciência e Tecnologia de Alimentos,A_colorantes_mercado_mx,"colorantes ""alimentos procesados""",Crossref
Análise da hidratação do arroz na parboilização,2010,Ciência e Tecnologia de Alimentos,A_colorantes_mercado_mx,"colorantes ""alimentos procesados""",Crossref
Propriedades físicas e químicas do mel de Apis mellifera L,2010,Ciência e Tecnologia de Alimentos,A_colorantes_mercado_mx,"colorantes ""alimentos procesados""",Crossref
"Avaliação do uso da casca do fruto e das folhas de Caesalpinia ferrea Martius como suplemento nutricional de Fe, Mn e Zn",2010,Ciência e Tecnologia de Alimentos,A_colorantes_mercado_mx,"colorantes ""alimentos procesados""",Crossref
Effects of different concentrations of passion fruit peel (Passiflora edulis) on the glicemic control in diabetic rat,2010,Ciência e Tecnologia de Alimentos,A_colorantes_mercado_mx,"colorantes ""alimentos procesados""",Crossref
Microbiological and physicochemical evaluations of juice extracted from different parts of sugar cane stalks from three varieties cultivated under organic management,2010,Ciência e Tecnologia de Alimentos,A_colorantes_mercado_mx,"colorantes ""alimentos procesados""",Crossref
"Effect of wheat flour protein variations on sensory attributes, texture and staling of Taftoon bread",2010,Ciência e Tecnologia de Alimentos,A_colorantes_mercado_mx,"colorantes ""alimentos procesados""",Crossref
Brazilian cerrado antioxidant sources: cytotoxicity and phototoxicity in vitro,2010,Ciência e Tecnologia de Alimentos,A_colorantes_mercado_mx,"colorantes ""alimentos procesados""",Crossref
Clarification of pineapple juice by microfiltration,2010,Ciência e Tecnologia de Alimentos,A_colorantes_mercado_mx,"colorantes ""alimentos procesados""",Crossref
Partial characterization and inactivation of peroxidases and polyphenol-oxidases of umbu-cajá (Spondias spp.),2010,Ciência e Tecnologia de Alimentos,A_colorantes_mercado_mx,"colorantes ""alimentos procesados""",Crossref
Stability studies and shelf life estimation of a soy-based dessert,2010,Ciência e Tecnologia de Alimentos,A_colorantes_mercado_mx,"colorantes ""alimentos procesados""",Crossref
El derecho a comer: Los alimentos como bien público global,2010,Arbor,A_colorantes_mercado_mx,"colorantes ""alimentos procesados""",Crossref
LA EXPERIENCIA JAPONESA CON LOS ALIMENTOS FOSHU: ¿LOS VERDADEROS ALIMENTOS FUNCIONALES?,2010,Revista chilena de nutrición,A_colorantes_mercado_mx,"colorantes ""alimentos procesados""",Crossref
"Development and chemical characterization of flour obtained from the external mesocarp of ""pequizeiro"" fruit",2010,Ciência e Tecnologia de Alimentos,A_colorantes_mercado_mx,"colorantes ""alimentos procesados""",Crossref
"Renda familiar, preço de alimentos e aquisição domiciliar de frutas e hortaliças no Brasil",2010,Revista de Saúde Pública,A_colorantes_mercado_mx,"colorantes ""alimentos procesados""",Crossref
Nova metodologia para interpretação de dados de análise sensorial de alimentos,2010,Engenharia Agrícola,A_colorantes_mercado_mx,"colorantes ""alimentos procesados""",Crossref
Mutações no Nordeste brasileiro: reflexão sobre a produção de alimentos e a fome na contemporaneidade,2010,Confins,A_colorantes_mercado_mx,"colorantes ""alimentos procesados""",Crossref
Posibles mejoras para paliar el hambre mediante el Banco de Alimentos de Mendoza,2010,Revista Española de Nutrición Comunitaria,A_colorantes_mercado_mx,"colorantes ""alimentos procesados""",Crossref
"Estimación del contenido de hierro, ácido fólico, tiamina, riboflavina y niacina en alimentos elaborados con harina de trigo enriquecida",2010,Revista Española de Nutrición Comunitaria,A_colorantes_mercado_mx,"colorantes ""alimentos procesados""",Crossref
Análisis de la publicidad de alimentos orientada a niños y adolescentes en canales chilenos de televisión abierta,2010,Revista Española de Nutrición Comunitaria,A_colorantes_mercado_mx,"colorantes ""alimentos procesados""",Crossref
Contaminação microbiológica de alimentos comercializados em restaurantes de auto-serviço de Itumbiara-GO,2010,Biotemas,A_colorantes_mercado_mx,"colorantes ""alimentos procesados""",Crossref
Principio de incertidumbre en los alimentos,2010,Anales de la Universidad de Chile,A_colorantes_mercado_mx,"colorantes ""alimentos procesados""",Crossref
Alimentos transgénicos,2010,Anales de la Universidad de Chile,A_colorantes_mercado_mx,"colorantes ""alimentos procesados""",Crossref
Riesgos por el uso de agroquímicos y medicamentos en la producción de alimentos,2010,Anales de la Universidad de Chile,A_colorantes_mercado_mx,"colorantes ""alimentos procesados""",Crossref
"Seguridad alimentaria, necesidad de implementar técnicas modernas de análisis de xenobióticos en alimentos",2010,Anales de la Universidad de Chile,A_colorantes_mercado_mx,"colorantes ""alimentos procesados""",Crossref
El sistema HACCP y su importancia en la inocuidad de los alimentos,2010,Anales de la Universidad de Chile,A_colorantes_mercado_mx,"colorantes ""alimentos procesados""",Crossref
Valor nutricional de los hidratos de carbono de los alimentos: integración de los estudios químicos y biológicos,2010,Anales de la Universidad de Chile,A_colorantes_mercado_mx,"colorantes ""alimentos procesados""",Crossref
Los alimentos callejeros garantía de la calidad e inocuidad de ellos,2010,Anales de la Universidad de Chile,A_colorantes_mercado_mx,"colorantes ""alimentos procesados""",Crossref
La microbiología y los alimentos,2010,Anales de la Universidad de Chile,A_colorantes_mercado_mx,"colorantes ""alimentos procesados""",Crossref
Comparación de medios de cultivo para aislamiento y recuento de Staphilococcus Aureus en alimentos,2010,Avances en Ciencias Veterinarias,A_colorantes_mercado_mx,"colorantes ""alimentos procesados""",Crossref
Enfermedades transmitidas por los alimentos: Análisis del riesgo microbiológico,2010,Revista chilena de infectología,A_colorantes_mercado_mx,"colorantes ""alimentos procesados""",Crossref
"Validação de indicadores do consumo de alimentos e bebidas obtidos por inquérito telefônico em Belém, Pará, Brasil",2010,Cadernos de Saúde Pública,A_colorantes_mercado_mx,"colorantes ""alimentos procesados""",Crossref
Multicomponent diffusion during Prato cheese ripening: mathematical modeling using the finite element method,2010,Ciência e Tecnologia de Alimentos,A_colorantes_mercado_mx,"colorantes ""alimentos procesados""",Crossref
Head Space Solid Phase Micro-Extraction (HS - SPME) of volatile organic compounds produced by Sporidiobolus salmonicolor (CBS 2636),2010,Ciência e Tecnologia de Alimentos,A_colorantes_mercado_mx,"colorantes ""alimentos procesados""",Crossref
"Análise da produção acadêmica em vigilância sanitária de alimentos, 1993-2007",2010,Revista de Saúde Pública,A_colorantes_mercado_mx,"colorantes ""alimentos procesados""",Crossref
Editorial,2010,Ciência e Tecnologia de Alimentos,A_colorantes_mercado_mx,"colorantes ""alimentos procesados""",Crossref
"Composição de esteróis e ácidos graxos de ostras (Crassostrea gigas) cultivadas em Florianópolis - SC, em duas estações do ano",2010,Ciência e Tecnologia de Alimentos,A_colorantes_mercado_mx,"colorantes ""alimentos procesados""",Crossref
Chocolate rheology,2010,Ciência e Tecnologia de Alimentos,A_colorantes_mercado_mx,"colorantes ""alimentos procesados""",Crossref
Diversidade genética para a padronização do tempo e percentual de hidratação preliminar ao teste de cocção de grãos de feijão,2010,Ciência e Tecnologia de Alimentos,A_colorantes_mercado_mx,"colorantes ""alimentos procesados""",Crossref
Evaluation of the in vitro glycemic index of a fiber-rich extruded breakfast cereal produced with organic passion fruit fiber and corn flour,2010,Ciência e Tecnologia de Alimentos,A_colorantes_mercado_mx,"colorantes ""alimentos procesados""",Crossref
Sensory evaluation and nutritional value of cakes prepared with whole flaxseed flour,2010,Ciência e Tecnologia de Alimentos,A_colorantes_mercado_mx,"colorantes ""alimentos procesados""",Crossref
Incerteza em resultados analíticos e verificação de conformidade de qualidade de alimentos,2010,Ciência e Tecnologia de Alimentos,A_colorantes_mercado_mx,"colorantes ""alimentos procesados""",Crossref
"Study of carbohydrates present in the cladodes of Opuntia ficus-indica (fodder palm), according to age and season",2010,Ciência e Tecnologia de Alimentos,A_colorantes_mercado_mx,"colorantes ""alimentos procesados""",Crossref
"Caracterização física e química da casca e polpa de jambo vermelho (Syzygium malaccensis, (L.) Merryl &amp; Perry)",2010,Ciência e Tecnologia de Alimentos,A_colorantes_mercado_mx,"colorantes ""alimentos procesados""",Crossref
"Fatty acids, cholesterol, oxidative rancidity, and color of irradiated shrimp",2010,Ciência e Tecnologia de Alimentos,A_colorantes_mercado_mx,"colorantes ""alimentos procesados""",Crossref
"Colour, phenolic content and antioxidant activity of grape juice",2010,Ciência e Tecnologia de Alimentos,A_colorantes_mercado_mx,"colorantes ""alimentos procesados""",Crossref
Microbial profile of a kefir sample preparations: grains in natura and lyophilized and fermented suspension,2010,Ciência e Tecnologia de Alimentos,A_colorantes_mercado_mx,"colorantes ""alimentos procesados""",Crossref
Elongated cells of Listeria monocytogenes in biofilms in the presence of sucrose and bacteriocin-producing Leuconostoc mesenteroides A11,2010,Ciência e Tecnologia de Alimentos,A_colorantes_mercado_mx,"colorantes ""alimentos procesados""",Crossref
Effect of drying method on the adsorption isotherms and isosteric heat of passion fruit pulp powder,2010,Ciência e Tecnologia de Alimentos,A_colorantes_mercado_mx,"colorantes ""alimentos procesados""",Crossref
Response of Grassland Birds in Sand Shinnery Oak Communities Restored Using Tebuthiuron and Grazing in Eastern New Mexico,2010,Restoration Ecology,A_colorantes_mercado_mx,colorantes etiquetado Mexico,Crossref
Microstructures of structure I and II gas hydrates from the Gulf of Mexico,2010,Marine and Petroleum Geology,A_colorantes_mercado_mx,colorantes etiquetado Mexico,Crossref
Service use among Mexico City adolescents with suicidality,2010,Journal of Affective Disorders,A_colorantes_mercado_mx,colorantes etiquetado Mexico,Crossref
Emergence of Pseudomonas aeruginosa strains producing metallo-β-lactamases of the IMP-15 and VIM-2 types in Mexico,2010,Clinical Microbiology and Infection,A_colorantes_mercado_mx,colorantes etiquetado Mexico,Crossref
"Intense diurnal surface currents in the Bay of La Paz, Mexico",2010,Continental Shelf Research,A_colorantes_mercado_mx,colorantes etiquetado Mexico,Crossref
"American Medical Society for Sports Medicine 19th Annual Meeting, Cancun, Mexico April 17-21, 2010",2010,Clinical Journal of Sport Medicine,A_colorantes_mercado_mx,colorantes etiquetado Mexico,Crossref
Small versus large retail stores in an emerging market—Mexico,2010,Journal of Business Research,A_colorantes_mercado_mx,colorantes etiquetado Mexico,Crossref
Fluoroquinolone resistance in clinical and environmental isolates of Escherichia coli in Mexico City,2010,Journal of Applied Microbiology,A_colorantes_mercado_mx,colorantes etiquetado Mexico,Crossref
"Water inputs across a tropical montane landscape in Veracruz, Mexico: synergistic effects of land cover, rain and fog seasonality, and interannual precipitation variability",2010,Global Change Biology,A_colorantes_mercado_mx,colorantes etiquetado Mexico,Crossref
Government expenditure and national income in Mexico: Keynes versus Wagner,2010,Applied Economics Letters,A_colorantes_mercado_mx,colorantes etiquetado Mexico,Crossref
Potential Effects of the United States‐Mexico Border Fence on Wildlife,2010,Conservation Biology,A_colorantes_mercado_mx,colorantes etiquetado Mexico,Crossref
"Ecosystem-based management institutional design: Balance between federal, state, and local governments within the Gulf of Mexico Alliance",2010,Marine Policy,A_colorantes_mercado_mx,colorantes etiquetado Mexico,Crossref
On modeling cluster maxima with applications to ozone data from Mexico City,2010,Environmetrics,A_colorantes_mercado_mx,colorantes etiquetado Mexico,Crossref
The spatial dynamics and socioeconomic correlates of drug arrests in Mexico city,2010,Applied Geography,A_colorantes_mercado_mx,colorantes etiquetado Mexico,Crossref
1.3–0.9Ga Oaxaquia (Mexico): Remnant of an arc/backarc on the northern margin of Amazonia,2010,Journal of South American Earth Sciences,A_colorantes_mercado_mx,colorantes etiquetado Mexico,Crossref
"Petroleum accumulation and leakage in a deeply buried carbonate reservoir, Níspero field (Mexico)",2010,Marine and Petroleum Geology,A_colorantes_mercado_mx,colorantes etiquetado Mexico,Crossref
Foreign bank participation and outreach: Evidence from Mexico,2010,Journal of Financial Intermediation,A_colorantes_mercado_mx,colorantes etiquetado Mexico,Crossref
Electricity sector in Mexico: Current status. Contribution of renewable energy sources,2010,Renewable and Sustainable Energy Reviews,A_colorantes_mercado_mx,colorantes etiquetado Mexico,Crossref
New evidence on the monetary approach of exchange rate determination in Mexico 1994–2007: A cointegrated SVAR model,2010,Journal of International Money and Finance,A_colorantes_mercado_mx,colorantes etiquetado Mexico,Crossref
Correlates of Early versus Later Initiation into Sex Work in Two Mexico–U.S. Border Cities,2010,Journal of Adolescent Health,A_colorantes_mercado_mx,colorantes etiquetado Mexico,Crossref
"The ‘Mardi Gras’ Shipwreck: Results of a Deep-Water Excavation, Gulf of Mexico, USA",2010,International Journal of Nautical Archaeology,A_colorantes_mercado_mx,colorantes etiquetado Mexico,Crossref
The impact of Hurricanes Gustav and Ike on offshore oil and gas production in the Gulf of Mexico,2010,Applied Energy,A_colorantes_mercado_mx,colorantes etiquetado Mexico,Crossref
"Perceptions of risk and adaptation: Coffee producers, market shocks, and extreme weather in Central America and Mexico",2010,Global Environmental Change,A_colorantes_mercado_mx,colorantes etiquetado Mexico,Crossref
Identifying priority areas for Forest Landscape Restoration in Chiapas (Mexico): An operational approach combining ecological and socioeconomic criteria,2010,Landscape and Urban Planning,A_colorantes_mercado_mx,colorantes etiquetado Mexico,Crossref
Variation in post-dispersal predation of cactus seeds under nurse plant canopies in three plant associations of a semiarid scrubland in central Mexico,2010,Journal of Arid Environments,A_colorantes_mercado_mx,colorantes etiquetado Mexico,Crossref
"Geochemistry and Sm–Nd isotopic systematics of Ediacaran–Ordovician, sedimentary and bimodal igneous rocks in the western Acatlán Complex, southern Mexico: Evidence for rifting on the southern margin of the Rheic Ocean",2010,Lithos,A_colorantes_mercado_mx,colorantes etiquetado Mexico,Crossref
Participatory landscape planning and sustainable community development: Methodological observations from a case study in rural Mexico,2010,Landscape and Urban Planning,A_colorantes_mercado_mx,colorantes etiquetado Mexico,Crossref
"Hemipelagic cephalopods from the Maastrichtian (late Cretaceous) Parras Basin at La Parra, Coahuila, Mexico, and their implications for the correlation of the lower Difunta Group",2010,Journal of South American Earth Sciences,A_colorantes_mercado_mx,colorantes etiquetado Mexico,Crossref
"The 1793 eruption of San Martín Tuxtla volcano, Veracruz, Mexico",2010,Journal of Volcanology and Geothermal Research,A_colorantes_mercado_mx,colorantes etiquetado Mexico,Crossref
Association of Gly972Arg polymorphism of IRS1 gene with type 2 diabetes mellitus in lean participants of a national health survey in Mexico: a candidate gene study,2010,Metabolism,A_colorantes_mercado_mx,colorantes etiquetado Mexico,Crossref
Border identities: Intersections of ethnicity and sexual orientation in the U.S.–Mexico borderland,2010,Social Science Research,A_colorantes_mercado_mx,colorantes etiquetado Mexico,Crossref
"Diagenetic controls on evolution of porosity and permeability in lower Tertiary Wilcox sandstones from shallow to ultradeep (200–6700m) burial, Gulf of Mexico Basin, U.S.A.",2010,Marine and Petroleum Geology,A_colorantes_mercado_mx,colorantes etiquetado Mexico,Crossref
"Timing and controls on late Quaternary landscape development along the eastern Sierra El Mayor range front in northern Baja California, Mexico",2010,Geomorphology,A_colorantes_mercado_mx,colorantes etiquetado Mexico,Crossref
"Finding one's place: shifting ethnic identities of recent immigrant children from China, Haiti and Mexico in the United States",2010,Ethnic and Racial Studies,A_colorantes_mercado_mx,colorantes etiquetado Mexico,Crossref
Using non-homogeneous Poisson models with multiple change-points to estimate the number of ozone exceedances in Mexico City,2011,Environmetrics,A_colorantes_mercado_mx,colorantes etiquetado Mexico,Crossref
"Atmospheric elemental concentration determined by Particle-Induced X-ray Emission at Tlaxcoapan in central Mexico, and its relation to Tula industrial-corridor emissions",2010,Microchemical Journal,A_colorantes_mercado_mx,colorantes etiquetado Mexico,Crossref
"Bird Community Composition in a Shaded Coffee Agro‐ecological Matrix in Puebla, Mexico: The Effects of Landscape Heterogeneity at Multiple Spatial Scales",2010,Biotropica,A_colorantes_mercado_mx,colorantes etiquetado Mexico,Crossref
"The unintended consequences of formal fisheries policies: Social disparities and resource overuse in a major fishing community in the Gulf of California, Mexico",2010,Marine Policy,A_colorantes_mercado_mx,colorantes etiquetado Mexico,Crossref
Tepexpan revisited: A multiple proxy of local environmental changes in relation to human occupation from a paleolake shore section in Central Mexico,2010,Geomorphology,A_colorantes_mercado_mx,colorantes etiquetado Mexico,Crossref
Storage stability of liver oil from two ray (Rhinoptera bonasus and Aetobatus narinari) species from the Gulf of Mexico,2010,Food Chemistry,A_colorantes_mercado_mx,colorantes etiquetado Mexico,Crossref
"Photovoltaics, solar energy materials and thin films — IMRC 2008, Cancun, Mexico",2010,Thin Solid Films,A_colorantes_mercado_mx,colorantes etiquetado Mexico,Crossref
"Adaptive capacity in evolving peri-urban spaces: Responses to flood risk in the Upper Lerma River Valley, Mexico",2010,Global Environmental Change,A_colorantes_mercado_mx,colorantes etiquetado Mexico,Crossref
Antimicrobial and Antioxidant Activities of Plants from Northeast of Mexico,2011,Evidence-Based Complementary and Alternative Medicine,A_colorantes_mercado_mx,colorantes etiquetado Mexico,Crossref
Planning federal public investment in Mexico using multiobjective decision making,2010,Journal of the Operational Research Society,A_colorantes_mercado_mx,colorantes etiquetado Mexico,Crossref
Helminths and lipid peroxidation in Astyanax aeneus (Pisces: Characidae) from a river in the humid subtropics of southeastern Mexico,2010,Diseases of Aquatic Organisms,A_colorantes_mercado_mx,colorantes etiquetado Mexico,Crossref
"Uranium-rich opal from the Nopal I uranium deposit, Peña Blanca, Mexico: Evidence for the uptake and retardation of radionuclides",2010,Geochimica et Cosmochimica Acta,A_colorantes_mercado_mx,colorantes etiquetado Mexico,Crossref
Water quality of a port in NW Mexico and its rehabilitation with swell energy,2010,Marine Pollution Bulletin,A_colorantes_mercado_mx,colorantes etiquetado Mexico,Crossref
"Origin, distribution, and alteration of asphalts at Chapopote Knoll, Southern Gulf of Mexico",2010,Marine and Petroleum Geology,A_colorantes_mercado_mx,colorantes etiquetado Mexico,Crossref
Do infrastructures influence the convergence of efficiency in Mexico?,2010,Journal of Policy Modeling,A_colorantes_mercado_mx,colorantes etiquetado Mexico,Crossref
"Correlation of Mannitol Fermentation with Virulence-Associated Genotypic Characteristics in
                    <i>Vibrio vulnificus</i>
                    Isolates from Oysters and Water Samples in the Gulf of Mexico",2010,Foodborne Pathogens and Disease,A_colorantes_mercado_mx,colorantes etiquetado Mexico,Crossref
From “Shared Responsibility” to a Migration Agreement? The Limits for Cooperation in the Mexico‐United States Case (2000–2008)<sup>1</sup>,2012,International Migration,A_colorantes_mercado_mx,colorantes etiquetado Mexico,Crossref
"An Untidy Cover: Invasion of Bracken Fern in the Shifting Cultivation Systems of Southern Yucatán, Mexico",2010,Biotropica,A_colorantes_mercado_mx,colorantes etiquetado Mexico,Crossref
"Spatial Variation in the Strength of a Trophic Cascade Involving<i>Ruellia nudiflora</i>(Acanthaceae), an Insect Seed Predator and Associated Parasitoid Fauna in Mexico",2010,Biotropica,A_colorantes_mercado_mx,colorantes etiquetado Mexico,Crossref
"Hydrologic-Economic Analysis of Best Management Practices for Sediment Control in the Santa Fe Watershed, New Mexico",2010,Journal of Hydrologic Engineering,A_colorantes_mercado_mx,colorantes etiquetado Mexico,Crossref
"Fungal endophyte diversity in coffee plants from Colombia, Hawai'i, Mexico and Puerto Rico",2010,Fungal Ecology,A_colorantes_mercado_mx,colorantes etiquetado Mexico,Crossref
Seroprevalence of antibodies against Salmonella enterica subsp. enterica serovar Gallinarum-Pullorum in wild doves (Zenaida asiatica and Zenaida macroura) from the Northeast of Mexico,2010,Preventive Veterinary Medicine,A_colorantes_mercado_mx,colorantes etiquetado Mexico,Crossref
Parasite diversity of Nyctiphanes simplex and Nematoscelis difficilis (Crustacea: Euphausiacea) along the northwestern coast of Mexico,2010,Diseases of Aquatic Organisms,A_colorantes_mercado_mx,colorantes etiquetado Mexico,Crossref
"Compositional evolution of magma from Parícutin Volcano, Mexico: The tephra record",2010,Journal of Volcanology and Geothermal Research,A_colorantes_mercado_mx,colorantes etiquetado Mexico,Crossref
Regional Aspects of Prolonged Meteorological Droughts over Mexico and Central America,2010,Journal of Climate,A_colorantes_mercado_mx,colorantes etiquetado Mexico,Crossref
"Cluster of necrotizing enterocolitis in a neonatal intensive care unit: New Mexico, 2007",2010,American Journal of Infection Control,A_colorantes_mercado_mx,colorantes etiquetado Mexico,Crossref
"Response of Small Mammal Populations to Fuel Treatment and Precipitation in a Ponderosa Pine Forest, New Mexico",2010,Restoration Ecology,A_colorantes_mercado_mx,colorantes etiquetado Mexico,Crossref
Clonal diversity and structure related to habitat of the marine angiosperm Thalassia testudinum along the Atlantic coast of Mexico,2010,Aquatic Botany,A_colorantes_mercado_mx,colorantes etiquetado Mexico,Crossref
"A case of treponematosis from pre‐Columbian Chaco Canyon, New Mexico",2011,International Journal of Osteoarchaeology,A_colorantes_mercado_mx,colorantes etiquetado Mexico,Crossref
Speciation and Kinetics of Trihalomethane Formation in Drinking Water in Mexico,2010,Groundwater Monitoring &amp; Remediation,A_colorantes_mercado_mx,colorantes etiquetado Mexico,Crossref
A multi-trial diagnostic tool in fin whale (Balaenoptera physalus) skin biopsies of the Pelagos Sanctuary (Mediterranean Sea) and the Gulf of California (Mexico),2010,Marine Environmental Research,A_colorantes_mercado_mx,colorantes etiquetado Mexico,Crossref
Mexico in the 1990s: The Main Cross-Sectional Facts,2010,Review of Economic Dynamics,A_colorantes_mercado_mx,colorantes etiquetado Mexico,Crossref
Isotopic investigation of pre-Hispanic macaw breeding in Northwest Mexico,2010,Journal of Anthropological Archaeology,A_colorantes_mercado_mx,colorantes etiquetado Mexico,Crossref
"Fate of epiphytes on phorophytes with different architectural characteristics along the perturbation gradient of<i>Sabal mexicana</i>forests in Veracruz, Mexico",2010,Journal of Vegetation Science,A_colorantes_mercado_mx,colorantes etiquetado Mexico,Crossref
"Screening for CKD and Cardiovascular Disease Risk Factors Using Mobile Clinics in Jalisco, Mexico",2010,American Journal of Kidney Diseases,A_colorantes_mercado_mx,colorantes etiquetado Mexico,Crossref
"Obsidian procurement, least cost path analysis, and social interaction in the Mimbres area of southwestern New Mexico",2010,Journal of Archaeological Science,A_colorantes_mercado_mx,colorantes etiquetado Mexico,Crossref
Region-wide impairment of Atlantic croaker testicular development and sperm production in the northern Gulf of Mexico hypoxic dead zone,2010,Marine Environmental Research,A_colorantes_mercado_mx,colorantes etiquetado Mexico,Crossref
Summer fish communities in northern Gulf of Mexico estuaries: Indices of ecological condition,2010,Ecological Indicators,A_colorantes_mercado_mx,colorantes etiquetado Mexico,Crossref
"Osteoporosis, the risk of vertebral fracture, and periodontal disease in an elderly group in Mexico City",2011,Gerodontology,A_colorantes_mercado_mx,colorantes etiquetado Mexico,Crossref
"Molecular identification of the advanced third-stage larvae (ADV L3) of Gnathostoma lamothei in Tabasco, Mexico",2010,Parasitology International,A_colorantes_mercado_mx,colorantes etiquetado Mexico,Crossref
"Daytime bedsite selection by the texan white-tailed deer in xerophyllous brushland, North-eastern Mexico",2010,Journal of Arid Environments,A_colorantes_mercado_mx,colorantes etiquetado Mexico,Crossref
Insights into the nature of secondary organic aerosol in Mexico City during the MILAGRO experiment 2006,2010,Atmospheric Environment,A_colorantes_mercado_mx,colorantes etiquetado Mexico,Crossref
"Late Pleistocene (Rancholabrean) Cynomys (Rodentia, Sciuridae: prairie dog) from northwestern Sonora, Mexico",2010,Quaternary International,A_colorantes_mercado_mx,colorantes etiquetado Mexico,Crossref
"Temporal variation in extrafloral nectar secretion by reproductive tissues of the senita cactus, Pachycereus schottii (Cactaceae), in the Sonoran Desert of Mexico",2010,Journal of Arid Environments,A_colorantes_mercado_mx,colorantes etiquetado Mexico,Crossref
"Discrimination between diffuse and point sources of arsenic at Zimapán, Hidalgo state, Mexico",2010,J. Environ. Monit.,A_colorantes_mercado_mx,colorantes etiquetado Mexico,Crossref
"Rainfall-triggered lahars at Volcán de Colima, Mexico: Surface hydro-repellency as initiation process",2010,Journal of Volcanology and Geothermal Research,A_colorantes_mercado_mx,colorantes etiquetado Mexico,Crossref
"Oxygen and hydrogen isotopes of rainfall and dripwater at DeSoto Caverns (Alabama, USA): Key to understanding past variability of moisture transport from the Gulf of Mexico",2010,Geochimica et Cosmochimica Acta,A_colorantes_mercado_mx,colorantes etiquetado Mexico,Crossref
First report of the cattle tick Rhipicephalus microplus resistant to ivermectin in Mexico,2010,Veterinary Parasitology,A_colorantes_mercado_mx,colorantes etiquetado Mexico,Crossref
"Rare earth elements in corals from the Isla de Sacrificios Reef, Veracruz, Mexico",2010,Geochemistry,A_colorantes_mercado_mx,colorantes etiquetado Mexico,Crossref
Water management and biodiversity conservation interface in Mexico: A geographical analysis,2010,Applied Geography,A_colorantes_mercado_mx,colorantes etiquetado Mexico,Crossref
Mexico at the Vanguard: A New Era in Medicines of Biotechnological Origin,2010,Journal of Generic Medicines: The Business Journal for the Generic Medicines Sector,A_colorantes_mercado_mx,colorantes etiquetado Mexico,Crossref
Stock market integration in Mexico and Argentina: are short- and long-term considerations different?,2010,Applied Economics Letters,A_colorantes_mercado_mx,colorantes etiquetado Mexico,Crossref
"Short-term environmental variability in cold-water coral habitat at Viosca Knoll, Gulf of Mexico",2010,Deep Sea Research Part I: Oceanographic Research Papers,A_colorantes_mercado_mx,colorantes etiquetado Mexico,Crossref
Biology of the subtropical sac-spawning euphausiid Nyctiphanes simplex in the northwestern seas of Mexico: Vertical and horizontal distribution patterns and seasonal variability of brood size,2010,Deep Sea Research Part II: Topical Studies in Oceanography,A_colorantes_mercado_mx,colorantes etiquetado Mexico,Crossref
"Biology of the subtropical sac-spawning euphausiid Nyctiphanes simplex in the northwestern seas of Mexico: Interbrood period, gonad development, and lipid content",2010,Deep Sea Research Part II: Topical Studies in Oceanography,A_colorantes_mercado_mx,colorantes etiquetado Mexico,Crossref
Research and development on heat pump systems in Mexico using geothermal energy,2010,Current Applied Physics,A_colorantes_mercado_mx,colorantes etiquetado Mexico,Crossref
Signatures of thunderstorms in the variations of the secondary cosmic rays registered in Mexico City,2010,Journal of Atmospheric and Solar-Terrestrial Physics,A_colorantes_mercado_mx,colorantes etiquetado Mexico,Crossref
Organochlorine pesticides in soils of Mexico and the potential for soil–air exchange,2010,Environmental Pollution,A_colorantes_mercado_mx,colorantes etiquetado Mexico,Crossref
"Plant and fungal biodiversity from metal mine wastes under remediation at Zimapan, Hidalgo, Mexico",2010,Environmental Pollution,A_colorantes_mercado_mx,colorantes etiquetado Mexico,Crossref
"A multi-isotope (δD, δ18O, 87Sr/86Sr, and δ11B) approach for identifying saltwater intrusion and resolving groundwater evolution along the Western Caprock Escarpment of the Southern High Plains, New Mexico",2010,Applied Geochemistry,A_colorantes_mercado_mx,colorantes etiquetado Mexico,Crossref
PARKIN-coding polymorphisms are not associated with Parkinson's disease in a population from northeastern Mexico,2010,Neuroscience Letters,A_colorantes_mercado_mx,colorantes etiquetado Mexico,Crossref
Genetic diversity of Taenia solium cysticerci from naturally infected pigs of central Mexico,2010,Veterinary Parasitology,A_colorantes_mercado_mx,colorantes etiquetado Mexico,Crossref
Surface water mitigates the anti-metamorphic effects of perchlorate in New Mexico spadefoot toads (Spea multiplicata) and African clawed frogs (Xenopus laevis),2010,Chemosphere,A_colorantes_mercado_mx,colorantes etiquetado Mexico,Crossref
Linking employee attitudes and behaviors with business performance: A comparative analysis of hotels in Mexico and China,2010,International Journal of Hospitality Management,A_colorantes_mercado_mx,colorantes etiquetado Mexico,Crossref
"Effects of environmental variability on recruitment and bioeconomic modelling in the Pacific sardine (Sardinops sagax caerulea) fishery from Magdalena Bay, Baja California Sur, Mexico",2010,Scientia Marina,A_colorantes_mercado_mx,colorantes etiquetado Mexico,Crossref
"Holocene climate change and human impact, central Mexico: a record based on maar lake pollen and sediment chemistry",2010,Quaternary Science Reviews,A_colorantes_mercado_mx,colorantes etiquetado Mexico,Crossref
"Tephrochronology, petrology and geochemistry of Late-Holocene pyroclastic deposits from Volcán de Colima, Mexico",2010,Journal of Volcanology and Geothermal Research,A_colorantes_mercado_mx,colorantes etiquetado Mexico,Crossref
"Geochronology of Bimodal Alkaline Volcanism in the Balcones Igneous Province, Texas: Implications for Cretaceous Intraplate Magmatism in the Northern Gulf of Mexico Magmatic Zone",2010,The Journal of Geology,A_colorantes_mercado_mx,colorantes etiquetado Mexico,Crossref
"Psychiatric disorders, comorbidity, and suicidality in Mexico",2010,Journal of Affective Disorders,A_colorantes_mercado_mx,colorantes etiquetado Mexico,Crossref
An anomaly in the occurrence of the month of maximum precipitation distribution in northwest Mexico,2010,Journal of Arid Environments,A_colorantes_mercado_mx,colorantes etiquetado Mexico,Crossref
A simulation of the influence of organic and inorganic pollutants on the formation and development of warm clouds over Mexico City,2010,Atmospheric Research,A_colorantes_mercado_mx,colorantes etiquetado Mexico,Crossref
"Estimation of the paleoepicentral area from the spatial gradient of deformation in lacustrine seismites (Tierras Blancas Basin, Mexico)",2010,Quaternary International,A_colorantes_mercado_mx,colorantes etiquetado Mexico,Crossref
"Carbon and oxygen isotope evidence for high-frequency (104–105yr) and My-scale glacio-eustasy in Middle Pennsylvanian cyclic carbonates (Gray Mesa Formation), central New Mexico",2010,"Palaeogeography, Palaeoclimatology, Palaeoecology",A_colorantes_mercado_mx,colorantes etiquetado Mexico,Crossref
"Length-weight and length-length relationships for nine rocky tidal pool fishes along the Pacific coast of the Baja California Peninsula, Mexico",2010,Journal of Applied Ichthyology,A_colorantes_mercado_mx,colorantes etiquetado Mexico,Crossref
"<i>Mycobacterium tuberculosis</i>
            Spoligotypes in Monterrey, Mexico",2010,Journal of Clinical Microbiology,A_colorantes_mercado_mx,colorantes etiquetado Mexico,Crossref
Predicting the retreat and migration of tidal forests along the northern Gulf of Mexico under sea-level rise,2010,Forest Ecology and Management,A_colorantes_mercado_mx,colorantes etiquetado Mexico,Crossref
"Prosperity, power, and change: Modeling maize at Postclassic Xaltocan, Mexico",2010,Journal of Anthropological Archaeology,A_colorantes_mercado_mx,colorantes etiquetado Mexico,Crossref
Mineralogical characterization of the fine fraction (&lt;2µm) of degraded volcanic soils and tepetates in Mexico,2010,Applied Clay Science,A_colorantes_mercado_mx,colorantes etiquetado Mexico,Crossref
"Gravity and magnetic survey of the Oaxaca city region: Cenozoic horst-and-graben structure superimposed on the Oaxaca–Juarez terrane boundary, southern Mexico",2010,Journal of South American Earth Sciences,A_colorantes_mercado_mx,colorantes etiquetado Mexico,Crossref
"Late Pliocene to Early Quaternary extensional detachment in the La PazâEl Cabo area (Baja California Sur, Mexico): implications on the opening of the Gulf of California and the mechanics of oblique rifting",2010,Terra Nova,A_colorantes_mercado_mx,colorantes etiquetado Mexico,Crossref
"Fixing men: sex, birth control and AIDS in Mexico",2010,"Culture, Health &amp; Sexuality",A_colorantes_mercado_mx,colorantes etiquetado Mexico,Crossref
Pore-water geochemistry of two contrasting brine-charged seep sites in the northern Gulf of Mexico continental slope,2010,Marine Chemistry,A_colorantes_mercado_mx,colorantes etiquetado Mexico,Crossref
Seasonal and size-related differences in diet of the Atlantic angel shark Squatina dumeril in the northeastern Gulf of Mexico,2010,Aquatic Biology,A_colorantes_mercado_mx,colorantes etiquetado Mexico,Crossref
"The implications of geology, soils, and vegetation on landscape morphology: Inferences from semi-arid basins with complex vegetation patterns in Central New Mexico, USA",2010,Geomorphology,A_colorantes_mercado_mx,colorantes etiquetado Mexico,Crossref
Lithological classification assisted by the joint inversion of electrical and seismic data at a control site in northeast Mexico,2010,Journal of Applied Geophysics,A_colorantes_mercado_mx,colorantes etiquetado Mexico,Crossref
"Geant4 simulation of the solar neutron telescope at Sierra Negra, Mexico",2010,"Nuclear Instruments and Methods in Physics Research Section A: Accelerators, Spectrometers, Detectors and Associated Equipment",A_colorantes_mercado_mx,colorantes etiquetado Mexico,Crossref
"Biological influences on modern sulfates: Textures and composition of gypsum deposits from Guerrero Negro, Baja California Sur, Mexico",2010,Sedimentary Geology,A_colorantes_mercado_mx,colorantes etiquetado Mexico,Crossref
"Extraparenchymal Neurocysticercosis in Albuquerque, New Mexico",2010,Journal of Neuroimaging,A_colorantes_mercado_mx,colorantes etiquetado Mexico,Crossref
"Geochemical record of Late Quaternary paleoclimate from lacustrine sediments of paleo-lake San Felipe, western Sonora Desert, Mexico",2010,Journal of South American Earth Sciences,A_colorantes_mercado_mx,colorantes etiquetado Mexico,Crossref
Who is that masked person: The use of face masks on Mexico City public transportation during the Influenza A (H1N1) outbreak,2010,Health Policy,A_colorantes_mercado_mx,colorantes etiquetado Mexico,Crossref
Effects of biosolids application on nitrogen dynamics and microbial structure in a saline–sodic soil of the former Lake Texcoco (Mexico),2010,Bioresource Technology,A_colorantes_mercado_mx,colorantes etiquetado Mexico,Crossref
"Size and composition of colloidal organic matter and trace elements in the Mississippi River, Pearl River and the northern Gulf of Mexico, as characterized by flow field-flow fractionation",2010,Marine Chemistry,A_colorantes_mercado_mx,colorantes etiquetado Mexico,Crossref
Acanthamoeba spp. in domestic tap water in houses of contact lens wearers in the metropolitan area of Mexico City,2010,Experimental Parasitology,A_colorantes_mercado_mx,colorantes etiquetado Mexico,Crossref
Potential Effects of United States‐Mexico Border Hardening on Ecological and Human Communities in the Malpai Borderlands,2010,Conservation Biology,A_colorantes_mercado_mx,colorantes etiquetado Mexico,Crossref
Organohalogen contaminants in blood of Kemp’s ridley (Lepidochelys kempii) and green sea turtles (Chelonia mydas) from the Gulf of Mexico,2010,Chemosphere,A_colorantes_mercado_mx,colorantes etiquetado Mexico,Crossref
"Twig‐Nesting Ants: The Hidden Predators of the Coffee Berry Borer in Chiapas, Mexico",2010,Biotropica,A_colorantes_mercado_mx,colorantes etiquetado Mexico,Crossref
Association between obesity and dental caries in a group of preschool children in Mexico,2010,Journal of Public Health Dentistry,A_colorantes_mercado_mx,colorantes etiquetado Mexico,Crossref
"Lysogeny and Sporulation in
            <i>Bacillus</i>
            Isolates from the Gulf of Mexico",2010,Applied and Environmental Microbiology,A_colorantes_mercado_mx,colorantes etiquetado Mexico,Crossref
"Pleistocene mammals of Mexico: A critical review of regional chronofaunas, climate change response and biogeographic provinciality",2010,Quaternary International,A_colorantes_mercado_mx,colorantes etiquetado Mexico,Crossref
"Inferring spatial structure from time‐series data: using multivariate state‐space models to detect metapopulation structure of California sea lions in the Gulf of California, Mexico",2010,Journal of Applied Ecology,A_colorantes_mercado_mx,colorantes etiquetado Mexico,Crossref
Seasonal changes of antioxidant and oxidative parameters in the coral<i>Pocillopora capitata</i>on the Pacific coast of Mexico,2010,Marine Ecology,A_colorantes_mercado_mx,colorantes etiquetado Mexico,Crossref
Does Migration Make Rural Households More Productive? Evidence from Mexico,2010,Journal of Development Studies,A_colorantes_mercado_mx,colorantes etiquetado Mexico,Crossref
"An assessment of chemical and physical parameters, several contaminants including metals, and toxicity in the seven major wastewater treatment plants in the state of Aguascalientes, Mexico",2010,"Journal of Environmental Science and Health, Part A",A_colorantes_mercado_mx,colorantes etiquetado Mexico,Crossref
"DNA damage in earthworms (<i>Eisenia</i>spp.) as an indicator of environmental stress in the industrial zone of Coatzacoalcos, Veracruz, Mexico",2010,"Journal of Environmental Science and Health, Part A",A_colorantes_mercado_mx,colorantes etiquetado Mexico,Crossref
"Evaluation of toxicity of polluted marine sediments from Bahía Salina Cruz, Mexico",2010,"Journal of Environmental Science and Health, Part A",A_colorantes_mercado_mx,colorantes etiquetado Mexico,Crossref
"Isolation and characterization of potentially toxic or harmful cyanobacteria from Oaxaca and Chiapas, Mexico",2010,"Journal of Environmental Science and Health, Part A",A_colorantes_mercado_mx,colorantes etiquetado Mexico,Crossref
Response of CYP1A Gene expression in fish liver of catfish (<i>Ariopsis felis</i>) from Gulf of Mexico and their relationship with the genetic variability,2010,"Journal of Environmental Science and Health, Part A",A_colorantes_mercado_mx,colorantes etiquetado Mexico,Crossref
"Scenarios of metal concentrations in the Arcediano Dam (State of Jalisco, Mexico)",2010,"Journal of Environmental Science and Health, Part A",A_colorantes_mercado_mx,colorantes etiquetado Mexico,Crossref
"Blood lead concentrations in wild birds from a polluted mining region at Villa de La Paz, San Luis Potosí, Mexico",2010,"Journal of Environmental Science and Health, Part A",A_colorantes_mercado_mx,colorantes etiquetado Mexico,Crossref
Effectiveness of a large-scale iron-fortified milk distribution program on anemia and iron deficiency in low-income young children in Mexico,2010,The American Journal of Clinical Nutrition,A_colorantes_mercado_mx,colorantes etiquetado Mexico,Crossref
Soil erosion and runoff in different vegetation patches from semiarid Central Mexico,2010,CATENA,A_colorantes_mercado_mx,colorantes etiquetado Mexico,Crossref
"Cesium magnetometer surveys at a Pithouse Site near Silver City, New Mexico",2010,Journal of Archaeological Science,A_colorantes_mercado_mx,colorantes etiquetado Mexico,Crossref
"Stratigraphy and Mesozoic–Cenozoic tectonic history of northern Sierra Los Ajos and adjacent areas, Sonora, Mexico",2010,Journal of South American Earth Sciences,A_colorantes_mercado_mx,colorantes etiquetado Mexico,Crossref
Media &amp; Democracy: Recent Experiences from Canada and Mexico-An Introduction,2010,Policy and Society,A_colorantes_mercado_mx,colorantes etiquetado Mexico,Crossref
Broadcasting and democracy in Mexico: From corporatist subordination to State capture,2010,Policy and Society,A_colorantes_mercado_mx,colorantes etiquetado Mexico,Crossref
"Physicochemical, nutritional and functional characteristics of two underutilised fruit cactus species (Myrtillocactus) produced in central Mexico",2010,Food Chemistry,A_colorantes_mercado_mx,colorantes etiquetado Mexico,Crossref
Perceived justice and popular support for public health laws: A case study around comprehensive smoke-free legislation in Mexico City,2010,Social Science &amp; Medicine,A_colorantes_mercado_mx,colorantes etiquetado Mexico,Crossref
Long-Term Regional Estimates of Evapotranspiration for Mexico Based on Downscaled ISCCP Data,2010,Journal of Hydrometeorology,A_colorantes_mercado_mx,colorantes etiquetado Mexico,Crossref
"Democratization, media and elections: Electoral reform in Mexico",2010,Policy and Society,A_colorantes_mercado_mx,colorantes etiquetado Mexico,Crossref
"Carolina Bank Muñoz. Transnational Tortillas: Race, Gender, and Shop-Floor Politics in Mexico and the United States. Ithaca: Cornell University Press, 2008. xi + 202 pp. ISBN 080144649, $49.95 (cloth); 978-0-8014-7422-4, $18.95 (paper).",2010,Enterprise and Society,A_colorantes_mercado_mx,colorantes etiquetado Mexico,Crossref
"Robert W. Duffner. The Adaptive Optics Revolution: A History. Albuquerque: University of New Mexico Press, 2009. ix + 457 pp. ISBN 978-0-8263-4691-9, $45.00 (hardcover); 0-826-3469-1X.",2010,Enterprise and Society,A_colorantes_mercado_mx,colorantes etiquetado Mexico,Crossref
"Settlement of Mytilus galloprovincialis on collectors suspended at different depths in Bahía de Todos Santos B. C., Mexico",2010,Aquaculture,A_colorantes_mercado_mx,colorantes etiquetado Mexico,Crossref
Effect of plants used in Mexico to treat gastrointestinal disorders on charcoal–gum acacia-induced hyperperistalsis in rats,2010,Journal of Ethnopharmacology,A_colorantes_mercado_mx,colorantes etiquetado Mexico,Crossref
"Severe Pneumonia Associated with Pandemic (H1N1) 2009 Outbreak, San Luis Potosí, Mexico",2010,Emerging Infectious Diseases,A_colorantes_mercado_mx,colorantes etiquetado Mexico,Crossref
Enterotoxigenic<i>Escherichia coli</i>Multilocus Sequence Types in Guatemala and Mexico,2010,Emerging Infectious Diseases,A_colorantes_mercado_mx,colorantes etiquetado Mexico,Crossref
"Climatic control on the growth of gigantic gypsum crystals within hypogenic caves (Naica mine, Mexico)?",2010,Earth and Planetary Science Letters,A_colorantes_mercado_mx,colorantes etiquetado Mexico,Crossref
"Technology, innovation and sustainability in sociocultural-ecological systems: a case in Mexico",2010,International Journal of Sustainable Economy,A_colorantes_mercado_mx,colorantes etiquetado Mexico,Crossref
"Immature East Pacific Green Turtles (<i>Chelonia mydas</i>) Use Multiple Foraging Areas off the Pacific Coast of Baja California Sur, Mexico: First Evidence from Mark-Recapture Data",2010,Pacific Science,A_colorantes_mercado_mx,colorantes etiquetado Mexico,Crossref
Child Abuse‐Related Homicides in New Mexico: A 6‐year Retrospective Review,2010,Journal of Forensic Sciences,A_colorantes_mercado_mx,colorantes etiquetado Mexico,Crossref
Trends in Adult Suicides in New Mexico: Utilizing Data from the New Mexico Violent Death Reporting System*,2010,Journal of Forensic Sciences,A_colorantes_mercado_mx,colorantes etiquetado Mexico,Crossref
Contribution of phytoplankton and benthic microalgae to inner shelf sediments of the north-central Gulf of Mexico,2010,Continental Shelf Research,A_colorantes_mercado_mx,colorantes etiquetado Mexico,Crossref
Burns as Child Abuse: Risk Factors and Legal Issues in West Texas and Eastern New Mexico,2010,Journal of Burn Care &amp; Research,A_colorantes_mercado_mx,colorantes etiquetado Mexico,Crossref
Anti-poverty politics in Toronto and Mexico City,2010,Geoforum,A_colorantes_mercado_mx,colorantes etiquetado Mexico,Crossref
"Social Capital, Migration and Development in the Valles Centrales of Oaxaca, Mexico: Non‐Migrants and Communities of Origin Matter",2010,Bulletin of Latin American Research,A_colorantes_mercado_mx,colorantes etiquetado Mexico,Crossref
First record of<i>Ophthalmosaurus</i>(Reptilia: Ichthyosauria) from the Tithonian (Upper Jurassic) of Mexico,2010,Journal of Paleontology,A_colorantes_mercado_mx,colorantes etiquetado Mexico,Crossref
"Faulting Parameters of Earthquakes (4.1 &lt;= ML &lt;= 5.3) in the Peninsular Ranges of Baja California, Mexico",2010,Seismological Research Letters,A_colorantes_mercado_mx,colorantes etiquetado Mexico,Crossref
Mexico eager to reduce demand for illicit drugs,2010,The Lancet,A_colorantes_mercado_mx,colorantes etiquetado Mexico,Crossref
"‘A Natural and Voluntary Dependence’: The Royal Academy of San Carlos and the Cultural Politics of Art Education in Mexico City, 1786–1797",2010,Bulletin of Latin American Research,A_colorantes_mercado_mx,colorantes etiquetado Mexico,Crossref
"Molecular Evidence Suggests That Populations of the Asian Citrus Psyllid Parasitoid
                    <i>Tamarixia radiata</i>
                    (Hymenoptera: Eulophidae) from Texas, Florida, and Mexico Represent a Single Species",2010,Annals of the Entomological Society of America,A_colorantes_mercado_mx,colorantes etiquetado Mexico,Crossref
"The 37th Annual OBTC Teaching Conference for Management Educators June 16-19, 2010 — University of New Mexico",2010,Journal of Management Education,A_colorantes_mercado_mx,colorantes etiquetado Mexico,Crossref
The Impact of Improved Maize Varieties on Poverty in Mexico: A Propensity Score-Matching Approach,2010,World Development,A_colorantes_mercado_mx,colorantes etiquetado Mexico,Crossref
Interspecific gene flow in a multispecies oak hybrid zone in the Sierra Tarahumara of Mexico,2010,Annals of Botany,A_colorantes_mercado_mx,colorantes etiquetado Mexico,Crossref
The art of public health: pneumococcal vaccine coverage in Mexico,2010,The Lancet,A_colorantes_mercado_mx,colorantes etiquetado Mexico,Crossref
"The vertical distribution and diel variability of mesozooplankton biomass, abundance and size in response to hypoxia in the northern Gulf of Mexico USA",2010,Journal of Plankton Research,A_colorantes_mercado_mx,colorantes etiquetado Mexico,Crossref
"Trama de una guerra conveniente: Nueva Vizcaya y la sombra de los apaches (1748-1790). By Sara Ortelli. Mexico City: El Colegio de México, 2007. Pp. 259. Maps. Graphs. Charts. Notes. Appendices. Bibliography. Index. $50.00 paper.",2010,The Americas,A_colorantes_mercado_mx,colorantes etiquetado Mexico,Crossref
"Errant Modernism: The Ethos of Photography in Mexico and Brazil. By Esther Gabara. Durham: Duke University Press, 2008. Pp. xii, 260. Illustrations. Notes. Bibliography. Index. $26.95 paper.",2010,The Americas,A_colorantes_mercado_mx,colorantes etiquetado Mexico,Crossref
"Fixing Men: Sex, Birth Control, and AIDS in Mexico. By Matthew Gutmann. Berkeley: University of California Press, 2007. Pp. xiv, 265. Illustrations. Tables. Notes. Bibliography. Index. $55.00 cloth; $21.95 paper.",2010,The Americas,A_colorantes_mercado_mx,colorantes etiquetado Mexico,Crossref
"The Ancient Spirituality of the Modern Maya. By Thomas Hart. Albuquerque: University of New Mexico Press, 2008. Pp. xvi, 270. Photographs. Notes. Glossary. Bibliography. Index. $39.95 cloth.",2010,The Americas,A_colorantes_mercado_mx,colorantes etiquetado Mexico,Crossref
"The Sun God and the Savior: The Christianization of the Nahua and Totonac in the Sierra Norte de Puebla, Mexico. By Guy Stresser-Péan. Foreword by Alfredo López Austin. Boulder: University Press of Colorado, 2009. Pp. xxix, 664. Foreword. Bibliography. Index. Maps. Illustrations. DVD. $75.00 cloth.",2010,The Americas,A_colorantes_mercado_mx,colorantes etiquetado Mexico,Crossref
Mexico: Between Life and Death,2010,The Hopkins Review,A_colorantes_mercado_mx,colorantes etiquetado Mexico,Crossref
Adopted Pedagogies: Nahua Incorporation of European Music and Theater in Colonial Mexico City,2010,The Americas,A_colorantes_mercado_mx,colorantes etiquetado Mexico,Crossref
"Gill erosion and herpesvirus in Crassostrea gigas cultured in Baja California, Mexico",2010,Diseases of Aquatic Organisms,A_colorantes_mercado_mx,colorantes etiquetado Mexico,Crossref
Non–O157 Shiga Toxin–Producing<i>Escherichia coli</i>Is the Most Prevalent Diarrheagenic<i>E. coli</i>Pathotype in Street‐Vended Taco Dressings in Mexico City,2010,Clinical Infectious Diseases,A_colorantes_mercado_mx,colorantes etiquetado Mexico,Crossref
Human capital investment and long-term poverty reduction in rural Mexico,2010,Journal of International Development,A_colorantes_mercado_mx,colorantes etiquetado Mexico,Crossref
"The current population status of Guadalupe fur seal (<i>Arctocephalus townsendi</i>) on the San Benito Islands, Mexico",2010,Marine Mammal Science,A_colorantes_mercado_mx,colorantes etiquetado Mexico,Crossref
"Risk Factors Associated with Triatomines and Its Infection with Trypanosoma cruzi in Rural Communities from the Southern Region of the State of Mexico, Mexico",2010,The American Society of Tropical Medicine and Hygiene,A_colorantes_mercado_mx,colorantes etiquetado Mexico,Crossref
Climatic Predictors of the Intra- and Inter-Annual Distributions of Plague Cases in New Mexico Based on 29 Years of Animal-Based Surveillance Data,2010,The American Society of Tropical Medicine and Hygiene,A_colorantes_mercado_mx,colorantes etiquetado Mexico,Crossref
Phylogenetic Composition of Angiosperm Diversity in the Cloud Forests of Mexico,2010,Biotropica,A_colorantes_mercado_mx,colorantes etiquetado Mexico,Crossref
"Temporal and spatial distribution of macroalgal communities of mountain streams in Valle de Bravo Basin, central Mexico",2010,Hydrobiologia,A_colorantes_mercado_mx,colorantes etiquetado Mexico,Crossref
Health Extension in New Mexico: An Academic Health Center and the Social Determinants of Disease,2010,The Annals of Family Medicine,A_colorantes_mercado_mx,colorantes etiquetado Mexico,Crossref
Small ruminant impacts on rangelands of semiarid highlands of Mexico and the reconverting by grazing systems,2010,Small Ruminant Research,A_colorantes_mercado_mx,colorantes etiquetado Mexico,Crossref
"Methylmercury exposure in a subsistence fishing community in Lake Chapala, Mexico: an ecological approach",2010,Environmental Health,A_colorantes_mercado_mx,colorantes etiquetado Mexico,Crossref
Brides of Christ: Conventual Life in Colonial Mexico,2010,Hispanic American Historical Review,A_colorantes_mercado_mx,colorantes etiquetado Mexico,Crossref
"Benthic Habitat Modification through Excavation by Red Grouper, Epinephelus morio, in the Northeastern Gulf of Mexico",2010,The Open Fish Science Journal,A_colorantes_mercado_mx,colorantes etiquetado Mexico,Crossref
Christian Texts for Aztecs: Art and Liturgy in Colonial Mexico,2010,Hispanic American Historical Review,A_colorantes_mercado_mx,colorantes etiquetado Mexico,Crossref
"Artifacts of Revolution: Architecture, Society, and Politics in Mexico City, 1920 – 1940",2010,Hispanic American Historical Review,A_colorantes_mercado_mx,colorantes etiquetado Mexico,Crossref
Occurrence of azo food dyes and their effects on cellular inflammatory responses,2017,Nutrition,A_colorantes_mercado_mx,"""food dyes"" prevalence",OpenAlex
Food Allergy Trends and Epinephrine Autoinjector Presence in Summer Camps,2016,The Journal of Allergy and Clinical Immunology In Practice,A_colorantes_mercado_mx,"""food dyes"" prevalence",OpenAlex
All the Colors of the Rainbow: Synthetic Dyes in US Packaged Foods and Beverages in 2020,2025,Journal of the Academy of Nutrition and Dietetics,A_colorantes_mercado_mx,"""food dyes"" prevalence",OpenAlex
Comment on: Whole grain consumption and risk of radiographic knee osteoarthritis: a prospective study from the Osteoarthritis Initiative,2023,Lara D. Veeken,A_colorantes_mercado_mx,"""food dyes"" prevalence",OpenAlex
In The News/New Products,2013,Optometry and Vision Science,A_colorantes_mercado_mx,"""food dyes"" prevalence",OpenAlex
"Obesity in Turkish adults: Prevalence, validity as coronary risk factor, and interrelation with other risk factors",2011,International Journal of Angiology,A_colorantes_mercado_mx,"""food dyes"" prevalence",Crossref
Prevalence and predictors of renal artery stenosis in patients with coronary artery disease,2011,International Journal of Angiology,A_colorantes_mercado_mx,"""food dyes"" prevalence",Crossref
Prevalence of moderate or severe left ventricular diastolic dysfunction in persons with suspected myocardial ischemia with and without an abnormal adenosine or exercise sestamibi stress test or coronary revascularization,2011,International Journal of Angiology,A_colorantes_mercado_mx,"""food dyes"" prevalence",Crossref
Prevalence of and Risk Factors for Methicillin-Resistant<i>Staphylococcus aureus</i>Carriage at Hospital Admission,2011,Infection Control &amp; Hospital Epidemiology,A_colorantes_mercado_mx,"""food dyes"" prevalence",Crossref
Demonstration of Segmental Arrangement of Thoracic Spinal Motor Neurons Using Lipophilic Dyes,2010,Developmental Neuroscience,A_colorantes_mercado_mx,"""food dyes"" prevalence",Crossref
Commonly consumed Indian plant food materials in the management of diabetes mellitus,2010,Diabetes &amp; Metabolic Syndrome: Clinical Research &amp; Reviews,A_colorantes_mercado_mx,"""food dyes"" prevalence",Crossref
"Characterisation of authentic Italian extra-virgin olive oils by stable isotope ratios of C, O and H and mineral composition",2010,Food Chemistry,A_colorantes_mercado_mx,"""food dyes"" prevalence",Crossref
Do expenditures on tobacco control decrease smoking prevalence?,2010,Applied Economics,A_colorantes_mercado_mx,"""food dyes"" prevalence",Crossref
Type 2 diabetes mellitus—Its global prevalence and therapeutic strategies,2010,Diabetes &amp; Metabolic Syndrome: Clinical Research &amp; Reviews,A_colorantes_mercado_mx,"""food dyes"" prevalence",Crossref
Prevalence of Problem Drinking and Characteristics of a Single-Question Screen,2010,The Journal of Emergency Medicine,A_colorantes_mercado_mx,"""food dyes"" prevalence",Crossref
"The combination of stable isotope abundance ratios of H, C, N and S with 87Sr/86Sr for geographical origin assignment of orange juices",2010,Food Chemistry,A_colorantes_mercado_mx,"""food dyes"" prevalence",Crossref
The use of stable carbon isotopes to authenticate claims that poultry have been corn-fed,2010,Food Chemistry,A_colorantes_mercado_mx,"""food dyes"" prevalence",Crossref
Quantitation using informative zeros (QUIZ): Application for GMO detection and quantification without recourse to certified reference material,2010,Food Chemistry,A_colorantes_mercado_mx,"""food dyes"" prevalence",Crossref
Non-dairy probiotic products,2010,Food Microbiology,A_colorantes_mercado_mx,"""food dyes"" prevalence",Crossref
MECHANICAL BEHAVIOR AND PHYSICAL PROPERTIES OF CHICKEN EGG AS AFFECTED BY DIFFERENT EGG WEIGHTS,2010,Journal of Food Process Engineering,A_colorantes_mercado_mx,"""food dyes"" prevalence",Crossref
Spectroscopic and lasing properties of Xanthene dyes encapsulated in silica and polymeric matrices,2010,Optik,A_colorantes_mercado_mx,"""food dyes"" prevalence",Crossref
Chaos control and synchronization of a three-species food chain model via Holling functional response,2010,International Journal of Computer Mathematics,A_colorantes_mercado_mx,"""food dyes"" prevalence",Crossref
Application of trace element and stable isotope signatures to determine the provenance of tea (Camellia sinensis) samples,2010,Food Chemistry,A_colorantes_mercado_mx,"""food dyes"" prevalence",Crossref
Rheological and crystalline properties of trans-free model fat blends as affected by the length of fatty acid chains,2010,Journal of Food Engineering,A_colorantes_mercado_mx,"""food dyes"" prevalence",Crossref
Food Types in the Diet and the Nutrient Intake of Obese and Non-Obese Children,2011,Journal of Clinical Research in Pediatric Endocrinology,A_colorantes_mercado_mx,"""food dyes"" prevalence",Crossref
Stable C and N isotope ratio analysis for regional geographical traceability of cattle in China,2010,Food Chemistry,A_colorantes_mercado_mx,"""food dyes"" prevalence",Crossref
Development of primer and probe sets for the detection of plant species in honey,2010,Food Chemistry,A_colorantes_mercado_mx,"""food dyes"" prevalence",Crossref
Multivariate analysis of NMR fingerprint of the unsaponifiable fraction of virgin olive oils for authentication purposes,2010,Food Chemistry,A_colorantes_mercado_mx,"""food dyes"" prevalence",Crossref
Prevalence of other diabetes-associated complications and comorbidities and its impact on health care charges among patients with diabetic neuropathy,2010,Journal of Diabetes and its Complications,A_colorantes_mercado_mx,"""food dyes"" prevalence",Crossref
Experimental study of heat transfer intensification by using a novel combined shelf in food refrigerated display cabinets (Experimental study of a novel cabinets),2010,Applied Thermal Engineering,A_colorantes_mercado_mx,"""food dyes"" prevalence",Crossref
Identification of botanical biomarkers found in Corsican honey,2010,Food Chemistry,A_colorantes_mercado_mx,"""food dyes"" prevalence",Crossref
A simple one-step PCR method for the identification between European and American razor clams species,2010,Food Chemistry,A_colorantes_mercado_mx,"""food dyes"" prevalence",Crossref
"Prediction of the identity of fats and oils by their fatty acid, triacylglycerol and volatile compositions using PLS-DA",2010,Food Chemistry,A_colorantes_mercado_mx,"""food dyes"" prevalence",Crossref
Examining preschoolers' nutrition knowledge using a meal creation and food group classification task: age and gender differences,2010,Early Child Development and Care,A_colorantes_mercado_mx,"""food dyes"" prevalence",Crossref
"Prevalence of Hepatitis C, Hepatitis B, and Human Immunodeficiency Virus in a Grand Rapids, Michigan Emergency Department",2010,The Journal of Emergency Medicine,A_colorantes_mercado_mx,"""food dyes"" prevalence",Crossref
The prevalence of eating disorders in infertile women,2010,Fertility and Sterility,A_colorantes_mercado_mx,"""food dyes"" prevalence",Crossref
Towards a multiplex cereal traceability tool using padlock probe ligation on genomic DNA,2010,Food Chemistry,A_colorantes_mercado_mx,"""food dyes"" prevalence",Crossref
"Atrial fibrillation prevalence, incidence and risk of stroke and all-cause death among Chinese",2010,International Journal of Cardiology,A_colorantes_mercado_mx,"""food dyes"" prevalence",Crossref
Prevalence of Bordetella pertussis and Bordetella parapertussis in Infants Presenting to the Emergency Department with Bronchiolitis,2011,The Journal of Emergency Medicine,A_colorantes_mercado_mx,"""food dyes"" prevalence",Crossref
Verification of the geological origin of bottled mineral water using artificial neural networks,2010,Food Chemistry,A_colorantes_mercado_mx,"""food dyes"" prevalence",Crossref
FUZZY CLUSTERING MODELING AND EVALUATION OF SURFACE INTERACTIONS AND EMULSIONS OF SELECTED WHEAT PROTEIN COMBINED TO IOTA‐CARRAGEENAN AND GUM ARABIC SOLUTIONS,2010,Journal of Food Process Engineering,A_colorantes_mercado_mx,"""food dyes"" prevalence",Crossref
Inhibition of Penicillium nordicum in MRS medium by lactic acid bacteria isolated from foods,2010,Food Control,A_colorantes_mercado_mx,"""food dyes"" prevalence",Crossref
Community college transfer students’ probabilities of baccalaureate receipt as a function of their prevalence in four‐year colleges and departments,2011,Education Economics,A_colorantes_mercado_mx,"""food dyes"" prevalence",Crossref
Prevalence of Q fever in domestic animals with reproductive disorders,2010,"Comparative Immunology, Microbiology and Infectious Diseases",A_colorantes_mercado_mx,"""food dyes"" prevalence",Crossref
MICROBIAL ANALYSIS AND TEXTURAL PROPERTIES OF CANTONESE SAUSAGE,2010,Journal of Food Process Engineering,A_colorantes_mercado_mx,"""food dyes"" prevalence",Crossref
SUPERCRITICAL CARBON DIOXIDE SELECTIVITY TO FRACTIONATE PHENOLIC COMPOUNDS FROM THE DRY ETHANOLIC EXTRACT OF PROPOLIS,2010,Journal of Food Process Engineering,A_colorantes_mercado_mx,"""food dyes"" prevalence",Crossref
A model and prototype implementation for tracking and tracing agricultural batch products along the food chain,2010,Food Control,A_colorantes_mercado_mx,"""food dyes"" prevalence",Crossref
Aflatoxin M1 contamination in milk from five dairy species in Pakistan,2010,Food Control,A_colorantes_mercado_mx,"""food dyes"" prevalence",Crossref
The Prevalence of Methicillin-Resistant Staphylococcus aureus on Inanimate Objects in an Urban Emergency Department,2011,The Journal of Emergency Medicine,A_colorantes_mercado_mx,"""food dyes"" prevalence",Crossref
Influence of processing on the levels of amines and proline and on the physico-chemical characteristics of concentrated orange juice,2010,Food Chemistry,A_colorantes_mercado_mx,"""food dyes"" prevalence",Crossref
Prevalence of nephrogenic systemic fibrosis in renal insufficiency patients: Results of the FINEST study,2010,European Journal of Radiology,A_colorantes_mercado_mx,"""food dyes"" prevalence",Crossref
Prevalence of digital dermatitis in first lactation cows assessed at breeding cattle auctions,2010,The Veterinary Journal,A_colorantes_mercado_mx,"""food dyes"" prevalence",Crossref
Prevalence of polycystic ovary syndrome in young women who had idiopathic central precocious puberty,2010,Fertility and Sterility,A_colorantes_mercado_mx,"""food dyes"" prevalence",Crossref
Thorough search for myopathy increases the prevalence of noncompaction,2010,International Journal of Cardiology,A_colorantes_mercado_mx,"""food dyes"" prevalence",Crossref
Comparison of essential oils compositions of Nepeta persica obtained by supercritical carbon dioxide extraction and steam distillation methods,2010,Food and Bioproducts Processing,A_colorantes_mercado_mx,"""food dyes"" prevalence",Crossref
Effect of different drying conditions on the vitamin C (ascorbic acid) content of Hayward kiwifruits (Actinidia deliciosa Planch),2010,Food and Bioproducts Processing,A_colorantes_mercado_mx,"""food dyes"" prevalence",Crossref
A continuous esterification of malonic acid with citronellol using packed bed reactor: Investigation of parameter and kinetics study,2010,Food and Bioproducts Processing,A_colorantes_mercado_mx,"""food dyes"" prevalence",Crossref
"Nitrogen, sustainable agriculture and food security. A review",2010,Agronomy for Sustainable Development,A_colorantes_mercado_mx,"""food dyes"" prevalence",Crossref
The prevalence of low back pain and risk factors among adult population in Afyon region Turkey,2020,Acta Orthopaedica et Traumatologica Turcica,A_colorantes_mercado_mx,"""food dyes"" prevalence",Crossref
Antioxidant activity of sparkling wines produced by Champenoise and Charmat methods,2010,Food Chemistry,A_colorantes_mercado_mx,"""food dyes"" prevalence",Crossref
"Arable land requirements based on food consumption patterns: Case study in rural Guyuan District, Western China",2010,Ecological Economics,A_colorantes_mercado_mx,"""food dyes"" prevalence",Crossref
Dynamical consequences of predator interference in a tri-trophic model food chain,2010,Nonlinear Analysis: Real World Applications,A_colorantes_mercado_mx,"""food dyes"" prevalence",Crossref
Prevalence of Cryptorchidism Among Bulgarian Boys,2011,Journal of Clinical Research in Pediatric Endocrinology,A_colorantes_mercado_mx,"""food dyes"" prevalence",Crossref
Food shelf life: estimation and optimal design,2010,Journal of Statistical Computation and Simulation,A_colorantes_mercado_mx,"""food dyes"" prevalence",Crossref
Prevalence of impaired glucose metabolism in individuals with peripheral arterial disease,2010,International Journal of Cardiology,A_colorantes_mercado_mx,"""food dyes"" prevalence",Crossref
SORT-CC: A procedure for the statistical treatment of free sorting data,2010,Food Quality and Preference,A_colorantes_mercado_mx,"""food dyes"" prevalence",Crossref
Seasonal food habits of corsac and red foxes in Mongolia and the potential for competition,2010,Mammalian Biology,A_colorantes_mercado_mx,"""food dyes"" prevalence",Crossref
Prevalence of virulence-associated genes and cytolethal distending toxin production in Campylobacter spp. isolated in Italy,2010,"Comparative Immunology, Microbiology and Infectious Diseases",A_colorantes_mercado_mx,"""food dyes"" prevalence",Crossref
Non-classical 21-hydroxylase deficiency: prevalence in males with unexplained abnormal sperm analysis,2010,Fertility and Sterility,A_colorantes_mercado_mx,"""food dyes"" prevalence",Crossref
Anthocyanins and polyphenol oxidase from dried arils of pomegranate (Punica granatum L.),2010,Food Chemistry,A_colorantes_mercado_mx,"""food dyes"" prevalence",Crossref
"Sudden cardiac death after PCI and CABG in the bare-metal stent era: Incidence, prevalence, and predictors",2010,International Journal of Cardiology,A_colorantes_mercado_mx,"""food dyes"" prevalence",Crossref
INTEGRATING FUZZY LOGIC PROCEDURE FOR SIGNAL VALIDATIONS: MALTA COLORING AS STUDY CASE,2010,Journal of Food Process Engineering,A_colorantes_mercado_mx,"""food dyes"" prevalence",Crossref
POLYSACCHARIDES FROM MULBERRY LEAF IN RELATION TO THEIR ANTIOXIDANT ACTIVITY AND ANTIBACTERIAL ABILITY,2010,Journal of Food Process Engineering,A_colorantes_mercado_mx,"""food dyes"" prevalence",Crossref
IMAGE PROCESSING AND PHYSICO‐MECHANICAL PROPERTIES OF BASIL SEED (<i>OCIMUM BASILICUM</i>),2010,Journal of Food Process Engineering,A_colorantes_mercado_mx,"""food dyes"" prevalence",Crossref
STUDY ON INTERACTION AMONG EXTRUSION‐COOKING PROCESS VARIABLES AND ENZYME ACTIVITY: EVALUATION OF EXTRUDATE STRUCTURE,2010,Journal of Food Process Engineering,A_colorantes_mercado_mx,"""food dyes"" prevalence",Crossref
EFFECT OF SOLAR DRYING ON THE COMPOSITION OF ESSENTIAL OIL OF <i>SACHA CULANTRO</i> (<i>ERYNGIUM FOETIDUM</i> L.) GROWN IN THE PERUVIAN AMAZON,2010,Journal of Food Process Engineering,A_colorantes_mercado_mx,"""food dyes"" prevalence",Crossref
PRELIMINARY AND COMPARATIVE STUDIES ON THE CULTIVATIONS OF <i>DUNALIELLA SALINA</i> BETWEEN OUTDOORS AND IN THE PHOTOBIOREACTOR,2010,Journal of Food Process Engineering,A_colorantes_mercado_mx,"""food dyes"" prevalence",Crossref
QUANTIFICATION OF FLUX DECLINE AND DESIGN OF ULTRAFILTRATION SYSTEM FOR CLARIFICATION OF TENDER COCONUT WATER,2010,Journal of Food Process Engineering,A_colorantes_mercado_mx,"""food dyes"" prevalence",Crossref
IMPACT OF BLENDING OF FRYING OILS ON VISCOSITY AND HEAT TRANSFER COEFFICIENT AT ELEVATED TEMPERATURES,2010,Journal of Food Process Engineering,A_colorantes_mercado_mx,"""food dyes"" prevalence",Crossref
Hopf bifurcation analysis of a food-limited population model with delay,2010,Nonlinear Analysis: Real World Applications,A_colorantes_mercado_mx,"""food dyes"" prevalence",Crossref
Risk Assessment of Choleragenic <i>Vibrio cholerae</i> 01 and 0139 in Warm‐water Shrimp in International Trade,2010,International Journal of Food Science &amp; Technology,A_colorantes_mercado_mx,"""food dyes"" prevalence",Crossref
<i>Enterobacter sakazakii</i> and <i>Salmonella</i> in Powdered Infant Formula: meeting report,2010,International Journal of Food Science &amp; Technology,A_colorantes_mercado_mx,"""food dyes"" prevalence",Crossref
Handbook of Innovation in the Food and Drink Industry,2010,International Journal of Food Science &amp; Technology,A_colorantes_mercado_mx,"""food dyes"" prevalence",Crossref
Carbohydrate Chemistry for Food Scientists,2010,International Journal of Food Science &amp; Technology,A_colorantes_mercado_mx,"""food dyes"" prevalence",Crossref
"Prevalence and related influencing factors of depressive symptoms for empty-nest elderly living in the rural area of YongZhou, China",2010,Archives of Gerontology and Geriatrics,A_colorantes_mercado_mx,"""food dyes"" prevalence",Crossref
Prevalence of prehypertension and associated risk factors in a rural Taiwanese adult population,2010,International Journal of Cardiology,A_colorantes_mercado_mx,"""food dyes"" prevalence",Crossref
Prevalence of Campylobacter spp. in a cross-sectional study of dogs attending veterinary practices in the UK and risk indicators associated with shedding,2010,The Veterinary Journal,A_colorantes_mercado_mx,"""food dyes"" prevalence",Crossref
"Characteristic prefrontal blood volume patterns when imaging body type, high-calorie food, and mother–child attachment in childhood anorexia nervosa: A near infrared spectroscopy study",2010,Brain and Development,A_colorantes_mercado_mx,"""food dyes"" prevalence",Crossref
"Role of European mitochondrial DNA haplogroups in the prevalence of hip osteoarthritis in Galicia, Northern Spain",2010,Annals of the Rheumatic Diseases,A_colorantes_mercado_mx,"""food dyes"" prevalence",Crossref
Prevalence of polyomavirus viruria (JC virus/BK virus) in children following liver transplantation,2010,Pediatric Transplantation,A_colorantes_mercado_mx,"""food dyes"" prevalence",Crossref
Classification and Antimicrobial Susceptibilities of<i>Enterococcus</i>Species Isolated from Apparently Healthy Food-Producing Animals in Japan,2010,Zoonoses and Public Health,A_colorantes_mercado_mx,"""food dyes"" prevalence",Crossref
Assailants' Sexual Dysfunction During Rape: Prevalence and Relationship to Genital Trauma in Female Victims,2010,The Journal of Emergency Medicine,A_colorantes_mercado_mx,"""food dyes"" prevalence",Crossref
The Prevalence of Incidental Findings on Abdominal Computed Tomography Scans of Trauma Patients,2010,The Journal of Emergency Medicine,A_colorantes_mercado_mx,"""food dyes"" prevalence",Crossref
High prevalence of the metabolic syndrome and associated left ventricular hypertrophy in pediatric renal transplant recipients,2010,Pediatric Transplantation,A_colorantes_mercado_mx,"""food dyes"" prevalence",Crossref
Development of a method to measure consumer emotions associated with foods,2010,Food Quality and Preference,A_colorantes_mercado_mx,"""food dyes"" prevalence",Crossref
Chemical stability of açai fruit (Euterpe oleracea Mart.) anthocyanins as influenced by naturally occurring and externally added polyphenolic cofactors in model systems,2010,Food Chemistry,A_colorantes_mercado_mx,"""food dyes"" prevalence",Crossref
Prevalence of hyperandrogenemia in the polycystic ovary syndrome diagnosed by the National Institutes of Health 1990 criteria,2010,Fertility and Sterility,A_colorantes_mercado_mx,"""food dyes"" prevalence",Crossref
Handbook of Innovation in the Food and Drink Industry,2010,Tourism Management,A_colorantes_mercado_mx,"""food dyes"" prevalence",Crossref
Extent of prevalence and size of flat neoplasms in a heterogeneous population undergoing routine colorectal cancer screening,2010,Colorectal Disease,A_colorantes_mercado_mx,"""food dyes"" prevalence",Crossref
Prevalence of Fibromyalgia: A Survey in Five European Countries,2010,Seminars in Arthritis and Rheumatism,A_colorantes_mercado_mx,"""food dyes"" prevalence",Crossref
Leaving home: Food choice behavior of young German adults,2010,Journal of Business Research,A_colorantes_mercado_mx,"""food dyes"" prevalence",Crossref
Proteins in white wines: Thermo-sensitivity and differential adsorbtion by bentonite,2010,Food Chemistry,A_colorantes_mercado_mx,"""food dyes"" prevalence",Crossref
Formation of heterocyclic amines in slices of Longissimus thoracis beef muscle subjected to jets of superheated steam,2010,Food Chemistry,A_colorantes_mercado_mx,"""food dyes"" prevalence",Crossref
"Occurrence, isolation and differentiation of<i>Candida</i>spp. and prevalence of variables associated to chronic atrophic candidiasis",2010,Mycoses,A_colorantes_mercado_mx,"""food dyes"" prevalence",Crossref
"Food Security, Health, and Medication Expenditures of Emergency Department Patients",2010,The Journal of Emergency Medicine,A_colorantes_mercado_mx,"""food dyes"" prevalence",Crossref
"Challenges in secondary stroke prevention: prevalence of multiple metabolic risk factors, including abnormal glycaemia, in ischaemic stroke and transient ischaemic attack",2010,Internal Medicine Journal,A_colorantes_mercado_mx,"""food dyes"" prevalence",Crossref
Asian Ethnicity and the Prevalence of Metabolic Syndrome in the Osteoarthritic Total Knee Arthroplasty Population,2010,The Journal of Arthroplasty,A_colorantes_mercado_mx,"""food dyes"" prevalence",Crossref
EFFECTS OF DIFFERENT PEKMEZ (FRUIT MOLASSES) TYPES USED AS A NATURAL SUGAR SOURCE ON THE BATTER RHEOLOGY AND PHYSICAL PROPERTIES OF CAKES,2010,Journal of Food Process Engineering,A_colorantes_mercado_mx,"""food dyes"" prevalence",Crossref
Cloud point extraction preconcentration and spectrophotometric determination of copper in food and water samples using amino acid as the complexing agent,2010,Journal of Food Composition and Analysis,A_colorantes_mercado_mx,"""food dyes"" prevalence",Crossref
DRYING EFFECTS OF TWO AIR‐DRYING SHELTERS IN A PILOT TEST ON SULTANA GRAPES,2010,Journal of Food Process Engineering,A_colorantes_mercado_mx,"""food dyes"" prevalence",Crossref
POROSITY DEVELOPMENT AND ITS EFFECT ON OIL UPTAKE DURING FRYING PROCESS,2010,Journal of Food Process Engineering,A_colorantes_mercado_mx,"""food dyes"" prevalence",Crossref
APPLICATION OF DISCRETE MODELING APPROACH TO FLUIDIZED BED YEAST DRYING,2010,Journal of Food Process Engineering,A_colorantes_mercado_mx,"""food dyes"" prevalence",Crossref
OPTIMIZATION OF NEW FLOUR IMPROVER MIXING FORMULA BY SURFACE RESPONSE METHODOLOGY,2010,Journal of Food Process Engineering,A_colorantes_mercado_mx,"""food dyes"" prevalence",Crossref
NEURAL NETWORK MODELING OF END‐OVER‐END THERMAL PROCESSING OF PARTICULATES IN VISCOUS FLUIDS,2010,Journal of Food Process Engineering,A_colorantes_mercado_mx,"""food dyes"" prevalence",Crossref
"GEOMETRICAL, THERMAL AND MECHANICAL PROPERTIES OF OLIVE FRUITS",2010,Journal of Food Process Engineering,A_colorantes_mercado_mx,"""food dyes"" prevalence",Crossref
THIN‐LAYER DRYING BEHAVIORS OF OLIVE LEAVES (<i>OLEA EUROPAEA</i> L.),2010,Journal of Food Process Engineering,A_colorantes_mercado_mx,"""food dyes"" prevalence",Crossref
Prevalence and factors associated with left ventricular dysfunction in the EULAR Scleroderma Trial and Research group (EUSTAR) database of patients with systemic sclerosis,2010,Annals of the Rheumatic Diseases,A_colorantes_mercado_mx,"""food dyes"" prevalence",Crossref
Optimising acceptability of new prebiotic low-fat milk beverages,2010,Food Quality and Preference,A_colorantes_mercado_mx,"""food dyes"" prevalence",Crossref
Circadian patterns of antioxidant and lipid peroxidation status in daytime food restricted rats,2010,Biological Rhythm Research,A_colorantes_mercado_mx,"""food dyes"" prevalence",Crossref
Night-time food restriction modulates the circadian patterns of redox status in rats,2010,Biological Rhythm Research,A_colorantes_mercado_mx,"""food dyes"" prevalence",Crossref
"Genotypic variation of beta-carotene and lutein contents in tea germplasms, Camellia sinensis (L.) O. Kuntze",2010,Journal of Food Composition and Analysis,A_colorantes_mercado_mx,"""food dyes"" prevalence",Crossref
Experimental design on supercritical extraction of essential oil from valerian roots and study of optimal conditions,2010,Food and Bioproducts Processing,A_colorantes_mercado_mx,"""food dyes"" prevalence",Crossref
Supercritical carbon dioxide extraction of bioactive flavonoid from Strobilanthes crispus (Pecah Kaca),2010,Food and Bioproducts Processing,A_colorantes_mercado_mx,"""food dyes"" prevalence",Crossref
"Prevalence of diabetes, metabolic syndrome, and cardiovascular risk factors in US Asian Indians: results from a national study",2010,Journal of Diabetes and its Complications,A_colorantes_mercado_mx,"""food dyes"" prevalence",Crossref
The time cost of food at home: general and food stamp participant profiles,2010,Applied Economics,A_colorantes_mercado_mx,"""food dyes"" prevalence",Crossref
Land use competition for production of food and liquid biofuels: An analysis of the arguments in the current debate,2010,Renewable Energy,A_colorantes_mercado_mx,"""food dyes"" prevalence",Crossref
A role for “omics” technologies in food safety assessment,2010,Food Control,A_colorantes_mercado_mx,"""food dyes"" prevalence",Crossref
Radio frequency heating of comminuted meats - considerations in relation to microbial challenge studies,2010,Food Control,A_colorantes_mercado_mx,"""food dyes"" prevalence",Crossref
"Oestrus in the Julia Creek dunnart (Sminthopsis douglasi) is associated with wheel running behaviour but not necessarily changes in body weight, food consumption or pouch morphology",2010,Animal Reproduction Science,A_colorantes_mercado_mx,"""food dyes"" prevalence",Crossref
Development and application of a centrifugation-plating method to study the biodiversity of Bacillus species in rice products,2010,Food Control,A_colorantes_mercado_mx,"""food dyes"" prevalence",Crossref
"Effect of conformation and water interactions of sucrose, maltitol, mannitol and xylitol on their metastable zone width and ease of nucleation",2010,Food Chemistry,A_colorantes_mercado_mx,"""food dyes"" prevalence",Crossref
Relationship of pungency and leading flavour attributes in model food matrices – temporal aspects,2010,Food Quality and Preference,A_colorantes_mercado_mx,"""food dyes"" prevalence",Crossref
Reliability of stable isotope values from meat juice for the determination of the meat origin,2010,Food Chemistry,A_colorantes_mercado_mx,"""food dyes"" prevalence",Crossref
Determination of nutritional and toxic elements in pasteurized bovine milk from Vale do Paraiba region (Brazil),2010,Food Control,A_colorantes_mercado_mx,"""food dyes"" prevalence",Crossref
High prevalence of polycystic ovary syndrome in women with mild hirsutism and no other significant clinical symptoms,2010,Fertility and Sterility,A_colorantes_mercado_mx,"""food dyes"" prevalence",Crossref
Surveillance of pesticide residues in fruits from Valencia during twenty months (2004/05),2010,Food Control,A_colorantes_mercado_mx,"""food dyes"" prevalence",Crossref
Ochratoxin A removal in synthetic media by living and heat-inactivated cells of Oenococcus oeni isolated from wines,2010,Food Control,A_colorantes_mercado_mx,"""food dyes"" prevalence",Crossref
Contamination of UHT milk by aflatoxin M1 in Iran,2010,Food Control,A_colorantes_mercado_mx,"""food dyes"" prevalence",Crossref
Determination of histamine and biogenic amines in fish cubes (Tetrapturus angustirostris) implicated in a food-borne poisoning,2010,Food Control,A_colorantes_mercado_mx,"""food dyes"" prevalence",Crossref
Prevalence of congenital cardiovascular malformations varies by race and ethnicity,2010,International Journal of Cardiology,A_colorantes_mercado_mx,"""food dyes"" prevalence",Crossref
Prevalence and factors associated with urinary tract infections (UTIs) in very old women,2010,Archives of Gerontology and Geriatrics,A_colorantes_mercado_mx,"""food dyes"" prevalence",Crossref
Target cattle age of post-slaughter testing for bovine spongiform encephalopathy and infectivity entering the human food chain in Japan,2010,Food Control,A_colorantes_mercado_mx,"""food dyes"" prevalence",Crossref
Interception of quorum sensing signal molecule by furanone to enhance shelf life of fermented milk,2010,Food Control,A_colorantes_mercado_mx,"""food dyes"" prevalence",Crossref
"Knowledge, attitude and practice of Taif University students on food poisoning",2010,Food Control,A_colorantes_mercado_mx,"""food dyes"" prevalence",Crossref
A survey on the sanitary condition of commercial foods of plant origin sold in Brazil,2010,Food Control,A_colorantes_mercado_mx,"""food dyes"" prevalence",Crossref
Pharmacological evidences for the extracts and secondary metabolites from plants of the genus Hibiscus,2010,Food Chemistry,A_colorantes_mercado_mx,"""food dyes"" prevalence",Crossref
Prevalence of faecal incontinence in adults aged 30 years or more in general population,2010,Colorectal Disease,A_colorantes_mercado_mx,"""food dyes"" prevalence",Crossref
Free listing: A method to gain initial insight of a food category,2010,Food Quality and Preference,A_colorantes_mercado_mx,"""food dyes"" prevalence",Crossref
"Food habits of the Tibetan fox (Vulpes ferrilata) in the Kunlun Mountains, Qinghai Province, China",2010,Mammalian Biology,A_colorantes_mercado_mx,"""food dyes"" prevalence",Crossref
Crystallization in “Tarassaco” Italian honey studied by DSC,2010,Food Chemistry,A_colorantes_mercado_mx,"""food dyes"" prevalence",Crossref
Estimating HIV Incidence Based on Combined Prevalence Testing,2010,Biometrics,A_colorantes_mercado_mx,"""food dyes"" prevalence",Crossref
Water quality for Espresso coffee,2010,Food Chemistry,A_colorantes_mercado_mx,"""food dyes"" prevalence",Crossref
Analysis of lactic acid bacteria populations during spontaneous malolactic fermentation of Tempranillo wines at five wineries during two consecutive vintages,2010,Food Control,A_colorantes_mercado_mx,"""food dyes"" prevalence",Crossref
Utilisation of pectin coating to enhance spray-dry stability of pea protein-stabilised oil-in-water emulsions,2010,Food Chemistry,A_colorantes_mercado_mx,"""food dyes"" prevalence",Crossref
"DETERMINATION OF DRYING PARAMETERS, ASCORBIC ACID CONTENTS AND COLOR CHARACTERISTICS OF NETTLE LEAVES DURING MICROWAVE‐, AIR‐ AND COMBINED MICROWAVE–AIR‐DRYING",2010,Journal of Food Process Engineering,A_colorantes_mercado_mx,"""food dyes"" prevalence",Crossref
DETERMINATION OF OIL POINT PRESSURE FOR MELON SEEDS,2010,Journal of Food Process Engineering,A_colorantes_mercado_mx,"""food dyes"" prevalence",Crossref
Rapid determination of five post-harvest fungicides and metabolite in citrus fruits by liquid chromatography/time-of-flight mass spectrometry with atmospheric pressure photoionization,2010,Food Control,A_colorantes_mercado_mx,"""food dyes"" prevalence",Crossref
"Prevalence of orthorexia among medical students in Erzurum, Turkey",2010,Comprehensive Psychiatry,A_colorantes_mercado_mx,"""food dyes"" prevalence",Crossref
Fruit pectins – A suitable tool for screening gelling properties using infrared spectroscopy,2010,Food Hydrocolloids,A_colorantes_mercado_mx,"""food dyes"" prevalence",Crossref
Thurstonian models for sensory discrimination tests as generalized linear models,2010,Food Quality and Preference,A_colorantes_mercado_mx,"""food dyes"" prevalence",Crossref
Sweet cherry phytochemicals: Identification and characterization by HPLC-DAD/ESI-MS in six sweet-cherry cultivars grown in Valle del Jerte (Spain),2010,Journal of Food Composition and Analysis,A_colorantes_mercado_mx,"""food dyes"" prevalence",Crossref
Effects of Trolox and ascorbic acid on the riboflavin photosensitised oxidation of aromatic amino acids,2010,Food Chemistry,A_colorantes_mercado_mx,"""food dyes"" prevalence",Crossref
Pain Prevalence Study in a Large Canadian Teaching Hospital. Round 2: Lessons Learned?,2010,Pain Management Nursing,A_colorantes_mercado_mx,"""food dyes"" prevalence",Crossref
Time trends of co‐existing atopic conditions in Singapore school children: prevalence and related factors,2010,Pediatric Allergy and Immunology,A_colorantes_mercado_mx,"""food dyes"" prevalence",Crossref
"Prevalence, risk factors and preventive strategies in work‐related musculoskeletal disorders among Israeli physical therapists",2010,Physiotherapy Research International,A_colorantes_mercado_mx,"""food dyes"" prevalence",Crossref
Substrate contribution on carotenoids production in Blakeslea trispora cultivations,2010,Food and Bioproducts Processing,A_colorantes_mercado_mx,"""food dyes"" prevalence",Crossref
Optimizing endopectinase production from date pomace by Aspergillus niger PC5 using response surface methodology,2010,Food and Bioproducts Processing,A_colorantes_mercado_mx,"""food dyes"" prevalence",Crossref
"A novel bacteriocin with a broad inhibitory spectrum produced by Lactobacillus sake C2, isolated from traditional Chinese fermented cabbage",2010,Food Control,A_colorantes_mercado_mx,"""food dyes"" prevalence",Crossref
Regional prevalence and clinical benefit of implantable cardioverter defibrillators in Brugada syndrome,2010,International Journal of Cardiology,A_colorantes_mercado_mx,"""food dyes"" prevalence",Crossref
Extensive survey on the prevalence and genetic diversity of SIVs in primate bushmeat provides insights into risks for potential new cross-species transmissions,2010,"Infection, Genetics and Evolution",A_colorantes_mercado_mx,"""food dyes"" prevalence",Crossref
Managing water in agriculture for food production and other ecosystem services,2010,Agricultural Water Management,A_colorantes_mercado_mx,"""food dyes"" prevalence",Crossref
Prevalence and diagnosis of Babesia and Theileria infections in horses in Italy: A preliminary study,2010,The Veterinary Journal,A_colorantes_mercado_mx,"""food dyes"" prevalence",Crossref
Prevalence of coronary artery disease in asymptomatic patients with abnormal intima-media thickness by 64-slice computed tomography,2010,International Journal of Cardiology,A_colorantes_mercado_mx,"""food dyes"" prevalence",Crossref
Continuous H2 and CH4 production from high-solid food waste in the two-stage thermophilic fermentation process with the recirculation of digester sludge,2010,Bioresource Technology,A_colorantes_mercado_mx,"""food dyes"" prevalence",Crossref
Juice clarification by protease and pectinase treatments indicates new roles of pectin and protein in cherry juice turbidity,2010,Food and Bioproducts Processing,A_colorantes_mercado_mx,"""food dyes"" prevalence",Crossref
"Congenital hydrocephalus – prevalence, prenatal diagnosis and outcome of pregnancy in four European regions",2010,European Journal of Paediatric Neurology,A_colorantes_mercado_mx,"""food dyes"" prevalence",Crossref
Antioxidant and anticancer activities of 8-hydroxypsoralen isolated from wampee [Clausena lansium (Lour.) Skeels] peel,2010,Food Chemistry,A_colorantes_mercado_mx,"""food dyes"" prevalence",Crossref
ATP-regulation of antioxidant properties and phenolics in litchi fruit during browning and pathogen infection process,2010,Food Chemistry,A_colorantes_mercado_mx,"""food dyes"" prevalence",Crossref
Impact of emulsifier microenvironments on acid–base equilibrium and activity of antioxidants,2010,Food Chemistry,A_colorantes_mercado_mx,"""food dyes"" prevalence",Crossref
Tracing the geographical origin of honeys based on volatile compounds profiles assessment using pattern recognition techniques,2010,Food Chemistry,A_colorantes_mercado_mx,"""food dyes"" prevalence",Crossref
"A novel approach to authenticity control of whole grain durum wheat (Triticum durum Desf.) flour and pasta, based on analysis of alkylresorcinol composition",2010,Food Chemistry,A_colorantes_mercado_mx,"""food dyes"" prevalence",Crossref
Characterisation by SPME–GC–MS of the volatile profile of a Spanish soft cheese P.D.O. Torta del Casar during ripening,2010,Food Chemistry,A_colorantes_mercado_mx,"""food dyes"" prevalence",Crossref
Antioxidant activities of phenolic rich fractions (PRFs) obtained from black mahlab (Monechma ciliatum) and white mahlab (Prunus mahaleb) seedcakes,2010,Food Chemistry,A_colorantes_mercado_mx,"""food dyes"" prevalence",Crossref
A novel angiotensin I converting enzyme inhibitory peptide from tuna frame protein hydrolysate and its antihypertensive effect in spontaneously hypertensive rats,2010,Food Chemistry,A_colorantes_mercado_mx,"""food dyes"" prevalence",Crossref
Determination of isoflavone content and antioxidant activity in Psoralea corylifolia L. callus cultures,2010,Food Chemistry,A_colorantes_mercado_mx,"""food dyes"" prevalence",Crossref
Heat-induced changes in dairy products containing sucrose,2010,Food Chemistry,A_colorantes_mercado_mx,"""food dyes"" prevalence",Crossref
Antiproliferative and antioxidant properties of anthocyanin-rich extract from açai,2010,Food Chemistry,A_colorantes_mercado_mx,"""food dyes"" prevalence",Crossref
Antioxidant activity of Potentilla fulgens: An alpine plant of western Himalaya,2010,Journal of Food Composition and Analysis,A_colorantes_mercado_mx,"""food dyes"" prevalence",Crossref
"Effects of combined treatments of high pressure, temperature and antimicrobial products on germination of mung bean seeds and microbial quality of sprouts",2010,Food Control,A_colorantes_mercado_mx,"""food dyes"" prevalence",Crossref
Pressurized liquid extraction coupled to liquid chromatography for the analysis of ochratoxin A in breakfast and infants cereals from Morocco,2010,Food Control,A_colorantes_mercado_mx,"""food dyes"" prevalence",Crossref
Separation and isolation of β-sitosterol oxides and their non-mutagenic potential in the Salmonella microsome assay,2010,Food Chemistry,A_colorantes_mercado_mx,"""food dyes"" prevalence",Crossref
Structural characterisation of pentosans from hemicellulose B of wheat varieties with varying chapati-making quality,2010,Food Chemistry,A_colorantes_mercado_mx,"""food dyes"" prevalence",Crossref
On-line HPLC–MS–DPPH assay for the analysis of phenolic antioxidant compounds in fruit wine: Antidesma thwaitesianum Muell.,2010,Food Chemistry,A_colorantes_mercado_mx,"""food dyes"" prevalence",Crossref
Application of artificial neural networks to the prediction of the antioxidant activity of essential oils in two experimental in vitro models,2010,Food Chemistry,A_colorantes_mercado_mx,"""food dyes"" prevalence",Crossref
Effect of cultivar and environment on physicochemical and cooking characteristics of field pea (Pisum sativum),2010,Food Chemistry,A_colorantes_mercado_mx,"""food dyes"" prevalence",Crossref
"Flavan-3-ol contents, anti-oxidative and α-glucosidase inhibitory activities of Cynomorium songaricum",2010,Food Chemistry,A_colorantes_mercado_mx,"""food dyes"" prevalence",Crossref
The effect of MgCl2 on the kinetics of the Maillard reaction in both aqueous and dehydrated systems,2010,Food Chemistry,A_colorantes_mercado_mx,"""food dyes"" prevalence",Crossref
High-power gradient diffusion NMR spectroscopy for the rapid assessment of extra-virgin olive oil adulteration,2010,Food Chemistry,A_colorantes_mercado_mx,"""food dyes"" prevalence",Crossref
Antimicrobial potential of Coriandrum sativum L. against different Candida species in vitro,2010,Food Chemistry,A_colorantes_mercado_mx,"""food dyes"" prevalence",Crossref
Direct determination of free tryptophan contents in soy sauces and its application as an index of soy sauce adulteration,2010,Food Chemistry,A_colorantes_mercado_mx,"""food dyes"" prevalence",Crossref
The potential of coupling information using three analytical techniques for identifying the geographical origin of Liguria extra virgin olive oil,2010,Food Chemistry,A_colorantes_mercado_mx,"""food dyes"" prevalence",Crossref
Authentication of extra virgin olive oils by Fourier-transform infrared spectroscopy,2010,Food Chemistry,A_colorantes_mercado_mx,"""food dyes"" prevalence",Crossref
Antioxidant activities of malt extract from barley (Hordeum vulgare L.) toward various oxidative stress in vitro and in vivo,2010,Food Chemistry,A_colorantes_mercado_mx,"""food dyes"" prevalence",Crossref
Effects of heat treatment and acid-induced gelation on aroma release from flavoured skim milk,2010,Food Chemistry,A_colorantes_mercado_mx,"""food dyes"" prevalence",Crossref
Antioxidant and antiproliferative activities of phytochemicals from Quince (Cydonia vulgaris) peels,2010,Food Chemistry,A_colorantes_mercado_mx,"""food dyes"" prevalence",Crossref
The internal iliac arteries do not supply the inferior mesenteric artery,2011,International Journal of Angiology,B_aditivos_envasados_mx,"""food additives"" ""packaged food supply""",Crossref
Borderzone Brain Infarcts on CT Taking into Account the Variability in Vascular Supply Areas,2010,Cerebrovascular Diseases,B_aditivos_envasados_mx,"""food additives"" ""packaged food supply""",Crossref
Commonly consumed Indian plant food materials in the management of diabetes mellitus,2010,Diabetes &amp; Metabolic Syndrome: Clinical Research &amp; Reviews,B_aditivos_envasados_mx,"""food additives"" ""packaged food supply""",Crossref
"Characterisation of authentic Italian extra-virgin olive oils by stable isotope ratios of C, O and H and mineral composition",2010,Food Chemistry,B_aditivos_envasados_mx,"""food additives"" ""packaged food supply""",Crossref
Joint production and substitution in timber supply: a panel data analysis,2010,Applied Economics,B_aditivos_envasados_mx,"""food additives"" ""packaged food supply""",Crossref
"The combination of stable isotope abundance ratios of H, C, N and S with 87Sr/86Sr for geographical origin assignment of orange juices",2010,Food Chemistry,B_aditivos_envasados_mx,"""food additives"" ""packaged food supply""",Crossref
The use of stable carbon isotopes to authenticate claims that poultry have been corn-fed,2010,Food Chemistry,B_aditivos_envasados_mx,"""food additives"" ""packaged food supply""",Crossref
Quantitation using informative zeros (QUIZ): Application for GMO detection and quantification without recourse to certified reference material,2010,Food Chemistry,B_aditivos_envasados_mx,"""food additives"" ""packaged food supply""",Crossref
Non-dairy probiotic products,2010,Food Microbiology,B_aditivos_envasados_mx,"""food additives"" ""packaged food supply""",Crossref
MECHANICAL BEHAVIOR AND PHYSICAL PROPERTIES OF CHICKEN EGG AS AFFECTED BY DIFFERENT EGG WEIGHTS,2010,Journal of Food Process Engineering,B_aditivos_envasados_mx,"""food additives"" ""packaged food supply""",Crossref
Chaos control and synchronization of a three-species food chain model via Holling functional response,2010,International Journal of Computer Mathematics,B_aditivos_envasados_mx,"""food additives"" ""packaged food supply""",Crossref
Application of trace element and stable isotope signatures to determine the provenance of tea (Camellia sinensis) samples,2010,Food Chemistry,B_aditivos_envasados_mx,"""food additives"" ""packaged food supply""",Crossref
Rheological and crystalline properties of trans-free model fat blends as affected by the length of fatty acid chains,2010,Journal of Food Engineering,B_aditivos_envasados_mx,"""food additives"" ""packaged food supply""",Crossref
Food Types in the Diet and the Nutrient Intake of Obese and Non-Obese Children,2011,Journal of Clinical Research in Pediatric Endocrinology,B_aditivos_envasados_mx,"""food additives"" ""packaged food supply""",Crossref
Stable C and N isotope ratio analysis for regional geographical traceability of cattle in China,2010,Food Chemistry,B_aditivos_envasados_mx,"""food additives"" ""packaged food supply""",Crossref
Development of primer and probe sets for the detection of plant species in honey,2010,Food Chemistry,B_aditivos_envasados_mx,"""food additives"" ""packaged food supply""",Crossref
Multivariate analysis of NMR fingerprint of the unsaponifiable fraction of virgin olive oils for authentication purposes,2010,Food Chemistry,B_aditivos_envasados_mx,"""food additives"" ""packaged food supply""",Crossref
Demand supply network opportunity development processes in emerging markets: Positioning for strategy realization in Russia,2010,Industrial Marketing Management,B_aditivos_envasados_mx,"""food additives"" ""packaged food supply""",Crossref
Experimental study of heat transfer intensification by using a novel combined shelf in food refrigerated display cabinets (Experimental study of a novel cabinets),2010,Applied Thermal Engineering,B_aditivos_envasados_mx,"""food additives"" ""packaged food supply""",Crossref
Identification of botanical biomarkers found in Corsican honey,2010,Food Chemistry,B_aditivos_envasados_mx,"""food additives"" ""packaged food supply""",Crossref
A simple one-step PCR method for the identification between European and American razor clams species,2010,Food Chemistry,B_aditivos_envasados_mx,"""food additives"" ""packaged food supply""",Crossref
"Prediction of the identity of fats and oils by their fatty acid, triacylglycerol and volatile compositions using PLS-DA",2010,Food Chemistry,B_aditivos_envasados_mx,"""food additives"" ""packaged food supply""",Crossref
Examining preschoolers' nutrition knowledge using a meal creation and food group classification task: age and gender differences,2010,Early Child Development and Care,B_aditivos_envasados_mx,"""food additives"" ""packaged food supply""",Crossref
Noninvasive Tissue Oxygen Saturation Measurements Identify Supply Dependency,2010,Journal of Surgical Research,B_aditivos_envasados_mx,"""food additives"" ""packaged food supply""",Crossref
Towards a multiplex cereal traceability tool using padlock probe ligation on genomic DNA,2010,Food Chemistry,B_aditivos_envasados_mx,"""food additives"" ""packaged food supply""",Crossref
Verification of the geological origin of bottled mineral water using artificial neural networks,2010,Food Chemistry,B_aditivos_envasados_mx,"""food additives"" ""packaged food supply""",Crossref
FUZZY CLUSTERING MODELING AND EVALUATION OF SURFACE INTERACTIONS AND EMULSIONS OF SELECTED WHEAT PROTEIN COMBINED TO IOTA‐CARRAGEENAN AND GUM ARABIC SOLUTIONS,2010,Journal of Food Process Engineering,B_aditivos_envasados_mx,"""food additives"" ""packaged food supply""",Crossref
Inhibition of Penicillium nordicum in MRS medium by lactic acid bacteria isolated from foods,2010,Food Control,B_aditivos_envasados_mx,"""food additives"" ""packaged food supply""",Crossref
The role of European «ro-ro» port terminals in the automotive supply chain management,2010,Journal of Transport Geography,B_aditivos_envasados_mx,"""food additives"" ""packaged food supply""",Crossref
MICROBIAL ANALYSIS AND TEXTURAL PROPERTIES OF CANTONESE SAUSAGE,2010,Journal of Food Process Engineering,B_aditivos_envasados_mx,"""food additives"" ""packaged food supply""",Crossref
SUPERCRITICAL CARBON DIOXIDE SELECTIVITY TO FRACTIONATE PHENOLIC COMPOUNDS FROM THE DRY ETHANOLIC EXTRACT OF PROPOLIS,2010,Journal of Food Process Engineering,B_aditivos_envasados_mx,"""food additives"" ""packaged food supply""",Crossref
A model and prototype implementation for tracking and tracing agricultural batch products along the food chain,2010,Food Control,B_aditivos_envasados_mx,"""food additives"" ""packaged food supply""",Crossref
Price competition with integrated and decentralized supply chains,2010,European Journal of Operational Research,B_aditivos_envasados_mx,"""food additives"" ""packaged food supply""",Crossref
Aflatoxin M1 contamination in milk from five dairy species in Pakistan,2010,Food Control,B_aditivos_envasados_mx,"""food additives"" ""packaged food supply""",Crossref
Influence of processing on the levels of amines and proline and on the physico-chemical characteristics of concentrated orange juice,2010,Food Chemistry,B_aditivos_envasados_mx,"""food additives"" ""packaged food supply""",Crossref
Price discount based on early order commitment in a single manufacturer–multiple retailer supply chain,2010,European Journal of Operational Research,B_aditivos_envasados_mx,"""food additives"" ""packaged food supply""",Crossref
A multi-structural framework for adaptive supply chain planning and operations control with structure dynamics considerations,2010,European Journal of Operational Research,B_aditivos_envasados_mx,"""food additives"" ""packaged food supply""",Crossref
Comparison of essential oils compositions of Nepeta persica obtained by supercritical carbon dioxide extraction and steam distillation methods,2010,Food and Bioproducts Processing,B_aditivos_envasados_mx,"""food additives"" ""packaged food supply""",Crossref
Revenue management for a supply chain with two streams of customers,2010,European Journal of Operational Research,B_aditivos_envasados_mx,"""food additives"" ""packaged food supply""",Crossref
Study on labour supply when tax evasion is an option with Box–Cox functional forms and random parameters,2010,Applied Economics,B_aditivos_envasados_mx,"""food additives"" ""packaged food supply""",Crossref
Effect of different drying conditions on the vitamin C (ascorbic acid) content of Hayward kiwifruits (Actinidia deliciosa Planch),2010,Food and Bioproducts Processing,B_aditivos_envasados_mx,"""food additives"" ""packaged food supply""",Crossref
Supply Chain With Inventory Review and Dependent Demand Distributions: Dynamic Inventory Outsourcing,2010,IEEE Transactions on Automation Science and Engineering,B_aditivos_envasados_mx,"""food additives"" ""packaged food supply""",Crossref
Solitary fibrous mediastinal tumor with coronary vascular supply: An unusual case,2010,The Journal of Thoracic and Cardiovascular Surgery,B_aditivos_envasados_mx,"""food additives"" ""packaged food supply""",Crossref
A continuous esterification of malonic acid with citronellol using packed bed reactor: Investigation of parameter and kinetics study,2010,Food and Bioproducts Processing,B_aditivos_envasados_mx,"""food additives"" ""packaged food supply""",Crossref
"Nitrogen, sustainable agriculture and food security. A review",2010,Agronomy for Sustainable Development,B_aditivos_envasados_mx,"""food additives"" ""packaged food supply""",Crossref
Cost optimization of the supply chain network using genetic algorithms - Withdrawn,2019,IEEE Transactions on Knowledge and Data Engineering,B_aditivos_envasados_mx,"""food additives"" ""packaged food supply""",Crossref
Antioxidant activity of sparkling wines produced by Champenoise and Charmat methods,2010,Food Chemistry,B_aditivos_envasados_mx,"""food additives"" ""packaged food supply""",Crossref
A fuzzy newsvendor approach to supply chain coordination,2010,European Journal of Operational Research,B_aditivos_envasados_mx,"""food additives"" ""packaged food supply""",Crossref
A genetic approach to two-phase optimization of dynamic supply chain scheduling,2010,Computers &amp; Industrial Engineering,B_aditivos_envasados_mx,"""food additives"" ""packaged food supply""",Crossref
"Arable land requirements based on food consumption patterns: Case study in rural Guyuan District, Western China",2010,Ecological Economics,B_aditivos_envasados_mx,"""food additives"" ""packaged food supply""",Crossref
Dynamical consequences of predator interference in a tri-trophic model food chain,2010,Nonlinear Analysis: Real World Applications,B_aditivos_envasados_mx,"""food additives"" ""packaged food supply""",Crossref
Aerosol iron deposition to the surface ocean — Modes of iron supply and biological responses,2010,Marine Chemistry,B_aditivos_envasados_mx,"""food additives"" ""packaged food supply""",Crossref
Food shelf life: estimation and optimal design,2010,Journal of Statistical Computation and Simulation,B_aditivos_envasados_mx,"""food additives"" ""packaged food supply""",Crossref
SORT-CC: A procedure for the statistical treatment of free sorting data,2010,Food Quality and Preference,B_aditivos_envasados_mx,"""food additives"" ""packaged food supply""",Crossref
Seasonal food habits of corsac and red foxes in Mongolia and the potential for competition,2010,Mammalian Biology,B_aditivos_envasados_mx,"""food additives"" ""packaged food supply""",Crossref
Anthocyanins and polyphenol oxidase from dried arils of pomegranate (Punica granatum L.),2010,Food Chemistry,B_aditivos_envasados_mx,"""food additives"" ""packaged food supply""",Crossref
Effect of Supply Reliability in a Retail Setting with Joint Marketing and Inventory Decisions,2010,Manufacturing &amp; Service Operations Management,B_aditivos_envasados_mx,"""food additives"" ""packaged food supply""",Crossref
INTEGRATING FUZZY LOGIC PROCEDURE FOR SIGNAL VALIDATIONS: MALTA COLORING AS STUDY CASE,2010,Journal of Food Process Engineering,B_aditivos_envasados_mx,"""food additives"" ""packaged food supply""",Crossref
POLYSACCHARIDES FROM MULBERRY LEAF IN RELATION TO THEIR ANTIOXIDANT ACTIVITY AND ANTIBACTERIAL ABILITY,2010,Journal of Food Process Engineering,B_aditivos_envasados_mx,"""food additives"" ""packaged food supply""",Crossref
IMAGE PROCESSING AND PHYSICO‐MECHANICAL PROPERTIES OF BASIL SEED (<i>OCIMUM BASILICUM</i>),2010,Journal of Food Process Engineering,B_aditivos_envasados_mx,"""food additives"" ""packaged food supply""",Crossref
STUDY ON INTERACTION AMONG EXTRUSION‐COOKING PROCESS VARIABLES AND ENZYME ACTIVITY: EVALUATION OF EXTRUDATE STRUCTURE,2010,Journal of Food Process Engineering,B_aditivos_envasados_mx,"""food additives"" ""packaged food supply""",Crossref
EFFECT OF SOLAR DRYING ON THE COMPOSITION OF ESSENTIAL OIL OF <i>SACHA CULANTRO</i> (<i>ERYNGIUM FOETIDUM</i> L.) GROWN IN THE PERUVIAN AMAZON,2010,Journal of Food Process Engineering,B_aditivos_envasados_mx,"""food additives"" ""packaged food supply""",Crossref
PRELIMINARY AND COMPARATIVE STUDIES ON THE CULTIVATIONS OF <i>DUNALIELLA SALINA</i> BETWEEN OUTDOORS AND IN THE PHOTOBIOREACTOR,2010,Journal of Food Process Engineering,B_aditivos_envasados_mx,"""food additives"" ""packaged food supply""",Crossref
QUANTIFICATION OF FLUX DECLINE AND DESIGN OF ULTRAFILTRATION SYSTEM FOR CLARIFICATION OF TENDER COCONUT WATER,2010,Journal of Food Process Engineering,B_aditivos_envasados_mx,"""food additives"" ""packaged food supply""",Crossref
IMPACT OF BLENDING OF FRYING OILS ON VISCOSITY AND HEAT TRANSFER COEFFICIENT AT ELEVATED TEMPERATURES,2010,Journal of Food Process Engineering,B_aditivos_envasados_mx,"""food additives"" ""packaged food supply""",Crossref
Hopf bifurcation analysis of a food-limited population model with delay,2010,Nonlinear Analysis: Real World Applications,B_aditivos_envasados_mx,"""food additives"" ""packaged food supply""",Crossref
Risk Assessment of Choleragenic <i>Vibrio cholerae</i> 01 and 0139 in Warm‐water Shrimp in International Trade,2010,International Journal of Food Science &amp; Technology,B_aditivos_envasados_mx,"""food additives"" ""packaged food supply""",Crossref
<i>Enterobacter sakazakii</i> and <i>Salmonella</i> in Powdered Infant Formula: meeting report,2010,International Journal of Food Science &amp; Technology,B_aditivos_envasados_mx,"""food additives"" ""packaged food supply""",Crossref
Handbook of Innovation in the Food and Drink Industry,2010,International Journal of Food Science &amp; Technology,B_aditivos_envasados_mx,"""food additives"" ""packaged food supply""",Crossref
Carbohydrate Chemistry for Food Scientists,2010,International Journal of Food Science &amp; Technology,B_aditivos_envasados_mx,"""food additives"" ""packaged food supply""",Crossref
"Characteristic prefrontal blood volume patterns when imaging body type, high-calorie food, and mother–child attachment in childhood anorexia nervosa: A near infrared spectroscopy study",2010,Brain and Development,B_aditivos_envasados_mx,"""food additives"" ""packaged food supply""",Crossref
Classification and Antimicrobial Susceptibilities of<i>Enterococcus</i>Species Isolated from Apparently Healthy Food-Producing Animals in Japan,2010,Zoonoses and Public Health,B_aditivos_envasados_mx,"""food additives"" ""packaged food supply""",Crossref
Multi-time scale Markov decision process approach to strategic network growth of reverse supply chains☆,2010,Omega,B_aditivos_envasados_mx,"""food additives"" ""packaged food supply""",Crossref
Development of a method to measure consumer emotions associated with foods,2010,Food Quality and Preference,B_aditivos_envasados_mx,"""food additives"" ""packaged food supply""",Crossref
Chemical stability of açai fruit (Euterpe oleracea Mart.) anthocyanins as influenced by naturally occurring and externally added polyphenolic cofactors in model systems,2010,Food Chemistry,B_aditivos_envasados_mx,"""food additives"" ""packaged food supply""",Crossref
Preserving the neurovascular supply in the Hall-Findlay superomedial pedicle breast reduction: an anatomical study,2010,"Journal of Plastic, Reconstructive &amp; Aesthetic Surgery",B_aditivos_envasados_mx,"""food additives"" ""packaged food supply""",Crossref
Fast and Accurate Analysis of Supply Noise Effects in PLL With Noise Interactions,2010,IEEE Transactions on Circuits and Systems I: Regular Papers,B_aditivos_envasados_mx,"""food additives"" ""packaged food supply""",Crossref
Handbook of Innovation in the Food and Drink Industry,2010,Tourism Management,B_aditivos_envasados_mx,"""food additives"" ""packaged food supply""",Crossref
Leaving home: Food choice behavior of young German adults,2010,Journal of Business Research,B_aditivos_envasados_mx,"""food additives"" ""packaged food supply""",Crossref
Proteins in white wines: Thermo-sensitivity and differential adsorbtion by bentonite,2010,Food Chemistry,B_aditivos_envasados_mx,"""food additives"" ""packaged food supply""",Crossref
The systematic use of intraoperative vascular Doppler ultrasound during microsurgical subinguinal varicocelectomy improves precise identification and preservation of testicular blood supply,2010,Fertility and Sterility,B_aditivos_envasados_mx,"""food additives"" ""packaged food supply""",Crossref
Formation of heterocyclic amines in slices of Longissimus thoracis beef muscle subjected to jets of superheated steam,2010,Food Chemistry,B_aditivos_envasados_mx,"""food additives"" ""packaged food supply""",Crossref
"Food Security, Health, and Medication Expenditures of Emergency Department Patients",2010,The Journal of Emergency Medicine,B_aditivos_envasados_mx,"""food additives"" ""packaged food supply""",Crossref
EFFECTS OF DIFFERENT PEKMEZ (FRUIT MOLASSES) TYPES USED AS A NATURAL SUGAR SOURCE ON THE BATTER RHEOLOGY AND PHYSICAL PROPERTIES OF CAKES,2010,Journal of Food Process Engineering,B_aditivos_envasados_mx,"""food additives"" ""packaged food supply""",Crossref
Cloud point extraction preconcentration and spectrophotometric determination of copper in food and water samples using amino acid as the complexing agent,2010,Journal of Food Composition and Analysis,B_aditivos_envasados_mx,"""food additives"" ""packaged food supply""",Crossref
DRYING EFFECTS OF TWO AIR‐DRYING SHELTERS IN A PILOT TEST ON SULTANA GRAPES,2010,Journal of Food Process Engineering,B_aditivos_envasados_mx,"""food additives"" ""packaged food supply""",Crossref
POROSITY DEVELOPMENT AND ITS EFFECT ON OIL UPTAKE DURING FRYING PROCESS,2010,Journal of Food Process Engineering,B_aditivos_envasados_mx,"""food additives"" ""packaged food supply""",Crossref
APPLICATION OF DISCRETE MODELING APPROACH TO FLUIDIZED BED YEAST DRYING,2010,Journal of Food Process Engineering,B_aditivos_envasados_mx,"""food additives"" ""packaged food supply""",Crossref
OPTIMIZATION OF NEW FLOUR IMPROVER MIXING FORMULA BY SURFACE RESPONSE METHODOLOGY,2010,Journal of Food Process Engineering,B_aditivos_envasados_mx,"""food additives"" ""packaged food supply""",Crossref
NEURAL NETWORK MODELING OF END‐OVER‐END THERMAL PROCESSING OF PARTICULATES IN VISCOUS FLUIDS,2010,Journal of Food Process Engineering,B_aditivos_envasados_mx,"""food additives"" ""packaged food supply""",Crossref
"GEOMETRICAL, THERMAL AND MECHANICAL PROPERTIES OF OLIVE FRUITS",2010,Journal of Food Process Engineering,B_aditivos_envasados_mx,"""food additives"" ""packaged food supply""",Crossref
THIN‐LAYER DRYING BEHAVIORS OF OLIVE LEAVES (<i>OLEA EUROPAEA</i> L.),2010,Journal of Food Process Engineering,B_aditivos_envasados_mx,"""food additives"" ""packaged food supply""",Crossref
Optimising acceptability of new prebiotic low-fat milk beverages,2010,Food Quality and Preference,B_aditivos_envasados_mx,"""food additives"" ""packaged food supply""",Crossref
Circadian patterns of antioxidant and lipid peroxidation status in daytime food restricted rats,2010,Biological Rhythm Research,B_aditivos_envasados_mx,"""food additives"" ""packaged food supply""",Crossref
Night-time food restriction modulates the circadian patterns of redox status in rats,2010,Biological Rhythm Research,B_aditivos_envasados_mx,"""food additives"" ""packaged food supply""",Crossref
"Genotypic variation of beta-carotene and lutein contents in tea germplasms, Camellia sinensis (L.) O. Kuntze",2010,Journal of Food Composition and Analysis,B_aditivos_envasados_mx,"""food additives"" ""packaged food supply""",Crossref
Experimental design on supercritical extraction of essential oil from valerian roots and study of optimal conditions,2010,Food and Bioproducts Processing,B_aditivos_envasados_mx,"""food additives"" ""packaged food supply""",Crossref
Supercritical carbon dioxide extraction of bioactive flavonoid from Strobilanthes crispus (Pecah Kaca),2010,Food and Bioproducts Processing,B_aditivos_envasados_mx,"""food additives"" ""packaged food supply""",Crossref
Academic software for optimizing supply‐side bids in a wholesale electricity market,2011,Computer Applications in Engineering Education,B_aditivos_envasados_mx,"""food additives"" ""packaged food supply""",Crossref
The time cost of food at home: general and food stamp participant profiles,2010,Applied Economics,B_aditivos_envasados_mx,"""food additives"" ""packaged food supply""",Crossref
Land use competition for production of food and liquid biofuels: An analysis of the arguments in the current debate,2010,Renewable Energy,B_aditivos_envasados_mx,"""food additives"" ""packaged food supply""",Crossref
A role for “omics” technologies in food safety assessment,2010,Food Control,B_aditivos_envasados_mx,"""food additives"" ""packaged food supply""",Crossref
Radio frequency heating of comminuted meats - considerations in relation to microbial challenge studies,2010,Food Control,B_aditivos_envasados_mx,"""food additives"" ""packaged food supply""",Crossref
Energy security policies in EU-25—The expected cost of oil supply disruptions,2010,Energy Policy,B_aditivos_envasados_mx,"""food additives"" ""packaged food supply""",Crossref
"Oestrus in the Julia Creek dunnart (Sminthopsis douglasi) is associated with wheel running behaviour but not necessarily changes in body weight, food consumption or pouch morphology",2010,Animal Reproduction Science,B_aditivos_envasados_mx,"""food additives"" ""packaged food supply""",Crossref
Endogenous information acquisition in supply chain management,2010,European Journal of Operational Research,B_aditivos_envasados_mx,"""food additives"" ""packaged food supply""",Crossref
Development and application of a centrifugation-plating method to study the biodiversity of Bacillus species in rice products,2010,Food Control,B_aditivos_envasados_mx,"""food additives"" ""packaged food supply""",Crossref
"Effect of conformation and water interactions of sucrose, maltitol, mannitol and xylitol on their metastable zone width and ease of nucleation",2010,Food Chemistry,B_aditivos_envasados_mx,"""food additives"" ""packaged food supply""",Crossref
From a hub port city to a global supply chain management center: a case study of Hong Kong,2010,Journal of Transport Geography,B_aditivos_envasados_mx,"""food additives"" ""packaged food supply""",Crossref
Relationship of pungency and leading flavour attributes in model food matrices – temporal aspects,2010,Food Quality and Preference,B_aditivos_envasados_mx,"""food additives"" ""packaged food supply""",Crossref
Reliability of stable isotope values from meat juice for the determination of the meat origin,2010,Food Chemistry,B_aditivos_envasados_mx,"""food additives"" ""packaged food supply""",Crossref
Determination of nutritional and toxic elements in pasteurized bovine milk from Vale do Paraiba region (Brazil),2010,Food Control,B_aditivos_envasados_mx,"""food additives"" ""packaged food supply""",Crossref
Surveillance of pesticide residues in fruits from Valencia during twenty months (2004/05),2010,Food Control,B_aditivos_envasados_mx,"""food additives"" ""packaged food supply""",Crossref
Ochratoxin A removal in synthetic media by living and heat-inactivated cells of Oenococcus oeni isolated from wines,2010,Food Control,B_aditivos_envasados_mx,"""food additives"" ""packaged food supply""",Crossref
Contamination of UHT milk by aflatoxin M1 in Iran,2010,Food Control,B_aditivos_envasados_mx,"""food additives"" ""packaged food supply""",Crossref
Determination of histamine and biogenic amines in fish cubes (Tetrapturus angustirostris) implicated in a food-borne poisoning,2010,Food Control,B_aditivos_envasados_mx,"""food additives"" ""packaged food supply""",Crossref
Analysis of supply chain coordination under fuzzy demand in a two-stage supply chain,2010,Applied Mathematical Modelling,B_aditivos_envasados_mx,"""food additives"" ""packaged food supply""",Crossref
Target cattle age of post-slaughter testing for bovine spongiform encephalopathy and infectivity entering the human food chain in Japan,2010,Food Control,B_aditivos_envasados_mx,"""food additives"" ""packaged food supply""",Crossref
Interception of quorum sensing signal molecule by furanone to enhance shelf life of fermented milk,2010,Food Control,B_aditivos_envasados_mx,"""food additives"" ""packaged food supply""",Crossref
"Knowledge, attitude and practice of Taif University students on food poisoning",2010,Food Control,B_aditivos_envasados_mx,"""food additives"" ""packaged food supply""",Crossref
A survey on the sanitary condition of commercial foods of plant origin sold in Brazil,2010,Food Control,B_aditivos_envasados_mx,"""food additives"" ""packaged food supply""",Crossref
Reconciling the paradox of supply-side and demand-side strategies in industrial innovation,2010,Industrial Marketing Management,B_aditivos_envasados_mx,"""food additives"" ""packaged food supply""",Crossref
Energy supply and security policy—In the need of transnational institutions?,2010,Energy Policy,B_aditivos_envasados_mx,"""food additives"" ""packaged food supply""",Crossref
The bullwhip effect in supply chain networks,2010,European Journal of Operational Research,B_aditivos_envasados_mx,"""food additives"" ""packaged food supply""",Crossref
Pharmacological evidences for the extracts and secondary metabolites from plants of the genus Hibiscus,2010,Food Chemistry,B_aditivos_envasados_mx,"""food additives"" ""packaged food supply""",Crossref
Free listing: A method to gain initial insight of a food category,2010,Food Quality and Preference,B_aditivos_envasados_mx,"""food additives"" ""packaged food supply""",Crossref
"Food habits of the Tibetan fox (Vulpes ferrilata) in the Kunlun Mountains, Qinghai Province, China",2010,Mammalian Biology,B_aditivos_envasados_mx,"""food additives"" ""packaged food supply""",Crossref
Hydrogen production from formic acid in pH-stat fed-batch operation for direct supply to fuel cell,2010,Bioresource Technology,B_aditivos_envasados_mx,"""food additives"" ""packaged food supply""",Crossref
Crystallization in “Tarassaco” Italian honey studied by DSC,2010,Food Chemistry,B_aditivos_envasados_mx,"""food additives"" ""packaged food supply""",Crossref
Water quality for Espresso coffee,2010,Food Chemistry,B_aditivos_envasados_mx,"""food additives"" ""packaged food supply""",Crossref
Analysis of lactic acid bacteria populations during spontaneous malolactic fermentation of Tempranillo wines at five wineries during two consecutive vintages,2010,Food Control,B_aditivos_envasados_mx,"""food additives"" ""packaged food supply""",Crossref
Utilisation of pectin coating to enhance spray-dry stability of pea protein-stabilised oil-in-water emulsions,2010,Food Chemistry,B_aditivos_envasados_mx,"""food additives"" ""packaged food supply""",Crossref
Passive and Active Reduction Techniques for On-Chip High-Frequency Digital Power Supply Noise,2010,IEEE Transactions on Very Large Scale Integration (VLSI) Systems,B_aditivos_envasados_mx,"""food additives"" ""packaged food supply""",Crossref
Dual Supply Voltages and Dual Clock Frequencies for Lower Clock Power and Suppressed Temperature-Gradient-Induced Clock Skew,2010,IEEE Transactions on Very Large Scale Integration (VLSI) Systems,B_aditivos_envasados_mx,"""food additives"" ""packaged food supply""",Crossref
"DETERMINATION OF DRYING PARAMETERS, ASCORBIC ACID CONTENTS AND COLOR CHARACTERISTICS OF NETTLE LEAVES DURING MICROWAVE‐, AIR‐ AND COMBINED MICROWAVE–AIR‐DRYING",2010,Journal of Food Process Engineering,B_aditivos_envasados_mx,"""food additives"" ""packaged food supply""",Crossref
DETERMINATION OF OIL POINT PRESSURE FOR MELON SEEDS,2010,Journal of Food Process Engineering,B_aditivos_envasados_mx,"""food additives"" ""packaged food supply""",Crossref
Rapid determination of five post-harvest fungicides and metabolite in citrus fruits by liquid chromatography/time-of-flight mass spectrometry with atmospheric pressure photoionization,2010,Food Control,B_aditivos_envasados_mx,"""food additives"" ""packaged food supply""",Crossref
Fruit pectins – A suitable tool for screening gelling properties using infrared spectroscopy,2010,Food Hydrocolloids,B_aditivos_envasados_mx,"""food additives"" ""packaged food supply""",Crossref
Thurstonian models for sensory discrimination tests as generalized linear models,2010,Food Quality and Preference,B_aditivos_envasados_mx,"""food additives"" ""packaged food supply""",Crossref
Sweet cherry phytochemicals: Identification and characterization by HPLC-DAD/ESI-MS in six sweet-cherry cultivars grown in Valle del Jerte (Spain),2010,Journal of Food Composition and Analysis,B_aditivos_envasados_mx,"""food additives"" ""packaged food supply""",Crossref
Consignment contracting: Who should control inventory in the supply chain?,2010,European Journal of Operational Research,B_aditivos_envasados_mx,"""food additives"" ""packaged food supply""",Crossref
Effects of Trolox and ascorbic acid on the riboflavin photosensitised oxidation of aromatic amino acids,2010,Food Chemistry,B_aditivos_envasados_mx,"""food additives"" ""packaged food supply""",Crossref
Substrate contribution on carotenoids production in Blakeslea trispora cultivations,2010,Food and Bioproducts Processing,B_aditivos_envasados_mx,"""food additives"" ""packaged food supply""",Crossref
Optimizing endopectinase production from date pomace by Aspergillus niger PC5 using response surface methodology,2010,Food and Bioproducts Processing,B_aditivos_envasados_mx,"""food additives"" ""packaged food supply""",Crossref
"A novel bacteriocin with a broad inhibitory spectrum produced by Lactobacillus sake C2, isolated from traditional Chinese fermented cabbage",2010,Food Control,B_aditivos_envasados_mx,"""food additives"" ""packaged food supply""",Crossref
Managing water in agriculture for food production and other ecosystem services,2010,Agricultural Water Management,B_aditivos_envasados_mx,"""food additives"" ""packaged food supply""",Crossref
Continuous H2 and CH4 production from high-solid food waste in the two-stage thermophilic fermentation process with the recirculation of digester sludge,2010,Bioresource Technology,B_aditivos_envasados_mx,"""food additives"" ""packaged food supply""",Crossref
Juice clarification by protease and pectinase treatments indicates new roles of pectin and protein in cherry juice turbidity,2010,Food and Bioproducts Processing,B_aditivos_envasados_mx,"""food additives"" ""packaged food supply""",Crossref
Minimising carbon footprint of regional biomass supply chains,2010,"Resources, Conservation and Recycling",B_aditivos_envasados_mx,"""food additives"" ""packaged food supply""",Crossref
Ontogeny of hemocyanin in the ovoviviparous cockroach Blaptica dubia suggests an embryo-specific role in oxygen supply,2010,Journal of Insect Physiology,B_aditivos_envasados_mx,"""food additives"" ""packaged food supply""",Crossref
Quantifying spatial gaps in public transport supply based on social needs,2010,Journal of Transport Geography,B_aditivos_envasados_mx,"""food additives"" ""packaged food supply""",Crossref
Antioxidant and anticancer activities of 8-hydroxypsoralen isolated from wampee [Clausena lansium (Lour.) Skeels] peel,2010,Food Chemistry,B_aditivos_envasados_mx,"""food additives"" ""packaged food supply""",Crossref
ATP-regulation of antioxidant properties and phenolics in litchi fruit during browning and pathogen infection process,2010,Food Chemistry,B_aditivos_envasados_mx,"""food additives"" ""packaged food supply""",Crossref
Impact of emulsifier microenvironments on acid–base equilibrium and activity of antioxidants,2010,Food Chemistry,B_aditivos_envasados_mx,"""food additives"" ""packaged food supply""",Crossref
Tracing the geographical origin of honeys based on volatile compounds profiles assessment using pattern recognition techniques,2010,Food Chemistry,B_aditivos_envasados_mx,"""food additives"" ""packaged food supply""",Crossref
"A novel approach to authenticity control of whole grain durum wheat (Triticum durum Desf.) flour and pasta, based on analysis of alkylresorcinol composition",2010,Food Chemistry,B_aditivos_envasados_mx,"""food additives"" ""packaged food supply""",Crossref
Characterisation by SPME–GC–MS of the volatile profile of a Spanish soft cheese P.D.O. Torta del Casar during ripening,2010,Food Chemistry,B_aditivos_envasados_mx,"""food additives"" ""packaged food supply""",Crossref
Antioxidant activities of phenolic rich fractions (PRFs) obtained from black mahlab (Monechma ciliatum) and white mahlab (Prunus mahaleb) seedcakes,2010,Food Chemistry,B_aditivos_envasados_mx,"""food additives"" ""packaged food supply""",Crossref
A novel angiotensin I converting enzyme inhibitory peptide from tuna frame protein hydrolysate and its antihypertensive effect in spontaneously hypertensive rats,2010,Food Chemistry,B_aditivos_envasados_mx,"""food additives"" ""packaged food supply""",Crossref
Determination of isoflavone content and antioxidant activity in Psoralea corylifolia L. callus cultures,2010,Food Chemistry,B_aditivos_envasados_mx,"""food additives"" ""packaged food supply""",Crossref
Heat-induced changes in dairy products containing sucrose,2010,Food Chemistry,B_aditivos_envasados_mx,"""food additives"" ""packaged food supply""",Crossref
Antiproliferative and antioxidant properties of anthocyanin-rich extract from açai,2010,Food Chemistry,B_aditivos_envasados_mx,"""food additives"" ""packaged food supply""",Crossref
Antioxidant activity of Potentilla fulgens: An alpine plant of western Himalaya,2010,Journal of Food Composition and Analysis,B_aditivos_envasados_mx,"""food additives"" ""packaged food supply""",Crossref
"Effects of combined treatments of high pressure, temperature and antimicrobial products on germination of mung bean seeds and microbial quality of sprouts",2010,Food Control,B_aditivos_envasados_mx,"""food additives"" ""packaged food supply""",Crossref
Pressurized liquid extraction coupled to liquid chromatography for the analysis of ochratoxin A in breakfast and infants cereals from Morocco,2010,Food Control,B_aditivos_envasados_mx,"""food additives"" ""packaged food supply""",Crossref
Separation and isolation of β-sitosterol oxides and their non-mutagenic potential in the Salmonella microsome assay,2010,Food Chemistry,B_aditivos_envasados_mx,"""food additives"" ""packaged food supply""",Crossref
Structural characterisation of pentosans from hemicellulose B of wheat varieties with varying chapati-making quality,2010,Food Chemistry,B_aditivos_envasados_mx,"""food additives"" ""packaged food supply""",Crossref
On-line HPLC–MS–DPPH assay for the analysis of phenolic antioxidant compounds in fruit wine: Antidesma thwaitesianum Muell.,2010,Food Chemistry,B_aditivos_envasados_mx,"""food additives"" ""packaged food supply""",Crossref
Application of artificial neural networks to the prediction of the antioxidant activity of essential oils in two experimental in vitro models,2010,Food Chemistry,B_aditivos_envasados_mx,"""food additives"" ""packaged food supply""",Crossref
Effect of cultivar and environment on physicochemical and cooking characteristics of field pea (Pisum sativum),2010,Food Chemistry,B_aditivos_envasados_mx,"""food additives"" ""packaged food supply""",Crossref
"Flavan-3-ol contents, anti-oxidative and α-glucosidase inhibitory activities of Cynomorium songaricum",2010,Food Chemistry,B_aditivos_envasados_mx,"""food additives"" ""packaged food supply""",Crossref
The effect of MgCl2 on the kinetics of the Maillard reaction in both aqueous and dehydrated systems,2010,Food Chemistry,B_aditivos_envasados_mx,"""food additives"" ""packaged food supply""",Crossref
High-power gradient diffusion NMR spectroscopy for the rapid assessment of extra-virgin olive oil adulteration,2010,Food Chemistry,B_aditivos_envasados_mx,"""food additives"" ""packaged food supply""",Crossref
Antimicrobial potential of Coriandrum sativum L. against different Candida species in vitro,2010,Food Chemistry,B_aditivos_envasados_mx,"""food additives"" ""packaged food supply""",Crossref
Direct determination of free tryptophan contents in soy sauces and its application as an index of soy sauce adulteration,2010,Food Chemistry,B_aditivos_envasados_mx,"""food additives"" ""packaged food supply""",Crossref
The potential of coupling information using three analytical techniques for identifying the geographical origin of Liguria extra virgin olive oil,2010,Food Chemistry,B_aditivos_envasados_mx,"""food additives"" ""packaged food supply""",Crossref
Authentication of extra virgin olive oils by Fourier-transform infrared spectroscopy,2010,Food Chemistry,B_aditivos_envasados_mx,"""food additives"" ""packaged food supply""",Crossref
Antioxidant activities of malt extract from barley (Hordeum vulgare L.) toward various oxidative stress in vitro and in vivo,2010,Food Chemistry,B_aditivos_envasados_mx,"""food additives"" ""packaged food supply""",Crossref
Effects of heat treatment and acid-induced gelation on aroma release from flavoured skim milk,2010,Food Chemistry,B_aditivos_envasados_mx,"""food additives"" ""packaged food supply""",Crossref
Antioxidant and antiproliferative activities of phytochemicals from Quince (Cydonia vulgaris) peels,2010,Food Chemistry,B_aditivos_envasados_mx,"""food additives"" ""packaged food supply""",Crossref
Changes in durum wheat kernel and pasta proteins induced by toasting and drying processes,2010,Food Chemistry,B_aditivos_envasados_mx,"""food additives"" ""packaged food supply""",Crossref
Solutions properties and solute–solvent interactions in ternary sugar–salt–water solutions,2010,Food Chemistry,B_aditivos_envasados_mx,"""food additives"" ""packaged food supply""",Crossref
Laccase-generated tetramethoxy azobismethylene quinone (TMAMQ) as a tool for antioxidant activity measurement,2010,Food Chemistry,B_aditivos_envasados_mx,"""food additives"" ""packaged food supply""",Crossref
Protective effects of quercetin-3-rhamnoglucoside (rutin) on ischemia-reperfusion injury in rat small intestine,2010,Food Chemistry,B_aditivos_envasados_mx,"""food additives"" ""packaged food supply""",Crossref
Flow injection analysis of BHA by NiHCF modified electrode,2010,Food Chemistry,B_aditivos_envasados_mx,"""food additives"" ""packaged food supply""",Crossref
Solid-phase microextraction gas chromatography–mass spectrometry (HS-SPME-GC–MS) determination of volatile compounds in orujo spirits: Multivariate chemometric characterisation,2010,Food Chemistry,B_aditivos_envasados_mx,"""food additives"" ""packaged food supply""",Crossref
Gold nanoparticle-based lateral flow assay for detection of staphylococcal enterotoxin B,2010,Food Chemistry,B_aditivos_envasados_mx,"""food additives"" ""packaged food supply""",Crossref
A novel size-exclusion high performance liquid chromatography (SE-HPLC) method for measuring degree of amylose retrogradation in rice starch,2010,Food Chemistry,B_aditivos_envasados_mx,"""food additives"" ""packaged food supply""",Crossref
"Linking biodiversity, food and nutrition: The importance of plant identification and nomenclature",2010,Journal of Food Composition and Analysis,B_aditivos_envasados_mx,"""food additives"" ""packaged food supply""",Crossref
Supply of skilled labour and organizational change,2010,Labour Economics,B_aditivos_envasados_mx,"""food additives"" ""packaged food supply""",Crossref
"Characterisation of the Paio do Alentejo, a traditional Portuguese Iberian sausage, in respect to its safety",2010,Food Control,B_aditivos_envasados_mx,"""food additives"" ""packaged food supply""",Crossref
"Plantaricin MG active against Gram-negative bacteria produced by Lactobacillus plantarum KLDS1.0391 isolated from “Jiaoke”, a traditional fermented cream from China",2010,Food Control,B_aditivos_envasados_mx,"""food additives"" ""packaged food supply""",Crossref
Naturally occurring propionic acid in foods marketed in South Korea,2010,Food Control,B_aditivos_envasados_mx,"""food additives"" ""packaged food supply""",Crossref
Antifungal activity of non-starter lactic acid bacteria isolates from dairy products,2010,Food Control,B_aditivos_envasados_mx,"""food additives"" ""packaged food supply""",Crossref
Diversity of lactic acid bacteria from modified atmosphere packaged sliced cooked meat products at sell-by date assessed by PCR-denaturing gradient gel electrophoresis,2010,Food Microbiology,B_aditivos_envasados_mx,"""food additives"" ""packaged food supply""",Crossref
Advances in Nutrigenomics research: Novel and future analytical approaches to investigate the biological activity of natural compounds and food functions,2010,Journal of Pharmaceutical and Biomedical Analysis,B_aditivos_envasados_mx,"""food additives"" ""packaged food supply""",Crossref
Structural characterisation and determination of prebiotic activity of purified xylo-oligosaccharides obtained from Bengal gram husk (Cicer arietinum L.) and wheat bran (Triticum aestivum),2010,Food Chemistry,B_aditivos_envasados_mx,"""food additives"" ""packaged food supply""",Crossref
Pesticide residues and microbiological quality of bottled wines,2010,Food Control,B_aditivos_envasados_mx,"""food additives"" ""packaged food supply""",Crossref
Elaboración y validación de un nuevo cuestionario de hábitos alimentarios para pacientes con sobrepeso y obesidad,2010,Endocrinología y Nutrición,B_aditivos_envasados_mx,"""aditivos alimentarios"" preenvasados",Crossref
Los hábitos alimentarios familiares: un arma dietética insustituible,2010,Actividad Dietética,B_aditivos_envasados_mx,"""aditivos alimentarios"" preenvasados",Crossref
"Evaluación de los hábitos alimentarios relacionados con la ingesta de yodo, el estado nutricional de yodo y disfunción tiroidea en cuatro poblaciones no seleccionadas (proyecto Tirobus)",2010,Endocrinología y Nutrición,B_aditivos_envasados_mx,"""aditivos alimentarios"" preenvasados",Crossref
ESTADO NUTRICIONAL Y HÁBITOS ALIMENTARIOS EN INDÍGENAS EMBERA DE COLOMBIA,2010,Revista chilena de nutrición,B_aditivos_envasados_mx,"""aditivos alimentarios"" preenvasados",Crossref
Hábitos alimentarios de las mujeres en relación con el nivel de conocimientos sobre el climaterio,2010,Enfermería Global,B_aditivos_envasados_mx,"""aditivos alimentarios"" preenvasados",Crossref
Prevalencia de los trastornos alimentarios en una muestra universitaria: Ansiedad como factor de modulación,2010,Index de Enfermería,B_aditivos_envasados_mx,"""aditivos alimentarios"" preenvasados",Crossref
Calidad de los hábitos alimentarios (adherencia a la dieta mediterránea) en los alumnos de educación secundaria obligatoria,2010,Anales del Sistema Sanitario de Navarra,B_aditivos_envasados_mx,"""aditivos alimentarios"" preenvasados",Crossref
CONSTRUCCIÓN Y VALIDACIÓN DE UN CUESTIONARIO PARA MEDIR CONDUCTAS Y HÁBITOS ALIMENTARIOS EN USUARIOS DE LA ATENCIÓN PRIMARIA DE SALUD,2011,Revista chilena de nutrición,B_aditivos_envasados_mx,"""aditivos alimentarios"" preenvasados",Crossref
HÁBITOS ALIMENTARIOS Y RIESGO DE CANCER DE PIEL NO MELANOMA,2011,Revista chilena de nutrición,B_aditivos_envasados_mx,"""aditivos alimentarios"" preenvasados",Crossref
"Rol del pequén (Athene cunicularia ) como controlador biológico mediante el análisis de sus hábitos alimentarios en la Provincia de Iquique, norte de Chile",2011,Idesia (Arica),B_aditivos_envasados_mx,"""aditivos alimentarios"" preenvasados",Crossref
Trastornos alimentarios del lactante y preescolar,2011,Revista chilena de pediatría,B_aditivos_envasados_mx,"""aditivos alimentarios"" preenvasados",Crossref
PATRONES ALIMENTARIOS EN EMBARAZADAS DE BAJO PESO DE LA REGIÓN METROPOLITANA,2011,Revista chilena de nutrición,B_aditivos_envasados_mx,"""aditivos alimentarios"" preenvasados",Crossref
PREVALENCIA DE RIESGO DE TRASTORNOS ALIMENTARIOS EN ADOLESCENTES ESCOLARIZADOS DEL NORTE DE CHILE,2011,Revista chilena de nutrición,B_aditivos_envasados_mx,"""aditivos alimentarios"" preenvasados",Crossref
"Situación ponderal, hábitos alimentarios y deportivos en población castellano-manchega de 6 a 12 años",2014,Anales de Pediatría,B_aditivos_envasados_mx,"""aditivos alimentarios"" preenvasados",Crossref
Las nuevas gamas de productos alimentarios,2011,Revista Española de Nutrición Humana y Dietética,B_aditivos_envasados_mx,"""aditivos alimentarios"" preenvasados",Crossref
"Compilation of analytical methods to characterize and determine chitosan, and main applications of the polymer in food active packaging Recopilación de métodos analíticos para la caracterización y determinación del quitosano y las principales aplicaciones del polímero en los envases activos alimentarios",2011,CyTA - Journal of Food,B_aditivos_envasados_mx,"""aditivos alimentarios"" preenvasados",Crossref
"Estudio de los hábitos alimentarios de niños de 4-6 años de Reynosa, Tamaulipas (México)",2012,CyTA - Journal of Food,B_aditivos_envasados_mx,"""aditivos alimentarios"" preenvasados",Crossref
"HÁBITOS ALIMENTARIOS, ACTIVIDAD FÍSICA Y SU RELACIÓN CON EL ESTADO NUTRICIONAL-ANTROPOMÉTRICO DE PREESCOLARES",2011,Revista chilena de nutrición,B_aditivos_envasados_mx,"""aditivos alimentarios"" preenvasados",Crossref
Estudio piloto sobre la efectividad de una intervención fisioterapéutica en pacientes con trastornos alimentarios,2012,Fisioterapia,B_aditivos_envasados_mx,"""aditivos alimentarios"" preenvasados",Crossref
Evaluación a medio plazo de una intervención educativa en hábitos alimentarios y de actividad física en escolares: estudio Avall 2,2012,Endocrinología y Nutrición,B_aditivos_envasados_mx,"""aditivos alimentarios"" preenvasados",Crossref
Hábitos alimentarios de dos peces pelágicos Thunnus albacares y Acanthocybium solandri de la Reserva Marina de Galápagos,2012,Revista de biología marina y oceanografía,B_aditivos_envasados_mx,"""aditivos alimentarios"" preenvasados",Crossref
Asociación entre los patrones alimentarios durante el primer año de vida y alergia alimentaria en lactantes,2012,Archivos Argentinos de Pediatria,B_aditivos_envasados_mx,"""aditivos alimentarios"" preenvasados",Crossref
Factores alimentarios y dietéticos asociados a la obesidad infantil: recomendaciones para su prevención antes de los dos años de vida,2012,Revista Peruana de Medicina Experimental y Salud Pública,B_aditivos_envasados_mx,"""aditivos alimentarios"" preenvasados",Crossref
Hábitos alimentarios de niños en edad escolar y el papel de la educación para la salud,2012,Revista chilena de nutrición,B_aditivos_envasados_mx,"""aditivos alimentarios"" preenvasados",Crossref
Preocupación por la apariencia física y alteraciones emocionales en mujeres con trastornos alimentarios con autoestima baja,2012,Escritos de Psicología / Psychological Writings,B_aditivos_envasados_mx,"""aditivos alimentarios"" preenvasados",Crossref
Hábitos alimentarios del Coyote en el Parque Nacional Pico de Orizaba,2010,Therya,B_aditivos_envasados_mx,"""aditivos alimentarios"" preenvasados",Crossref
Proceso Psicoterapéutico Desde la Perspectiva de Terapeutas que Tratan Trastornos Alimentarios: Un Estudio Cualitativo,2013,Psykhe,B_aditivos_envasados_mx,"""aditivos alimentarios"" preenvasados",Crossref
"Distribución, abundancia y hábitos alimentarios de la nutria (Lontra longicaudis annectens Major, 1897) en el Río Grande, Reserva de la Biosfera Tehuacán-Cuicatlán Oaxaca, México",2013,Therya,B_aditivos_envasados_mx,"""aditivos alimentarios"" preenvasados",Crossref
"Hábitos alimentarios de la nutria neotropical (Lontra longicaudis annectens) en el Río Bavispe-Yaqui, Sonora, México",2013,Therya,B_aditivos_envasados_mx,"""aditivos alimentarios"" preenvasados",Crossref
"Análisis temporal de los hábitos alimentarios de la nutria neotropical (Lontra longicaudis) en el rio Zimatán en la costa de Oaxaca, México",2013,Therya,B_aditivos_envasados_mx,"""aditivos alimentarios"" preenvasados",Crossref
Conocimientos alimentarios de vegetarianos y veganos chilenos,2013,Revista chilena de nutrición,B_aditivos_envasados_mx,"""aditivos alimentarios"" preenvasados",Crossref
La explicación social de los trastornos alimentarios: una lección de rigor frente a los trucos del ilusionismo,2011,Asclepio,B_aditivos_envasados_mx,"""aditivos alimentarios"" preenvasados",Crossref
"SOBRE LA PRESENCIA Y HABITOS ALIMENTARIOS DE LATRODECTUS THORACICUS NICOLET (ARANEAE: THERIDIIDAE), EN LA ESTEPA PATÁGONICA DE ÚLTIMA ESPERANZA (REGIÓN DE MAGALLANES), CHILE",2013,Anales del Instituto de la Patagonia,B_aditivos_envasados_mx,"""aditivos alimentarios"" preenvasados",Crossref
"Omisión del desayuno, estado nutricional y hábitos alimentarios de niños y adolescentes de escuelas públicas de Morelos, México",2014,CyTA - Journal of Food,B_aditivos_envasados_mx,"""aditivos alimentarios"" preenvasados",Crossref
Habitos alimentarios e interacciones troficas de Anisotremus interruptus (Pisces: Haemulidae) y Lutjanus argentiventris (Pisces: Lutjanidae) en el Pacifico central mexicano,2014,Latin American Journal of Aquatic Research,B_aditivos_envasados_mx,"""aditivos alimentarios"" preenvasados",Crossref
Tratamiento de la imagen corporal en los trastornos alimentarios y cambio clínicamente significativo.,2014,Anales de Psicología,B_aditivos_envasados_mx,"""aditivos alimentarios"" preenvasados",Crossref
Definición de perfiles de nutrientes: requisito para promover cambios alimentarios en la población,2014,Revista Chilena de Salud Pública,B_aditivos_envasados_mx,"""aditivos alimentarios"" preenvasados",Crossref
Comer o no comer ¿es esa la cuestión?: una aproximación antropológica al estudio de los trastornos alimentarios,2014,Política y Sociedad,B_aditivos_envasados_mx,"""aditivos alimentarios"" preenvasados",Crossref
"Trastornos alimentarios en mujeres adolescentes: un estudio comparativo entre pacientes, estudiantes de danza y estudiantes de escuelas medias",2010,Revista Colombiana de Psiquiatría,B_aditivos_envasados_mx,"""aditivos alimentarios"" preenvasados",Crossref
"Hábitos alimentarios, actividad física y binomio ansiedad/depresión como factores de riesgo asociados con el desarrollo de obesidad en población militar",2014,Sanidad Militar,B_aditivos_envasados_mx,"""aditivos alimentarios"" preenvasados",Crossref
Coaching nutricional como herramienta para la adquisición de hábitos alimentarios preventivos del cáncer,2013,Revista Española de Nutrición Humana y Dietética,B_aditivos_envasados_mx,"""aditivos alimentarios"" preenvasados",Crossref
Obsesividad e intrusiones alimentarias en pacientes con trastornos alimentarios y en lapoblación general,2010,Revista de Psicopatología y Psicología Clínica,B_aditivos_envasados_mx,"""aditivos alimentarios"" preenvasados",Crossref
Valoración de la imagen corporal y de los comportamientos alimentarios en universitarios [Assessment ofbody image and eating attitudes in university students],2014,Revista de Psicopatología y Psicología Clínica,B_aditivos_envasados_mx,"""aditivos alimentarios"" preenvasados",Crossref
"Hábitos alimentarios del venado cola blanca &lt;i&gt;Odocoileus virginianus&lt;/i&gt; (Artiodactyla: Cervidae) en el Parque Natural Sierra Nanchititla, Estado de México",2013,Revista de Biología Tropical,B_aditivos_envasados_mx,"""aditivos alimentarios"" preenvasados",Crossref
"Hábitos alimentarios del pargo mancha &lt;i&gt;Lutjanus guttatus&lt;/i&gt; (Pisces: Lutjanidae) en Los Cóbanos y Puerto La Libertad, El Salvador",2014,Revista de Biología Tropical,B_aditivos_envasados_mx,"""aditivos alimentarios"" preenvasados",Crossref
"Hábitos alimentarios del Puma concolor (Carnivora: Felidae) en el Parque Nacional Natural Puracé, Colombia",2010,Revista de Biología Tropical,B_aditivos_envasados_mx,"""aditivos alimentarios"" preenvasados",Crossref
"Grupos funcionales alimentarios de macroinvertebrados acuáticos en el río Gaira, Colombia",2010,Revista de Biología Tropical,B_aditivos_envasados_mx,"""aditivos alimentarios"" preenvasados",Crossref
Asociación de hábitos alimentarios y estado nutricional con el nivel socioeconómico en adultos mayores que asisten a un Programa Municipal,2014,Anales de la Facultad de Medicina,B_aditivos_envasados_mx,"""aditivos alimentarios"" preenvasados",Crossref
"GLOBALIZACIÓN, IDENTIDAD SOCIAL Y HÁBITOS ALIMENTARIOS",2013,Revista de Ciencias Sociales,B_aditivos_envasados_mx,"""aditivos alimentarios"" preenvasados",Crossref
Factores psicosociales en la diabetes mellitus tipo1 y su relación con el riesgo de desarrollar trastornos alimentarios en la infancia y la adolescencia,2014,Avances en Diabetología,B_aditivos_envasados_mx,"""aditivos alimentarios"" preenvasados",Crossref
"Estado nutricional, hábitos alimentarios y perfil sociosanitario de los usuarios del servicio de comida a domicilio para personas mayores de Vitoria-Gasteiz",2014,Revista Española de Nutrición Humana y Dietética,B_aditivos_envasados_mx,"""aditivos alimentarios"" preenvasados",Crossref
Carta al Editor: Sobre la publicidad de las empresas de productos alimentarios y su relación con los profesionales de Salud,2014,Revista chilena de pediatría,B_aditivos_envasados_mx,"""aditivos alimentarios"" preenvasados",Crossref
Disponibilidad de productos alimentarios listos para el consumo en los hogares de Chile y su impacto sobre la calidad de la dieta (2006-2007),2014,Revista médica de Chile,B_aditivos_envasados_mx,"""aditivos alimentarios"" preenvasados",Crossref
Hábitos alimentarios y condición física en estudiantes de pedagogía en educación física,2014,Revista chilena de nutrición,B_aditivos_envasados_mx,"""aditivos alimentarios"" preenvasados",Crossref
"Hábitos alimentarios de individuos inmaduros de Ephemeroptera, Plecoptera y Trichoptera en la parte media de un río tropical de montaña",2014,Revista de Biología Tropical,B_aditivos_envasados_mx,"""aditivos alimentarios"" preenvasados",Crossref
"Práctica de actividad física, actividades sedentarias y hábitos alimentarios en escolares entre los 5 y 10 años con exceso de peso de un colegio en Bogotá, Colombia",2014,Revista de la Facultad de Medicina,B_aditivos_envasados_mx,"""aditivos alimentarios"" preenvasados",Crossref
"Hábitos alimentarios, conductas sedentarias y sobrepeso y obesidad en adolescentes de Barcelona",2015,Anales de Pediatría,B_aditivos_envasados_mx,"""aditivos alimentarios"" preenvasados",Crossref
Media influence and body dissatisfaction in Brazilian female undergraduate students,2014,Revista Mexicana de Trastornos Alimentarios,B_aditivos_envasados_mx,"""aditivos alimentarios"" preenvasados",Crossref
Un vertiginoso viaje etnohistórico dentro de los “imaginarios alimentarios” en el simbolismo del cacao en méxico,2014,Anales de Antropología,B_aditivos_envasados_mx,"""aditivos alimentarios"" preenvasados",Crossref
Editorial,2014,Revista Mexicana de Trastornos Alimentarios,B_aditivos_envasados_mx,"""aditivos alimentarios"" preenvasados",Crossref
Drinking behavior disorders: a research proposal,2014,Revista Mexicana de Trastornos Alimentarios,B_aditivos_envasados_mx,"""aditivos alimentarios"" preenvasados",Crossref
Anorexia nervosa: differences and similarities between adolescents with and without a history of obesity,2014,Revista Mexicana de Trastornos Alimentarios,B_aditivos_envasados_mx,"""aditivos alimentarios"" preenvasados",Crossref
"Comparison in food intake of adults residing in a rural and urban area of Jalisco, Mexico",2014,Revista Mexicana de Trastornos Alimentarios,B_aditivos_envasados_mx,"""aditivos alimentarios"" preenvasados",Crossref
Obesity in the State of Mexico: Interfaces and concurrences,2014,Revista Mexicana de Trastornos Alimentarios,B_aditivos_envasados_mx,"""aditivos alimentarios"" preenvasados",Crossref
Internalization of aesthetic ideals and body concern in males and females gym users,2014,Revista Mexicana de Trastornos Alimentarios,B_aditivos_envasados_mx,"""aditivos alimentarios"" preenvasados",Crossref
Perfectionism and low self- esteem across the continuum of eating disorders in adolescent girls from Buenos Aires,2014,Revista Mexicana de Trastornos Alimentarios,B_aditivos_envasados_mx,"""aditivos alimentarios"" preenvasados",Crossref
Riesgo de trastornos alimentarios en adolescentes obesos de la Región Metropolitana,2014,Revista médica de Chile,B_aditivos_envasados_mx,"""aditivos alimentarios"" preenvasados",Crossref
Trastornos alimentarios maternos y su influencia en la conducta alimentaria de sus hijas(os),2014,Revista chilena de pediatría,B_aditivos_envasados_mx,"""aditivos alimentarios"" preenvasados",Crossref
Cantinas saludables para promover hábitos alimentarios en las escuelas,2015,+E,B_aditivos_envasados_mx,"""aditivos alimentarios"" preenvasados",Crossref
"Psychological meaning of eating meat, vegetarianism and healthy diet in university students: a natural semantic network study",2013,Revista Mexicana de Trastornos Alimentarios,B_aditivos_envasados_mx,"""aditivos alimentarios"" preenvasados",Crossref
Family factors associated to Eating Disorders: a review,2013,Revista Mexicana de Trastornos Alimentarios,B_aditivos_envasados_mx,"""aditivos alimentarios"" preenvasados",Crossref
Virtual Reality and Psychoeducation. Selective Prevention Formats in Eating Disorders,2013,Revista Mexicana de Trastornos Alimentarios,B_aditivos_envasados_mx,"""aditivos alimentarios"" preenvasados",Crossref
Muscle Dysmorphia and its relationship with the symptoms of Eating Disorders,2013,Revista Mexicana de Trastornos Alimentarios,B_aditivos_envasados_mx,"""aditivos alimentarios"" preenvasados",Crossref
Evaluation of risk factors for eating disorders in students of nutrition,2013,Revista Mexicana de Trastornos Alimentarios,B_aditivos_envasados_mx,"""aditivos alimentarios"" preenvasados",Crossref
Sociocultural Influences associated with the body perception in children: a review and analysis of the literature,2013,Revista Mexicana de Trastornos Alimentarios,B_aditivos_envasados_mx,"""aditivos alimentarios"" preenvasados",Crossref
Psychometric properties of the Eating Disorders Inventory - 3 (EDI-3) among female adolescents from Argentina11Este trabajo forma parte de un proyecto subsidiado por la Universidad de Buenos Aires (Directora: Guillermina Rutsztein - UBACyT 20020090100053),2013,Revista Mexicana de Trastornos Alimentarios,B_aditivos_envasados_mx,"""aditivos alimentarios"" preenvasados",Crossref
Culturally Sensitive Intervention for Latina Women with Eating Disorders: A Case Study,2014,Revista Mexicana de Trastornos Alimentarios,B_aditivos_envasados_mx,"""aditivos alimentarios"" preenvasados",Crossref
"Internal consistency, test-retest reliability and construct validity of the Frost Multidimensional Perfectionism Scale",2014,Revista Mexicana de Trastornos Alimentarios,B_aditivos_envasados_mx,"""aditivos alimentarios"" preenvasados",Crossref
Psychometric properties of the Multidimensional Body Self Relations Questionnaire (MBSRQ),2014,Revista Mexicana de Trastornos Alimentarios,B_aditivos_envasados_mx,"""aditivos alimentarios"" preenvasados",Crossref
"A preliminary study of the predictive factors of binge eating behavior in three cultures: Mexico, Spain and Argentina",2013,Revista Mexicana de Trastornos Alimentarios,B_aditivos_envasados_mx,"""aditivos alimentarios"" preenvasados",Crossref
"Therapeutic change in the treatment of eating disorders: Contents, facilitating and hindering factors",2013,Revista Mexicana de Trastornos Alimentarios,B_aditivos_envasados_mx,"""aditivos alimentarios"" preenvasados",Crossref
Effect of early exposure to sucralose on fluid intake in rats,2013,Revista Mexicana de Trastornos Alimentarios,B_aditivos_envasados_mx,"""aditivos alimentarios"" preenvasados",Crossref
Psychometric propierties of the Muscle Appearance Satisfaction Scale (MASS) in Mexican men,2013,Revista Mexicana de Trastornos Alimentarios,B_aditivos_envasados_mx,"""aditivos alimentarios"" preenvasados",Crossref
Causal Attribution of Overweight/Obesity and its Relation to BMI and Eating Alteration,2013,Revista Mexicana de Trastornos Alimentarios,B_aditivos_envasados_mx,"""aditivos alimentarios"" preenvasados",Crossref
Discriminatory power and correct classification of the Scale of Risk Factors Associated with Eating Disorders (EPHRATA-II),2013,Revista Mexicana de Trastornos Alimentarios,B_aditivos_envasados_mx,"""aditivos alimentarios"" preenvasados",Crossref
Poor quality sleep is a contributing factor to obesity,2013,Revista Mexicana de Trastornos Alimentarios,B_aditivos_envasados_mx,"""aditivos alimentarios"" preenvasados",Crossref
Maturity fears in anorexia nervosa,2013,Revista Mexicana de Trastornos Alimentarios,B_aditivos_envasados_mx,"""aditivos alimentarios"" preenvasados",Crossref
Speeches in anorexia and bulimia nervosa: a qualitative study about the disorder experiencing,2014,Revista Mexicana de Trastornos Alimentarios,B_aditivos_envasados_mx,"""aditivos alimentarios"" preenvasados",Crossref
Fasting effect on eating behavior in university students,2014,Revista Mexicana de Trastornos Alimentarios,B_aditivos_envasados_mx,"""aditivos alimentarios"" preenvasados",Crossref
Body image dissatisfaction and suicidal ideation in State of Mexico adolescents students,2014,Revista Mexicana de Trastornos Alimentarios,B_aditivos_envasados_mx,"""aditivos alimentarios"" preenvasados",Crossref
Anorexia and bulimia risk as function of anxiety and puberty in Baja California-Mexico college students,2014,Revista Mexicana de Trastornos Alimentarios,B_aditivos_envasados_mx,"""aditivos alimentarios"" preenvasados",Crossref
Eating disorders identification of risk cases among students from Querétaro,2014,Revista Mexicana de Trastornos Alimentarios,B_aditivos_envasados_mx,"""aditivos alimentarios"" preenvasados",Crossref
Evaluación de Polvos Alimentarios obtenidos de Cáscaras de Mango (Mangifera indica) como fuente de Ingredientes Funcionales,2015,Información tecnológica,B_aditivos_envasados_mx,"""aditivos alimentarios"" preenvasados",Crossref
"Ideación, acto suicida y trastornos alimentarios en adolescentes de Boyacá, Colombia",2015,PSIENCIA. Revista Latinoamericana de Ciencia Psicológica,B_aditivos_envasados_mx,"""aditivos alimentarios"" preenvasados",Crossref
Internet-based aftercare program for patients with bulimia nervosa in Mexico – A pilot study,2015,Revista Mexicana de Trastornos Alimentarios,B_aditivos_envasados_mx,"""aditivos alimentarios"" preenvasados",Crossref
Self perception of body attractiveness in two cultures: Mexican and Argentine,2015,Revista Mexicana de Trastornos Alimentarios,B_aditivos_envasados_mx,"""aditivos alimentarios"" preenvasados",Crossref
Disordered eating behaviors in Mexican patients with and without type 2 diabetes mellitus,2015,Revista Mexicana de Trastornos Alimentarios,B_aditivos_envasados_mx,"""aditivos alimentarios"" preenvasados",Crossref
A preliminary study of an online self-detection test. Risk in eating disorders,2015,Revista Mexicana de Trastornos Alimentarios,B_aditivos_envasados_mx,"""aditivos alimentarios"" preenvasados",Crossref
Relationship between self-esteem and body image in children with obesity,2015,Revista Mexicana de Trastornos Alimentarios,B_aditivos_envasados_mx,"""aditivos alimentarios"" preenvasados",Crossref
"Risk eating behaviors and tobacco, alcohol and marijuana consumption by gender among chilean university students",2015,Revista Mexicana de Trastornos Alimentarios,B_aditivos_envasados_mx,"""aditivos alimentarios"" preenvasados",Crossref
Systematic review of disordered eating behaviors: Methodological considerations for epidemiological research,2015,Revista Mexicana de Trastornos Alimentarios,B_aditivos_envasados_mx,"""aditivos alimentarios"" preenvasados",Crossref
Dietary risk behaviors among adolescents and young people of Nuevo Leon,2015,Revista Mexicana de Trastornos Alimentarios,B_aditivos_envasados_mx,"""aditivos alimentarios"" preenvasados",Crossref
Promoción de hábitos alimentarios saludables en adolescentes desde la atención primaria,2016,SEMERGEN - Medicina de Familia,B_aditivos_envasados_mx,"""aditivos alimentarios"" preenvasados",Crossref
Los preceptos confesionales alimentarios como corolario del derecho de asistencia religiosa en el ámbito de los servicios públicos de salud = The foods confessional precepts as a corollary of right religious assistance in the public health ambit,2015,Revista de Derecho de la UNED (RDUNED),B_aditivos_envasados_mx,"""aditivos alimentarios"" preenvasados",Crossref
"Prevalencia de desnutrición y hábitos alimentarios en niños menores de 5 años en las comunidades indígenas de Yby Yau y Azote’y, 2011",2015,Pediatría (Asunción),B_aditivos_envasados_mx,"""aditivos alimentarios"" preenvasados",Crossref
Características de la dieta en niños de 2 a 5 años según la recepción de programas alimentarios en el hogar en Argentina,2014,Gerencia y Políticas de Salud,B_aditivos_envasados_mx,"""aditivos alimentarios"" preenvasados",Crossref
Cambios en los hábitos alimentarios de los pacientes infectados por el VIH a través del asesoramiento gastronómico y talleres de adquisición de habilidades culinarias (Estudio ALÍCIA-FLS),2015,Revista Española de Nutrición Humana y Dietética,B_aditivos_envasados_mx,"""aditivos alimentarios"" preenvasados",Crossref
"Estado nutricional y aspectos alimentarios de mujeres indígenas del departamento de Presidente Hayes, Paraguay",2015,Revista de la Universidad Industrial de Santander. Salud,B_aditivos_envasados_mx,"""aditivos alimentarios"" preenvasados",Crossref
"Análisis de riesgos climáticos sobre los componentes, recursos y medios de vida de los sistemas alimentarios del departamento de Copán en el año 2014",2015,Revista Ciencia y Tecnología,B_aditivos_envasados_mx,"""aditivos alimentarios"" preenvasados",Crossref
Influence of prevalent aesthetic body model and body dissatisfaction in high school students,2015,Revista Mexicana de Trastornos Alimentarios,B_aditivos_envasados_mx,"""aditivos alimentarios"" preenvasados",Crossref
Body Image. Mediating dimensions in psychopathology and types of intervention,2015,Revista Mexicana de Trastornos Alimentarios,B_aditivos_envasados_mx,"""aditivos alimentarios"" preenvasados",Crossref
Body image disorders: anorexia nervosa versus reverse anorexia (muscle dysmorphia),2015,Revista Mexicana de Trastornos Alimentarios,B_aditivos_envasados_mx,"""aditivos alimentarios"" preenvasados",Crossref
Obesity in Argentina: a remaining challenge. Public health policies and prevalence rates,2015,Revista Mexicana de Trastornos Alimentarios,B_aditivos_envasados_mx,"""aditivos alimentarios"" preenvasados",Crossref
Editorial,2015,Revista Mexicana de Trastornos Alimentarios,B_aditivos_envasados_mx,"""aditivos alimentarios"" preenvasados",Crossref
Childhood obesity. A review of school-based preventive interventions,2015,Revista Mexicana de Trastornos Alimentarios,B_aditivos_envasados_mx,"""aditivos alimentarios"" preenvasados",Crossref
Argentine validation of the Sociocultural Attitudes Towards Appearance Questionnaire-3,2015,Revista Mexicana de Trastornos Alimentarios,B_aditivos_envasados_mx,"""aditivos alimentarios"" preenvasados",Crossref
Normalizing the eating pattern with virtual reality for bulimia nervosa: a case report,2015,Revista Mexicana de Trastornos Alimentarios,B_aditivos_envasados_mx,"""aditivos alimentarios"" preenvasados",Crossref
Binge eating disorder: analysis and treatment,2015,Revista Mexicana de Trastornos Alimentarios,B_aditivos_envasados_mx,"""aditivos alimentarios"" preenvasados",Crossref
Insect (food) allergy and allergens,2018,Molecular Immunology,B_aditivos_envasados_mx,"""food additives"" ""Latin America""",OpenAlex
CHITIN AND CHITOSAN-BIOPOLYMER MATERIALS OF THE 21st CENTURY,2023,PPOR,B_aditivos_envasados_mx,"""food additives"" ""Latin America""",OpenAlex
Sustainability and Rural Development Through the Production of Organic Cocoa in Calceta – Ecuador: Economic Analysis and Assessment of the Implications on the Living Standards of Farmers,2021,,B_aditivos_envasados_mx,"""food additives"" ""Latin America""",OpenAlex
The Context of Antibiotic Overuse,2012,Annals of Internal Medicine,B_aditivos_envasados_mx,"""food additives"" ""Latin America""",OpenAlex
"Monosodium Glutamate Induces Cellular Stress, Endoplasmic Reticulum Stress, Mitochondrial Dysfunction, and Cell Death in Intestinal Epithelial Cells",2025,Allergy,B_aditivos_envasados_mx,"""food additives"" ""Latin America""",OpenAlex
Editorial: Impact of dietary nanoparticles on food allergy development and immune response,2025,Frontiers in Immunology,B_aditivos_envasados_mx,"""food additives"" ""Latin America""",OpenAlex
Abstracts,2017,Journal of North Carolina Academy of Science,B_aditivos_envasados_mx,"""food additives"" ""Latin America""",OpenAlex
Documenting America 1935-1943,2010,Visual Anthropology Review,B_aditivos_envasados_mx,"""food additives"" ""Latin America""",Crossref
What's new in lymphedema therapy in America?,2011,International Journal of Angiology,B_aditivos_envasados_mx,"""food additives"" ""Latin America""",Crossref
"18<sup>th</sup> annual congress the phlebology society of america denver, colorado • April 18–21, 1999",2011,International Journal of Angiology,B_aditivos_envasados_mx,"""food additives"" ""Latin America""",Crossref
American Robin (Turdus migratorius),2014,The Birds of North America Online,B_aditivos_envasados_mx,"""food additives"" ""Latin America""",Crossref
Ancient Murrelet (Synthliboramphus antiquus),2010,The Birds of North America Online,B_aditivos_envasados_mx,"""food additives"" ""Latin America""",Crossref
Black Scoter (Melanitta americana),2011,The Birds of North America Online,B_aditivos_envasados_mx,"""food additives"" ""Latin America""",Crossref
Aleutian Tern (Onychoprion aleuticus),2013,The Birds of North America Online,B_aditivos_envasados_mx,"""food additives"" ""Latin America""",Crossref
Bewick's Wren (Thryomanes bewickii),2013,The Birds of North America Online,B_aditivos_envasados_mx,"""food additives"" ""Latin America""",Crossref
Black-throated Gray Warbler (Setophaga nigrescens),2012,The Birds of North America Online,B_aditivos_envasados_mx,"""food additives"" ""Latin America""",Crossref
American Tree Sparrow (Spizelloides arborea),2014,The Birds of North America Online,B_aditivos_envasados_mx,"""food additives"" ""Latin America""",Crossref
Black-capped Chickadee (Poecile atricapillus),2010,The Birds of North America Online,B_aditivos_envasados_mx,"""food additives"" ""Latin America""",Crossref
American Wigeon (Mareca americana),2014,The Birds of North America Online,B_aditivos_envasados_mx,"""food additives"" ""Latin America""",Crossref
American Oystercatcher (Haematopus palliatus),2012,The Birds of North America Online,B_aditivos_envasados_mx,"""food additives"" ""Latin America""",Crossref
American Woodcock (Scolopax minor),2013,The Birds of North America Online,B_aditivos_envasados_mx,"""food additives"" ""Latin America""",Crossref
Black-headed Grosbeak (Pheucticus melanocephalus),2010,The Birds of North America Online,B_aditivos_envasados_mx,"""food additives"" ""Latin America""",Crossref
Bachman's Warbler (Vermivora bachmanii),2011,The Birds of North America Online,B_aditivos_envasados_mx,"""food additives"" ""Latin America""",Crossref
Bay-breasted Warbler (Setophaga castanea),2011,The Birds of North America Online,B_aditivos_envasados_mx,"""food additives"" ""Latin America""",Crossref
American Dipper (Cinclus mexicanus),2011,The Birds of North America Online,B_aditivos_envasados_mx,"""food additives"" ""Latin America""",Crossref
American Avocet (Recurvirostra americana),2013,The Birds of North America Online,B_aditivos_envasados_mx,"""food additives"" ""Latin America""",Crossref
Bell's Vireo (Vireo bellii),2010,The Birds of North America Online,B_aditivos_envasados_mx,"""food additives"" ""Latin America""",Crossref
Allen's Hummingbird (Selasphorus sasin),2013,The Birds of North America Online,B_aditivos_envasados_mx,"""food additives"" ""Latin America""",Crossref
Arctic Warbler (Phylloscopus borealis),2014,The Birds of North America Online,B_aditivos_envasados_mx,"""food additives"" ""Latin America""",Crossref
Bicknell's Thrush (Catharus bicknelli),2015,The Birds of North America Online,B_aditivos_envasados_mx,"""food additives"" ""Latin America""",Crossref
Black-crowned Night-Heron (Nycticorax nycticorax),2010,The Birds of North America Online,B_aditivos_envasados_mx,"""food additives"" ""Latin America""",Crossref
American Pipit (Anthus rubescens),2012,The Birds of North America Online,B_aditivos_envasados_mx,"""food additives"" ""Latin America""",Crossref
Yellow-throated Warbler (Setophaga dominica),2012,The Birds of North America Online,B_aditivos_envasados_mx,"""food additives"" ""Latin America""",Crossref
Anna's Hummingbird (Calypte anna),2012,The Birds of North America Online,B_aditivos_envasados_mx,"""food additives"" ""Latin America""",Crossref
Cave Swallow (Petrochelidon fulva),2011,The Birds of North America Online,B_aditivos_envasados_mx,"""food additives"" ""Latin America""",Crossref
Carolina Wren (Thryothorus ludovicianus),2014,The Birds of North America Online,B_aditivos_envasados_mx,"""food additives"" ""Latin America""",Crossref
Boat-tailed Grackle (Quiscalus major),2014,The Birds of North America Online,B_aditivos_envasados_mx,"""food additives"" ""Latin America""",Crossref
Western Grebe (Aechmophorus occidentalis),2013,The Birds of North America Online,B_aditivos_envasados_mx,"""food additives"" ""Latin America""",Crossref
Common Loon (Gavia immer),2010,The Birds of North America Online,B_aditivos_envasados_mx,"""food additives"" ""Latin America""",Crossref
Brown-headed Nuthatch (Sitta pusilla),2013,The Birds of North America Online,B_aditivos_envasados_mx,"""food additives"" ""Latin America""",Crossref
Colima Warbler (Oreothlypis crissalis),2013,The Birds of North America Online,B_aditivos_envasados_mx,"""food additives"" ""Latin America""",Crossref
Buff-bellied Hummingbird (Amazilia yucatanensis),2015,The Birds of North America Online,B_aditivos_envasados_mx,"""food additives"" ""Latin America""",Crossref
California Quail (Callipepla californica),2014,The Birds of North America Online,B_aditivos_envasados_mx,"""food additives"" ""Latin America""",Crossref
Cassin's Auklet (Ptychoramphus aleuticus),2011,The Birds of North America Online,B_aditivos_envasados_mx,"""food additives"" ""Latin America""",Crossref
Cerulean Warbler (Setophaga cerulea),2013,The Birds of North America Online,B_aditivos_envasados_mx,"""food additives"" ""Latin America""",Crossref
Cactus Wren (Campylorhynchus brunneicapillus),2011,The Birds of North America Online,B_aditivos_envasados_mx,"""food additives"" ""Latin America""",Crossref
Brown Pelican (Pelecanus occidentalis),2014,The Birds of North America Online,B_aditivos_envasados_mx,"""food additives"" ""Latin America""",Crossref
Burrowing Owl (Athene cunicularia),2011,The Birds of North America Online,B_aditivos_envasados_mx,"""food additives"" ""Latin America""",Crossref
Brown Creeper (Certhia americana),2013,The Birds of North America Online,B_aditivos_envasados_mx,"""food additives"" ""Latin America""",Crossref
Blue Grosbeak (Passerina caerulea),2011,The Birds of North America Online,B_aditivos_envasados_mx,"""food additives"" ""Latin America""",Crossref
Eastern Meadowlark (Sturnella magna),2012,The Birds of North America Online,B_aditivos_envasados_mx,"""food additives"" ""Latin America""",Crossref
Gray Catbird (Dumetella carolinensis),2011,The Birds of North America Online,B_aditivos_envasados_mx,"""food additives"" ""Latin America""",Crossref
Golden-winged Warbler (Vermivora chrysoptera),2011,The Birds of North America Online,B_aditivos_envasados_mx,"""food additives"" ""Latin America""",Crossref
Common Nighthawk (Chordeiles minor),2011,The Birds of North America Online,B_aditivos_envasados_mx,"""food additives"" ""Latin America""",Crossref
Crested Caracara (Caracara cheriway),2012,The Birds of North America Online,B_aditivos_envasados_mx,"""food additives"" ""Latin America""",Crossref
Great Blue Heron (Ardea herodias),2011,The Birds of North America Online,B_aditivos_envasados_mx,"""food additives"" ""Latin America""",Crossref
Great Crested Flycatcher (Myiarchus crinitus),2014,The Birds of North America Online,B_aditivos_envasados_mx,"""food additives"" ""Latin America""",Crossref
Golden-crowned Kinglet (Regulus satrapa),2012,The Birds of North America Online,B_aditivos_envasados_mx,"""food additives"" ""Latin America""",Crossref
Connecticut Warbler (Oporornis agilis),2012,The Birds of North America Online,B_aditivos_envasados_mx,"""food additives"" ""Latin America""",Crossref
Gambel's Quail (Callipepla gambelii),2013,The Birds of North America Online,B_aditivos_envasados_mx,"""food additives"" ""Latin America""",Crossref
Greater Prairie-Chicken (Tympanuchus cupido),2011,The Birds of North America Online,B_aditivos_envasados_mx,"""food additives"" ""Latin America""",Crossref
Great Horned Owl (Bubo virginianus),2013,The Birds of North America Online,B_aditivos_envasados_mx,"""food additives"" ""Latin America""",Crossref
Canada Jay (Perisoreus canadensis),2011,The Birds of North America Online,B_aditivos_envasados_mx,"""food additives"" ""Latin America""",Crossref
Common Pauraque (Nyctidromus albicollis),2015,The Birds of North America Online,B_aditivos_envasados_mx,"""food additives"" ""Latin America""",Crossref
Eurasian Collared-Dove (Streptopelia decaocto),2012,The Birds of North America Online,B_aditivos_envasados_mx,"""food additives"" ""Latin America""",Crossref
Flammulated Owl (Psiloscops flammeolus),2013,The Birds of North America Online,B_aditivos_envasados_mx,"""food additives"" ""Latin America""",Crossref
Emperor Goose (Anser canagicus),2011,The Birds of North America Online,B_aditivos_envasados_mx,"""food additives"" ""Latin America""",Crossref
Harris's Hawk (Parabuteo unicinctus),2011,The Birds of North America Online,B_aditivos_envasados_mx,"""food additives"" ""Latin America""",Crossref
Laughing Gull (Leucophaeus atricilla),2015,The Birds of North America Online,B_aditivos_envasados_mx,"""food additives"" ""Latin America""",Crossref
Lazuli Bunting (Passerina amoena),2014,The Birds of North America Online,B_aditivos_envasados_mx,"""food additives"" ""Latin America""",Crossref
Least Grebe (Tachybaptus dominicus),2011,The Birds of North America Online,B_aditivos_envasados_mx,"""food additives"" ""Latin America""",Crossref
Hermit Thrush (Catharus guttatus),2012,The Birds of North America Online,B_aditivos_envasados_mx,"""food additives"" ""Latin America""",Crossref
Lewis's Woodpecker (Melanerpes lewis),2013,The Birds of North America Online,B_aditivos_envasados_mx,"""food additives"" ""Latin America""",Crossref
Kentucky Warbler (Geothlypis formosa),2013,The Birds of North America Online,B_aditivos_envasados_mx,"""food additives"" ""Latin America""",Crossref
Lesser Scaup (Aythya affinis),2014,The Birds of North America Online,B_aditivos_envasados_mx,"""food additives"" ""Latin America""",Crossref
Green-tailed Towhee (Pipilo chlorurus),2012,The Birds of North America Online,B_aditivos_envasados_mx,"""food additives"" ""Latin America""",Crossref
House Wren (Troglodytes aedon),2014,The Birds of North America Online,B_aditivos_envasados_mx,"""food additives"" ""Latin America""",Crossref
King Eider (Somateria spectabilis),2012,The Birds of North America Online,B_aditivos_envasados_mx,"""food additives"" ""Latin America""",Crossref
Least Auklet (Aethia pusilla),2013,The Birds of North America Online,B_aditivos_envasados_mx,"""food additives"" ""Latin America""",Crossref
Orange-crowned Warbler (Oreothlypis celata),2010,The Birds of North America Online,B_aditivos_envasados_mx,"""food additives"" ""Latin America""",Crossref
Northern Waterthrush (Parkesia noveboracensis),2014,The Birds of North America Online,B_aditivos_envasados_mx,"""food additives"" ""Latin America""",Crossref
Nashville Warbler (Oreothlypis ruficapilla),2011,The Birds of North America Online,B_aditivos_envasados_mx,"""food additives"" ""Latin America""",Crossref
Philadelphia Vireo (Vireo philadelphicus),2011,The Birds of North America Online,B_aditivos_envasados_mx,"""food additives"" ""Latin America""",Crossref
Palm Warbler (Setophaga palmarum),2013,The Birds of North America Online,B_aditivos_envasados_mx,"""food additives"" ""Latin America""",Crossref
Pine Siskin (Spinus pinus),2014,The Birds of North America Online,B_aditivos_envasados_mx,"""food additives"" ""Latin America""",Crossref
Marsh Wren (Cistothorus palustris),2013,The Birds of North America Online,B_aditivos_envasados_mx,"""food additives"" ""Latin America""",Crossref
Olive Warbler (Peucedramus taeniatus),2012,The Birds of North America Online,B_aditivos_envasados_mx,"""food additives"" ""Latin America""",Crossref
Prairie Falcon (Falco mexicanus),2013,The Birds of North America Online,B_aditivos_envasados_mx,"""food additives"" ""Latin America""",Crossref
Masked Duck (Nomonyx dominicus),2013,The Birds of North America Online,B_aditivos_envasados_mx,"""food additives"" ""Latin America""",Crossref
Painted Bunting (Passerina ciris),2015,The Birds of North America Online,B_aditivos_envasados_mx,"""food additives"" ""Latin America""",Crossref
Prairie Warbler (Setophaga discolor),2014,The Birds of North America Online,B_aditivos_envasados_mx,"""food additives"" ""Latin America""",Crossref
Osprey (Pandion haliaetus),2016,The Birds of North America Online,B_aditivos_envasados_mx,"""food additives"" ""Latin America""",Crossref
Mourning Warbler (Geothlypis philadelphia),2011,The Birds of North America Online,B_aditivos_envasados_mx,"""food additives"" ""Latin America""",Crossref
Mottled Duck (Anas fulvigula),2010,The Birds of North America Online,B_aditivos_envasados_mx,"""food additives"" ""Latin America""",Crossref
McCown's Longspur (Rhynchophanes mccownii),2010,The Birds of North America Online,B_aditivos_envasados_mx,"""food additives"" ""Latin America""",Crossref
Ross's Goose (Anser rossii),2013,The Birds of North America Online,B_aditivos_envasados_mx,"""food additives"" ""Latin America""",Crossref
Snail Kite (Rostrhamus sociabilis),2015,The Birds of North America Online,B_aditivos_envasados_mx,"""food additives"" ""Latin America""",Crossref
Snow Bunting (Plectrophenax nivalis),2011,The Birds of North America Online,B_aditivos_envasados_mx,"""food additives"" ""Latin America""",Crossref
Spotted Towhee (Pipilo maculatus),2015,The Birds of North America Online,B_aditivos_envasados_mx,"""food additives"" ""Latin America""",Crossref
Sandhill Crane (Antigone canadensis),2014,The Birds of North America Online,B_aditivos_envasados_mx,"""food additives"" ""Latin America""",Crossref
Ring-billed Gull (Larus delawarensis),2012,The Birds of North America Online,B_aditivos_envasados_mx,"""food additives"" ""Latin America""",Crossref
Scissor-tailed Flycatcher (Tyrannus forficatus),2013,The Birds of North America Online,B_aditivos_envasados_mx,"""food additives"" ""Latin America""",Crossref
Steller's Jay (Cyanocitta stelleri),2016,The Birds of North America Online,B_aditivos_envasados_mx,"""food additives"" ""Latin America""",Crossref
Red-breasted Merganser (Mergus serrator),2015,The Birds of North America Online,B_aditivos_envasados_mx,"""food additives"" ""Latin America""",Crossref
Semipalmated Plover (Charadrius semipalmatus),2014,The Birds of North America Online,B_aditivos_envasados_mx,"""food additives"" ""Latin America""",Crossref
Red-headed Woodpecker (Melanerpes erythrocephalus),2015,The Birds of North America Online,B_aditivos_envasados_mx,"""food additives"" ""Latin America""",Crossref
Semipalmated Sandpiper (Calidris pusilla),2010,The Birds of North America Online,B_aditivos_envasados_mx,"""food additives"" ""Latin America""",Crossref
Trumpeter Swan (Cygnus buccinator),2010,The Birds of North America Online,B_aditivos_envasados_mx,"""food additives"" ""Latin America""",Crossref
Tree Swallow (Tachycineta bicolor),2011,The Birds of North America Online,B_aditivos_envasados_mx,"""food additives"" ""Latin America""",Crossref
Yellow Rail (Coturnicops noveboracensis),2015,The Birds of North America Online,B_aditivos_envasados_mx,"""food additives"" ""Latin America""",Crossref
Whooping Crane (Grus americana),2015,The Birds of North America Online,B_aditivos_envasados_mx,"""food additives"" ""Latin America""",Crossref
Wood Duck (Aix sponsa),2013,The Birds of North America Online,B_aditivos_envasados_mx,"""food additives"" ""Latin America""",Crossref
Wild Turkey (Meleagris gallopavo),2014,The Birds of North America Online,B_aditivos_envasados_mx,"""food additives"" ""Latin America""",Crossref
Western Kingbird (Tyrannus verticalis),2012,The Birds of North America Online,B_aditivos_envasados_mx,"""food additives"" ""Latin America""",Crossref
Summer Tanager (Piranga rubra),2012,The Birds of North America Online,B_aditivos_envasados_mx,"""food additives"" ""Latin America""",Crossref
White-winged Crossbill (Loxia leucoptera),2012,The Birds of North America Online,B_aditivos_envasados_mx,"""food additives"" ""Latin America""",Crossref
White-collared Seedeater (Sporophila torqueola),2012,The Birds of North America Online,B_aditivos_envasados_mx,"""food additives"" ""Latin America""",Crossref
Tennessee Warbler (Oreothlypis peregrina),2012,The Birds of North America Online,B_aditivos_envasados_mx,"""food additives"" ""Latin America""",Crossref
Surf Scoter (Melanitta perspicillata),2015,The Birds of North America Online,B_aditivos_envasados_mx,"""food additives"" ""Latin America""",Crossref
Upland Sandpiper (Bartramia longicauda),2011,The Birds of North America Online,B_aditivos_envasados_mx,"""food additives"" ""Latin America""",Crossref
Tufted Titmouse (Baeolophus bicolor),2015,The Birds of North America Online,B_aditivos_envasados_mx,"""food additives"" ""Latin America""",Crossref
Western Sandpiper (Calidris mauri),2014,The Birds of North America Online,B_aditivos_envasados_mx,"""food additives"" ""Latin America""",Crossref
Yellow-crowned Night-Heron (Nyctanassa violacea),2011,The Birds of North America Online,B_aditivos_envasados_mx,"""food additives"" ""Latin America""",Crossref
Yellow-throated Vireo (Vireo flavifrons),2011,The Birds of North America Online,B_aditivos_envasados_mx,"""food additives"" ""Latin America""",Crossref
Yellow-billed Cuckoo (Coccyzus americanus),2015,The Birds of North America Online,B_aditivos_envasados_mx,"""food additives"" ""Latin America""",Crossref
Black-and-white Warbler (Mniotilta varia),2014,The Birds of North America Online,B_aditivos_envasados_mx,"""food additives"" ""Latin America""",Crossref
American Golden-Plover (Pluvialis dominica),2010,The Birds of North America Online,B_aditivos_envasados_mx,"""food additives"" ""Latin America""",Crossref
Clay-colored Sparrow (Spizella pallida),2012,The Birds of North America Online,B_aditivos_envasados_mx,"""food additives"" ""Latin America""",Crossref
Broad-tailed Hummingbird (Selasphorus platycercus),2013,The Birds of North America Online,B_aditivos_envasados_mx,"""food additives"" ""Latin America""",Crossref
Bobolink (Dolichonyx oryzivorus),2015,The Birds of North America Online,B_aditivos_envasados_mx,"""food additives"" ""Latin America""",Crossref
Chestnut-sided Warbler (Setophaga pensylvanica),2013,The Birds of North America Online,B_aditivos_envasados_mx,"""food additives"" ""Latin America""",Crossref
Cinnamon Teal (Spatula cyanoptera),2012,The Birds of North America Online,B_aditivos_envasados_mx,"""food additives"" ""Latin America""",Crossref
Botteri's Sparrow (Peucaea botterii),2012,The Birds of North America Online,B_aditivos_envasados_mx,"""food additives"" ""Latin America""",Crossref
Broad-winged Hawk (Buteo platypterus),2014,The Birds of North America Online,B_aditivos_envasados_mx,"""food additives"" ""Latin America""",Crossref
Blue-gray Gnatcatcher (Polioptila caerulea),2012,The Birds of North America Online,B_aditivos_envasados_mx,"""food additives"" ""Latin America""",Crossref
Chestnut-collared Longspur (Calcarius ornatus),2015,The Birds of North America Online,B_aditivos_envasados_mx,"""food additives"" ""Latin America""",Crossref
Cedar Waxwing (Bombycilla cedrorum),2014,The Birds of North America Online,B_aditivos_envasados_mx,"""food additives"" ""Latin America""",Crossref
California Thrasher (Toxostoma redivivum),2012,The Birds of North America Online,B_aditivos_envasados_mx,"""food additives"" ""Latin America""",Crossref
Brant (Branta bernicla),2013,The Birds of North America Online,B_aditivos_envasados_mx,"""food additives"" ""Latin America""",Crossref
Blue-headed Vireo (Vireo solitarius),2014,The Birds of North America Online,B_aditivos_envasados_mx,"""food additives"" ""Latin America""",Crossref
Blackpoll Warbler (Setophaga striata),2013,The Birds of North America Online,B_aditivos_envasados_mx,"""food additives"" ""Latin America""",Crossref
Common Merganser (Mergus merganser),2015,The Birds of North America Online,B_aditivos_envasados_mx,"""food additives"" ""Latin America""",Crossref
Blue Jay (Cyanocitta cristata),2013,The Birds of North America Online,B_aditivos_envasados_mx,"""food additives"" ""Latin America""",Crossref
Chuck-will's-widow (Antrostomus carolinensis),2012,The Birds of North America Online,B_aditivos_envasados_mx,"""food additives"" ""Latin America""",Crossref
Brown Thrasher (Toxostoma rufum),2014,The Birds of North America Online,B_aditivos_envasados_mx,"""food additives"" ""Latin America""",Crossref
Chihuahuan Raven (Corvus cryptoleucus),2013,The Birds of North America Online,B_aditivos_envasados_mx,"""food additives"" ""Latin America""",Crossref
California Condor (Gymnogyps californianus),2015,The Birds of North America Online,B_aditivos_envasados_mx,"""food additives"" ""Latin America""",Crossref
California Towhee (Melozone crissalis),2011,The Birds of North America Online,B_aditivos_envasados_mx,"""food additives"" ""Latin America""",Crossref
Chimney Swift (Chaetura pelagica),2014,The Birds of North America Online,B_aditivos_envasados_mx,"""food additives"" ""Latin America""",Crossref
Bufflehead (Bucephala albeola),2014,The Birds of North America Online,B_aditivos_envasados_mx,"""food additives"" ""Latin America""",Crossref
Greater Roadrunner (Geococcyx californianus),2011,The Birds of North America Online,B_aditivos_envasados_mx,"""food additives"" ""Latin America""",Crossref
Eastern Towhee (Pipilo erythrophthalmus),2015,The Birds of North America Online,B_aditivos_envasados_mx,"""food additives"" ""Latin America""",Crossref
Eastern Bluebird (Sialia sialis),2015,The Birds of North America Online,B_aditivos_envasados_mx,"""food additives"" ""Latin America""",Crossref
Double-crested Cormorant (Phalacrocorax auritus),2014,The Birds of North America Online,B_aditivos_envasados_mx,"""food additives"" ""Latin America""",Crossref
Gray Flycatcher (Empidonax wrightii),2013,The Birds of North America Online,B_aditivos_envasados_mx,"""food additives"" ""Latin America""",Crossref
Great Egret (Ardea alba),2011,The Birds of North America Online,B_aditivos_envasados_mx,"""food additives"" ""Latin America""",Crossref
Glaucous Gull (Larus hyperboreus),2012,The Birds of North America Online,B_aditivos_envasados_mx,"""food additives"" ""Latin America""",Crossref
Dusky Flycatcher (Empidonax oberholseri),2015,The Birds of North America Online,B_aditivos_envasados_mx,"""food additives"" ""Latin America""",Crossref
Eastern Phoebe (Sayornis phoebe),2011,The Birds of North America Online,B_aditivos_envasados_mx,"""food additives"" ""Latin America""",Crossref
Hooded Warbler (Setophaga citrina),2011,The Birds of North America Online,B_aditivos_envasados_mx,"""food additives"" ""Latin America""",Crossref
Gull-billed Tern (Gelochelidon nilotica),2014,The Birds of North America Online,B_aditivos_envasados_mx,"""food additives"" ""Latin America""",Crossref
Little Blue Heron (Egretta caerulea),2012,The Birds of North America Online,B_aditivos_envasados_mx,"""food additives"" ""Latin America""",Crossref
Kirtland's Warbler (Setophaga kirtlandii),2014,The Birds of North America Online,B_aditivos_envasados_mx,"""food additives"" ""Latin America""",Crossref
King Rail (Rallus elegans),2015,The Birds of North America Online,B_aditivos_envasados_mx,"""food additives"" ""Latin America""",Crossref
Hermit Warbler (Setophaga occidentalis),2013,The Birds of North America Online,B_aditivos_envasados_mx,"""food additives"" ""Latin America""",Crossref
Lesser Nighthawk (Chordeiles acutipennis),2012,The Birds of North America Online,B_aditivos_envasados_mx,"""food additives"" ""Latin America""",Crossref
Lesser Goldfinch (Spinus psaltria),2014,The Birds of North America Online,B_aditivos_envasados_mx,"""food additives"" ""Latin America""",Crossref
Lesser Yellowlegs (Tringa flavipes),2014,The Birds of North America Online,B_aditivos_envasados_mx,"""food additives"" ""Latin America""",Crossref
House Finch (Haemorhous mexicanus),2012,The Birds of North America Online,B_aditivos_envasados_mx,"""food additives"" ""Latin America""",Crossref
Hudsonian Godwit (Limosa haemastica),2011,The Birds of North America Online,B_aditivos_envasados_mx,"""food additives"" ""Latin America""",Crossref
Magnolia Warbler (Setophaga magnolia),2010,The Birds of North America Online,B_aditivos_envasados_mx,"""food additives"" ""Latin America""",Crossref
Pileated Woodpecker (Dryocopus pileatus),2011,The Birds of North America Online,B_aditivos_envasados_mx,"""food additives"" ""Latin America""",Crossref
MacGillivray's Warbler (Geothlypis tolmiei),2013,The Birds of North America Online,B_aditivos_envasados_mx,"""food additives"" ""Latin America""",Crossref
Northern Pintail (Anas acuta),2014,The Birds of North America Online,B_aditivos_envasados_mx,"""food additives"" ""Latin America""",Crossref
McKay's Bunting (Plectrophenax hyperboreus),2011,The Birds of North America Online,B_aditivos_envasados_mx,"""food additives"" ""Latin America""",Crossref
Hen/Northern Harrier (Circus cyaneus/hudsonius),2011,The Birds of North America Online,B_aditivos_envasados_mx,"""food additives"" ""Latin America""",Crossref
Northern Parula (Setophaga americana),2012,The Birds of North America Online,B_aditivos_envasados_mx,"""food additives"" ""Latin America""",Crossref
Magnificent Hummingbird (Eugenes fulgens),2013,The Birds of North America Online,B_aditivos_envasados_mx,"""food additives"" ""Latin America""",Crossref
Orchard Oriole (Icterus spurius),2010,The Birds of North America Online,B_aditivos_envasados_mx,"""food additives"" ""Latin America""",Crossref
Pelagic Cormorant (Phalacrocorax pelagicus),2013,The Birds of North America Online,B_aditivos_envasados_mx,"""food additives"" ""Latin America""",Crossref
Purple Martin (Progne subis),2013,The Birds of North America Online,B_aditivos_envasados_mx,"""food additives"" ""Latin America""",Crossref
Mangrove Cuckoo (Coccyzus minor),2012,The Birds of North America Online,B_aditivos_envasados_mx,"""food additives"" ""Latin America""",Crossref
Lucy's Warbler (Oreothlypis luciae),2012,The Birds of North America Online,B_aditivos_envasados_mx,"""food additives"" ""Latin America""",Crossref
Olive Sparrow (Arremonops rufivirgatus),2013,The Birds of North America Online,B_aditivos_envasados_mx,"""food additives"" ""Latin America""",Crossref
Pectoral Sandpiper (Calidris melanotos),2013,The Birds of North America Online,B_aditivos_envasados_mx,"""food additives"" ""Latin America""",Crossref
Northern Hawk Owl (Surnia ulula),2014,The Birds of North America Online,B_aditivos_envasados_mx,"""food additives"" ""Latin America""",Crossref
Northern Fulmar (Fulmarus glacialis),2012,The Birds of North America Online,B_aditivos_envasados_mx,"""food additives"" ""Latin America""",Crossref
Plumbeous Vireo (Vireo plumbeus),2012,The Birds of North America Online,B_aditivos_envasados_mx,"""food additives"" ""Latin America""",Crossref
Northern Bobwhite (Colinus virginianus),2014,The Birds of North America Online,B_aditivos_envasados_mx,"""food additives"" ""Latin America""",Crossref
Pine Warbler (Setophaga pinus),2013,The Birds of North America Online,B_aditivos_envasados_mx,"""food additives"" ""Latin America""",Crossref
Olive-sided Flycatcher (Contopus cooperi),2012,The Birds of North America Online,B_aditivos_envasados_mx,"""food additives"" ""Latin America""",Crossref
Northern Mockingbird (Mimus polyglottos),2011,The Birds of North America Online,B_aditivos_envasados_mx,"""food additives"" ""Latin America""",Crossref
Ovenbird (Seiurus aurocapilla),2011,The Birds of North America Online,B_aditivos_envasados_mx,"""food additives"" ""Latin America""",Crossref
Snowy Owl (Bubo scandiacus),2015,The Birds of North America Online,B_aditivos_envasados_mx,"""food additives"" ""Latin America""",Crossref
Rock Pigeon (Columba livia),2014,The Birds of North America Online,B_aditivos_envasados_mx,"""food additives"" ""Latin America""",Crossref
Solitary Sandpiper (Tringa solitaria),2011,The Birds of North America Online,B_aditivos_envasados_mx,"""food additives"" ""Latin America""",Crossref
Rusty Blackbird (Euphagus carolinus),2013,The Birds of North America Online,B_aditivos_envasados_mx,"""food additives"" ""Latin America""",Crossref
Ruby-throated Hummingbird (Archilochus colubris),2013,The Birds of North America Online,B_aditivos_envasados_mx,"""food additives"" ""Latin America""",Crossref
Sora (Porzana carolina),2012,The Birds of North America Online,B_aditivos_envasados_mx,"""food additives"" ""Latin America""",Crossref
Spotted Sandpiper (Actitis macularius),2013,The Birds of North America Online,B_aditivos_envasados_mx,"""food additives"" ""Latin America""",Crossref
Ring-necked Duck (Aythya collaris),2012,The Birds of North America Online,B_aditivos_envasados_mx,"""food additives"" ""Latin America""",Crossref
Stilt Sandpiper (Calidris himantopus),2012,The Birds of North America Online,B_aditivos_envasados_mx,"""food additives"" ""Latin America""",Crossref
Roseate Tern (Sterna dougallii),2014,The Birds of North America Online,B_aditivos_envasados_mx,"""food additives"" ""Latin America""",Crossref
Rufous-winged Sparrow (Peucaea carpalis),2015,The Birds of North America Online,B_aditivos_envasados_mx,"""food additives"" ""Latin America""",Crossref
Sprague's Pipit (Anthus spragueii),2014,The Birds of North America Online,B_aditivos_envasados_mx,"""food additives"" ""Latin America""",Crossref
Red Knot (Calidris canutus),2013,The Birds of North America Online,B_aditivos_envasados_mx,"""food additives"" ""Latin America""",Crossref
Swainson's Warbler (Limnothlypis swainsonii),2010,The Birds of North America Online,B_aditivos_envasados_mx,"""food additives"" ""Latin America""",Crossref
BENEFICIOS DEL NUEVO ETIQUETADO DE ALIMENTOS. SE BUSCA EVITAR RIESGOS DE HIPERTENSIÓN Y MALES CARDIOVASCULARES,2019,Gaceta UNAM (2010-2019),B_aditivos_envasados_mx,"""NOM-051"" etiquetado",OpenAlex
Istradefylline as monotherapy for Parkinson disease: Results of the 6002-US-051 trial,2010,Parkinsonism &amp; Related Disorders,B_aditivos_envasados_mx,"""NOM-051"" etiquetado",Crossref
Persistence with asthma treatment is low in Germany especially for controller medication – a population based study of 483 051 patients,2010,Allergy,B_aditivos_envasados_mx,"""NOM-051"" etiquetado",Crossref
Heterobasidion occidentale sp. nov. and Heterobasidion irregulare nom. nov.: A disposition of North American Heterobasidion biological species,2010,Fungal Biology,B_aditivos_envasados_mx,"""NOM-051"" etiquetado",Crossref
The Diamond-NOM: A non-contact profiler capable of characterizing optical figure error with sub-nanometre repeatability,2010,"Nuclear Instruments and Methods in Physics Research Section A: Accelerators, Spectrometers, Detectors and Associated Equipment",B_aditivos_envasados_mx,"""NOM-051"" etiquetado",Crossref
"Taxonomic study of the genus Salinicola: transfer of Halomonas salaria and Chromohalobacter salarius to the genus Salinicola as Salinicola salarius comb. nov. and Salinicola halophilus nom. nov., respectively",2010,International Journal of Systematic and Evolutionary Microbiology,B_aditivos_envasados_mx,"""NOM-051"" etiquetado",Crossref
"Reclassification of Flexibacter tractuosus (Lewin 1969) Leadbetter 1974 and ‘Microscilla sericea’ Lewin 1969 in the genus Marivirga gen. nov. as Marivirga tractuosa comb. nov. and Marivirga sericea nom. rev., comb. nov.",2010,International Journal of Systematic and Evolutionary Microbiology,B_aditivos_envasados_mx,"""NOM-051"" etiquetado",Crossref
"Dactylosporangium luridum sp. nov., Dactylosporangium luteum sp. nov. and Dactylosporangium salmoneum sp. nov., nom. rev., isolated from soil",2010,International Journal of Systematic and Evolutionary Microbiology,B_aditivos_envasados_mx,"""NOM-051"" etiquetado",Crossref
"Revival and emended description of ‘Mycobacterium paraffinicum’ Davis, Chase and Raymond 1956 as Mycobacterium paraffinicum sp. nov., nom. rev.",2010,International Journal of Systematic and Evolutionary Microbiology,B_aditivos_envasados_mx,"""NOM-051"" etiquetado",Crossref
NOM fouling mechanisms in a hybrid adsorption/membrane system,2010,Journal of Membrane Science,B_aditivos_envasados_mx,"""NOM-051"" etiquetado",Crossref
Assessing PAC contribution to the NOM fouling control in PAC/UF systems,2010,Water Research,B_aditivos_envasados_mx,"""NOM-051"" etiquetado",Crossref
Development of a novel RAFT-UV grafting technique to modify polypropylene membrane used for NOM removal,2010,Separation and Purification Technology,B_aditivos_envasados_mx,"""NOM-051"" etiquetado",Crossref
Letters from Abroad,2010,Seibutsu Butsuri,B_aditivos_envasados_mx,"""NOM-051"" etiquetado",Crossref
Altered Gene Expression Profiling in Endometrium: Evidence for Progesterone Resistance,2010,Seminars in Reproductive Medicine,B_aditivos_envasados_mx,"""NOM-051"" etiquetado",Crossref
Pearls: Nystagmus,2010,Seminars in Neurology,B_aditivos_envasados_mx,"""NOM-051"" etiquetado",Crossref
Influence of velocity gradient in a hydraulic flocculator on NOM removal by aerated spiral-wound ultrafiltration membranes (ASWUF),2010,Journal of Hazardous Materials,B_aditivos_envasados_mx,"""NOM-051"" etiquetado",Crossref
"ChemInform Abstract: Discovery of 3‐(3‐Cyano‐4‐pyridyl)‐5‐(4‐pyridyl)‐1,2,4‐triazole, FYX‐051 — A Xanthine Oxidoreductase Inhibitor for the Treatment of Hyperuricemia.",2010,ChemInform,B_aditivos_envasados_mx,"""NOM-051"" etiquetado",Crossref
Influence of natural organic matter (NOM) quality on Cu–gill binding in the rainbow trout (Oncorhynchus mykiss),2010,Aquatic Toxicology,B_aditivos_envasados_mx,"""NOM-051"" etiquetado",Crossref
"Pneumocystis jirovecii : ce nom, que signifie-t-il ?",2010,Revue de Pneumologie Clinique,B_aditivos_envasados_mx,"""NOM-051"" etiquetado",Crossref
051 LIFE-SPACE MOBILITY AND DEPRESSION IN A SAMPLE OF MEXICAN OLDER ADULTS,2010,Parkinsonism &amp; Related Disorders,B_aditivos_envasados_mx,"""NOM-051"" etiquetado",Crossref
Molecular Classification and Novel Targets in Hepatocellular Carcinoma: Recent Advancements,2010,Seminars in Liver Disease,B_aditivos_envasados_mx,"""NOM-051"" etiquetado",Crossref
051 Association Between Hyperglycemia and the Angiographic No-Reflow Phenomenon in Patients With Acute Myocardial Infarction,2010,Archives of Cardiovascular Diseases Supplements,B_aditivos_envasados_mx,"""NOM-051"" etiquetado",Crossref
"Corrigendum to “Discovery of 3-(2-cyano-4-pyridyl)-5-(4-pyridyl)-1,2,4-triazole, FYX-051 – a xanthine oxidoreductase inhibitor for the treatment of hyperuricemia” [Bioorg. Med. Chem. Lett. 19 (2009) 6225]",2010,Bioorganic &amp; Medicinal Chemistry Letters,B_aditivos_envasados_mx,"""NOM-051"" etiquetado",Crossref
Comparison of optional process configurations and operating conditions for ceramic membrane MF coupled with coagulation/flocculation pre-treatment for the removal of NOM in drinking water production,2010,Journal of Water Supply: Research and Technology-Aqua,B_aditivos_envasados_mx,"""NOM-051"" etiquetado",Crossref
Laparoscopy for Colon and Rectal Cancer,2010,Clinics in Colon and Rectal Surgery,B_aditivos_envasados_mx,"""NOM-051"" etiquetado",Crossref
"Measurement of ionic calcium, pH, and soluble divalent cations in milk at high temperature",2010,Journal of Dairy Science,B_aditivos_envasados_mx,"""NOM-051"" etiquetado",Crossref
"Reclassification of ‘Dactylosporangium variesporum’ as Saccharothrix variisporea corrig. (ex Tomita et al. 1977) sp. nov., nom. rev.",2011,International Journal of Systematic and Evolutionary Microbiology,B_aditivos_envasados_mx,"""NOM-051"" etiquetado",Crossref
1279 LONG TERM DRAINAGE OF MALIGNANT EXTRINSIC URETERAL OBSTRUCTION SECONDARY TO INOPERABLE PELVIC OR ABDOMINAL MALIGNANCIES USING THE MEMOKATH 051 URETERAL STENT,2010,Journal of Urology,B_aditivos_envasados_mx,"""NOM-051"" etiquetado",Crossref
Jean-Baptiste de Secondat de Montesquieu. Au nom du pere. By Francois Cadilhon,2010,French History,B_aditivos_envasados_mx,"""NOM-051"" etiquetado",Crossref
A case of giant cell tumor arising from the rib,2010,The Journal of the Japanese Association for Chest Surgery,B_aditivos_envasados_mx,"""NOM-051"" etiquetado",Crossref
Adsorbed Polymer and NOM Limits Adhesion and Toxicity of Nano Scale Zerovalent Iron to <i>E. coli</i>,2010,Environmental Science &amp; Technology,B_aditivos_envasados_mx,"""NOM-051"" etiquetado",Crossref
Oral Reading for Language in Aphasia: Impact of Aphasia Severity on Cross-Modal Outcomes in Chronic Nonfluent Aphasia,2010,Seminars in Speech and Language,B_aditivos_envasados_mx,"""NOM-051"" etiquetado",Crossref
Use of Memokath 051 Metallic Stent in the Management of Ureteral Strictures: A Single-Center Experience,2010,Urologia Internationalis,B_aditivos_envasados_mx,"""NOM-051"" etiquetado",Crossref
"O efeito da sulfadiazina de prata, extrato de ipê-roxo e extrato de barbatimão na cicatrização de feridas cutâneas em ratos",2010,Revista do Colégio Brasileiro de Cirurgiões,B_aditivos_envasados_mx,"""NOM-051"" etiquetado",Crossref
Poultry Manure Digestate Enhancement of Chlorella Vulgaris Biomass Under Mixotrophic Condition for Biofuel Production,2010,Journal of Microbial &amp; Biochemical Technology,B_aditivos_envasados_mx,"""NOM-051"" etiquetado",Crossref
La notion de gradation s'applique-t-elle au nom ?,2010,Langue française,B_aditivos_envasados_mx,"""NOM-051"" etiquetado",Crossref
"Henriciella litoralis sp. nov., isolated from a tidal flat, transfer of Maribaculum marinum Lai et al. 2009 to the genus Henriciella as Henriciella aquimarina nom. nov. and emended description of the genus Henriciella",2011,International Journal of Systematic and Evolutionary Microbiology,B_aditivos_envasados_mx,"""NOM-051"" etiquetado",Crossref
"Aeschynanthus oxychlamys Mendum, nom. nov. (Gesneriaceae)",2010,Edinburgh Journal of Botany,B_aditivos_envasados_mx,"""NOM-051"" etiquetado",Crossref
NOM removal technologies – Norwegian experiences,2010,Drinking Water Engineering and Science,B_aditivos_envasados_mx,"""NOM-051"" etiquetado",Crossref
NOM characterization and removal at six Southern African water treatment plants,2010,Drinking Water Engineering and Science,B_aditivos_envasados_mx,"""NOM-051"" etiquetado",Crossref
OP-051 IGF-I GENE POLYMORPHISMS AND LEFT VENTRICULAR FUNCTION IN TURKISH OBESE WOMEN WITH INSULIN RESISTANCE,2010,International Journal of Cardiology,B_aditivos_envasados_mx,"""NOM-051"" etiquetado",Crossref
PP-051 A 48 YEAR OLD PATIENT WITH CHEST PAIN AND BILATERAL SPONTANEUS HEMOTHORAX -CASE REPORT,2010,International Journal of Cardiology,B_aditivos_envasados_mx,"""NOM-051"" etiquetado",Crossref
"Hystérisation de l’adolescence chez l’Africaine subsaharienne : au nom de la mère, contre le père et son vice ?",2010,Neuropsychiatrie de l'Enfance et de l'Adolescence,B_aditivos_envasados_mx,"""NOM-051"" etiquetado",Crossref
"Changes of NOM fractions during conventional drinking water treatment process in Riga, Latvia",2010,Water Supply,B_aditivos_envasados_mx,"""NOM-051"" etiquetado",Crossref
« Mon nom est personne » : la construction de la personnalité morale ou les vertus de la patience,2010,Entreprises et histoire,B_aditivos_envasados_mx,"""NOM-051"" etiquetado",Crossref
Factors affecting natural organic matter (NOM) and scaling fouling in NF membranes: A review,2010,Desalination,B_aditivos_envasados_mx,"""NOM-051"" etiquetado",Crossref
"<i>Cerithium harzhauseri</i>nom. nov., a New Replacement Name for<i>Cerithium</i>(<i>Ptychocerithium</i>)<i>Archiaci</i>Vredenburg, 1928,<i>non Cerithium archiaci</i>Hébert and Renevier, 1854 (Mollusca: Gastropoda)",2010,Paleontological Research,B_aditivos_envasados_mx,"""NOM-051"" etiquetado",Crossref
":
                    <i>
                      Les Louenges du roy Louys XII
                      <sup>e</sup>
                      de ce nom (1508)
                    </i>",2010,Renaissance Quarterly,B_aditivos_envasados_mx,"""NOM-051"" etiquetado",Crossref
The application of HPLC–SEC for the simultaneous characterization of NOM and nitrate in well waters,2010,Chemosphere,B_aditivos_envasados_mx,"""NOM-051"" etiquetado",Crossref
"<i>Stuckenberginiella</i>nom. nov., a replacement name for<i>Stuckenbergina</i>Zwick et Mary, 2010 (Diptera: Blephariceridae)",2010,Aquatic Insects,B_aditivos_envasados_mx,"""NOM-051"" etiquetado",Crossref
"Derek Hodson: Teaching and Learning About Science: Language, Theories, Methods, History, Traditions and Value",2010,Science &amp; Education,B_aditivos_envasados_mx,"""NOM-051"" etiquetado",Crossref
Effects of different calcium salts on properties of milk related to heat stability,2010,International Journal of Dairy Technology,B_aditivos_envasados_mx,"""NOM-051"" etiquetado",Crossref
"Book Review: Yoram Mouchenik, Ce n’est qu’un nom sur une liste, mais c’est mon cimetière: Traumas, deuils et transmission chez les enfants juifs cachés en France pendant l’occupation. Grenoble: Pensée sauvage, 2006. 173 pp. Paper: 20,00€, ISBN 2859192182",2010,Transcultural Psychiatry,B_aditivos_envasados_mx,"""NOM-051"" etiquetado",Crossref
Optimizing Outcome of Twins by Routine Cesarean Section beyond 37 Weeks,2010,American Journal of Perinatology,B_aditivos_envasados_mx,"""NOM-051"" etiquetado",Crossref
"PP-051 Curcumin suppresses the induction of indoleamine 2,3-dioxygenase by blocking the JAK PKC-δ STAT1 signaling pathway in IFN-γ-stimulated murine dendritic cells",2010,International Journal of Infectious Diseases,B_aditivos_envasados_mx,"""NOM-051"" etiquetado",Crossref
"Connaissance du nom et du son des lettres, habiletés métaphonémiques et capacités de décodage en grande section de maternelle",2010,Psychologie Française,B_aditivos_envasados_mx,"""NOM-051"" etiquetado",Crossref
OL-051 Molecular-genetic analysis of drug-resistant Mycobacterium tuberculosis strains in St. Petersburg (Russia),2010,International Journal of Infectious Diseases,B_aditivos_envasados_mx,"""NOM-051"" etiquetado",Crossref
IC‐P‐051: Synthesis and Evaluation of Butyrylcholinesterase Ligands for Neuroimaging Alzheimer's Disease,2010,Alzheimer's &amp; Dementia,B_aditivos_envasados_mx,"""NOM-051"" etiquetado",Crossref
P1‐051: Dietary fat and cholesterol causes neuronal endosomal abnormalities and basal forebrain cholinergic neurodegeneration in wild‐type mice,2010,Alzheimer's &amp; Dementia,B_aditivos_envasados_mx,"""NOM-051"" etiquetado",Crossref
P2‐051: Train‐the‐trainer in dementia care: A program fostering long‐term enhancement and implementation of communication skills in nursing home staff caring for dementia patients,2010,Alzheimer's &amp; Dementia,B_aditivos_envasados_mx,"""NOM-051"" etiquetado",Crossref
P3‐051: Effect of depression on cognitive decline in elderly patients with cognitive impairments,2010,Alzheimer's &amp; Dementia,B_aditivos_envasados_mx,"""NOM-051"" etiquetado",Crossref
Competitive adsorption of micropollutants and NOM onto activated carbon: comparison of different model approaches,2010,Journal of Water Supply: Research and Technology-Aqua,B_aditivos_envasados_mx,"""NOM-051"" etiquetado",Crossref
Remarks on discretizations of convection terms in Hybrid mimetic mixed methods,2010,Networks &amp; Heterogeneous Media,B_aditivos_envasados_mx,"""NOM-051"" etiquetado",Crossref
"Cerasicoccus maritimus sp. nov. and Cerasicoccus frondis sp. nov., two peptidoglycan-less marine verrucomicrobial species, and description of Verrucomicrobia phyl. nov., nom. rev.",2010,The Journal of General and Applied Microbiology,B_aditivos_envasados_mx,"""NOM-051"" etiquetado",Crossref
Predictors of Bone Loss in Revision Total Knee Arthroplasty,2010,Journal of Knee Surgery,B_aditivos_envasados_mx,"""NOM-051"" etiquetado",Crossref
Binding Strength of Methylmercury to Aquatic NOM,2010,Environmental Science &amp; Technology,B_aditivos_envasados_mx,"""NOM-051"" etiquetado",Crossref
"Dactylosporangium luridum sp. nov., Dactylosporangium luteum sp. nov. and Dactylosporangium salmoneum sp. nov., nom. rev., isolated from soil",2010,INTERNATIONAL JOURNAL OF SYSTEMATIC AND EVOLUTIONARY MICROBIOLOGY,B_aditivos_envasados_mx,"""NOM-051"" etiquetado",Crossref
De l'opposition à la résistance,2010,Multitudes,B_aditivos_envasados_mx,"""NOM-051"" etiquetado",Crossref
Coagulation behavior of polyferric chloride for removing NOM from surface water with low concentration of organic matter and its effect on chlorine decay model,2010,Separation and Purification Technology,B_aditivos_envasados_mx,"""NOM-051"" etiquetado",Crossref
Au nom de la lutte contre l'absentéisme scolaire,2010,Mouvements,B_aditivos_envasados_mx,"""NOM-051"" etiquetado",Crossref
De quoi Œdipe est-il le nom ?,2010,Cliniques méditerranéennes,B_aditivos_envasados_mx,"""NOM-051"" etiquetado",Crossref
Au nom du public : l'influence de la presse de programmes sur la télévision française,2010,Le Temps des médias,B_aditivos_envasados_mx,"""NOM-051"" etiquetado",Crossref
Au nom de Dieu : quand l'école se voile la face...,2010,Empan,B_aditivos_envasados_mx,"""NOM-051"" etiquetado",Crossref
"« RSI, mon nom pour la psychanalyse »",2010,La revue lacanienne,B_aditivos_envasados_mx,"""NOM-051"" etiquetado",Crossref
« Réorganiser les icônes : par Nom ou par Type ? »,2010,La revue lacanienne,B_aditivos_envasados_mx,"""NOM-051"" etiquetado",Crossref
Characterisation and neotypification of Gloeosporium kaki Hori as Colletotrichum horii nom. nov,2010,Mycotaxon,B_aditivos_envasados_mx,"""NOM-051"" etiquetado",Crossref
&lt;I&gt;Goplana dioscoreae-alatae&lt;/I&gt; nom. nov. and other &lt;I&gt;Uredinales&lt;/I&gt; on &lt;I&gt;Dioscoreaceae:&lt;/I&gt; nomenclature and taxonomy,2010,Mycotaxon,B_aditivos_envasados_mx,"""NOM-051"" etiquetado",Crossref
Etude morphologique et expérimentale d'une lymphangite bovine observée en Equateur et ses relations possibles avec les lymphangites connues sous le nom de “Farcin du Boeuf”,2010,Zentralblatt für Veterinärmedizin Reihe B,B_aditivos_envasados_mx,"""NOM-051"" etiquetado",Crossref
Tracking natural organic matter (NOM) in a drinking water treatment plant using fluorescence excitation–emission matrices and PARAFAC,2011,Water Research,B_aditivos_envasados_mx,"""NOM-051"" etiquetado",Crossref
"Chroniques bibliographiques 11. Se faire un nom : la louange du roi, la divinisation royale et la quête de l'immortalité en Mésopotamie",2010,Revue d'assyriologie et d'archéologie orientale,B_aditivos_envasados_mx,"""NOM-051"" etiquetado",Crossref
Hail the impact of training on some of the variables associated with performance stages Nom de guerre of one of the beginnings of the balance beam,2010,Procedia - Social and Behavioral Sciences,B_aditivos_envasados_mx,"""NOM-051"" etiquetado",Crossref
P.1.c.051 Predictive modeling – impact of varying doses and different formulations on receptor occupancy profile for quetiapine,2010,European Neuropsychopharmacology,B_aditivos_envasados_mx,"""NOM-051"" etiquetado",Crossref
051 CONTRIBUTION OF HIGH MOBILITY GROUP BOX 1 TO SYNOVITIS IN OSTEOARTHRITIS,2010,Osteoarthritis and Cartilage,B_aditivos_envasados_mx,"""NOM-051"" etiquetado",Crossref
"P.3.c.051 The effect of ziprasidone on the QTc interval when used in combination with lithium, valproate or lamotrigine",2010,European Neuropsychopharmacology,B_aditivos_envasados_mx,"""NOM-051"" etiquetado",Crossref
"Study on species differences in nephropathy induced by FYX-051, a xanthine oxidoreductase inhibitor",2010,Archives of Toxicology,B_aditivos_envasados_mx,"""NOM-051"" etiquetado",Crossref
Gender stereotyping issues and HIV Prevention,2010,Journal of Men's Health,B_aditivos_envasados_mx,"""NOM-051"" etiquetado",Crossref
FYX-051: A Novel and Potent Hybrid-Type Inhibitor of Xanthine Oxidoreductase,2011,The Journal of Pharmacology and Experimental Therapeutics,B_aditivos_envasados_mx,"""NOM-051"" etiquetado",Crossref
"Forty-one degrees below and sixty years in the dark: Frullania sect. Inconditum, a new section of Australasian Frullania species including F. colliculosa, sp. nov., F. hodgsoniae, nom. and stat. nov., F. aterrima, and F. hattorii (Frullaniaceae, Marchantiophyta)",2010,Nova Hedwigia,B_aditivos_envasados_mx,"""NOM-051"" etiquetado",Crossref
Influence of velocity gradient on aluminum and iron floc property for NOM removal from low organic matter surfacewater by coagulation,2011,Chemical Engineering Journal,B_aditivos_envasados_mx,"""NOM-051"" etiquetado",Crossref
P4‐051: Effect of Analog P165 of APP 5‐mer Peptide on Insulin Signaling Protein in Type 3 Diabetes Rats,2010,Alzheimer's &amp; Dementia,B_aditivos_envasados_mx,"""NOM-051"" etiquetado",Crossref
"First report of
                    <i>Sclerotinia subarctica</i>
                    nom. prov. (Sclerotinia species 1) in the UK on
                    <i>Ranunculus acris</i>",2010,Plant Pathology,B_aditivos_envasados_mx,"""NOM-051"" etiquetado",Crossref
051 A policy effectiveness-feasibility loop? Promoting the use of evidence to support the development of healthy public policy,2010,Journal of Epidemiology and Community Health,B_aditivos_envasados_mx,"""NOM-051"" etiquetado",Crossref
"AUTUN, Cartulaire de l'Evêché",2022,Bulletin du Centre d’études médiévales d’Auxerre,B_aditivos_envasados_mx,"""NOM-051"" etiquetado",Crossref
"Simone Mauclaire, Le nom, l’écrit et le non-dit : mentalités rurales et « culture intermédiaire » dans le Japon médiéval",2010,La lettre du Collège de France,B_aditivos_envasados_mx,"""NOM-051"" etiquetado",Crossref
« Au nom de la diversité » : Analyse écologique du développement des réseaux professionnels de femmes cadres en France,2010,Sociologies pratiques,B_aditivos_envasados_mx,"""NOM-051"" etiquetado",Crossref
Forward Modeling of Metal Complexation by NOM: II. Prediction of Binding Site Properties,2010,Environmental Science &amp; Technology,B_aditivos_envasados_mx,"""NOM-051"" etiquetado",Crossref
"Calisto, un joli nom pour une belle étude",2010,Le Praticien en Anesthésie Réanimation,B_aditivos_envasados_mx,"""NOM-051"" etiquetado",Crossref
Long term case study of MIEX pre-treatment in drinking water; understanding NOM removal,2011,Water Research,B_aditivos_envasados_mx,"""NOM-051"" etiquetado",Crossref
"Establishment of simultaneous treatment model with citrate for preventing nephropathy induced by FYX-051, a xanthine oxidoreductase inhibitor, in rats",2010,Drug and Chemical Toxicology,B_aditivos_envasados_mx,"""NOM-051"" etiquetado",Crossref
De quoi Gori est-il le nom ?,2010,Cliniques méditerranéennes,B_aditivos_envasados_mx,"""NOM-051"" etiquetado",Crossref
E-051 Upper cervical spinal dural arteriovenous fistulae: an under recognized entity?,2010,Journal of NeuroInterventional Surgery,B_aditivos_envasados_mx,"""NOM-051"" etiquetado",Crossref
Enhancement effect of water associated with natural organic matter (NOM) on organic compound–NOM interactions: A case study with carbamazepine,2011,Chemosphere,B_aditivos_envasados_mx,"""NOM-051"" etiquetado",Crossref
"Michelle Lecolle, Marie-Anne Paveau, Sandrine Reboul-Touré éd., Le nom propre en discours",2010,Mots,B_aditivos_envasados_mx,"""NOM-051"" etiquetado",Crossref
Review: Memoirs from the House of the Dead,2010,Probation Journal,B_aditivos_envasados_mx,"""NOM-051"" etiquetado",Crossref
Cellules souches : un seul nom pour de multiples entités,2010,Revue Francophone des Laboratoires,B_aditivos_envasados_mx,"""NOM-051"" etiquetado",Crossref
"<i>Ekerekeia</i>nom. nov., a Replacement Name for<i>Farquharsonia</i>Currie, 1928 (Echinodermata: Euechinoidea), Preoccupied by<i>Farquharsonia</i>Collin, 1922 (Insecta: Diptera)",2010,African Zoology,B_aditivos_envasados_mx,"""NOM-051"" etiquetado",Crossref
"Species within the Genus<i>Encyonema</i>Kützing, Including Two New Species<i>Encyonema reimeri</i>sp. nov. and<i>E. nicafei</i>sp. nov. and<i>E. stoermeri</i>nom. nov., stat. nov.",2010,Proceedings of the Academy of Natural Sciences of Philadelphia,B_aditivos_envasados_mx,"""NOM-051"" etiquetado",Crossref
Effects of UV/H2O2 on NOM fractionation and corresponding DBPs formation,2011,Desalination,B_aditivos_envasados_mx,"""NOM-051"" etiquetado",Crossref
"Estrategia de vigilancia para el control del tabaco en México: publicidad, promoción y patrocinio, empaque y etiquetado",2010,Salud Pública de México,B_aditivos_envasados_mx,"""NOM-051"" etiquetado",Crossref
贵州青岩地区早-中三叠世生物地层,2010,Earth Science-Journal of China University of Geosciences,B_aditivos_envasados_mx,"""NOM-051"" etiquetado",Crossref
"Descriptions of Actinoplanes ianthinogenes nom. rev. and Actinoplanes octamycinicus corrig. comb. nov., nom. rev.",2011,International Journal of Systematic and Evolutionary Microbiology,B_aditivos_envasados_mx,"""NOM-051"" etiquetado",Crossref
Young Voice,2011,Seibutsu Butsuri,B_aditivos_envasados_mx,"""NOM-051"" etiquetado",Crossref
Clinical Experience of Revision of Metal on Metal Hip Arthroplasty for Aseptic Lymphocyte Dominated Vasculitis Associated Lesions (Alval),2011,HIP International,B_aditivos_envasados_mx,"""NOM-051"" etiquetado",Crossref
"Role of natural organic matter (NOM), colloidal particles, and solution chemistry on ultrafiltration performance",2011,Separation and Purification Technology,B_aditivos_envasados_mx,"""NOM-051"" etiquetado",Crossref
Mettre un visage sur un nom : l’introduction de l’AUC du personnel,2011,Canadian Urological Association Journal,B_aditivos_envasados_mx,"""NOM-051"" etiquetado",Crossref
Comme son nom l'indique…,2011,Cités,B_aditivos_envasados_mx,"""NOM-051"" etiquetado",Crossref
"Study on toxicological aspects of crystal-mediated nephrotoxicity induced by FYX-051, a xanthine oxidoreductase inhibitor, in rats",2011,Drug and Chemical Toxicology,B_aditivos_envasados_mx,"""NOM-051"" etiquetado",Crossref
An overview of the methods used in the characterisation of natural organic matter (NOM) in relation to drinking water treatment,2011,Chemosphere,B_aditivos_envasados_mx,"""NOM-051"" etiquetado",Crossref
La nature : un nom aux acceptions multiples,2010,Revue d'éthique et de théologie morale,B_aditivos_envasados_mx,"""NOM-051"" etiquetado",Crossref
Effects of coagulation on submerged ultrafiltration membrane fouling caused by particles and natural organic matter (NOM),2011,Chinese Science Bulletin,B_aditivos_envasados_mx,"""NOM-051"" etiquetado",Crossref
Interactions and stability of silver nanoparticles in the aqueous phase: Influence of natural organic matter (NOM) and ionic strength,2011,Journal of Chromatography A,B_aditivos_envasados_mx,"""NOM-051"" etiquetado",Crossref
Physicochemical and spectroscopic properties of natural organic matter (NOM) from various sources and implications for ameliorative effects on metal toxicity to aquatic biota,2011,Aquatic Toxicology,B_aditivos_envasados_mx,"""NOM-051"" etiquetado",Crossref
"L'article, apport ou support du nom ? Réponse par l'argument fonctionnel de l'actualisation",2011,Travaux de linguistique,B_aditivos_envasados_mx,"""NOM-051"" etiquetado",Crossref
1. État des lieux. Nom de nom !,2010,La revue lacanienne,B_aditivos_envasados_mx,"""NOM-051"" etiquetado",Crossref
"Australolestes Nom. Nov. for Austrolestes Just, 1998 (Crustacea, Amphipoda, Ischyroceridae, Siphonoecetini) Homonym of Austrolestes Tillyard, 1913 (Insecta, Odonata)",2011,Crustaceana,B_aditivos_envasados_mx,"""NOM-051"" etiquetado",Crossref
PPPC 4 DM ID: a poor particle physicist cookbook for dark matter indirect detection,2011,Journal of Cosmology and Astroparticle Physics,B_aditivos_envasados_mx,"""NOM-051"" etiquetado",Crossref
Dural Arteriovenous Fistula Following Translabyrinthine Resection of Cerebellopontine Angle Tumors: Report of Two Cases,2011,Skull Base Reports,B_aditivos_envasados_mx,"""NOM-051"" etiquetado",Crossref
"<i>Calongea, Calongia</i>, and <i>Calongeomyces</i> nom. nov.",2011,The Lichenologist,B_aditivos_envasados_mx,"""NOM-051"" etiquetado",Crossref
OP-051: PREDICTION OF ATRIAL AND VENTRICULAR ARRHYTHMIAS BY TWELVE-LEAD ELECTROCARDIOGRAPHY IN PATIENTS WITH POLYCYTHEMIA VERA,2011,International Journal of Cardiology,B_aditivos_envasados_mx,"""NOM-051"" etiquetado",Crossref
Biodegradation behavior of natural organic matter (NOM) in a biological aerated filter (BAF) as a pretreatment for ultrafiltration (UF) of river water,2011,Applied Microbiology and Biotechnology,B_aditivos_envasados_mx,"""NOM-051"" etiquetado",Crossref
"Response of the edamame edible soybean germplasm to Diaporthe phaseolorum, causal agent of soybean stem canker, in Argentina",2010,Tropical Plant Pathology,B_aditivos_envasados_mx,"""NOM-051"" etiquetado",Crossref
"The New Tumor, Node, and Metastasis Staging System",2011,Seminars in Respiratory and Critical Care Medicine,B_aditivos_envasados_mx,"""NOM-051"" etiquetado",Crossref
AS-051 Comparison of the Efficacy and Safety of Paclitaxel-Eluting CoroflexTM Please Stent versus Paclitaxel-Eluting Stent in Patients with Coronary Artery Disease: The PIPA Randomized Controlled Trial,2011,The American Journal of Cardiology,B_aditivos_envasados_mx,"""NOM-051"" etiquetado",Crossref
"<i>Neodetonia</i> nom. nov., a replacement name for <i>Detonia</i> Frenguelli (Bacillariophyceae)",2011,Phycologia,B_aditivos_envasados_mx,"""NOM-051"" etiquetado",Crossref
"An Association Between Hypoplastic Myelodysplastic Syndrome
and T-Prolymphocytic Leukaemia",2011,Journal of Laboratory Physicians,B_aditivos_envasados_mx,"""NOM-051"" etiquetado",Crossref
Verification of NOM removal in MIEX-NF system for advanced water treatment,2011,Separation and Purification Technology,B_aditivos_envasados_mx,"""NOM-051"" etiquetado",Crossref
"Pucciniastrum enkianthi nom. nov., a replacement name for P. hakkodaense",2011,Mycotaxon,B_aditivos_envasados_mx,"""NOM-051"" etiquetado",Crossref
Réciprocité du don du nom et universalité de l'appellation « Maman » et « Papa »,2011,La revue lacanienne,B_aditivos_envasados_mx,"""NOM-051"" etiquetado",Crossref
NOM reactivity with chlorine in low SUVA water,2011,Journal of Water Supply: Research and Technology-Aqua,B_aditivos_envasados_mx,"""NOM-051"" etiquetado",Crossref
"La langue des noms : changer de nom, c'est changer de langue",2011,Cliniques méditerranéennes,B_aditivos_envasados_mx,"""NOM-051"" etiquetado",Crossref
Introduction: De quoi Schwarz-Bart est-il le nom?,2011,Nouvelles Études Francophones,B_aditivos_envasados_mx,"""NOM-051"" etiquetado",Crossref
"Photodegradation of the Herbicide Imazethapyr in Aqueous Solution: Effects of Wavelength, pH, and Natural Organic Matter (NOM) and Analysis of Photoproducts",2011,Journal of Agricultural and Food Chemistry,B_aditivos_envasados_mx,"""NOM-051"" etiquetado",Crossref
Nom : Constance. Profession : doudou qui aide à apprendre à lire,2011,La lettre de l'enfance et de l'adolescence,B_aditivos_envasados_mx,"""NOM-051"" etiquetado",Crossref
"Umut-Talha, un prénom qui ne dit pas son nom",2011,Spirale,B_aditivos_envasados_mx,"""NOM-051"" etiquetado",Crossref
"Le nom des langues III. Le nom des langues en Afrique sub-saharienne : pratiques, dénominations, catégorisations/Naming languages in Sub-Saharan Africa: Practices, Names, Categorisations",2011,Journal of Language Contact,B_aditivos_envasados_mx,"""NOM-051"" etiquetado",Crossref
Prêter son nom et simuler des transactions. Des stipulations d’Abû Ja‘far al-Ṭaḥâwî (ixe-xe siècles) aux consultations et actes juridiques des xviie-xviiie siècles,2010,Revue des mondes musulmans et de la Méditerranée,B_aditivos_envasados_mx,"""NOM-051"" etiquetado",Crossref
"SHA 051. Clinical features, management, and in-hospital outcomes of patients with central obesity hospitalized with acute coronary syndromes: Results from the saudi project for assessment of coronary events (SPACE) registry",2011,Journal of the Saudi Heart Association,B_aditivos_envasados_mx,"""NOM-051"" etiquetado",Crossref
Adsorption of geosmin and 2-methylisoborneol onto powdered activated carbon at non-equilibrium conditions: Influence of NOM and process modelling,2011,Water Research,B_aditivos_envasados_mx,"""NOM-051"" etiquetado",Crossref
<i>Chlamydomonas neoplanoconvexa</i> nom. nov. and its unique phylogenetic position within Volvocales (Chlorophyceae),2011,Phycological Research,B_aditivos_envasados_mx,"""NOM-051"" etiquetado",Crossref
"Lysinibacillus macroides sp. nov., nom. rev.",2012,International Journal of Systematic and Evolutionary Microbiology,B_aditivos_envasados_mx,"""NOM-051"" etiquetado",Crossref
"IMAGING FOR OTOLARYNGOLOGISTS. E A Dunnebier. Thieme, 2011. ISBN 978 3 13146 331 9 pp 356 Price €49.95 CHF 82.90 - DIFFERENTIAL DIAGNOSIS IN OTOLARYNGOLOGY – HEAD AND NECK SURGERY. M G Stewart, S H Selesnick. Thieme, 2010. ISBN 978 1 60406 051 5 pp 520 Price €79.95 CHF 133",2011,The Journal of Laryngology &amp; Otology,B_aditivos_envasados_mx,"""NOM-051"" etiquetado",Crossref
"Historical aphasia cases: ""Tan-tan"", ""Vot-vot"", and ""Cré nom!""",2011,Arquivos de Neuro-Psiquiatria,B_aditivos_envasados_mx,"""NOM-051"" etiquetado",Crossref
051 The epidemiological and therapeutic profile of Moroccan woman coronary disease (Series of 264 Patients),2011,Archives of Cardiovascular Diseases Supplements,B_aditivos_envasados_mx,"""NOM-051"" etiquetado",Crossref
"MS2 removal from high NOM content surface water by coagulation ‐ ceramic microfiltration, for potable water production",2011,AIChE Journal,B_aditivos_envasados_mx,"""NOM-051"" etiquetado",Crossref
Sans nom et sans lieu,2010,Communications,B_aditivos_envasados_mx,"""NOM-051"" etiquetado",Crossref
PP-051 Immunobiochemical evaluation of killed leishmania vaccine (KLV) ainhibind BCG adjuvant in tion of visceralization of Leishmania major in Balb/c mice,2011,International Journal of Infectious Diseases,B_aditivos_envasados_mx,"""NOM-051"" etiquetado",Crossref
OL-051 Factors relevant to prognosis of 166 patients with varicella,2011,International Journal of Infectious Diseases,B_aditivos_envasados_mx,"""NOM-051"" etiquetado",Crossref
IC‐P‐051: Combination of cerebral metabolic and cognitive information as a better predictor of the conversion to Alzheimer's disease in mild cognitive impairment: A two‐year follow‐up study,2011,Alzheimer's &amp; Dementia,B_aditivos_envasados_mx,"""NOM-051"" etiquetado",Crossref
P2‐051: CSF biomarker is useful for differential diagnosis of Alzheimer disease (AD) and dementia with Lewy bodies (DLB); An autopsy‐ confirmed study,2011,Alzheimer's &amp; Dementia,B_aditivos_envasados_mx,"""NOM-051"" etiquetado",Crossref
P3‐051: Progressive tauopathy in P301S tau transgenic mice is associated with a functional deficit of the olfactory system,2011,Alzheimer's &amp; Dementia,B_aditivos_envasados_mx,"""NOM-051"" etiquetado",Crossref
P4‐051: Comparison of [F‐18] flutemetamol PET imaging and MTA measures in Alzheimer disease,2011,Alzheimer's &amp; Dementia,B_aditivos_envasados_mx,"""NOM-051"" etiquetado",Crossref
P1‐051: Progression of Alzheimer's disease pathology in hypercholesterolemia rabbits,2011,Alzheimer's &amp; Dementia,B_aditivos_envasados_mx,"""NOM-051"" etiquetado",Crossref
P.1.c.051 Interaction between cannabinoid and opioid connections in the ventral midbrain modulates the activity of nigrotectal GABAergic pathways,2011,European Neuropsychopharmacology,B_aditivos_envasados_mx,"""NOM-051"" etiquetado",Crossref
P.3.c.051 Effects of clozapine on smoking in patients with serious mental illness,2011,European Neuropsychopharmacology,B_aditivos_envasados_mx,"""NOM-051"" etiquetado",Crossref
Treatability and characterization of Natural Organic Matter (NOM) in South African waters using newly developed methods,2011,"Physics and Chemistry of the Earth, Parts A/B/C",B_aditivos_envasados_mx,"""NOM-051"" etiquetado",Crossref
Sorosphaerula nom. n. for the Plasmodiophorid Genus Sorosphaera J. Schröter 1886 (Rhizaria: Endomyxa: Phytomyxea: Plasmodiophorida),2011,Journal of Eukaryotic Microbiology,B_aditivos_envasados_mx,"""NOM-051"" etiquetado",Crossref
"Taxonomic revision of the genus 
               
                  Geobacillus
               
            : emendation of 
               
                  Geobacillus
               
            , 
               
                  G. stearothermophilus
               
            , 
               
                  G. jurassicus
               
            , 
               
                  G. toebii
               
            , 
               
                  G. thermodenitrificans
               
             and G. thermoglucosidans (nom. corrig., formerly ‘thermoglucosidasius’); transfer of 
               
                  Bacillus thermantarcticus
               
             to the genus as G. thermantarcticus comb. nov.; proposal of Caldibacillus debilis gen. nov., comb. nov.; transfer of 
               
                  G. tepidamans
               
             to 
               
                  Anoxybacillus
               
             as A. tepidamans comb. nov.; and proposal of Anoxybacillus caldiproteolyticus sp. nov.",2012,International Journal of Systematic and Evolutionary Microbiology,B_aditivos_envasados_mx,"""NOM-051"" etiquetado",Crossref
Sur le nom de lieu <i>Courtavon</i> (Haut-Rhin): une mise au point étymologique,2011,zrph,B_aditivos_envasados_mx,"""NOM-051"" etiquetado",Crossref
Removal of micropollutants and NOM in carbon nanotube-UF membrane system from seawater,2011,Water Science and Technology,B_aditivos_envasados_mx,"""NOM-051"" etiquetado",Crossref
De quoi le symptôme est-il le nom ?,2011,Analyse Freudienne Presse,B_aditivos_envasados_mx,"""NOM-051"" etiquetado",Crossref
E83 Use of the thermo-expandable ureteral metal stent (Memokath™051) for the treatment of chronic ureteral strictures in patients with prior stone disease,2011,European Urology Supplements,B_aditivos_envasados_mx,"""NOM-051"" etiquetado",Crossref
La marque du nom,2011,Astérion,B_aditivos_envasados_mx,"""NOM-051"" etiquetado",Crossref
PS1-051 The role of transsignaling in mediating interleukin-6 (IL-6) actions in the central nervous system (CNS),2011,Cytokine,B_aditivos_envasados_mx,"""NOM-051"" etiquetado",Crossref
NOM Fractionation and Fouling of Low-Pressure Membranes in Microgranular Adsorptive Filtration,2011,Environmental Science &amp; Technology,B_aditivos_envasados_mx,"""NOM-051"" etiquetado",Crossref
"PS2-051. Colchicine inhibits the activation of inflammasomes-mediated caspases-1, but not the IL-1β production",2011,Cytokine,B_aditivos_envasados_mx,"""NOM-051"" etiquetado",Crossref
Removal of natural organic matter (NOM) by the coagulation–ultrafiltration system using an inorganic–organic composite coagulant,2011,Desalination and Water Treatment,B_aditivos_envasados_mx,"""NOM-051"" etiquetado",Crossref
"Size, speciation and lability of NOM–metal complexes in hyperalkaline cave dripwater",2011,Geochimica et Cosmochimica Acta,B_aditivos_envasados_mx,"""NOM-051"" etiquetado",Crossref
De quoi les révoltes arabes sont-elles le nom ?,2011,Revue internationale et stratégique,B_aditivos_envasados_mx,"""NOM-051"" etiquetado",Crossref
Response surface methodological approach for the assessment of the photocatalytic degradation of NOM,2011,Journal of Photochemistry and Photobiology A: Chemistry,B_aditivos_envasados_mx,"""NOM-051"" etiquetado",Crossref
"Patellar Dislocation in the United States: Role of Sex, Age, Race, and Athletic Participation",2011,Journal of Knee Surgery,B_aditivos_envasados_mx,"""NOM-051"" etiquetado",Crossref
"Althusser, el infinito adios Althusser: une lecture de Marx Althusser et la psychanalyse Machiavel et nous, suivi de ‘Des problèmes qu’il faudra bien appeler d’un autre nom et peut-être politique’, Althusser et la insituabilité de la politique et de ‘la recurrence du vide chez Louis Althusser’",2011,Historical Materialism,B_aditivos_envasados_mx,"""NOM-051"" etiquetado",Crossref
Un dépistage ultra précoce au nom du bien des sourds contre l'avis des sourds,2011,Empan,B_aditivos_envasados_mx,"""NOM-051"" etiquetado",Crossref
051 The Impact of Kawasaki Disease on Aortic Dilatation,2011,Canadian Journal of Cardiology,B_aditivos_envasados_mx,"""NOM-051"" etiquetado",Crossref
"Formation of halogenated organic byproducts during medium-pressure UV and chlorine coexposure of model compounds, NOM and bromide",2011,Water Research,B_aditivos_envasados_mx,"""NOM-051"" etiquetado",Crossref
Removal of NOM-constituents as characterized by LC-OCD and F-EEM during drinking water treatment,2011,Journal of Water Supply: Research and Technology-Aqua,B_aditivos_envasados_mx,"""NOM-051"" etiquetado",Crossref
Biofilm control in water by advanced oxidation process (AOP) pre-treatment: effect of natural organic matter (NOM),2011,Water Science and Technology,B_aditivos_envasados_mx,"""NOM-051"" etiquetado",Crossref
Au nom de l'islam,2010,Revue Projet,B_aditivos_envasados_mx,"""NOM-051"" etiquetado",Crossref
Evaluation of negative outcomes associated with medication (NOM) by pharmacists at a home assistance programme in a Brazilian teaching hospital,2011,Farmacia Hospitalaria,B_aditivos_envasados_mx,"""NOM-051"" etiquetado",Crossref
"<i>NITZSCHIA AMABILIS</i>NOM. NOV., A NEW NAME FOR THE MARINE SPECIES TV.<i>LAEVIS</i>HUSTEDT",2010,Diatom Research,B_aditivos_envasados_mx,"""NOM-051"" etiquetado",Crossref
Preferential fouling of natural organic matter (NOM) fractions in submerged low-pressure membrane filtration,2011,Desalination and Water Treatment,B_aditivos_envasados_mx,"""NOM-051"" etiquetado",Crossref
Du traitement du nom en psychiatrie,2011,Essaim,B_aditivos_envasados_mx,"""NOM-051"" etiquetado",Crossref
"Jean-Michel Kantor et Loren Graham, Au nom de l'infini. Une histoire vraie de mysticisme religieux et de création mathématique",2011,Essaim,B_aditivos_envasados_mx,"""NOM-051"" etiquetado",Crossref
Potential of AFM–nanothermal analysis to study the microscale thermal characteristics in soils and natural organic matter (NOM),2011,Journal of Soils and Sediments,B_aditivos_envasados_mx,"""NOM-051"" etiquetado",Crossref
"The Admirable Radical: Staughton Lynd and Cold War Dissent, 1945-1970. By Carl Mirra. (Kent: Kent State University Press, 2010. xvi, 224 pp. $34.95, ISBN 978-1-60635-051-5.)",2010,Journal of American History,B_aditivos_envasados_mx,"""NOM-051"" etiquetado",Crossref
"Michael D. Behiels and Reginald C. Stuart, eds.<i>Transnationalism: Canada–United States History into the 21st Century</i>Jennifer S.H. Brown and Susan Elaine Gray, eds.<i>A. Irving Hallowell: Contributions to Ojibwe Studies, Essays 1934–1972</i>Andrea Cabajsky and Brett Josef Grubisic, eds.<i>National Plots: Historical Fiction and Changing Ideas of Canada</i>Irene Gammel and Benjamin Lefebvre, eds.<i>Anne's World: A New Century of Anne of Green Gables</i>Carlen Lavigne and Heather Marcovitch, eds.<i>American Remakes of British Television: Transformations and Mistranslations</i>Ian McKay and Robin Bates.<i>In The Province of History: The Making of the Public Past in Twentieth-Century Nova Scotia</i>Lori Saint-Martin.<i>Au-delà du nom: La question du père dans la littérature québécoise actuelle</i>Paul G. Thomas and Curtis Brown, eds.<i>Manitoba Politics and Government: Issues, Institutions, Traditions</i>",2011,American Review of Canadian Studies,B_aditivos_envasados_mx,"""NOM-051"" etiquetado",Crossref
Au nom de la France,2011,Vingtième Siècle. Revue d'histoire,B_aditivos_envasados_mx,"""NOM-051"" etiquetado",Crossref
"Le Nom, L’Écrit, Le Non-Dit: mentalités rurales et “culture intermédiaire” dans le japon médiéval. By Simone Mauclaire. pp. xxv, 351. Paris, Collège de France Insititut des Hautes Etudes Japonaises, 2009.",2011,Journal of the Royal Asiatic Society,B_aditivos_envasados_mx,"""NOM-051"" etiquetado",Crossref
De quoi l’extraterrestre est-il le nom ?,2011,médecine/sciences,B_aditivos_envasados_mx,"""NOM-051"" etiquetado",Crossref
"001 058 002 059 003 060 004 061 005 062 006 063 007 064 008 065 009 066 010 067 011 068 012 069 013 070 014 071 015 072 016 073 017 074 018 075 019 076 020 077 021 078 022 079 023 080 024 081 025 082 026 083 027 084 028 085 029 086 030 087 031 088 032 089 033 090 034 091 035 092 036 093 037 094 038 095 039 096 040 097 041 098 042 099 043 100 044 101 045 102 046 103 047 104 048 105 049 106 050 107 051 108 052 109 053 110 054 111 055 112 056 113 057 114 NEUROINFORMATICS METHODS ARTICLE published: xx November 2011 doi: 10.3389/fninf.2011.00026 An in vivo MRI template set for morphometry, tissue segmentation, and fMRI localization in rats",2011,Frontiers in Neuroinformatics,B_aditivos_envasados_mx,"""NOM-051"" etiquetado",Crossref
FLRW cosmology in Weyl-integrable space-time,2011,Journal of Cosmology and Astroparticle Physics,B_aditivos_envasados_mx,"""NOM-051"" etiquetado",Crossref
Etiquetado y rotulación de los alimentos en la prevención del sobrepeso y la obesidad: una revisión sistemática,2011,Cadernos de Saúde Pública,B_aditivos_envasados_mx,"""NOM-051"" etiquetado",Crossref
List of Abbreviations,2010,Transactions of the American Philological Association,C_extraccion_desde_ingredientes,"""ingredient list"" ""food additives"" extraction",Crossref
List of authors,2010,Confinia Neurologica,C_extraccion_desde_ingredientes,"""ingredient list"" ""food additives"" extraction",Crossref
Commonly consumed Indian plant food materials in the management of diabetes mellitus,2010,Diabetes &amp; Metabolic Syndrome: Clinical Research &amp; Reviews,C_extraccion_desde_ingredientes,"""ingredient list"" ""food additives"" extraction",Crossref
"Characterisation of authentic Italian extra-virgin olive oils by stable isotope ratios of C, O and H and mineral composition",2010,Food Chemistry,C_extraccion_desde_ingredientes,"""ingredient list"" ""food additives"" extraction",Crossref
eGames: Is imagination the forgotten ingredient?,2010,Computers in Human Behavior,C_extraccion_desde_ingredientes,"""ingredient list"" ""food additives"" extraction",Crossref
Efficient and Effective Extraction of Vocal Fold Vibratory Patterns from High-Speed Digital Imaging,2010,Journal of Voice,C_extraccion_desde_ingredientes,"""ingredient list"" ""food additives"" extraction",Crossref
"The combination of stable isotope abundance ratios of H, C, N and S with 87Sr/86Sr for geographical origin assignment of orange juices",2010,Food Chemistry,C_extraccion_desde_ingredientes,"""ingredient list"" ""food additives"" extraction",Crossref
The use of stable carbon isotopes to authenticate claims that poultry have been corn-fed,2010,Food Chemistry,C_extraccion_desde_ingredientes,"""ingredient list"" ""food additives"" extraction",Crossref
Quantitation using informative zeros (QUIZ): Application for GMO detection and quantification without recourse to certified reference material,2010,Food Chemistry,C_extraccion_desde_ingredientes,"""ingredient list"" ""food additives"" extraction",Crossref
Non-dairy probiotic products,2010,Food Microbiology,C_extraccion_desde_ingredientes,"""ingredient list"" ""food additives"" extraction",Crossref
Computerized physician order entry of medications and clinical decision support can improve problem list documentation compliance,2010,International Journal of Medical Informatics,C_extraccion_desde_ingredientes,"""ingredient list"" ""food additives"" extraction",Crossref
MECHANICAL BEHAVIOR AND PHYSICAL PROPERTIES OF CHICKEN EGG AS AFFECTED BY DIFFERENT EGG WEIGHTS,2010,Journal of Food Process Engineering,C_extraccion_desde_ingredientes,"""ingredient list"" ""food additives"" extraction",Crossref
Chaos control and synchronization of a three-species food chain model via Holling functional response,2010,International Journal of Computer Mathematics,C_extraccion_desde_ingredientes,"""ingredient list"" ""food additives"" extraction",Crossref
Application of trace element and stable isotope signatures to determine the provenance of tea (Camellia sinensis) samples,2010,Food Chemistry,C_extraccion_desde_ingredientes,"""ingredient list"" ""food additives"" extraction",Crossref
Rheological and crystalline properties of trans-free model fat blends as affected by the length of fatty acid chains,2010,Journal of Food Engineering,C_extraccion_desde_ingredientes,"""ingredient list"" ""food additives"" extraction",Crossref
Food Types in the Diet and the Nutrient Intake of Obese and Non-Obese Children,2011,Journal of Clinical Research in Pediatric Endocrinology,C_extraccion_desde_ingredientes,"""ingredient list"" ""food additives"" extraction",Crossref
Stable C and N isotope ratio analysis for regional geographical traceability of cattle in China,2010,Food Chemistry,C_extraccion_desde_ingredientes,"""ingredient list"" ""food additives"" extraction",Crossref
Development of primer and probe sets for the detection of plant species in honey,2010,Food Chemistry,C_extraccion_desde_ingredientes,"""ingredient list"" ""food additives"" extraction",Crossref
Multivariate analysis of NMR fingerprint of the unsaponifiable fraction of virgin olive oils for authentication purposes,2010,Food Chemistry,C_extraccion_desde_ingredientes,"""ingredient list"" ""food additives"" extraction",Crossref
Measuring and Extraction of Biological Information on New Handheld Biochip-Based Microsystem,2010,IEEE Transactions on Instrumentation and Measurement,C_extraccion_desde_ingredientes,"""ingredient list"" ""food additives"" extraction",Crossref
Experimental study of heat transfer intensification by using a novel combined shelf in food refrigerated display cabinets (Experimental study of a novel cabinets),2010,Applied Thermal Engineering,C_extraccion_desde_ingredientes,"""ingredient list"" ""food additives"" extraction",Crossref
Identification of botanical biomarkers found in Corsican honey,2010,Food Chemistry,C_extraccion_desde_ingredientes,"""ingredient list"" ""food additives"" extraction",Crossref
A simple one-step PCR method for the identification between European and American razor clams species,2010,Food Chemistry,C_extraccion_desde_ingredientes,"""ingredient list"" ""food additives"" extraction",Crossref
"Prediction of the identity of fats and oils by their fatty acid, triacylglycerol and volatile compositions using PLS-DA",2010,Food Chemistry,C_extraccion_desde_ingredientes,"""ingredient list"" ""food additives"" extraction",Crossref
Examining preschoolers' nutrition knowledge using a meal creation and food group classification task: age and gender differences,2010,Early Child Development and Care,C_extraccion_desde_ingredientes,"""ingredient list"" ""food additives"" extraction",Crossref
Towards a multiplex cereal traceability tool using padlock probe ligation on genomic DNA,2010,Food Chemistry,C_extraccion_desde_ingredientes,"""ingredient list"" ""food additives"" extraction",Crossref
TRADING WITH THE WAITING‐LIST: THE JUSTICE OF LIVING DONOR LIST EXCHANGE,2010,Bioethics,C_extraccion_desde_ingredientes,"""ingredient list"" ""food additives"" extraction",Crossref
Verification of the geological origin of bottled mineral water using artificial neural networks,2010,Food Chemistry,C_extraccion_desde_ingredientes,"""ingredient list"" ""food additives"" extraction",Crossref
FUZZY CLUSTERING MODELING AND EVALUATION OF SURFACE INTERACTIONS AND EMULSIONS OF SELECTED WHEAT PROTEIN COMBINED TO IOTA‐CARRAGEENAN AND GUM ARABIC SOLUTIONS,2010,Journal of Food Process Engineering,C_extraccion_desde_ingredientes,"""ingredient list"" ""food additives"" extraction",Crossref
Inhibition of Penicillium nordicum in MRS medium by lactic acid bacteria isolated from foods,2010,Food Control,C_extraccion_desde_ingredientes,"""ingredient list"" ""food additives"" extraction",Crossref
Phase Extraction in Dynamic Speckle Interferometry with Empirical Mode Decomposition and Hilbert Transform,2010,Strain,C_extraccion_desde_ingredientes,"""ingredient list"" ""food additives"" extraction",Crossref
MICROBIAL ANALYSIS AND TEXTURAL PROPERTIES OF CANTONESE SAUSAGE,2010,Journal of Food Process Engineering,C_extraccion_desde_ingredientes,"""ingredient list"" ""food additives"" extraction",Crossref
SUPERCRITICAL CARBON DIOXIDE SELECTIVITY TO FRACTIONATE PHENOLIC COMPOUNDS FROM THE DRY ETHANOLIC EXTRACT OF PROPOLIS,2010,Journal of Food Process Engineering,C_extraccion_desde_ingredientes,"""ingredient list"" ""food additives"" extraction",Crossref
A model and prototype implementation for tracking and tracing agricultural batch products along the food chain,2010,Food Control,C_extraccion_desde_ingredientes,"""ingredient list"" ""food additives"" extraction",Crossref
Aflatoxin M1 contamination in milk from five dairy species in Pakistan,2010,Food Control,C_extraccion_desde_ingredientes,"""ingredient list"" ""food additives"" extraction",Crossref
Influence of processing on the levels of amines and proline and on the physico-chemical characteristics of concentrated orange juice,2010,Food Chemistry,C_extraccion_desde_ingredientes,"""ingredient list"" ""food additives"" extraction",Crossref
Waiting list behaviour and the consequences for NHS targets,2010,Journal of the Operational Research Society,C_extraccion_desde_ingredientes,"""ingredient list"" ""food additives"" extraction",Crossref
Comparison of essential oils compositions of Nepeta persica obtained by supercritical carbon dioxide extraction and steam distillation methods,2010,Food and Bioproducts Processing,C_extraccion_desde_ingredientes,"""ingredient list"" ""food additives"" extraction",Crossref
Effect of different drying conditions on the vitamin C (ascorbic acid) content of Hayward kiwifruits (Actinidia deliciosa Planch),2010,Food and Bioproducts Processing,C_extraccion_desde_ingredientes,"""ingredient list"" ""food additives"" extraction",Crossref
A continuous esterification of malonic acid with citronellol using packed bed reactor: Investigation of parameter and kinetics study,2010,Food and Bioproducts Processing,C_extraccion_desde_ingredientes,"""ingredient list"" ""food additives"" extraction",Crossref
"Nitrogen, sustainable agriculture and food security. A review",2010,Agronomy for Sustainable Development,C_extraccion_desde_ingredientes,"""ingredient list"" ""food additives"" extraction",Crossref
Antioxidant activity of sparkling wines produced by Champenoise and Charmat methods,2010,Food Chemistry,C_extraccion_desde_ingredientes,"""ingredient list"" ""food additives"" extraction",Crossref
"Arable land requirements based on food consumption patterns: Case study in rural Guyuan District, Western China",2010,Ecological Economics,C_extraccion_desde_ingredientes,"""ingredient list"" ""food additives"" extraction",Crossref
Dynamical consequences of predator interference in a tri-trophic model food chain,2010,Nonlinear Analysis: Real World Applications,C_extraccion_desde_ingredientes,"""ingredient list"" ""food additives"" extraction",Crossref
Food shelf life: estimation and optimal design,2010,Journal of Statistical Computation and Simulation,C_extraccion_desde_ingredientes,"""ingredient list"" ""food additives"" extraction",Crossref
SORT-CC: A procedure for the statistical treatment of free sorting data,2010,Food Quality and Preference,C_extraccion_desde_ingredientes,"""ingredient list"" ""food additives"" extraction",Crossref
Seasonal food habits of corsac and red foxes in Mongolia and the potential for competition,2010,Mammalian Biology,C_extraccion_desde_ingredientes,"""ingredient list"" ""food additives"" extraction",Crossref
Anthocyanins and polyphenol oxidase from dried arils of pomegranate (Punica granatum L.),2010,Food Chemistry,C_extraccion_desde_ingredientes,"""ingredient list"" ""food additives"" extraction",Crossref
INTEGRATING FUZZY LOGIC PROCEDURE FOR SIGNAL VALIDATIONS: MALTA COLORING AS STUDY CASE,2010,Journal of Food Process Engineering,C_extraccion_desde_ingredientes,"""ingredient list"" ""food additives"" extraction",Crossref
POLYSACCHARIDES FROM MULBERRY LEAF IN RELATION TO THEIR ANTIOXIDANT ACTIVITY AND ANTIBACTERIAL ABILITY,2010,Journal of Food Process Engineering,C_extraccion_desde_ingredientes,"""ingredient list"" ""food additives"" extraction",Crossref
IMAGE PROCESSING AND PHYSICO‐MECHANICAL PROPERTIES OF BASIL SEED (<i>OCIMUM BASILICUM</i>),2010,Journal of Food Process Engineering,C_extraccion_desde_ingredientes,"""ingredient list"" ""food additives"" extraction",Crossref
STUDY ON INTERACTION AMONG EXTRUSION‐COOKING PROCESS VARIABLES AND ENZYME ACTIVITY: EVALUATION OF EXTRUDATE STRUCTURE,2010,Journal of Food Process Engineering,C_extraccion_desde_ingredientes,"""ingredient list"" ""food additives"" extraction",Crossref
EFFECT OF SOLAR DRYING ON THE COMPOSITION OF ESSENTIAL OIL OF <i>SACHA CULANTRO</i> (<i>ERYNGIUM FOETIDUM</i> L.) GROWN IN THE PERUVIAN AMAZON,2010,Journal of Food Process Engineering,C_extraccion_desde_ingredientes,"""ingredient list"" ""food additives"" extraction",Crossref
PRELIMINARY AND COMPARATIVE STUDIES ON THE CULTIVATIONS OF <i>DUNALIELLA SALINA</i> BETWEEN OUTDOORS AND IN THE PHOTOBIOREACTOR,2010,Journal of Food Process Engineering,C_extraccion_desde_ingredientes,"""ingredient list"" ""food additives"" extraction",Crossref
QUANTIFICATION OF FLUX DECLINE AND DESIGN OF ULTRAFILTRATION SYSTEM FOR CLARIFICATION OF TENDER COCONUT WATER,2010,Journal of Food Process Engineering,C_extraccion_desde_ingredientes,"""ingredient list"" ""food additives"" extraction",Crossref
IMPACT OF BLENDING OF FRYING OILS ON VISCOSITY AND HEAT TRANSFER COEFFICIENT AT ELEVATED TEMPERATURES,2010,Journal of Food Process Engineering,C_extraccion_desde_ingredientes,"""ingredient list"" ""food additives"" extraction",Crossref
Hopf bifurcation analysis of a food-limited population model with delay,2010,Nonlinear Analysis: Real World Applications,C_extraccion_desde_ingredientes,"""ingredient list"" ""food additives"" extraction",Crossref
Risk Assessment of Choleragenic <i>Vibrio cholerae</i> 01 and 0139 in Warm‐water Shrimp in International Trade,2010,International Journal of Food Science &amp; Technology,C_extraccion_desde_ingredientes,"""ingredient list"" ""food additives"" extraction",Crossref
<i>Enterobacter sakazakii</i> and <i>Salmonella</i> in Powdered Infant Formula: meeting report,2010,International Journal of Food Science &amp; Technology,C_extraccion_desde_ingredientes,"""ingredient list"" ""food additives"" extraction",Crossref
Handbook of Innovation in the Food and Drink Industry,2010,International Journal of Food Science &amp; Technology,C_extraccion_desde_ingredientes,"""ingredient list"" ""food additives"" extraction",Crossref
Carbohydrate Chemistry for Food Scientists,2010,International Journal of Food Science &amp; Technology,C_extraccion_desde_ingredientes,"""ingredient list"" ""food additives"" extraction",Crossref
"Characteristic prefrontal blood volume patterns when imaging body type, high-calorie food, and mother–child attachment in childhood anorexia nervosa: A near infrared spectroscopy study",2010,Brain and Development,C_extraccion_desde_ingredientes,"""ingredient list"" ""food additives"" extraction",Crossref
Classification and Antimicrobial Susceptibilities of<i>Enterococcus</i>Species Isolated from Apparently Healthy Food-Producing Animals in Japan,2010,Zoonoses and Public Health,C_extraccion_desde_ingredientes,"""ingredient list"" ""food additives"" extraction",Crossref
Development of a method to measure consumer emotions associated with foods,2010,Food Quality and Preference,C_extraccion_desde_ingredientes,"""ingredient list"" ""food additives"" extraction",Crossref
Chemical stability of açai fruit (Euterpe oleracea Mart.) anthocyanins as influenced by naturally occurring and externally added polyphenolic cofactors in model systems,2010,Food Chemistry,C_extraccion_desde_ingredientes,"""ingredient list"" ""food additives"" extraction",Crossref
Handbook of Innovation in the Food and Drink Industry,2010,Tourism Management,C_extraccion_desde_ingredientes,"""ingredient list"" ""food additives"" extraction",Crossref
Leaving home: Food choice behavior of young German adults,2010,Journal of Business Research,C_extraccion_desde_ingredientes,"""ingredient list"" ""food additives"" extraction",Crossref
Proteins in white wines: Thermo-sensitivity and differential adsorbtion by bentonite,2010,Food Chemistry,C_extraccion_desde_ingredientes,"""ingredient list"" ""food additives"" extraction",Crossref
Formation of heterocyclic amines in slices of Longissimus thoracis beef muscle subjected to jets of superheated steam,2010,Food Chemistry,C_extraccion_desde_ingredientes,"""ingredient list"" ""food additives"" extraction",Crossref
"Mixture Design and Response Surface Analysis of Densification of Silicon Carbide Ceramics with (SiO
                    <sub>2</sub>
                    –Dy
                    <sub>2</sub>
                    O
                    <sub>3</sub>
                    –Al
                    <sub>2</sub>
                    O
                    <sub>3</sub>
                    ) Additives",2010,International Journal of Applied Ceramic Technology,C_extraccion_desde_ingredientes,"""ingredient list"" ""food additives"" extraction",Crossref
"Food Security, Health, and Medication Expenditures of Emergency Department Patients",2010,The Journal of Emergency Medicine,C_extraccion_desde_ingredientes,"""ingredient list"" ""food additives"" extraction",Crossref
EFFECTS OF DIFFERENT PEKMEZ (FRUIT MOLASSES) TYPES USED AS A NATURAL SUGAR SOURCE ON THE BATTER RHEOLOGY AND PHYSICAL PROPERTIES OF CAKES,2010,Journal of Food Process Engineering,C_extraccion_desde_ingredientes,"""ingredient list"" ""food additives"" extraction",Crossref
Cloud point extraction preconcentration and spectrophotometric determination of copper in food and water samples using amino acid as the complexing agent,2010,Journal of Food Composition and Analysis,C_extraccion_desde_ingredientes,"""ingredient list"" ""food additives"" extraction",Crossref
DRYING EFFECTS OF TWO AIR‐DRYING SHELTERS IN A PILOT TEST ON SULTANA GRAPES,2010,Journal of Food Process Engineering,C_extraccion_desde_ingredientes,"""ingredient list"" ""food additives"" extraction",Crossref
POROSITY DEVELOPMENT AND ITS EFFECT ON OIL UPTAKE DURING FRYING PROCESS,2010,Journal of Food Process Engineering,C_extraccion_desde_ingredientes,"""ingredient list"" ""food additives"" extraction",Crossref
APPLICATION OF DISCRETE MODELING APPROACH TO FLUIDIZED BED YEAST DRYING,2010,Journal of Food Process Engineering,C_extraccion_desde_ingredientes,"""ingredient list"" ""food additives"" extraction",Crossref
OPTIMIZATION OF NEW FLOUR IMPROVER MIXING FORMULA BY SURFACE RESPONSE METHODOLOGY,2010,Journal of Food Process Engineering,C_extraccion_desde_ingredientes,"""ingredient list"" ""food additives"" extraction",Crossref
NEURAL NETWORK MODELING OF END‐OVER‐END THERMAL PROCESSING OF PARTICULATES IN VISCOUS FLUIDS,2010,Journal of Food Process Engineering,C_extraccion_desde_ingredientes,"""ingredient list"" ""food additives"" extraction",Crossref
"GEOMETRICAL, THERMAL AND MECHANICAL PROPERTIES OF OLIVE FRUITS",2010,Journal of Food Process Engineering,C_extraccion_desde_ingredientes,"""ingredient list"" ""food additives"" extraction",Crossref
THIN‐LAYER DRYING BEHAVIORS OF OLIVE LEAVES (<i>OLEA EUROPAEA</i> L.),2010,Journal of Food Process Engineering,C_extraccion_desde_ingredientes,"""ingredient list"" ""food additives"" extraction",Crossref
Optimising acceptability of new prebiotic low-fat milk beverages,2010,Food Quality and Preference,C_extraccion_desde_ingredientes,"""ingredient list"" ""food additives"" extraction",Crossref
Circadian patterns of antioxidant and lipid peroxidation status in daytime food restricted rats,2010,Biological Rhythm Research,C_extraccion_desde_ingredientes,"""ingredient list"" ""food additives"" extraction",Crossref
Night-time food restriction modulates the circadian patterns of redox status in rats,2010,Biological Rhythm Research,C_extraccion_desde_ingredientes,"""ingredient list"" ""food additives"" extraction",Crossref
"Genotypic variation of beta-carotene and lutein contents in tea germplasms, Camellia sinensis (L.) O. Kuntze",2010,Journal of Food Composition and Analysis,C_extraccion_desde_ingredientes,"""ingredient list"" ""food additives"" extraction",Crossref
Experimental design on supercritical extraction of essential oil from valerian roots and study of optimal conditions,2010,Food and Bioproducts Processing,C_extraccion_desde_ingredientes,"""ingredient list"" ""food additives"" extraction",Crossref
Enhanced antioxidant and antityrosinase activities of longan fruit pericarp by ultra-high-pressure-assisted extraction,2010,Journal of Pharmaceutical and Biomedical Analysis,C_extraccion_desde_ingredientes,"""ingredient list"" ""food additives"" extraction",Crossref
Supercritical carbon dioxide extraction of bioactive flavonoid from Strobilanthes crispus (Pecah Kaca),2010,Food and Bioproducts Processing,C_extraccion_desde_ingredientes,"""ingredient list"" ""food additives"" extraction",Crossref
The time cost of food at home: general and food stamp participant profiles,2010,Applied Economics,C_extraccion_desde_ingredientes,"""ingredient list"" ""food additives"" extraction",Crossref
Land use competition for production of food and liquid biofuels: An analysis of the arguments in the current debate,2010,Renewable Energy,C_extraccion_desde_ingredientes,"""ingredient list"" ""food additives"" extraction",Crossref
A role for “omics” technologies in food safety assessment,2010,Food Control,C_extraccion_desde_ingredientes,"""ingredient list"" ""food additives"" extraction",Crossref
Radio frequency heating of comminuted meats - considerations in relation to microbial challenge studies,2010,Food Control,C_extraccion_desde_ingredientes,"""ingredient list"" ""food additives"" extraction",Crossref
"Oestrus in the Julia Creek dunnart (Sminthopsis douglasi) is associated with wheel running behaviour but not necessarily changes in body weight, food consumption or pouch morphology",2010,Animal Reproduction Science,C_extraccion_desde_ingredientes,"""ingredient list"" ""food additives"" extraction",Crossref
Subcritical water extraction and characterization of bioactive compounds from Haematococcus pluvialis microalga,2010,Journal of Pharmaceutical and Biomedical Analysis,C_extraccion_desde_ingredientes,"""ingredient list"" ""food additives"" extraction",Crossref
Development and application of a centrifugation-plating method to study the biodiversity of Bacillus species in rice products,2010,Food Control,C_extraccion_desde_ingredientes,"""ingredient list"" ""food additives"" extraction",Crossref
"Effect of conformation and water interactions of sucrose, maltitol, mannitol and xylitol on their metastable zone width and ease of nucleation",2010,Food Chemistry,C_extraccion_desde_ingredientes,"""ingredient list"" ""food additives"" extraction",Crossref
Relationship of pungency and leading flavour attributes in model food matrices – temporal aspects,2010,Food Quality and Preference,C_extraccion_desde_ingredientes,"""ingredient list"" ""food additives"" extraction",Crossref
Reliability of stable isotope values from meat juice for the determination of the meat origin,2010,Food Chemistry,C_extraccion_desde_ingredientes,"""ingredient list"" ""food additives"" extraction",Crossref
Determination of nutritional and toxic elements in pasteurized bovine milk from Vale do Paraiba region (Brazil),2010,Food Control,C_extraccion_desde_ingredientes,"""ingredient list"" ""food additives"" extraction",Crossref
Surveillance of pesticide residues in fruits from Valencia during twenty months (2004/05),2010,Food Control,C_extraccion_desde_ingredientes,"""ingredient list"" ""food additives"" extraction",Crossref
Ochratoxin A removal in synthetic media by living and heat-inactivated cells of Oenococcus oeni isolated from wines,2010,Food Control,C_extraccion_desde_ingredientes,"""ingredient list"" ""food additives"" extraction",Crossref
Contamination of UHT milk by aflatoxin M1 in Iran,2010,Food Control,C_extraccion_desde_ingredientes,"""ingredient list"" ""food additives"" extraction",Crossref
Determination of histamine and biogenic amines in fish cubes (Tetrapturus angustirostris) implicated in a food-borne poisoning,2010,Food Control,C_extraccion_desde_ingredientes,"""ingredient list"" ""food additives"" extraction",Crossref
Bioactive phenols in algae: The application of pressurized-liquid and solid-phase extraction techniques,2010,Journal of Pharmaceutical and Biomedical Analysis,C_extraccion_desde_ingredientes,"""ingredient list"" ""food additives"" extraction",Crossref
Target cattle age of post-slaughter testing for bovine spongiform encephalopathy and infectivity entering the human food chain in Japan,2010,Food Control,C_extraccion_desde_ingredientes,"""ingredient list"" ""food additives"" extraction",Crossref
Interception of quorum sensing signal molecule by furanone to enhance shelf life of fermented milk,2010,Food Control,C_extraccion_desde_ingredientes,"""ingredient list"" ""food additives"" extraction",Crossref
"Knowledge, attitude and practice of Taif University students on food poisoning",2010,Food Control,C_extraccion_desde_ingredientes,"""ingredient list"" ""food additives"" extraction",Crossref
A survey on the sanitary condition of commercial foods of plant origin sold in Brazil,2010,Food Control,C_extraccion_desde_ingredientes,"""ingredient list"" ""food additives"" extraction",Crossref
Pharmacological evidences for the extracts and secondary metabolites from plants of the genus Hibiscus,2010,Food Chemistry,C_extraccion_desde_ingredientes,"""ingredient list"" ""food additives"" extraction",Crossref
Effect of treatment with probiotics as water additives on tilapia (Oreochromis niloticus) growth performance and immune response,2010,Fish Physiology and Biochemistry,C_extraccion_desde_ingredientes,"""ingredient list"" ""food additives"" extraction",Crossref
The impact of national guidelines on the waiting list for colonoscopy: a quantitative clinical audit,2010,Colorectal Disease,C_extraccion_desde_ingredientes,"""ingredient list"" ""food additives"" extraction",Crossref
Free listing: A method to gain initial insight of a food category,2010,Food Quality and Preference,C_extraccion_desde_ingredientes,"""ingredient list"" ""food additives"" extraction",Crossref
"Food habits of the Tibetan fox (Vulpes ferrilata) in the Kunlun Mountains, Qinghai Province, China",2010,Mammalian Biology,C_extraccion_desde_ingredientes,"""ingredient list"" ""food additives"" extraction",Crossref
Crystallization in “Tarassaco” Italian honey studied by DSC,2010,Food Chemistry,C_extraccion_desde_ingredientes,"""ingredient list"" ""food additives"" extraction",Crossref
Water quality for Espresso coffee,2010,Food Chemistry,C_extraccion_desde_ingredientes,"""ingredient list"" ""food additives"" extraction",Crossref
Analysis of lactic acid bacteria populations during spontaneous malolactic fermentation of Tempranillo wines at five wineries during two consecutive vintages,2010,Food Control,C_extraccion_desde_ingredientes,"""ingredient list"" ""food additives"" extraction",Crossref
Outcome of patients with myelodysplastic syndromes in the Veterans Administration population,2010,Leukemia Research,C_extraccion_desde_ingredientes,"""ingredient list"" ""food additives"" extraction",Crossref
Utilisation of pectin coating to enhance spray-dry stability of pea protein-stabilised oil-in-water emulsions,2010,Food Chemistry,C_extraccion_desde_ingredientes,"""ingredient list"" ""food additives"" extraction",Crossref
"DETERMINATION OF DRYING PARAMETERS, ASCORBIC ACID CONTENTS AND COLOR CHARACTERISTICS OF NETTLE LEAVES DURING MICROWAVE‐, AIR‐ AND COMBINED MICROWAVE–AIR‐DRYING",2010,Journal of Food Process Engineering,C_extraccion_desde_ingredientes,"""ingredient list"" ""food additives"" extraction",Crossref
DETERMINATION OF OIL POINT PRESSURE FOR MELON SEEDS,2010,Journal of Food Process Engineering,C_extraccion_desde_ingredientes,"""ingredient list"" ""food additives"" extraction",Crossref
Rapid determination of five post-harvest fungicides and metabolite in citrus fruits by liquid chromatography/time-of-flight mass spectrometry with atmospheric pressure photoionization,2010,Food Control,C_extraccion_desde_ingredientes,"""ingredient list"" ""food additives"" extraction",Crossref
FiVaTech: Page-Level Web Data Extraction from Template Pages,2010,IEEE Transactions on Knowledge and Data Engineering,C_extraccion_desde_ingredientes,"""ingredient list"" ""food additives"" extraction",Crossref
Fruit pectins – A suitable tool for screening gelling properties using infrared spectroscopy,2010,Food Hydrocolloids,C_extraccion_desde_ingredientes,"""ingredient list"" ""food additives"" extraction",Crossref
Thurstonian models for sensory discrimination tests as generalized linear models,2010,Food Quality and Preference,C_extraccion_desde_ingredientes,"""ingredient list"" ""food additives"" extraction",Crossref
Sweet cherry phytochemicals: Identification and characterization by HPLC-DAD/ESI-MS in six sweet-cherry cultivars grown in Valle del Jerte (Spain),2010,Journal of Food Composition and Analysis,C_extraccion_desde_ingredientes,"""ingredient list"" ""food additives"" extraction",Crossref
Effects of Trolox and ascorbic acid on the riboflavin photosensitised oxidation of aromatic amino acids,2010,Food Chemistry,C_extraccion_desde_ingredientes,"""ingredient list"" ""food additives"" extraction",Crossref
Dental Extraction in Haemophilia Using Fibrin Seal for Local Haemostasis,2010,Haemostasis,C_extraccion_desde_ingredientes,"""ingredient list"" ""food additives"" extraction",Crossref
Comparison of several methods for effective lipid extraction from microalgae,2010,Bioresource Technology,C_extraccion_desde_ingredientes,"""ingredient list"" ""food additives"" extraction",Crossref
Substrate contribution on carotenoids production in Blakeslea trispora cultivations,2010,Food and Bioproducts Processing,C_extraccion_desde_ingredientes,"""ingredient list"" ""food additives"" extraction",Crossref
Optimizing endopectinase production from date pomace by Aspergillus niger PC5 using response surface methodology,2010,Food and Bioproducts Processing,C_extraccion_desde_ingredientes,"""ingredient list"" ""food additives"" extraction",Crossref
"A novel bacteriocin with a broad inhibitory spectrum produced by Lactobacillus sake C2, isolated from traditional Chinese fermented cabbage",2010,Food Control,C_extraccion_desde_ingredientes,"""ingredient list"" ""food additives"" extraction",Crossref
Crease Surfaces: From Theory to Extraction and Application to Diffusion Tensor MRI,2010,IEEE Transactions on Visualization and Computer Graphics,C_extraccion_desde_ingredientes,"""ingredient list"" ""food additives"" extraction",Crossref
ViDE: A Vision-Based Approach for Deep Web Data Extraction,2010,IEEE Transactions on Knowledge and Data Engineering,C_extraccion_desde_ingredientes,"""ingredient list"" ""food additives"" extraction",Crossref
Managing water in agriculture for food production and other ecosystem services,2010,Agricultural Water Management,C_extraccion_desde_ingredientes,"""ingredient list"" ""food additives"" extraction",Crossref
An intervention to promote walking amongst the general population based on an ‘extended’ theory of planned behaviour: A waiting list randomised controlled trial,2010,Psychology &amp; Health,C_extraccion_desde_ingredientes,"""ingredient list"" ""food additives"" extraction",Crossref
Hall number for list colorings of graphs: Extremal results,2010,Discrete Mathematics,C_extraccion_desde_ingredientes,"""ingredient list"" ""food additives"" extraction",Crossref
Continuous H2 and CH4 production from high-solid food waste in the two-stage thermophilic fermentation process with the recirculation of digester sludge,2010,Bioresource Technology,C_extraccion_desde_ingredientes,"""ingredient list"" ""food additives"" extraction",Crossref
Juice clarification by protease and pectinase treatments indicates new roles of pectin and protein in cherry juice turbidity,2010,Food and Bioproducts Processing,C_extraccion_desde_ingredientes,"""ingredient list"" ""food additives"" extraction",Crossref
Learning to Adapt Web Information Extraction Knowledge and Discovering New Attributes via a Bayesian Approach,2010,IEEE Transactions on Knowledge and Data Engineering,C_extraccion_desde_ingredientes,"""ingredient list"" ""food additives"" extraction",Crossref
Antioxidant and anticancer activities of 8-hydroxypsoralen isolated from wampee [Clausena lansium (Lour.) Skeels] peel,2010,Food Chemistry,C_extraccion_desde_ingredientes,"""ingredient list"" ""food additives"" extraction",Crossref
ATP-regulation of antioxidant properties and phenolics in litchi fruit during browning and pathogen infection process,2010,Food Chemistry,C_extraccion_desde_ingredientes,"""ingredient list"" ""food additives"" extraction",Crossref
Impact of emulsifier microenvironments on acid–base equilibrium and activity of antioxidants,2010,Food Chemistry,C_extraccion_desde_ingredientes,"""ingredient list"" ""food additives"" extraction",Crossref
Tracing the geographical origin of honeys based on volatile compounds profiles assessment using pattern recognition techniques,2010,Food Chemistry,C_extraccion_desde_ingredientes,"""ingredient list"" ""food additives"" extraction",Crossref
"A novel approach to authenticity control of whole grain durum wheat (Triticum durum Desf.) flour and pasta, based on analysis of alkylresorcinol composition",2010,Food Chemistry,C_extraccion_desde_ingredientes,"""ingredient list"" ""food additives"" extraction",Crossref
Characterisation by SPME–GC–MS of the volatile profile of a Spanish soft cheese P.D.O. Torta del Casar during ripening,2010,Food Chemistry,C_extraccion_desde_ingredientes,"""ingredient list"" ""food additives"" extraction",Crossref
Antioxidant activities of phenolic rich fractions (PRFs) obtained from black mahlab (Monechma ciliatum) and white mahlab (Prunus mahaleb) seedcakes,2010,Food Chemistry,C_extraccion_desde_ingredientes,"""ingredient list"" ""food additives"" extraction",Crossref
A novel angiotensin I converting enzyme inhibitory peptide from tuna frame protein hydrolysate and its antihypertensive effect in spontaneously hypertensive rats,2010,Food Chemistry,C_extraccion_desde_ingredientes,"""ingredient list"" ""food additives"" extraction",Crossref
Determination of isoflavone content and antioxidant activity in Psoralea corylifolia L. callus cultures,2010,Food Chemistry,C_extraccion_desde_ingredientes,"""ingredient list"" ""food additives"" extraction",Crossref
Heat-induced changes in dairy products containing sucrose,2010,Food Chemistry,C_extraccion_desde_ingredientes,"""ingredient list"" ""food additives"" extraction",Crossref
Antiproliferative and antioxidant properties of anthocyanin-rich extract from açai,2010,Food Chemistry,C_extraccion_desde_ingredientes,"""ingredient list"" ""food additives"" extraction",Crossref
Antioxidant activity of Potentilla fulgens: An alpine plant of western Himalaya,2010,Journal of Food Composition and Analysis,C_extraccion_desde_ingredientes,"""ingredient list"" ""food additives"" extraction",Crossref
"Effects of combined treatments of high pressure, temperature and antimicrobial products on germination of mung bean seeds and microbial quality of sprouts",2010,Food Control,C_extraccion_desde_ingredientes,"""ingredient list"" ""food additives"" extraction",Crossref
Pressurized liquid extraction coupled to liquid chromatography for the analysis of ochratoxin A in breakfast and infants cereals from Morocco,2010,Food Control,C_extraccion_desde_ingredientes,"""ingredient list"" ""food additives"" extraction",Crossref
Separation and isolation of β-sitosterol oxides and their non-mutagenic potential in the Salmonella microsome assay,2010,Food Chemistry,C_extraccion_desde_ingredientes,"""ingredient list"" ""food additives"" extraction",Crossref
Structural characterisation of pentosans from hemicellulose B of wheat varieties with varying chapati-making quality,2010,Food Chemistry,C_extraccion_desde_ingredientes,"""ingredient list"" ""food additives"" extraction",Crossref
On-line HPLC–MS–DPPH assay for the analysis of phenolic antioxidant compounds in fruit wine: Antidesma thwaitesianum Muell.,2010,Food Chemistry,C_extraccion_desde_ingredientes,"""ingredient list"" ""food additives"" extraction",Crossref
Application of artificial neural networks to the prediction of the antioxidant activity of essential oils in two experimental in vitro models,2010,Food Chemistry,C_extraccion_desde_ingredientes,"""ingredient list"" ""food additives"" extraction",Crossref
Effect of cultivar and environment on physicochemical and cooking characteristics of field pea (Pisum sativum),2010,Food Chemistry,C_extraccion_desde_ingredientes,"""ingredient list"" ""food additives"" extraction",Crossref
"Flavan-3-ol contents, anti-oxidative and α-glucosidase inhibitory activities of Cynomorium songaricum",2010,Food Chemistry,C_extraccion_desde_ingredientes,"""ingredient list"" ""food additives"" extraction",Crossref
The effect of MgCl2 on the kinetics of the Maillard reaction in both aqueous and dehydrated systems,2010,Food Chemistry,C_extraccion_desde_ingredientes,"""ingredient list"" ""food additives"" extraction",Crossref
High-power gradient diffusion NMR spectroscopy for the rapid assessment of extra-virgin olive oil adulteration,2010,Food Chemistry,C_extraccion_desde_ingredientes,"""ingredient list"" ""food additives"" extraction",Crossref
Antimicrobial potential of Coriandrum sativum L. against different Candida species in vitro,2010,Food Chemistry,C_extraccion_desde_ingredientes,"""ingredient list"" ""food additives"" extraction",Crossref
Direct determination of free tryptophan contents in soy sauces and its application as an index of soy sauce adulteration,2010,Food Chemistry,C_extraccion_desde_ingredientes,"""ingredient list"" ""food additives"" extraction",Crossref
The potential of coupling information using three analytical techniques for identifying the geographical origin of Liguria extra virgin olive oil,2010,Food Chemistry,C_extraccion_desde_ingredientes,"""ingredient list"" ""food additives"" extraction",Crossref
Authentication of extra virgin olive oils by Fourier-transform infrared spectroscopy,2010,Food Chemistry,C_extraccion_desde_ingredientes,"""ingredient list"" ""food additives"" extraction",Crossref
Antioxidant activities of malt extract from barley (Hordeum vulgare L.) toward various oxidative stress in vitro and in vivo,2010,Food Chemistry,C_extraccion_desde_ingredientes,"""ingredient list"" ""food additives"" extraction",Crossref
Effects of heat treatment and acid-induced gelation on aroma release from flavoured skim milk,2010,Food Chemistry,C_extraccion_desde_ingredientes,"""ingredient list"" ""food additives"" extraction",Crossref
Antioxidant and antiproliferative activities of phytochemicals from Quince (Cydonia vulgaris) peels,2010,Food Chemistry,C_extraccion_desde_ingredientes,"""ingredient list"" ""food additives"" extraction",Crossref
Changes in durum wheat kernel and pasta proteins induced by toasting and drying processes,2010,Food Chemistry,C_extraccion_desde_ingredientes,"""ingredient list"" ""food additives"" extraction",Crossref
Solutions properties and solute–solvent interactions in ternary sugar–salt–water solutions,2010,Food Chemistry,C_extraccion_desde_ingredientes,"""ingredient list"" ""food additives"" extraction",Crossref
Laccase-generated tetramethoxy azobismethylene quinone (TMAMQ) as a tool for antioxidant activity measurement,2010,Food Chemistry,C_extraccion_desde_ingredientes,"""ingredient list"" ""food additives"" extraction",Crossref
Protective effects of quercetin-3-rhamnoglucoside (rutin) on ischemia-reperfusion injury in rat small intestine,2010,Food Chemistry,C_extraccion_desde_ingredientes,"""ingredient list"" ""food additives"" extraction",Crossref
Flow injection analysis of BHA by NiHCF modified electrode,2010,Food Chemistry,C_extraccion_desde_ingredientes,"""ingredient list"" ""food additives"" extraction",Crossref
Solid-phase microextraction gas chromatography–mass spectrometry (HS-SPME-GC–MS) determination of volatile compounds in orujo spirits: Multivariate chemometric characterisation,2010,Food Chemistry,C_extraccion_desde_ingredientes,"""ingredient list"" ""food additives"" extraction",Crossref
Gold nanoparticle-based lateral flow assay for detection of staphylococcal enterotoxin B,2010,Food Chemistry,C_extraccion_desde_ingredientes,"""ingredient list"" ""food additives"" extraction",Crossref
A novel size-exclusion high performance liquid chromatography (SE-HPLC) method for measuring degree of amylose retrogradation in rice starch,2010,Food Chemistry,C_extraccion_desde_ingredientes,"""ingredient list"" ""food additives"" extraction",Crossref
"Linking biodiversity, food and nutrition: The importance of plant identification and nomenclature",2010,Journal of Food Composition and Analysis,C_extraccion_desde_ingredientes,"""ingredient list"" ""food additives"" extraction",Crossref
"Characterisation of the Paio do Alentejo, a traditional Portuguese Iberian sausage, in respect to its safety",2010,Food Control,C_extraccion_desde_ingredientes,"""ingredient list"" ""food additives"" extraction",Crossref
"Plantaricin MG active against Gram-negative bacteria produced by Lactobacillus plantarum KLDS1.0391 isolated from “Jiaoke”, a traditional fermented cream from China",2010,Food Control,C_extraccion_desde_ingredientes,"""ingredient list"" ""food additives"" extraction",Crossref
Naturally occurring propionic acid in foods marketed in South Korea,2010,Food Control,C_extraccion_desde_ingredientes,"""ingredient list"" ""food additives"" extraction",Crossref
Antifungal activity of non-starter lactic acid bacteria isolates from dairy products,2010,Food Control,C_extraccion_desde_ingredientes,"""ingredient list"" ""food additives"" extraction",Crossref
Diversity of lactic acid bacteria from modified atmosphere packaged sliced cooked meat products at sell-by date assessed by PCR-denaturing gradient gel electrophoresis,2010,Food Microbiology,C_extraccion_desde_ingredientes,"""ingredient list"" ""food additives"" extraction",Crossref
Advances in Nutrigenomics research: Novel and future analytical approaches to investigate the biological activity of natural compounds and food functions,2010,Journal of Pharmaceutical and Biomedical Analysis,C_extraccion_desde_ingredientes,"""ingredient list"" ""food additives"" extraction",Crossref
Structural characterisation and determination of prebiotic activity of purified xylo-oligosaccharides obtained from Bengal gram husk (Cicer arietinum L.) and wheat bran (Triticum aestivum),2010,Food Chemistry,C_extraccion_desde_ingredientes,"""ingredient list"" ""food additives"" extraction",Crossref
Pesticide residues and microbiological quality of bottled wines,2010,Food Control,C_extraccion_desde_ingredientes,"""ingredient list"" ""food additives"" extraction",Crossref
"Emitted and endogenous volatiles in ‘Tsugaru’ apple: The mechanism of ester and (E,E)-α-farnesene accumulation",2010,Food Chemistry,C_extraccion_desde_ingredientes,"""ingredient list"" ""food additives"" extraction",Crossref
Unusual sesquiterpene lactones with a new carbon skeleton and new acetylenes from Ajania przewalskii,2010,Food Chemistry,C_extraccion_desde_ingredientes,"""ingredient list"" ""food additives"" extraction",Crossref
Formation of dehydrodiisoeugenol and dehydrodieugenol from the reaction of isoeugenol and eugenol with DPPH radical and their role in the radical scavenging activity,2010,Food Chemistry,C_extraccion_desde_ingredientes,"""ingredient list"" ""food additives"" extraction",Crossref
Research and evidence based practice: Using a blended approach to teaching and learning in undergraduate nurse education,2010,Nurse Education in Practice,C_extraccion_desde_ingredientes,"""ingredient list"" ""food additives"" extraction",Crossref
Immobilization of β-glucosidase and its aroma-increasing effect on tea beverage,2010,Food and Bioproducts Processing,C_extraccion_desde_ingredientes,"""ingredient list"" ""food additives"" extraction",Crossref
"Amino acid and fatty acid compositions and nutritional quality of muscle in the pomfret, Pampus punctatissimus",2010,Food Chemistry,C_extraccion_desde_ingredientes,"""ingredient list"" ""food additives"" extraction",Crossref
Suppressive effect of hot water extract of wasabi (Wasabia japonica Matsum.) leaves on the differentiation of 3T3-L1 preadipocytes,2010,Food Chemistry,C_extraccion_desde_ingredientes,"""ingredient list"" ""food additives"" extraction",Crossref
Effects of addition of anka rice on the qualities of low-nitrite Chinese sausages,2010,Food Chemistry,C_extraccion_desde_ingredientes,"""ingredient list"" ""food additives"" extraction",Crossref
"Reply to: “Rapid gas-chromatographic method for the determination of diacetyl in milk, fermented milk and butter”, V. Macciola, G. Candela and A. De Leonardis. Food Control 19 (2008) 873–878",2010,Food Control,C_extraccion_desde_ingredientes,"""ingredient list"" ""food additives"" extraction",Crossref
"Rapid gas-chromatographic method for the determination of diacetyl in milk, fermented milk and butter, V. Macciola, G. Candela and A. De Leonardis. Food Control 19 (2008) 873–878",2010,Food Control,C_extraccion_desde_ingredientes,"""ingredient list"" ""food additives"" extraction",Crossref
Designing effective messages for microbial food safety hazards,2010,Food Control,C_extraccion_desde_ingredientes,"""ingredient list"" ""food additives"" extraction",Crossref
Evaluation of DNA extraction procedures for traceability of various tomato products,2010,Food Control,C_extraccion_desde_ingredientes,"""ingredient list"" ""food additives"" extraction",Crossref
Fiber and hydrocolloid content affect the microstructural and sensory characteristics of fresh and frozen stored bread,2010,Journal of Food Engineering,C_extraccion_desde_ingredientes,"""ingredient list"" ""food additives"" extraction",Crossref
"Berry juices, teas, antioxidants and the prevention of atherosclerosis in hamsters",2010,Food Chemistry,C_extraccion_desde_ingredientes,"""ingredient list"" ""food additives"" extraction",Crossref
Effect of thermal treatment and storage on the stability of organic acids and the functional value of grapefruit juice,2010,Food Chemistry,C_extraccion_desde_ingredientes,"""ingredient list"" ""food additives"" extraction",Crossref
Removal of oligosaccharides in soybean flour and nutritional effects in rats,2010,Food Chemistry,C_extraccion_desde_ingredientes,"""ingredient list"" ""food additives"" extraction",Crossref
Component-based LR parsing,2010,"Computer Languages, Systems &amp; Structures",C_extraccion_desde_ingredientes,"""ingredient statements"" parsing",Crossref
"Playing the race card: Making race salient in
                    <i>defence</i>
                    opening and closing statements",2010,Legal and Criminological Psychology,C_extraccion_desde_ingredientes,"""ingredient statements"" parsing",Crossref
Learning a Hierarchical Deformable Template for Rapid Deformable Object Parsing,2010,IEEE Transactions on Pattern Analysis and Machine Intelligence,C_extraccion_desde_ingredientes,"""ingredient statements"" parsing",Crossref
Pre-Conference Statements: Inwood; M.J.: The Haemophiliacs Blueprint of the Eighties,2010,Haemostasis,C_extraccion_desde_ingredientes,"""ingredient statements"" parsing",Crossref
"Pre-Conference Statements: Maurer, M.H.: First International Haemophilia Conference",2010,Haemostasis,C_extraccion_desde_ingredientes,"""ingredient statements"" parsing",Crossref
"Pre-Conference Statements: Schnabel, F.: The 1980s",2010,Haemostasis,C_extraccion_desde_ingredientes,"""ingredient statements"" parsing",Crossref
"Pre-Conference Statements: Egli, H.: The Bonn Conference",2010,Haemostasis,C_extraccion_desde_ingredientes,"""ingredient statements"" parsing",Crossref
The neural basis of speech parsing in children and adults,2010,Developmental Science,C_extraccion_desde_ingredientes,"""ingredient statements"" parsing",Crossref
Recognition is not parsing — SPPF-style parsing from cubic recognisers,2010,Science of Computer Programming,C_extraccion_desde_ingredientes,"""ingredient statements"" parsing",Crossref
"<mml:math xmlns:mml=""http://www.w3.org/1998/Math/MathML"" altimg=""si1.gif"" display=""inline"" overflow=""scroll""><mml:mi>t</mml:mi></mml:math>-invertibility and Bazzoni-like statements",2010,Journal of Pure and Applied Algebra,C_extraccion_desde_ingredientes,"""ingredient statements"" parsing",Crossref
Quality of environmental impact statements and variability of scrutiny by reviewers,2010,Environmental Impact Assessment Review,C_extraccion_desde_ingredientes,"""ingredient statements"" parsing",Crossref
Is the resolution style ‘exiting statements’ related to adolescent problem behavior?,2010,Journal of Applied Developmental Psychology,C_extraccion_desde_ingredientes,"""ingredient statements"" parsing",Crossref
Prevention of hepatocellular carcinoma in the Asia–Pacific region: Consensus statements,2010,Journal of Gastroenterology and Hepatology,C_extraccion_desde_ingredientes,"""ingredient statements"" parsing",Crossref
Interpreting metaphorical statements,2010,Journal of Pragmatics,C_extraccion_desde_ingredientes,"""ingredient statements"" parsing",Crossref
Error-repair parsing schemata,2010,Theoretical Computer Science,C_extraccion_desde_ingredientes,"""ingredient statements"" parsing",Crossref
Holding Patterns: Current Trends in Serial Holdings Statements,2010,Technical Services Quarterly,C_extraccion_desde_ingredientes,"""ingredient statements"" parsing",Crossref
Don't preach. Practice! Value laden statements in academic sustainability education,2010,International Journal of Sustainability in Higher Education,C_extraccion_desde_ingredientes,"""ingredient statements"" parsing",Crossref
The power of vision: statements that resonate,2010,Journal of Business Strategy,C_extraccion_desde_ingredientes,"""ingredient statements"" parsing",Crossref
Position Statements,2010,Diabetes Care,C_extraccion_desde_ingredientes,"""ingredient statements"" parsing",Crossref
Conference Proceedings and Consensus Statements of the Millennium Conference 2007: A Collaborative Approach to Educational Research,2010,Teaching and Learning in Medicine,C_extraccion_desde_ingredientes,"""ingredient statements"" parsing",Crossref
ChemInform Abstract: Electrochemical versus Heat‐Engine Energy Technology: A Tribute to Wilhelm Ostwald′s Visionary Statements,2010,ChemInform,C_extraccion_desde_ingredientes,"""ingredient statements"" parsing",Crossref
How different are expletive and referential pronouns? A parsing perspective,2010,Lingua,C_extraccion_desde_ingredientes,"""ingredient statements"" parsing",Crossref
"What ""best practice"" could be in Palliative Care: an analysis of statements on practice and ethics expressed by the main Health Organizations",2010,BMC Palliative Care,C_extraccion_desde_ingredientes,"""ingredient statements"" parsing",Crossref
Candidate Biographical Information and Election Statements,2010,AORN Journal,C_extraccion_desde_ingredientes,"""ingredient statements"" parsing",Crossref
Broad-Coverage Parsing Using Human-Like Memory Constraints,2010,Computational Linguistics,C_extraccion_desde_ingredientes,"""ingredient statements"" parsing",Crossref
"<b>Dependency Parsing Sandra Kübler, Ryan McDonald, and Joakim Nivre</b> (Indiana University, Google Research, and Uppsala and Växjö Universities) Morgan &amp; Claypool (Synthesis Lectures on Human Language Technologies, edited by Graeme Hirst, volume 2), 2009, xii+115 pp; paperbound, ISBN 978-1-59829-596-2, $40.00; e-book, ISBN 978-1-59829-597-9, $30.00 or by subscription",2010,Computational Linguistics,C_extraccion_desde_ingredientes,"""ingredient statements"" parsing",Crossref
Going it Alone: The Politics of Signing Statements from Reagan to Bush II,2010,Social Science Quarterly,C_extraccion_desde_ingredientes,"""ingredient statements"" parsing",Crossref
Reducing Inequality - The Missing MDG: A Content Review of PRSPs and Bilateral Donor Policy Statements,2010,IDS Bulletin,C_extraccion_desde_ingredientes,"""ingredient statements"" parsing",Crossref
Degrees of Emotion: Judicial Responses to Victim Impact Statements,2010,"Law, Culture and the Humanities",C_extraccion_desde_ingredientes,"""ingredient statements"" parsing",Crossref
The content of mental health advance directives: Advance statements in Scotland,2010,International Journal of Law and Psychiatry,C_extraccion_desde_ingredientes,"""ingredient statements"" parsing",Crossref
Locating and parsing bibliographic references in HTML medical articles,2010,International Journal on Document Analysis and Recognition (IJDAR),C_extraccion_desde_ingredientes,"""ingredient statements"" parsing",Crossref
On the use of graph parsing for recognition of isolated hand postures of Polish Sign Language,2010,Pattern Recognition,C_extraccion_desde_ingredientes,"""ingredient statements"" parsing",Crossref
A unified scheme of shot boundary detection and anchor shot detection in news video story parsing,2010,Multimedia Tools and Applications,C_extraccion_desde_ingredientes,"""ingredient statements"" parsing",Crossref
How and when prosodic boundaries influence syntactic parsing under different discourse contexts: An ERP study,2010,Biological Psychology,C_extraccion_desde_ingredientes,"""ingredient statements"" parsing",Crossref
Serializing C intermediate representations for efficient and portable parsing,2010,Software: Practice and Experience,C_extraccion_desde_ingredientes,"""ingredient statements"" parsing",Crossref
<i>The Law</i>: When Wars Begin: Misleading Statements by Presidents,2010,Presidential Studies Quarterly,C_extraccion_desde_ingredientes,"""ingredient statements"" parsing",Crossref
Health Statements Made in Infant Formula Advertisements in Pregnancy and Early Parenting Magazines,2010,"ICAN: Infant, Child, &amp; Adolescent Nutrition",C_extraccion_desde_ingredientes,"""ingredient statements"" parsing",Crossref
Positioning and differentiation by using brand personality attributes,2010,Corporate Communications: An International Journal,C_extraccion_desde_ingredientes,"""ingredient statements"" parsing",Crossref
Evidence Complexity and Information Search in the Decision to Restate Prior‐Period Financial Statements,2010,Journal of Accounting Research,C_extraccion_desde_ingredientes,"""ingredient statements"" parsing",Crossref
Use of financial statements to legitimize a new non-profit organization during the US Civil War: The case of the Northwestern Sanitary Commission,2010,Accounting History,C_extraccion_desde_ingredientes,"""ingredient statements"" parsing",Crossref
Biases in judging victims and suspects whose statements are inconsistent.,2010,Law and Human Behavior,C_extraccion_desde_ingredientes,"""ingredient statements"" parsing",Crossref
Citation analysis of identical consensus statements revealed journal-related bias,2010,Journal of Clinical Epidemiology,C_extraccion_desde_ingredientes,"""ingredient statements"" parsing",Crossref
Biographical Statements,2010,Women's Studies International Forum,C_extraccion_desde_ingredientes,"""ingredient statements"" parsing",Crossref
An Analysis of Baccalaureate College Mission Statements,2010,Research in Higher Education,C_extraccion_desde_ingredientes,"""ingredient statements"" parsing",Crossref
Parsing Pyongyang's Strategy,2010,Survival,C_extraccion_desde_ingredientes,"""ingredient statements"" parsing",Crossref
Quality reporting of endoscopic diagnostic studies in gastrointestinal journals: where do we stand on the use of the STARD and CONSORT statements?,2010,Endoscopy,C_extraccion_desde_ingredientes,"""ingredient statements"" parsing",Crossref
2010 Forum and House of Delegates Agenda and Proposed Position Statements,2010,AORN Journal,C_extraccion_desde_ingredientes,"""ingredient statements"" parsing",Crossref
Cognitive Processing of Contradictory Statements: An Experimental Study of Reasoning on Proverbs in Schizophrenia,2010,Psychopathology,C_extraccion_desde_ingredientes,"""ingredient statements"" parsing",Crossref
They Said So on the News: Parsing Media Reports About Birth,2010,Journal of Perinatal Education,C_extraccion_desde_ingredientes,"""ingredient statements"" parsing",Crossref
An approach for more precise statements of metrological traceability on reference material certificates,2010,Accreditation and Quality Assurance,C_extraccion_desde_ingredientes,"""ingredient statements"" parsing",Crossref
"Development and application of vision statements in river rehabilitation: the experience of Project Twin Streams, New Zealand",2010,Area,C_extraccion_desde_ingredientes,"""ingredient statements"" parsing",Crossref
Binomial edge ideals and conditional independence statements,2010,Advances in Applied Mathematics,C_extraccion_desde_ingredientes,"""ingredient statements"" parsing",Crossref
Disclosure strategies among S&amp;P 500 firms: Evidence on the disclosure of non-GAAP financial measures and financial statements in earnings press releases,2010,The British Accounting Review,C_extraccion_desde_ingredientes,"""ingredient statements"" parsing",Crossref
On the Admissibility of Statements Made by the Defendant Prior to Trial: Remarks on the ICTY Appeals Chamber's Decisions in Halilovic and Prlic et al.,2010,Journal of International Criminal Justice,C_extraccion_desde_ingredientes,"""ingredient statements"" parsing",Crossref
Parsing Sustainability — Part 1,2010,Environmental Science &amp; Technology,C_extraccion_desde_ingredientes,"""ingredient statements"" parsing",Crossref
Epidemiology of cardio-renal syndromes: workgroup statements from the 7th ADQI Consensus Conference,2010,Nephrology Dialysis Transplantation,C_extraccion_desde_ingredientes,"""ingredient statements"" parsing",Crossref
Dependency Parsing,2010,Language and Linguistics Compass,C_extraccion_desde_ingredientes,"""ingredient statements"" parsing",Crossref
Intergovernmental Organizations (IGOs) and Interstate Conflict: Parsing Out IGO Effects for Alternative Dimensions of Conflict in Postcommunist Space,2010,International Studies Quarterly,C_extraccion_desde_ingredientes,"""ingredient statements"" parsing",Crossref
ACUTA: A novel method for eliciting additive value functions on the basis of holistic preference statements,2010,European Journal of Operational Research,C_extraccion_desde_ingredientes,"""ingredient statements"" parsing",Crossref
Letter to the Editor: Statements on the Contribution by Urbach et al. from Issue 4/2009,2010,Business &amp; Information Systems Engineering,C_extraccion_desde_ingredientes,"""ingredient statements"" parsing",Crossref
IPSILON: Incremental Parsing for Semantic Indexing of Latent Concepts,2010,IEEE Transactions on Image Processing,C_extraccion_desde_ingredientes,"""ingredient statements"" parsing",Crossref
Parsing Sustainability — Part 2,2010,Environmental Science &amp; Technology,C_extraccion_desde_ingredientes,"""ingredient statements"" parsing",Crossref
Visualizing Data Structures in Parsing-Based Machine Translation,2010,The Prague Bulletin of Mathematical Linguistics,C_extraccion_desde_ingredientes,"""ingredient statements"" parsing",Crossref
"Conclusions and consensus statements on periodontal health, policy and education in Europe: a call for action – consensus view 1",2010,European Journal of Dental Education,C_extraccion_desde_ingredientes,"""ingredient statements"" parsing",Crossref
Conclusions and consensus statements on: Innovative educational methods and technologies applicable to continuing professional development in periodontology – consensus view 4,2010,European Journal of Dental Education,C_extraccion_desde_ingredientes,"""ingredient statements"" parsing",Crossref
Definition and classification of Cardio-Renal Syndromes: workgroup statements from the 7th ADQI Consensus Conference,2010,Nephrology Dialysis Transplantation,C_extraccion_desde_ingredientes,"""ingredient statements"" parsing",Crossref
Response to the SEC’s Proposed Rule—Roadmap for the Potential Use of Financial Statements Prepared in Accordance with International Financial Reporting Standards (IFRS) by U.S. Issuers,2010,Accounting Horizons,C_extraccion_desde_ingredientes,"""ingredient statements"" parsing",Crossref
A Research-Based Perspective on the SEC’s Proposed Rule—Roadmap for the Potential Use of Financial Statements Prepared in Accordance with International Financial Reporting Standards (IFRS) by U.S. Issuers,2010,Accounting Horizons,C_extraccion_desde_ingredientes,"""ingredient statements"" parsing",Crossref
Practical Evaluation of Gonioscopic Statements,2010,Ophthalmologica,C_extraccion_desde_ingredientes,"""ingredient statements"" parsing",Crossref
The role of innate and attentional mechanisms in parsing complex acoustic scenes: A neural and behavioral study.,2010,The Journal of the Acoustical Society of America,C_extraccion_desde_ingredientes,"""ingredient statements"" parsing",Crossref
Making statements and approval voting,2010,Theory and Decision,C_extraccion_desde_ingredientes,"""ingredient statements"" parsing",Crossref
Enhanced possibilities to make statements on the ossification status of the medial clavicular epiphysis using an amplified staging scheme in evaluating thin-slice CT scans,2010,International Journal of Legal Medicine,C_extraccion_desde_ingredientes,"""ingredient statements"" parsing",Crossref
A Novel Probabilistic Model for Dependency Parsing,2010,Journal of Software,C_extraccion_desde_ingredientes,"""ingredient statements"" parsing",Crossref
Brief report: Parsing the heterogeneity of adolescent girls’ sexual behavior: Relationships to individual and interpersonal factors,2010,Journal of Adolescence,C_extraccion_desde_ingredientes,"""ingredient statements"" parsing",Crossref
Parsing ambiguities in authentication and key establishment protocols,2010,International Journal of Electronic Security and Digital Forensics,C_extraccion_desde_ingredientes,"""ingredient statements"" parsing",Crossref
DotStar: breaking the scalability and performance barriers in parsing regular expressions,2010,Computer Science - Research and Development,C_extraccion_desde_ingredientes,"""ingredient statements"" parsing",Crossref
Graphical Expression of SQL Statements Using Clamshell Diagram,2010,IEICE Transactions on Information and Systems,C_extraccion_desde_ingredientes,"""ingredient statements"" parsing",Crossref
Prevention of cardio-renal syndromes: workgroup statements from the 7th ADQI Consensus Conference,2010,Nephrology Dialysis Transplantation,C_extraccion_desde_ingredientes,"""ingredient statements"" parsing",Crossref
Reading the least read? Indicators of users' intention to consult privacy statements on municipal websites,2010,Government Information Quarterly,C_extraccion_desde_ingredientes,"""ingredient statements"" parsing",Crossref
Structured literature image finder: Parsing text and figures in biomedical literature,2010,"Web Semantics: Science, Services and Agents on the World Wide Web",C_extraccion_desde_ingredientes,"""ingredient statements"" parsing",Crossref
Two-Phase Shallow Semantic Parsing based on Partial Syntactic Parsing,2010,The KIPS Transactions:PartB,C_extraccion_desde_ingredientes,"""ingredient statements"" parsing",Crossref
"Trends in Frequency of Reporting Improper Diabetes-related Cause-of-Death Statements on Death Certificates, 1985-2005: An Algorithm to Identify Incorrect Causal Sequences",2010,American Journal of Epidemiology,C_extraccion_desde_ingredientes,"""ingredient statements"" parsing",Crossref
"INTERNATIONAL ORGANIZATIONS DEFINE NORMAL BIRTH, HOWEVER US PROFESSIONAL MATERNAL‐CHILD ORGANIZATIONS LACK SPECIFIC STATEMENTS",2010,Journal of Midwifery &amp; Women's Health,C_extraccion_desde_ingredientes,"""ingredient statements"" parsing",Crossref
The Spanish Version of the Self-Statements During Public Speaking Scale,2010,European Journal of Psychological Assessment,C_extraccion_desde_ingredientes,"""ingredient statements"" parsing",Crossref
"Self-esteem, self-concept, self-talk and significant others’ statements in fifth grade students: Differences according to gender and school type",2010,Procedia - Social and Behavioral Sciences,C_extraccion_desde_ingredientes,"""ingredient statements"" parsing",Crossref
Patients' own statements of their future risk for violent and self-harm behaviour: A prospective inpatient and post-discharge follow-up study in an acute psychiatric unit,2010,Psychiatry Research,C_extraccion_desde_ingredientes,"""ingredient statements"" parsing",Crossref
Sedation in digestive endoscopy: the Athens international position statements,2010,Alimentary Pharmacology &amp; Therapeutics,C_extraccion_desde_ingredientes,"""ingredient statements"" parsing",Crossref
Parsing Spontaneous and Evoked Neurotransmission on Both Sides of the Synapse,2010,The Journal of Neuroscience,C_extraccion_desde_ingredientes,"""ingredient statements"" parsing",Crossref
A faster algorithm for the computation of string convolutions using LZ78 parsing,2010,Information Processing Letters,C_extraccion_desde_ingredientes,"""ingredient statements"" parsing",Crossref
ADQI 7: the clinical management of the Cardio-Renal syndromes: work group statements from the 7th ADQI consensus conference,2010,Nephrology Dialysis Transplantation,C_extraccion_desde_ingredientes,"""ingredient statements"" parsing",Crossref
Progress framing and sunk costs: How managers’ statements about project progress reveal their investment intentions,2010,Journal of Economic Psychology,C_extraccion_desde_ingredientes,"""ingredient statements"" parsing",Crossref
"“Yes We Can”: How Online Viewership, Blog Discussion, Campaign Statements, and Mainstream Media Coverage Produced a Viral Video Phenomenon",2010,Journal of Information Technology &amp; Politics,C_extraccion_desde_ingredientes,"""ingredient statements"" parsing",Crossref
The Analysis of Norms in Statements on Interfaith Relations,2010,Studies in Interreligious Dialogue,C_extraccion_desde_ingredientes,"""ingredient statements"" parsing",Crossref
Improved Algorithms for Parsing ESLTAGs: A Grammatical Model Suitable for RNA Pseudoknots,2010,IEEE/ACM Transactions on Computational Biology and Bioinformatics,C_extraccion_desde_ingredientes,"""ingredient statements"" parsing",Crossref
Parsing the early cytoskeletal and nuclear organizational cues that demarcate stem cell lineages,2010,Cell Cycle,C_extraccion_desde_ingredientes,"""ingredient statements"" parsing",Crossref
Phantom flow parsing: Global visual compensation for observer movement-entrained retinal motion,2010,Journal of Vision,C_extraccion_desde_ingredientes,"""ingredient statements"" parsing",Crossref
Parsing visual scenes via dynamic cues,2010,Journal of Vision,C_extraccion_desde_ingredientes,"""ingredient statements"" parsing",Crossref
Vestibular facilitation of optic flow parsing,2010,Journal of Vision,C_extraccion_desde_ingredientes,"""ingredient statements"" parsing",Crossref
Connecting productivity to return on assets through financial statements,2010,International Journal of Accounting &amp; Information Management,C_extraccion_desde_ingredientes,"""ingredient statements"" parsing",Crossref
You Say You Want a Reformation? Parsing the Ubiquitous Rhetoric of an “Islamic Reformation”,2010,Comparative Islamic Studies,C_extraccion_desde_ingredientes,"""ingredient statements"" parsing",Crossref
A Parsing Scheme for Finding the Design Pattern and Reducing the Development Cost of Reusable Object Oriented Software,2010,International Journal of Computer Science and Information Technology,C_extraccion_desde_ingredientes,"""ingredient statements"" parsing",Crossref
W01-04 - Position statements by psychiatric organizations concerning mental health of gay men and lesbians,2010,European Psychiatry,C_extraccion_desde_ingredientes,"""ingredient statements"" parsing",Crossref
P03-179 - Position Statements By Psychiatric Organizations Concerning Mental Health Of Gay Men And Lesbians,2010,European Psychiatry,C_extraccion_desde_ingredientes,"""ingredient statements"" parsing",Crossref
Evolutional computations and neuronet and genetic algorithms — formal statements,2010,Journal of Mathematical Sciences,C_extraccion_desde_ingredientes,"""ingredient statements"" parsing",Crossref
Novel Food,2010,Journal of Clinical Gastroenterology,C_extraccion_desde_ingredientes,"""ingredient statements"" parsing",Crossref
Scientific and policy statements on environmental agents associated with neurodevelopmental disorders,2010,Journal of Intellectual &amp; Developmental Disability,C_extraccion_desde_ingredientes,"""ingredient statements"" parsing",Crossref
Prologue to Uses of Chemical Residues to Make Statements About Human Activities,2010,Journal of Archaeological Method and Theory,C_extraccion_desde_ingredientes,"""ingredient statements"" parsing",Crossref
Looking for Mr. Right? A Comparative Analysis of Parties’ ‘Coalition Statements’ prior to the Federal Elections of 2005 and 2009,2010,German Politics,C_extraccion_desde_ingredientes,"""ingredient statements"" parsing",Crossref
I2T: Image Parsing to Text Description,2010,Proceedings of the IEEE,C_extraccion_desde_ingredientes,"""ingredient statements"" parsing",Crossref
"W9– A quality‐driven, pragmatic approach to crafting guideline action statements and evidence profiles",2010,Otolaryngology–Head and Neck Surgery,C_extraccion_desde_ingredientes,"""ingredient statements"" parsing",Crossref
The Influence of Tax on IFRS Consolidated Statements: The Convergence of Germany and the UK,2010,Accounting in Europe,C_extraccion_desde_ingredientes,"""ingredient statements"" parsing",Crossref
FINRA implements same‐day clearance process of shelf registration statements,2010,Journal of Investment Compliance,C_extraccion_desde_ingredientes,"""ingredient statements"" parsing",Crossref
Parsing Science and Prejudice: Susannah Heschel on “The Aryan Jesus” in Nazi Germany,2010,Review of Rabbinic Judaism,C_extraccion_desde_ingredientes,"""ingredient statements"" parsing",Crossref
"Disproportionality and Learning Disabilities: Parsing Apart Race, Socioeconomic Status, and Language",2011,Journal of Learning Disabilities,C_extraccion_desde_ingredientes,"""ingredient statements"" parsing",Crossref
Choice cuts: parsing policymakers’ pursuit of patient empowerment from an individual perspective,2010,"Health Economics, Policy and Law",C_extraccion_desde_ingredientes,"""ingredient statements"" parsing",Crossref
Effects of minor phrasing variations in traffic-related questionnaires – Comparison of objective equivalences and respondents’ subjective statements,2010,Transportation Research Part F: Traffic Psychology and Behaviour,C_extraccion_desde_ingredientes,"""ingredient statements"" parsing",Crossref
The Information Content of Forward‐Looking Statements in Corporate Filings—A Naïve Bayesian Machine Learning Approach,2010,Journal of Accounting Research,C_extraccion_desde_ingredientes,"""ingredient statements"" parsing",Crossref
Consistency statements and iterations of computable functions in IΣ1 and PRA,2010,Archive for Mathematical Logic,C_extraccion_desde_ingredientes,"""ingredient statements"" parsing",Crossref
Have personal statements become impersonal? An evaluation of personal statements in anesthesiology residency applications,2010,Journal of Clinical Anesthesia,C_extraccion_desde_ingredientes,"""ingredient statements"" parsing",Crossref
Managing the carbon footprint of products: the contribution of the method composed of financial statements (MC3),2010,The International Journal of Life Cycle Assessment,C_extraccion_desde_ingredientes,"""ingredient statements"" parsing",Crossref
Examining the Use of Investment Policy Statements,2010,The Journal of Wealth Management,C_extraccion_desde_ingredientes,"""ingredient statements"" parsing",Crossref
"Complexity, Parsing, and Factorization of Tree-Local Multi-Component Tree-Adjoining Grammar",2010,Computational Linguistics,C_extraccion_desde_ingredientes,"""ingredient statements"" parsing",Crossref
Engagement of Organizational Stakeholders in the Process of Formulating Values Statements,2010,Atlantic Journal of Communication,C_extraccion_desde_ingredientes,"""ingredient statements"" parsing",Crossref
An Extraction Method of Bibliographic Information from the US Patents: Using an HTML Parsing Technique,2010,Journal of the Korean Society for information Management,C_extraccion_desde_ingredientes,"""ingredient statements"" parsing",Crossref
Communicating Identity,2010,Administration &amp; Society,C_extraccion_desde_ingredientes,"""ingredient statements"" parsing",Crossref
B.O.L.D. Statements on Human Reward Processing,2010,Psychophysiology,C_extraccion_desde_ingredientes,"""ingredient statements"" parsing",Crossref
"The Caliphate, and the Changing Strategy of the Public Statements of al-Qaeda's Leaders",2010,Political Theology,C_extraccion_desde_ingredientes,"""ingredient statements"" parsing",Crossref
Pb - Zn - Cu mineralization in the historical Broumov - Tři Sekery mining district (Western Bohemia),2012,Journal of GEOsciences,C_extraccion_desde_ingredientes,"""food labels"" ""text mining""",Crossref
"The Krásno Sn-W ore district near Horní Slavkov: Mining history, geological and mineralogical characteristics",2012,Journal of GEOsciences,C_extraccion_desde_ingredientes,"""food labels"" ""text mining""",Crossref
Griffonia simplicifolia II Lectin Labels a Population of Radial Glial Cells in the Embryonic Rat Brain,2010,Developmental Neuroscience,C_extraccion_desde_ingredientes,"""food labels"" ""text mining""",Crossref
Fuzzy sets in machine learning and data mining,2011,Applied Soft Computing,C_extraccion_desde_ingredientes,"""food labels"" ""text mining""",Crossref
Erratum: Web Content Mining for Comparing Corporate and Third‐Party Online Reporting: a Case Study on Solid Waste Management,2011,Business Strategy and the Environment,C_extraccion_desde_ingredientes,"""food labels"" ""text mining""",Crossref
Commonly consumed Indian plant food materials in the management of diabetes mellitus,2010,Diabetes &amp; Metabolic Syndrome: Clinical Research &amp; Reviews,C_extraccion_desde_ingredientes,"""food labels"" ""text mining""",Crossref
"Characterisation of authentic Italian extra-virgin olive oils by stable isotope ratios of C, O and H and mineral composition",2010,Food Chemistry,C_extraccion_desde_ingredientes,"""food labels"" ""text mining""",Crossref
"The combination of stable isotope abundance ratios of H, C, N and S with 87Sr/86Sr for geographical origin assignment of orange juices",2010,Food Chemistry,C_extraccion_desde_ingredientes,"""food labels"" ""text mining""",Crossref
The use of stable carbon isotopes to authenticate claims that poultry have been corn-fed,2010,Food Chemistry,C_extraccion_desde_ingredientes,"""food labels"" ""text mining""",Crossref
Quantitation using informative zeros (QUIZ): Application for GMO detection and quantification without recourse to certified reference material,2010,Food Chemistry,C_extraccion_desde_ingredientes,"""food labels"" ""text mining""",Crossref
Non-dairy probiotic products,2010,Food Microbiology,C_extraccion_desde_ingredientes,"""food labels"" ""text mining""",Crossref
MECHANICAL BEHAVIOR AND PHYSICAL PROPERTIES OF CHICKEN EGG AS AFFECTED BY DIFFERENT EGG WEIGHTS,2010,Journal of Food Process Engineering,C_extraccion_desde_ingredientes,"""food labels"" ""text mining""",Crossref
Chaos control and synchronization of a three-species food chain model via Holling functional response,2010,International Journal of Computer Mathematics,C_extraccion_desde_ingredientes,"""food labels"" ""text mining""",Crossref
Application of trace element and stable isotope signatures to determine the provenance of tea (Camellia sinensis) samples,2010,Food Chemistry,C_extraccion_desde_ingredientes,"""food labels"" ""text mining""",Crossref
Rheological and crystalline properties of trans-free model fat blends as affected by the length of fatty acid chains,2010,Journal of Food Engineering,C_extraccion_desde_ingredientes,"""food labels"" ""text mining""",Crossref
Food Types in the Diet and the Nutrient Intake of Obese and Non-Obese Children,2011,Journal of Clinical Research in Pediatric Endocrinology,C_extraccion_desde_ingredientes,"""food labels"" ""text mining""",Crossref
Stable C and N isotope ratio analysis for regional geographical traceability of cattle in China,2010,Food Chemistry,C_extraccion_desde_ingredientes,"""food labels"" ""text mining""",Crossref
Development of primer and probe sets for the detection of plant species in honey,2010,Food Chemistry,C_extraccion_desde_ingredientes,"""food labels"" ""text mining""",Crossref
Multivariate analysis of NMR fingerprint of the unsaponifiable fraction of virgin olive oils for authentication purposes,2010,Food Chemistry,C_extraccion_desde_ingredientes,"""food labels"" ""text mining""",Crossref
Mining and visualising ordinal data with non-parametric continuous BBNs,2010,Computational Statistics &amp; Data Analysis,C_extraccion_desde_ingredientes,"""food labels"" ""text mining""",Crossref
Experimental study of heat transfer intensification by using a novel combined shelf in food refrigerated display cabinets (Experimental study of a novel cabinets),2010,Applied Thermal Engineering,C_extraccion_desde_ingredientes,"""food labels"" ""text mining""",Crossref
Identification of botanical biomarkers found in Corsican honey,2010,Food Chemistry,C_extraccion_desde_ingredientes,"""food labels"" ""text mining""",Crossref
A simple one-step PCR method for the identification between European and American razor clams species,2010,Food Chemistry,C_extraccion_desde_ingredientes,"""food labels"" ""text mining""",Crossref
"Prediction of the identity of fats and oils by their fatty acid, triacylglycerol and volatile compositions using PLS-DA",2010,Food Chemistry,C_extraccion_desde_ingredientes,"""food labels"" ""text mining""",Crossref
Examining preschoolers' nutrition knowledge using a meal creation and food group classification task: age and gender differences,2010,Early Child Development and Care,C_extraccion_desde_ingredientes,"""food labels"" ""text mining""",Crossref
Towards a multiplex cereal traceability tool using padlock probe ligation on genomic DNA,2010,Food Chemistry,C_extraccion_desde_ingredientes,"""food labels"" ""text mining""",Crossref
Verification of the geological origin of bottled mineral water using artificial neural networks,2010,Food Chemistry,C_extraccion_desde_ingredientes,"""food labels"" ""text mining""",Crossref
FUZZY CLUSTERING MODELING AND EVALUATION OF SURFACE INTERACTIONS AND EMULSIONS OF SELECTED WHEAT PROTEIN COMBINED TO IOTA‐CARRAGEENAN AND GUM ARABIC SOLUTIONS,2010,Journal of Food Process Engineering,C_extraccion_desde_ingredientes,"""food labels"" ""text mining""",Crossref
Inhibition of Penicillium nordicum in MRS medium by lactic acid bacteria isolated from foods,2010,Food Control,C_extraccion_desde_ingredientes,"""food labels"" ""text mining""",Crossref
MICROBIAL ANALYSIS AND TEXTURAL PROPERTIES OF CANTONESE SAUSAGE,2010,Journal of Food Process Engineering,C_extraccion_desde_ingredientes,"""food labels"" ""text mining""",Crossref
SUPERCRITICAL CARBON DIOXIDE SELECTIVITY TO FRACTIONATE PHENOLIC COMPOUNDS FROM THE DRY ETHANOLIC EXTRACT OF PROPOLIS,2010,Journal of Food Process Engineering,C_extraccion_desde_ingredientes,"""food labels"" ""text mining""",Crossref
A model and prototype implementation for tracking and tracing agricultural batch products along the food chain,2010,Food Control,C_extraccion_desde_ingredientes,"""food labels"" ""text mining""",Crossref
Aflatoxin M1 contamination in milk from five dairy species in Pakistan,2010,Food Control,C_extraccion_desde_ingredientes,"""food labels"" ""text mining""",Crossref
Influence of processing on the levels of amines and proline and on the physico-chemical characteristics of concentrated orange juice,2010,Food Chemistry,C_extraccion_desde_ingredientes,"""food labels"" ""text mining""",Crossref
Comparison of essential oils compositions of Nepeta persica obtained by supercritical carbon dioxide extraction and steam distillation methods,2010,Food and Bioproducts Processing,C_extraccion_desde_ingredientes,"""food labels"" ""text mining""",Crossref
Effect of different drying conditions on the vitamin C (ascorbic acid) content of Hayward kiwifruits (Actinidia deliciosa Planch),2010,Food and Bioproducts Processing,C_extraccion_desde_ingredientes,"""food labels"" ""text mining""",Crossref
A continuous esterification of malonic acid with citronellol using packed bed reactor: Investigation of parameter and kinetics study,2010,Food and Bioproducts Processing,C_extraccion_desde_ingredientes,"""food labels"" ""text mining""",Crossref
"Nitrogen, sustainable agriculture and food security. A review",2010,Agronomy for Sustainable Development,C_extraccion_desde_ingredientes,"""food labels"" ""text mining""",Crossref
Antioxidant activity of sparkling wines produced by Champenoise and Charmat methods,2010,Food Chemistry,C_extraccion_desde_ingredientes,"""food labels"" ""text mining""",Crossref
"Arable land requirements based on food consumption patterns: Case study in rural Guyuan District, Western China",2010,Ecological Economics,C_extraccion_desde_ingredientes,"""food labels"" ""text mining""",Crossref
Four layouts and a finding: the effects of changes in the order of the verbal labels and numerical values on Likert‐type scales,2010,International Journal of Social Research Methodology,C_extraccion_desde_ingredientes,"""food labels"" ""text mining""",Crossref
Dynamical consequences of predator interference in a tri-trophic model food chain,2010,Nonlinear Analysis: Real World Applications,C_extraccion_desde_ingredientes,"""food labels"" ""text mining""",Crossref
Data Mining on DNA Sequences of Hepatitis B Virus,2011,IEEE/ACM Transactions on Computational Biology and Bioinformatics,C_extraccion_desde_ingredientes,"""food labels"" ""text mining""",Crossref
Food shelf life: estimation and optimal design,2010,Journal of Statistical Computation and Simulation,C_extraccion_desde_ingredientes,"""food labels"" ""text mining""",Crossref
SORT-CC: A procedure for the statistical treatment of free sorting data,2010,Food Quality and Preference,C_extraccion_desde_ingredientes,"""food labels"" ""text mining""",Crossref
Seasonal food habits of corsac and red foxes in Mongolia and the potential for competition,2010,Mammalian Biology,C_extraccion_desde_ingredientes,"""food labels"" ""text mining""",Crossref
Anthocyanins and polyphenol oxidase from dried arils of pomegranate (Punica granatum L.),2010,Food Chemistry,C_extraccion_desde_ingredientes,"""food labels"" ""text mining""",Crossref
INTEGRATING FUZZY LOGIC PROCEDURE FOR SIGNAL VALIDATIONS: MALTA COLORING AS STUDY CASE,2010,Journal of Food Process Engineering,C_extraccion_desde_ingredientes,"""food labels"" ""text mining""",Crossref
POLYSACCHARIDES FROM MULBERRY LEAF IN RELATION TO THEIR ANTIOXIDANT ACTIVITY AND ANTIBACTERIAL ABILITY,2010,Journal of Food Process Engineering,C_extraccion_desde_ingredientes,"""food labels"" ""text mining""",Crossref
IMAGE PROCESSING AND PHYSICO‐MECHANICAL PROPERTIES OF BASIL SEED (<i>OCIMUM BASILICUM</i>),2010,Journal of Food Process Engineering,C_extraccion_desde_ingredientes,"""food labels"" ""text mining""",Crossref
STUDY ON INTERACTION AMONG EXTRUSION‐COOKING PROCESS VARIABLES AND ENZYME ACTIVITY: EVALUATION OF EXTRUDATE STRUCTURE,2010,Journal of Food Process Engineering,C_extraccion_desde_ingredientes,"""food labels"" ""text mining""",Crossref
EFFECT OF SOLAR DRYING ON THE COMPOSITION OF ESSENTIAL OIL OF <i>SACHA CULANTRO</i> (<i>ERYNGIUM FOETIDUM</i> L.) GROWN IN THE PERUVIAN AMAZON,2010,Journal of Food Process Engineering,C_extraccion_desde_ingredientes,"""food labels"" ""text mining""",Crossref
PRELIMINARY AND COMPARATIVE STUDIES ON THE CULTIVATIONS OF <i>DUNALIELLA SALINA</i> BETWEEN OUTDOORS AND IN THE PHOTOBIOREACTOR,2010,Journal of Food Process Engineering,C_extraccion_desde_ingredientes,"""food labels"" ""text mining""",Crossref
QUANTIFICATION OF FLUX DECLINE AND DESIGN OF ULTRAFILTRATION SYSTEM FOR CLARIFICATION OF TENDER COCONUT WATER,2010,Journal of Food Process Engineering,C_extraccion_desde_ingredientes,"""food labels"" ""text mining""",Crossref
IMPACT OF BLENDING OF FRYING OILS ON VISCOSITY AND HEAT TRANSFER COEFFICIENT AT ELEVATED TEMPERATURES,2010,Journal of Food Process Engineering,C_extraccion_desde_ingredientes,"""food labels"" ""text mining""",Crossref
Hopf bifurcation analysis of a food-limited population model with delay,2010,Nonlinear Analysis: Real World Applications,C_extraccion_desde_ingredientes,"""food labels"" ""text mining""",Crossref
Risk Assessment of Choleragenic <i>Vibrio cholerae</i> 01 and 0139 in Warm‐water Shrimp in International Trade,2010,International Journal of Food Science &amp; Technology,C_extraccion_desde_ingredientes,"""food labels"" ""text mining""",Crossref
<i>Enterobacter sakazakii</i> and <i>Salmonella</i> in Powdered Infant Formula: meeting report,2010,International Journal of Food Science &amp; Technology,C_extraccion_desde_ingredientes,"""food labels"" ""text mining""",Crossref
Handbook of Innovation in the Food and Drink Industry,2010,International Journal of Food Science &amp; Technology,C_extraccion_desde_ingredientes,"""food labels"" ""text mining""",Crossref
Carbohydrate Chemistry for Food Scientists,2010,International Journal of Food Science &amp; Technology,C_extraccion_desde_ingredientes,"""food labels"" ""text mining""",Crossref
The utility of image descriptions in the initial stages of vision: A case study of printed text,2010,British Journal of Psychology,C_extraccion_desde_ingredientes,"""food labels"" ""text mining""",Crossref
Development of a visual courseware for surface mining education,2011,Computer Applications in Engineering Education,C_extraccion_desde_ingredientes,"""food labels"" ""text mining""",Crossref
"Characteristic prefrontal blood volume patterns when imaging body type, high-calorie food, and mother–child attachment in childhood anorexia nervosa: A near infrared spectroscopy study",2010,Brain and Development,C_extraccion_desde_ingredientes,"""food labels"" ""text mining""",Crossref
Classification and Antimicrobial Susceptibilities of<i>Enterococcus</i>Species Isolated from Apparently Healthy Food-Producing Animals in Japan,2010,Zoonoses and Public Health,C_extraccion_desde_ingredientes,"""food labels"" ""text mining""",Crossref
Mining Pareto-optimal modules for delayed product differentiation,2010,European Journal of Operational Research,C_extraccion_desde_ingredientes,"""food labels"" ""text mining""",Crossref
Development of a method to measure consumer emotions associated with foods,2010,Food Quality and Preference,C_extraccion_desde_ingredientes,"""food labels"" ""text mining""",Crossref
Chemical stability of açai fruit (Euterpe oleracea Mart.) anthocyanins as influenced by naturally occurring and externally added polyphenolic cofactors in model systems,2010,Food Chemistry,C_extraccion_desde_ingredientes,"""food labels"" ""text mining""",Crossref
Handbook of Innovation in the Food and Drink Industry,2010,Tourism Management,C_extraccion_desde_ingredientes,"""food labels"" ""text mining""",Crossref
Reading multiple texts about climate change: The relationship between memory for sources and text comprehension,2010,Learning and Instruction,C_extraccion_desde_ingredientes,"""food labels"" ""text mining""",Crossref
Leaving home: Food choice behavior of young German adults,2010,Journal of Business Research,C_extraccion_desde_ingredientes,"""food labels"" ""text mining""",Crossref
Proteins in white wines: Thermo-sensitivity and differential adsorbtion by bentonite,2010,Food Chemistry,C_extraccion_desde_ingredientes,"""food labels"" ""text mining""",Crossref
Formation of heterocyclic amines in slices of Longissimus thoracis beef muscle subjected to jets of superheated steam,2010,Food Chemistry,C_extraccion_desde_ingredientes,"""food labels"" ""text mining""",Crossref
"Food Security, Health, and Medication Expenditures of Emergency Department Patients",2010,The Journal of Emergency Medicine,C_extraccion_desde_ingredientes,"""food labels"" ""text mining""",Crossref
EFFECTS OF DIFFERENT PEKMEZ (FRUIT MOLASSES) TYPES USED AS A NATURAL SUGAR SOURCE ON THE BATTER RHEOLOGY AND PHYSICAL PROPERTIES OF CAKES,2010,Journal of Food Process Engineering,C_extraccion_desde_ingredientes,"""food labels"" ""text mining""",Crossref
Cloud point extraction preconcentration and spectrophotometric determination of copper in food and water samples using amino acid as the complexing agent,2010,Journal of Food Composition and Analysis,C_extraccion_desde_ingredientes,"""food labels"" ""text mining""",Crossref
DRYING EFFECTS OF TWO AIR‐DRYING SHELTERS IN A PILOT TEST ON SULTANA GRAPES,2010,Journal of Food Process Engineering,C_extraccion_desde_ingredientes,"""food labels"" ""text mining""",Crossref
POROSITY DEVELOPMENT AND ITS EFFECT ON OIL UPTAKE DURING FRYING PROCESS,2010,Journal of Food Process Engineering,C_extraccion_desde_ingredientes,"""food labels"" ""text mining""",Crossref
APPLICATION OF DISCRETE MODELING APPROACH TO FLUIDIZED BED YEAST DRYING,2010,Journal of Food Process Engineering,C_extraccion_desde_ingredientes,"""food labels"" ""text mining""",Crossref
OPTIMIZATION OF NEW FLOUR IMPROVER MIXING FORMULA BY SURFACE RESPONSE METHODOLOGY,2010,Journal of Food Process Engineering,C_extraccion_desde_ingredientes,"""food labels"" ""text mining""",Crossref
NEURAL NETWORK MODELING OF END‐OVER‐END THERMAL PROCESSING OF PARTICULATES IN VISCOUS FLUIDS,2010,Journal of Food Process Engineering,C_extraccion_desde_ingredientes,"""food labels"" ""text mining""",Crossref
"GEOMETRICAL, THERMAL AND MECHANICAL PROPERTIES OF OLIVE FRUITS",2010,Journal of Food Process Engineering,C_extraccion_desde_ingredientes,"""food labels"" ""text mining""",Crossref
THIN‐LAYER DRYING BEHAVIORS OF OLIVE LEAVES (<i>OLEA EUROPAEA</i> L.),2010,Journal of Food Process Engineering,C_extraccion_desde_ingredientes,"""food labels"" ""text mining""",Crossref
Optimising acceptability of new prebiotic low-fat milk beverages,2010,Food Quality and Preference,C_extraccion_desde_ingredientes,"""food labels"" ""text mining""",Crossref
Circadian patterns of antioxidant and lipid peroxidation status in daytime food restricted rats,2010,Biological Rhythm Research,C_extraccion_desde_ingredientes,"""food labels"" ""text mining""",Crossref
Night-time food restriction modulates the circadian patterns of redox status in rats,2010,Biological Rhythm Research,C_extraccion_desde_ingredientes,"""food labels"" ""text mining""",Crossref
"Genotypic variation of beta-carotene and lutein contents in tea germplasms, Camellia sinensis (L.) O. Kuntze",2010,Journal of Food Composition and Analysis,C_extraccion_desde_ingredientes,"""food labels"" ""text mining""",Crossref
Experimental design on supercritical extraction of essential oil from valerian roots and study of optimal conditions,2010,Food and Bioproducts Processing,C_extraccion_desde_ingredientes,"""food labels"" ""text mining""",Crossref
Mining students' learning patterns and performance in Web-based instruction: a cognitive style approach,2011,Interactive Learning Environments,C_extraccion_desde_ingredientes,"""food labels"" ""text mining""",Crossref
Supercritical carbon dioxide extraction of bioactive flavonoid from Strobilanthes crispus (Pecah Kaca),2010,Food and Bioproducts Processing,C_extraccion_desde_ingredientes,"""food labels"" ""text mining""",Crossref
Energy- and Latency-Efficient Processing of Full-Text Searches on a Wireless Broadcast Stream,2010,IEEE Transactions on Knowledge and Data Engineering,C_extraccion_desde_ingredientes,"""food labels"" ""text mining""",Crossref
Image Mining Using Directional Spatial Constraints,2010,IEEE Geoscience and Remote Sensing Letters,C_extraccion_desde_ingredientes,"""food labels"" ""text mining""",Crossref
"What contributes to the split-attention effect? The role of text segmentation, picture labelling, and spatial proximity",2010,Learning and Instruction,C_extraccion_desde_ingredientes,"""food labels"" ""text mining""",Crossref
The time cost of food at home: general and food stamp participant profiles,2010,Applied Economics,C_extraccion_desde_ingredientes,"""food labels"" ""text mining""",Crossref
Land use competition for production of food and liquid biofuels: An analysis of the arguments in the current debate,2010,Renewable Energy,C_extraccion_desde_ingredientes,"""food labels"" ""text mining""",Crossref
A role for “omics” technologies in food safety assessment,2010,Food Control,C_extraccion_desde_ingredientes,"""food labels"" ""text mining""",Crossref
Radio frequency heating of comminuted meats - considerations in relation to microbial challenge studies,2010,Food Control,C_extraccion_desde_ingredientes,"""food labels"" ""text mining""",Crossref
"Oestrus in the Julia Creek dunnart (Sminthopsis douglasi) is associated with wheel running behaviour but not necessarily changes in body weight, food consumption or pouch morphology",2010,Animal Reproduction Science,C_extraccion_desde_ingredientes,"""food labels"" ""text mining""",Crossref
Development and application of a centrifugation-plating method to study the biodiversity of Bacillus species in rice products,2010,Food Control,C_extraccion_desde_ingredientes,"""food labels"" ""text mining""",Crossref
"Effect of conformation and water interactions of sucrose, maltitol, mannitol and xylitol on their metastable zone width and ease of nucleation",2010,Food Chemistry,C_extraccion_desde_ingredientes,"""food labels"" ""text mining""",Crossref
Relationship of pungency and leading flavour attributes in model food matrices – temporal aspects,2010,Food Quality and Preference,C_extraccion_desde_ingredientes,"""food labels"" ""text mining""",Crossref
Reliability of stable isotope values from meat juice for the determination of the meat origin,2010,Food Chemistry,C_extraccion_desde_ingredientes,"""food labels"" ""text mining""",Crossref
Determination of nutritional and toxic elements in pasteurized bovine milk from Vale do Paraiba region (Brazil),2010,Food Control,C_extraccion_desde_ingredientes,"""food labels"" ""text mining""",Crossref
Surveillance of pesticide residues in fruits from Valencia during twenty months (2004/05),2010,Food Control,C_extraccion_desde_ingredientes,"""food labels"" ""text mining""",Crossref
Ochratoxin A removal in synthetic media by living and heat-inactivated cells of Oenococcus oeni isolated from wines,2010,Food Control,C_extraccion_desde_ingredientes,"""food labels"" ""text mining""",Crossref
Contamination of UHT milk by aflatoxin M1 in Iran,2010,Food Control,C_extraccion_desde_ingredientes,"""food labels"" ""text mining""",Crossref
Determination of histamine and biogenic amines in fish cubes (Tetrapturus angustirostris) implicated in a food-borne poisoning,2010,Food Control,C_extraccion_desde_ingredientes,"""food labels"" ""text mining""",Crossref
A new approach for analyzing circular tunnel in strain-softening rock masses,2010,International Journal of Rock Mechanics and Mining Sciences,C_extraccion_desde_ingredientes,"""food labels"" ""text mining""",Crossref
Target cattle age of post-slaughter testing for bovine spongiform encephalopathy and infectivity entering the human food chain in Japan,2010,Food Control,C_extraccion_desde_ingredientes,"""food labels"" ""text mining""",Crossref
Interception of quorum sensing signal molecule by furanone to enhance shelf life of fermented milk,2010,Food Control,C_extraccion_desde_ingredientes,"""food labels"" ""text mining""",Crossref
"Knowledge, attitude and practice of Taif University students on food poisoning",2010,Food Control,C_extraccion_desde_ingredientes,"""food labels"" ""text mining""",Crossref
A survey on the sanitary condition of commercial foods of plant origin sold in Brazil,2010,Food Control,C_extraccion_desde_ingredientes,"""food labels"" ""text mining""",Crossref
Analysis of aperture evolution in a rock joint using a complex network approach,2010,International Journal of Rock Mechanics and Mining Sciences,C_extraccion_desde_ingredientes,"""food labels"" ""text mining""",Crossref
Pharmacological evidences for the extracts and secondary metabolites from plants of the genus Hibiscus,2010,Food Chemistry,C_extraccion_desde_ingredientes,"""food labels"" ""text mining""",Crossref
Free listing: A method to gain initial insight of a food category,2010,Food Quality and Preference,C_extraccion_desde_ingredientes,"""food labels"" ""text mining""",Crossref
"Food habits of the Tibetan fox (Vulpes ferrilata) in the Kunlun Mountains, Qinghai Province, China",2010,Mammalian Biology,C_extraccion_desde_ingredientes,"""food labels"" ""text mining""",Crossref
Crystallization in “Tarassaco” Italian honey studied by DSC,2010,Food Chemistry,C_extraccion_desde_ingredientes,"""food labels"" ""text mining""",Crossref
Water quality for Espresso coffee,2010,Food Chemistry,C_extraccion_desde_ingredientes,"""food labels"" ""text mining""",Crossref
Analysis of lactic acid bacteria populations during spontaneous malolactic fermentation of Tempranillo wines at five wineries during two consecutive vintages,2010,Food Control,C_extraccion_desde_ingredientes,"""food labels"" ""text mining""",Crossref
Utilisation of pectin coating to enhance spray-dry stability of pea protein-stabilised oil-in-water emulsions,2010,Food Chemistry,C_extraccion_desde_ingredientes,"""food labels"" ""text mining""",Crossref
"DETERMINATION OF DRYING PARAMETERS, ASCORBIC ACID CONTENTS AND COLOR CHARACTERISTICS OF NETTLE LEAVES DURING MICROWAVE‐, AIR‐ AND COMBINED MICROWAVE–AIR‐DRYING",2010,Journal of Food Process Engineering,C_extraccion_desde_ingredientes,"""food labels"" ""text mining""",Crossref
DETERMINATION OF OIL POINT PRESSURE FOR MELON SEEDS,2010,Journal of Food Process Engineering,C_extraccion_desde_ingredientes,"""food labels"" ""text mining""",Crossref
Rapid determination of five post-harvest fungicides and metabolite in citrus fruits by liquid chromatography/time-of-flight mass spectrometry with atmospheric pressure photoionization,2010,Food Control,C_extraccion_desde_ingredientes,"""food labels"" ""text mining""",Crossref
Fruit pectins – A suitable tool for screening gelling properties using infrared spectroscopy,2010,Food Hydrocolloids,C_extraccion_desde_ingredientes,"""food labels"" ""text mining""",Crossref
Thurstonian models for sensory discrimination tests as generalized linear models,2010,Food Quality and Preference,C_extraccion_desde_ingredientes,"""food labels"" ""text mining""",Crossref
Sweet cherry phytochemicals: Identification and characterization by HPLC-DAD/ESI-MS in six sweet-cherry cultivars grown in Valle del Jerte (Spain),2010,Journal of Food Composition and Analysis,C_extraccion_desde_ingredientes,"""food labels"" ""text mining""",Crossref
Effects of Trolox and ascorbic acid on the riboflavin photosensitised oxidation of aromatic amino acids,2010,Food Chemistry,C_extraccion_desde_ingredientes,"""food labels"" ""text mining""",Crossref
Effect of the volume of the drainage system on the measurement of undrained thermo-poro-elastic parameters,2010,International Journal of Rock Mechanics and Mining Sciences,C_extraccion_desde_ingredientes,"""food labels"" ""text mining""",Crossref
Substrate contribution on carotenoids production in Blakeslea trispora cultivations,2010,Food and Bioproducts Processing,C_extraccion_desde_ingredientes,"""food labels"" ""text mining""",Crossref
Optimizing endopectinase production from date pomace by Aspergillus niger PC5 using response surface methodology,2010,Food and Bioproducts Processing,C_extraccion_desde_ingredientes,"""food labels"" ""text mining""",Crossref
"A novel bacteriocin with a broad inhibitory spectrum produced by Lactobacillus sake C2, isolated from traditional Chinese fermented cabbage",2010,Food Control,C_extraccion_desde_ingredientes,"""food labels"" ""text mining""",Crossref
Managing water in agriculture for food production and other ecosystem services,2010,Agricultural Water Management,C_extraccion_desde_ingredientes,"""food labels"" ""text mining""",Crossref
Continuous H2 and CH4 production from high-solid food waste in the two-stage thermophilic fermentation process with the recirculation of digester sludge,2010,Bioresource Technology,C_extraccion_desde_ingredientes,"""food labels"" ""text mining""",Crossref
Juice clarification by protease and pectinase treatments indicates new roles of pectin and protein in cherry juice turbidity,2010,Food and Bioproducts Processing,C_extraccion_desde_ingredientes,"""food labels"" ""text mining""",Crossref
Antioxidant and anticancer activities of 8-hydroxypsoralen isolated from wampee [Clausena lansium (Lour.) Skeels] peel,2010,Food Chemistry,C_extraccion_desde_ingredientes,"""food labels"" ""text mining""",Crossref
ATP-regulation of antioxidant properties and phenolics in litchi fruit during browning and pathogen infection process,2010,Food Chemistry,C_extraccion_desde_ingredientes,"""food labels"" ""text mining""",Crossref
Impact of emulsifier microenvironments on acid–base equilibrium and activity of antioxidants,2010,Food Chemistry,C_extraccion_desde_ingredientes,"""food labels"" ""text mining""",Crossref
Tracing the geographical origin of honeys based on volatile compounds profiles assessment using pattern recognition techniques,2010,Food Chemistry,C_extraccion_desde_ingredientes,"""food labels"" ""text mining""",Crossref
"A novel approach to authenticity control of whole grain durum wheat (Triticum durum Desf.) flour and pasta, based on analysis of alkylresorcinol composition",2010,Food Chemistry,C_extraccion_desde_ingredientes,"""food labels"" ""text mining""",Crossref
Characterisation by SPME–GC–MS of the volatile profile of a Spanish soft cheese P.D.O. Torta del Casar during ripening,2010,Food Chemistry,C_extraccion_desde_ingredientes,"""food labels"" ""text mining""",Crossref
Antioxidant activities of phenolic rich fractions (PRFs) obtained from black mahlab (Monechma ciliatum) and white mahlab (Prunus mahaleb) seedcakes,2010,Food Chemistry,C_extraccion_desde_ingredientes,"""food labels"" ""text mining""",Crossref
A novel angiotensin I converting enzyme inhibitory peptide from tuna frame protein hydrolysate and its antihypertensive effect in spontaneously hypertensive rats,2010,Food Chemistry,C_extraccion_desde_ingredientes,"""food labels"" ""text mining""",Crossref
Determination of isoflavone content and antioxidant activity in Psoralea corylifolia L. callus cultures,2010,Food Chemistry,C_extraccion_desde_ingredientes,"""food labels"" ""text mining""",Crossref
Heat-induced changes in dairy products containing sucrose,2010,Food Chemistry,C_extraccion_desde_ingredientes,"""food labels"" ""text mining""",Crossref
Antiproliferative and antioxidant properties of anthocyanin-rich extract from açai,2010,Food Chemistry,C_extraccion_desde_ingredientes,"""food labels"" ""text mining""",Crossref
Antioxidant activity of Potentilla fulgens: An alpine plant of western Himalaya,2010,Journal of Food Composition and Analysis,C_extraccion_desde_ingredientes,"""food labels"" ""text mining""",Crossref
"Effects of combined treatments of high pressure, temperature and antimicrobial products on germination of mung bean seeds and microbial quality of sprouts",2010,Food Control,C_extraccion_desde_ingredientes,"""food labels"" ""text mining""",Crossref
Pressurized liquid extraction coupled to liquid chromatography for the analysis of ochratoxin A in breakfast and infants cereals from Morocco,2010,Food Control,C_extraccion_desde_ingredientes,"""food labels"" ""text mining""",Crossref
Separation and isolation of β-sitosterol oxides and their non-mutagenic potential in the Salmonella microsome assay,2010,Food Chemistry,C_extraccion_desde_ingredientes,"""food labels"" ""text mining""",Crossref
Structural characterisation of pentosans from hemicellulose B of wheat varieties with varying chapati-making quality,2010,Food Chemistry,C_extraccion_desde_ingredientes,"""food labels"" ""text mining""",Crossref
On-line HPLC–MS–DPPH assay for the analysis of phenolic antioxidant compounds in fruit wine: Antidesma thwaitesianum Muell.,2010,Food Chemistry,C_extraccion_desde_ingredientes,"""food labels"" ""text mining""",Crossref
Application of artificial neural networks to the prediction of the antioxidant activity of essential oils in two experimental in vitro models,2010,Food Chemistry,C_extraccion_desde_ingredientes,"""food labels"" ""text mining""",Crossref
Effect of cultivar and environment on physicochemical and cooking characteristics of field pea (Pisum sativum),2010,Food Chemistry,C_extraccion_desde_ingredientes,"""food labels"" ""text mining""",Crossref
"Flavan-3-ol contents, anti-oxidative and α-glucosidase inhibitory activities of Cynomorium songaricum",2010,Food Chemistry,C_extraccion_desde_ingredientes,"""food labels"" ""text mining""",Crossref
The effect of MgCl2 on the kinetics of the Maillard reaction in both aqueous and dehydrated systems,2010,Food Chemistry,C_extraccion_desde_ingredientes,"""food labels"" ""text mining""",Crossref
High-power gradient diffusion NMR spectroscopy for the rapid assessment of extra-virgin olive oil adulteration,2010,Food Chemistry,C_extraccion_desde_ingredientes,"""food labels"" ""text mining""",Crossref
Antimicrobial potential of Coriandrum sativum L. against different Candida species in vitro,2010,Food Chemistry,C_extraccion_desde_ingredientes,"""food labels"" ""text mining""",Crossref
Direct determination of free tryptophan contents in soy sauces and its application as an index of soy sauce adulteration,2010,Food Chemistry,C_extraccion_desde_ingredientes,"""food labels"" ""text mining""",Crossref
The potential of coupling information using three analytical techniques for identifying the geographical origin of Liguria extra virgin olive oil,2010,Food Chemistry,C_extraccion_desde_ingredientes,"""food labels"" ""text mining""",Crossref
Authentication of extra virgin olive oils by Fourier-transform infrared spectroscopy,2010,Food Chemistry,C_extraccion_desde_ingredientes,"""food labels"" ""text mining""",Crossref
Antioxidant activities of malt extract from barley (Hordeum vulgare L.) toward various oxidative stress in vitro and in vivo,2010,Food Chemistry,C_extraccion_desde_ingredientes,"""food labels"" ""text mining""",Crossref
Effects of heat treatment and acid-induced gelation on aroma release from flavoured skim milk,2010,Food Chemistry,C_extraccion_desde_ingredientes,"""food labels"" ""text mining""",Crossref
Antioxidant and antiproliferative activities of phytochemicals from Quince (Cydonia vulgaris) peels,2010,Food Chemistry,C_extraccion_desde_ingredientes,"""food labels"" ""text mining""",Crossref
Changes in durum wheat kernel and pasta proteins induced by toasting and drying processes,2010,Food Chemistry,C_extraccion_desde_ingredientes,"""food labels"" ""text mining""",Crossref
Solutions properties and solute–solvent interactions in ternary sugar–salt–water solutions,2010,Food Chemistry,C_extraccion_desde_ingredientes,"""food labels"" ""text mining""",Crossref
Laccase-generated tetramethoxy azobismethylene quinone (TMAMQ) as a tool for antioxidant activity measurement,2010,Food Chemistry,C_extraccion_desde_ingredientes,"""food labels"" ""text mining""",Crossref
Protective effects of quercetin-3-rhamnoglucoside (rutin) on ischemia-reperfusion injury in rat small intestine,2010,Food Chemistry,C_extraccion_desde_ingredientes,"""food labels"" ""text mining""",Crossref
Flow injection analysis of BHA by NiHCF modified electrode,2010,Food Chemistry,C_extraccion_desde_ingredientes,"""food labels"" ""text mining""",Crossref
Solid-phase microextraction gas chromatography–mass spectrometry (HS-SPME-GC–MS) determination of volatile compounds in orujo spirits: Multivariate chemometric characterisation,2010,Food Chemistry,C_extraccion_desde_ingredientes,"""food labels"" ""text mining""",Crossref
Gold nanoparticle-based lateral flow assay for detection of staphylococcal enterotoxin B,2010,Food Chemistry,C_extraccion_desde_ingredientes,"""food labels"" ""text mining""",Crossref
A novel size-exclusion high performance liquid chromatography (SE-HPLC) method for measuring degree of amylose retrogradation in rice starch,2010,Food Chemistry,C_extraccion_desde_ingredientes,"""food labels"" ""text mining""",Crossref
"Linking biodiversity, food and nutrition: The importance of plant identification and nomenclature",2010,Journal of Food Composition and Analysis,C_extraccion_desde_ingredientes,"""food labels"" ""text mining""",Crossref
"Characterisation of the Paio do Alentejo, a traditional Portuguese Iberian sausage, in respect to its safety",2010,Food Control,C_extraccion_desde_ingredientes,"""food labels"" ""text mining""",Crossref
"Plantaricin MG active against Gram-negative bacteria produced by Lactobacillus plantarum KLDS1.0391 isolated from “Jiaoke”, a traditional fermented cream from China",2010,Food Control,C_extraccion_desde_ingredientes,"""food labels"" ""text mining""",Crossref
Naturally occurring propionic acid in foods marketed in South Korea,2010,Food Control,C_extraccion_desde_ingredientes,"""food labels"" ""text mining""",Crossref
Antifungal activity of non-starter lactic acid bacteria isolates from dairy products,2010,Food Control,C_extraccion_desde_ingredientes,"""food labels"" ""text mining""",Crossref
Modelling text prediction systems in low- and high-inflected languages,2010,Computer Speech &amp; Language,C_extraccion_desde_ingredientes,"""food labels"" ""text mining""",Crossref
Diversity of lactic acid bacteria from modified atmosphere packaged sliced cooked meat products at sell-by date assessed by PCR-denaturing gradient gel electrophoresis,2010,Food Microbiology,C_extraccion_desde_ingredientes,"""food labels"" ""text mining""",Crossref
Advances in Nutrigenomics research: Novel and future analytical approaches to investigate the biological activity of natural compounds and food functions,2010,Journal of Pharmaceutical and Biomedical Analysis,C_extraccion_desde_ingredientes,"""food labels"" ""text mining""",Crossref
Structural characterisation and determination of prebiotic activity of purified xylo-oligosaccharides obtained from Bengal gram husk (Cicer arietinum L.) and wheat bran (Triticum aestivum),2010,Food Chemistry,C_extraccion_desde_ingredientes,"""food labels"" ""text mining""",Crossref
Pesticide residues and microbiological quality of bottled wines,2010,Food Control,C_extraccion_desde_ingredientes,"""food labels"" ""text mining""",Crossref
"Emitted and endogenous volatiles in ‘Tsugaru’ apple: The mechanism of ester and (E,E)-α-farnesene accumulation",2010,Food Chemistry,C_extraccion_desde_ingredientes,"""food labels"" ""text mining""",Crossref
Unusual sesquiterpene lactones with a new carbon skeleton and new acetylenes from Ajania przewalskii,2010,Food Chemistry,C_extraccion_desde_ingredientes,"""food labels"" ""text mining""",Crossref
Formation of dehydrodiisoeugenol and dehydrodieugenol from the reaction of isoeugenol and eugenol with DPPH radical and their role in the radical scavenging activity,2010,Food Chemistry,C_extraccion_desde_ingredientes,"""food labels"" ""text mining""",Crossref
PaMS: A component-based service for finding the missing full text of articles cataloged in a digital library,2010,Information Systems,C_extraccion_desde_ingredientes,"""food labels"" ""text mining""",Crossref
Immobilization of β-glucosidase and its aroma-increasing effect on tea beverage,2010,Food and Bioproducts Processing,C_extraccion_desde_ingredientes,"""food labels"" ""text mining""",Crossref
"Amino acid and fatty acid compositions and nutritional quality of muscle in the pomfret, Pampus punctatissimus",2010,Food Chemistry,C_extraccion_desde_ingredientes,"""food labels"" ""text mining""",Crossref
Suppressive effect of hot water extract of wasabi (Wasabia japonica Matsum.) leaves on the differentiation of 3T3-L1 preadipocytes,2010,Food Chemistry,C_extraccion_desde_ingredientes,"""food labels"" ""text mining""",Crossref
Effects of addition of anka rice on the qualities of low-nitrite Chinese sausages,2010,Food Chemistry,C_extraccion_desde_ingredientes,"""food labels"" ""text mining""",Crossref
"Reply to: “Rapid gas-chromatographic method for the determination of diacetyl in milk, fermented milk and butter”, V. Macciola, G. Candela and A. De Leonardis. Food Control 19 (2008) 873–878",2010,Food Control,C_extraccion_desde_ingredientes,"""food labels"" ""text mining""",Crossref
"Rapid gas-chromatographic method for the determination of diacetyl in milk, fermented milk and butter, V. Macciola, G. Candela and A. De Leonardis. Food Control 19 (2008) 873–878",2010,Food Control,C_extraccion_desde_ingredientes,"""food labels"" ""text mining""",Crossref
Designing effective messages for microbial food safety hazards,2010,Food Control,C_extraccion_desde_ingredientes,"""food labels"" ""text mining""",Crossref
Evaluation of DNA extraction procedures for traceability of various tomato products,2010,Food Control,C_extraccion_desde_ingredientes,"""food labels"" ""text mining""",Crossref
Fiber and hydrocolloid content affect the microstructural and sensory characteristics of fresh and frozen stored bread,2010,Journal of Food Engineering,C_extraccion_desde_ingredientes,"""food labels"" ""text mining""",Crossref
"Berry juices, teas, antioxidants and the prevention of atherosclerosis in hamsters",2010,Food Chemistry,C_extraccion_desde_ingredientes,"""food labels"" ""text mining""",Crossref
Effect of thermal treatment and storage on the stability of organic acids and the functional value of grapefruit juice,2010,Food Chemistry,C_extraccion_desde_ingredientes,"""food labels"" ""text mining""",Crossref
Removal of oligosaccharides in soybean flour and nutritional effects in rats,2010,Food Chemistry,C_extraccion_desde_ingredientes,"""food labels"" ""text mining""",Crossref
"Purification, structural elucidation, and anti-inflammatory effect of a water-soluble 1,6-branched 1,3-α-d-galactan from cultured mycelia of Poria cocos",2010,Food Chemistry,C_extraccion_desde_ingredientes,"""food labels"" ""text mining""",Crossref
Effect of farm and industrial processing on the amino acid profile of cocoa beans,2010,Food Chemistry,C_extraccion_desde_ingredientes,"""food labels"" ""text mining""",Crossref
Isoflavone during protease hydrolysis of defatted soybean meal,2010,Food Chemistry,C_extraccion_desde_ingredientes,"""food labels"" ""text mining""",Crossref
"Physical, biochemical and antioxidant properties of some Indian honeys",2010,Food Chemistry,C_extraccion_desde_ingredientes,"""food labels"" ""text mining""",Crossref
Perioperative Aortic Dissection: Early Recognition Improves Outcome,2011,International Journal of Angiology,C_extraccion_desde_ingredientes,"""named entity recognition"" food ingredients",Crossref
Recognition and management of thrombosed type of aortic dissection with long-term follow-up results,2011,International Journal of Angiology,C_extraccion_desde_ingredientes,"""named entity recognition"" food ingredients",Crossref
A Streetcar Named Desire (review),2010,Theatre Journal,C_extraccion_desde_ingredientes,"""named entity recognition"" food ingredients",Crossref
Commonly consumed Indian plant food materials in the management of diabetes mellitus,2010,Diabetes &amp; Metabolic Syndrome: Clinical Research &amp; Reviews,C_extraccion_desde_ingredientes,"""named entity recognition"" food ingredients",Crossref
A computational auditory scene analysis system for speech segregation and robust speech recognition,2010,Computer Speech &amp; Language,C_extraccion_desde_ingredientes,"""named entity recognition"" food ingredients",Crossref
"Characterisation of authentic Italian extra-virgin olive oils by stable isotope ratios of C, O and H and mineral composition",2010,Food Chemistry,C_extraccion_desde_ingredientes,"""named entity recognition"" food ingredients",Crossref
Self‐recognition in live videos by young children: does video training help?,2010,Early Child Development and Care,C_extraccion_desde_ingredientes,"""named entity recognition"" food ingredients",Crossref
Speech fragment decoding techniques for simultaneous speaker identification and speech recognition,2010,Computer Speech &amp; Language,C_extraccion_desde_ingredientes,"""named entity recognition"" food ingredients",Crossref
Monaural speech separation based on MAXVQ and CASA for robust speech recognition,2010,Computer Speech &amp; Language,C_extraccion_desde_ingredientes,"""named entity recognition"" food ingredients",Crossref
"The combination of stable isotope abundance ratios of H, C, N and S with 87Sr/86Sr for geographical origin assignment of orange juices",2010,Food Chemistry,C_extraccion_desde_ingredientes,"""named entity recognition"" food ingredients",Crossref
The use of stable carbon isotopes to authenticate claims that poultry have been corn-fed,2010,Food Chemistry,C_extraccion_desde_ingredientes,"""named entity recognition"" food ingredients",Crossref
Quantitation using informative zeros (QUIZ): Application for GMO detection and quantification without recourse to certified reference material,2010,Food Chemistry,C_extraccion_desde_ingredientes,"""named entity recognition"" food ingredients",Crossref
Non-dairy probiotic products,2010,Food Microbiology,C_extraccion_desde_ingredientes,"""named entity recognition"" food ingredients",Crossref
MECHANICAL BEHAVIOR AND PHYSICAL PROPERTIES OF CHICKEN EGG AS AFFECTED BY DIFFERENT EGG WEIGHTS,2010,Journal of Food Process Engineering,C_extraccion_desde_ingredientes,"""named entity recognition"" food ingredients",Crossref
A note on neurofractal-based defect recognition and classification in nonwoven web images,2010,Journal of the Textile Institute,C_extraccion_desde_ingredientes,"""named entity recognition"" food ingredients",Crossref
Chaos control and synchronization of a three-species food chain model via Holling functional response,2010,International Journal of Computer Mathematics,C_extraccion_desde_ingredientes,"""named entity recognition"" food ingredients",Crossref
Application of trace element and stable isotope signatures to determine the provenance of tea (Camellia sinensis) samples,2010,Food Chemistry,C_extraccion_desde_ingredientes,"""named entity recognition"" food ingredients",Crossref
"SCS: Signal, Context, and Structure Features for Genome-Wide Human Promoter Recognition",2010,IEEE/ACM Transactions on Computational Biology and Bioinformatics,C_extraccion_desde_ingredientes,"""named entity recognition"" food ingredients",Crossref
Rheological and crystalline properties of trans-free model fat blends as affected by the length of fatty acid chains,2010,Journal of Food Engineering,C_extraccion_desde_ingredientes,"""named entity recognition"" food ingredients",Crossref
Food Types in the Diet and the Nutrient Intake of Obese and Non-Obese Children,2011,Journal of Clinical Research in Pediatric Endocrinology,C_extraccion_desde_ingredientes,"""named entity recognition"" food ingredients",Crossref
Stable C and N isotope ratio analysis for regional geographical traceability of cattle in China,2010,Food Chemistry,C_extraccion_desde_ingredientes,"""named entity recognition"" food ingredients",Crossref
Development of primer and probe sets for the detection of plant species in honey,2010,Food Chemistry,C_extraccion_desde_ingredientes,"""named entity recognition"" food ingredients",Crossref
Multivariate analysis of NMR fingerprint of the unsaponifiable fraction of virgin olive oils for authentication purposes,2010,Food Chemistry,C_extraccion_desde_ingredientes,"""named entity recognition"" food ingredients",Crossref
Delayed Recognition of Guillain-Barré Syndrome in a Child: A Misleading Respiratory Distress,2010,The Journal of Emergency Medicine,C_extraccion_desde_ingredientes,"""named entity recognition"" food ingredients",Crossref
Experimental study of heat transfer intensification by using a novel combined shelf in food refrigerated display cabinets (Experimental study of a novel cabinets),2010,Applied Thermal Engineering,C_extraccion_desde_ingredientes,"""named entity recognition"" food ingredients",Crossref
Identification of botanical biomarkers found in Corsican honey,2010,Food Chemistry,C_extraccion_desde_ingredientes,"""named entity recognition"" food ingredients",Crossref
A simple one-step PCR method for the identification between European and American razor clams species,2010,Food Chemistry,C_extraccion_desde_ingredientes,"""named entity recognition"" food ingredients",Crossref
"Prediction of the identity of fats and oils by their fatty acid, triacylglycerol and volatile compositions using PLS-DA",2010,Food Chemistry,C_extraccion_desde_ingredientes,"""named entity recognition"" food ingredients",Crossref
Examining preschoolers' nutrition knowledge using a meal creation and food group classification task: age and gender differences,2010,Early Child Development and Care,C_extraccion_desde_ingredientes,"""named entity recognition"" food ingredients",Crossref
"Age-related changes in neural activity associated with familiarity, recollection and false recognition",2010,Neurobiology of Aging,C_extraccion_desde_ingredientes,"""named entity recognition"" food ingredients",Crossref
Towards a multiplex cereal traceability tool using padlock probe ligation on genomic DNA,2010,Food Chemistry,C_extraccion_desde_ingredientes,"""named entity recognition"" food ingredients",Crossref
Re-evaluating split-fovea processing in word recognition: Effects of word length during monocular viewing,2010,Cortex,C_extraccion_desde_ingredientes,"""named entity recognition"" food ingredients",Crossref
Verification of the geological origin of bottled mineral water using artificial neural networks,2010,Food Chemistry,C_extraccion_desde_ingredientes,"""named entity recognition"" food ingredients",Crossref
Human Action Recognition in Videos Using Kinematic Features and Multiple Instance Learning,2010,IEEE Transactions on Pattern Analysis and Machine Intelligence,C_extraccion_desde_ingredientes,"""named entity recognition"" food ingredients",Crossref
FUZZY CLUSTERING MODELING AND EVALUATION OF SURFACE INTERACTIONS AND EMULSIONS OF SELECTED WHEAT PROTEIN COMBINED TO IOTA‐CARRAGEENAN AND GUM ARABIC SOLUTIONS,2010,Journal of Food Process Engineering,C_extraccion_desde_ingredientes,"""named entity recognition"" food ingredients",Crossref
Reversible color-to-gray mapping using subband domain texturization,2010,Pattern Recognition Letters,C_extraccion_desde_ingredientes,"""named entity recognition"" food ingredients",Crossref
Inhibition of Penicillium nordicum in MRS medium by lactic acid bacteria isolated from foods,2010,Food Control,C_extraccion_desde_ingredientes,"""named entity recognition"" food ingredients",Crossref
"The potential of land animal protein ingredients to replace fish meal in diets for cuneate drum,<i>Nibea miichthioides</i>, is affected by dietary protein level",2010,Aquaculture Nutrition,C_extraccion_desde_ingredientes,"""named entity recognition"" food ingredients",Crossref
MICROBIAL ANALYSIS AND TEXTURAL PROPERTIES OF CANTONESE SAUSAGE,2010,Journal of Food Process Engineering,C_extraccion_desde_ingredientes,"""named entity recognition"" food ingredients",Crossref
SUPERCRITICAL CARBON DIOXIDE SELECTIVITY TO FRACTIONATE PHENOLIC COMPOUNDS FROM THE DRY ETHANOLIC EXTRACT OF PROPOLIS,2010,Journal of Food Process Engineering,C_extraccion_desde_ingredientes,"""named entity recognition"" food ingredients",Crossref
A model and prototype implementation for tracking and tracing agricultural batch products along the food chain,2010,Food Control,C_extraccion_desde_ingredientes,"""named entity recognition"" food ingredients",Crossref
Aflatoxin M1 contamination in milk from five dairy species in Pakistan,2010,Food Control,C_extraccion_desde_ingredientes,"""named entity recognition"" food ingredients",Crossref
How social and human capital influence opportunity recognition and resource mobilization in India's handloom industry,2010,Journal of Business Venturing,C_extraccion_desde_ingredientes,"""named entity recognition"" food ingredients",Crossref
Influence of processing on the levels of amines and proline and on the physico-chemical characteristics of concentrated orange juice,2010,Food Chemistry,C_extraccion_desde_ingredientes,"""named entity recognition"" food ingredients",Crossref
Super-human multi-talker speech recognition: A graphical modeling approach,2010,Computer Speech &amp; Language,C_extraccion_desde_ingredientes,"""named entity recognition"" food ingredients",Crossref
Comparison of essential oils compositions of Nepeta persica obtained by supercritical carbon dioxide extraction and steam distillation methods,2010,Food and Bioproducts Processing,C_extraccion_desde_ingredientes,"""named entity recognition"" food ingredients",Crossref
Effect of different drying conditions on the vitamin C (ascorbic acid) content of Hayward kiwifruits (Actinidia deliciosa Planch),2010,Food and Bioproducts Processing,C_extraccion_desde_ingredientes,"""named entity recognition"" food ingredients",Crossref
The Development of Dynamic Facial Expression Recognition at Different Intensities in 4- to 18-Year-Olds,2010,Social Development,C_extraccion_desde_ingredientes,"""named entity recognition"" food ingredients",Crossref
3D Face Recognition Using Simulated Annealing and the Surface Interpenetration Measure,2010,IEEE Transactions on Pattern Analysis and Machine Intelligence,C_extraccion_desde_ingredientes,"""named entity recognition"" food ingredients",Crossref
A continuous esterification of malonic acid with citronellol using packed bed reactor: Investigation of parameter and kinetics study,2010,Food and Bioproducts Processing,C_extraccion_desde_ingredientes,"""named entity recognition"" food ingredients",Crossref
"Nitrogen, sustainable agriculture and food security. A review",2010,Agronomy for Sustainable Development,C_extraccion_desde_ingredientes,"""named entity recognition"" food ingredients",Crossref
Antioxidant activity of sparkling wines produced by Champenoise and Charmat methods,2010,Food Chemistry,C_extraccion_desde_ingredientes,"""named entity recognition"" food ingredients",Crossref
"Arable land requirements based on food consumption patterns: Case study in rural Guyuan District, Western China",2010,Ecological Economics,C_extraccion_desde_ingredientes,"""named entity recognition"" food ingredients",Crossref
Premature coronary artery disease in young patients: An uncommon but growing entity,2010,International Journal of Cardiology,C_extraccion_desde_ingredientes,"""named entity recognition"" food ingredients",Crossref
Dynamical consequences of predator interference in a tri-trophic model food chain,2010,Nonlinear Analysis: Real World Applications,C_extraccion_desde_ingredientes,"""named entity recognition"" food ingredients",Crossref
Learning the Compositional Nature of Visual Object Categories for Recognition,2010,IEEE Transactions on Pattern Analysis and Machine Intelligence,C_extraccion_desde_ingredientes,"""named entity recognition"" food ingredients",Crossref
Fast Keypoint Recognition Using Random Ferns,2010,IEEE Transactions on Pattern Analysis and Machine Intelligence,C_extraccion_desde_ingredientes,"""named entity recognition"" food ingredients",Crossref
Handling Movement Epenthesis and Hand Segmentation Ambiguities in Continuous Sign Language Recognition Using Nested Dynamic Programming,2010,IEEE Transactions on Pattern Analysis and Machine Intelligence,C_extraccion_desde_ingredientes,"""named entity recognition"" food ingredients",Crossref
Pseudocyst of the spleen caused by tuberculosis: a rare entity,2025,BMJ Case Reports,C_extraccion_desde_ingredientes,"""named entity recognition"" food ingredients",Crossref
Food shelf life: estimation and optimal design,2010,Journal of Statistical Computation and Simulation,C_extraccion_desde_ingredientes,"""named entity recognition"" food ingredients",Crossref
SORT-CC: A procedure for the statistical treatment of free sorting data,2010,Food Quality and Preference,C_extraccion_desde_ingredientes,"""named entity recognition"" food ingredients",Crossref
Seasonal food habits of corsac and red foxes in Mongolia and the potential for competition,2010,Mammalian Biology,C_extraccion_desde_ingredientes,"""named entity recognition"" food ingredients",Crossref
Anthocyanins and polyphenol oxidase from dried arils of pomegranate (Punica granatum L.),2010,Food Chemistry,C_extraccion_desde_ingredientes,"""named entity recognition"" food ingredients",Crossref
INTEGRATING FUZZY LOGIC PROCEDURE FOR SIGNAL VALIDATIONS: MALTA COLORING AS STUDY CASE,2010,Journal of Food Process Engineering,C_extraccion_desde_ingredientes,"""named entity recognition"" food ingredients",Crossref
POLYSACCHARIDES FROM MULBERRY LEAF IN RELATION TO THEIR ANTIOXIDANT ACTIVITY AND ANTIBACTERIAL ABILITY,2010,Journal of Food Process Engineering,C_extraccion_desde_ingredientes,"""named entity recognition"" food ingredients",Crossref
IMAGE PROCESSING AND PHYSICO‐MECHANICAL PROPERTIES OF BASIL SEED (<i>OCIMUM BASILICUM</i>),2010,Journal of Food Process Engineering,C_extraccion_desde_ingredientes,"""named entity recognition"" food ingredients",Crossref
STUDY ON INTERACTION AMONG EXTRUSION‐COOKING PROCESS VARIABLES AND ENZYME ACTIVITY: EVALUATION OF EXTRUDATE STRUCTURE,2010,Journal of Food Process Engineering,C_extraccion_desde_ingredientes,"""named entity recognition"" food ingredients",Crossref
EFFECT OF SOLAR DRYING ON THE COMPOSITION OF ESSENTIAL OIL OF <i>SACHA CULANTRO</i> (<i>ERYNGIUM FOETIDUM</i> L.) GROWN IN THE PERUVIAN AMAZON,2010,Journal of Food Process Engineering,C_extraccion_desde_ingredientes,"""named entity recognition"" food ingredients",Crossref
PRELIMINARY AND COMPARATIVE STUDIES ON THE CULTIVATIONS OF <i>DUNALIELLA SALINA</i> BETWEEN OUTDOORS AND IN THE PHOTOBIOREACTOR,2010,Journal of Food Process Engineering,C_extraccion_desde_ingredientes,"""named entity recognition"" food ingredients",Crossref
QUANTIFICATION OF FLUX DECLINE AND DESIGN OF ULTRAFILTRATION SYSTEM FOR CLARIFICATION OF TENDER COCONUT WATER,2010,Journal of Food Process Engineering,C_extraccion_desde_ingredientes,"""named entity recognition"" food ingredients",Crossref
IMPACT OF BLENDING OF FRYING OILS ON VISCOSITY AND HEAT TRANSFER COEFFICIENT AT ELEVATED TEMPERATURES,2010,Journal of Food Process Engineering,C_extraccion_desde_ingredientes,"""named entity recognition"" food ingredients",Crossref
Hopf bifurcation analysis of a food-limited population model with delay,2010,Nonlinear Analysis: Real World Applications,C_extraccion_desde_ingredientes,"""named entity recognition"" food ingredients",Crossref
Risk Assessment of Choleragenic <i>Vibrio cholerae</i> 01 and 0139 in Warm‐water Shrimp in International Trade,2010,International Journal of Food Science &amp; Technology,C_extraccion_desde_ingredientes,"""named entity recognition"" food ingredients",Crossref
<i>Enterobacter sakazakii</i> and <i>Salmonella</i> in Powdered Infant Formula: meeting report,2010,International Journal of Food Science &amp; Technology,C_extraccion_desde_ingredientes,"""named entity recognition"" food ingredients",Crossref
Handbook of Innovation in the Food and Drink Industry,2010,International Journal of Food Science &amp; Technology,C_extraccion_desde_ingredientes,"""named entity recognition"" food ingredients",Crossref
Carbohydrate Chemistry for Food Scientists,2010,International Journal of Food Science &amp; Technology,C_extraccion_desde_ingredientes,"""named entity recognition"" food ingredients",Crossref
"Characteristic prefrontal blood volume patterns when imaging body type, high-calorie food, and mother–child attachment in childhood anorexia nervosa: A near infrared spectroscopy study",2010,Brain and Development,C_extraccion_desde_ingredientes,"""named entity recognition"" food ingredients",Crossref
Enantiopure cyclic <i>O</i>‐substituted phenylphosphonothioic acid: Synthesis and chirality‐recognition ability,2011,Chirality,C_extraccion_desde_ingredientes,"""named entity recognition"" food ingredients",Crossref
Classification and Antimicrobial Susceptibilities of<i>Enterococcus</i>Species Isolated from Apparently Healthy Food-Producing Animals in Japan,2010,Zoonoses and Public Health,C_extraccion_desde_ingredientes,"""named entity recognition"" food ingredients",Crossref
Development of a method to measure consumer emotions associated with foods,2010,Food Quality and Preference,C_extraccion_desde_ingredientes,"""named entity recognition"" food ingredients",Crossref
Chemical stability of açai fruit (Euterpe oleracea Mart.) anthocyanins as influenced by naturally occurring and externally added polyphenolic cofactors in model systems,2010,Food Chemistry,C_extraccion_desde_ingredientes,"""named entity recognition"" food ingredients",Crossref
Perceived association between diagnostic and non-diagnostic cues of women’s sexual interest: General Recognition Theory predictors of risk for sexual coercion,2010,Journal of Mathematical Psychology,C_extraccion_desde_ingredientes,"""named entity recognition"" food ingredients",Crossref
Handbook of Innovation in the Food and Drink Industry,2010,Tourism Management,C_extraccion_desde_ingredientes,"""named entity recognition"" food ingredients",Crossref
Re-evaluating split-fovea processing in word recognition: Effects of fixation location within words,2010,Cortex,C_extraccion_desde_ingredientes,"""named entity recognition"" food ingredients",Crossref
Leaving home: Food choice behavior of young German adults,2010,Journal of Business Research,C_extraccion_desde_ingredientes,"""named entity recognition"" food ingredients",Crossref
Proteins in white wines: Thermo-sensitivity and differential adsorbtion by bentonite,2010,Food Chemistry,C_extraccion_desde_ingredientes,"""named entity recognition"" food ingredients",Crossref
Formation of heterocyclic amines in slices of Longissimus thoracis beef muscle subjected to jets of superheated steam,2010,Food Chemistry,C_extraccion_desde_ingredientes,"""named entity recognition"" food ingredients",Crossref
"Food Security, Health, and Medication Expenditures of Emergency Department Patients",2010,The Journal of Emergency Medicine,C_extraccion_desde_ingredientes,"""named entity recognition"" food ingredients",Crossref
Filtering Data Streams for Entity-Based Continuous Queries,2010,IEEE Transactions on Knowledge and Data Engineering,C_extraccion_desde_ingredientes,"""named entity recognition"" food ingredients",Crossref
EFFECTS OF DIFFERENT PEKMEZ (FRUIT MOLASSES) TYPES USED AS A NATURAL SUGAR SOURCE ON THE BATTER RHEOLOGY AND PHYSICAL PROPERTIES OF CAKES,2010,Journal of Food Process Engineering,C_extraccion_desde_ingredientes,"""named entity recognition"" food ingredients",Crossref
Cloud point extraction preconcentration and spectrophotometric determination of copper in food and water samples using amino acid as the complexing agent,2010,Journal of Food Composition and Analysis,C_extraccion_desde_ingredientes,"""named entity recognition"" food ingredients",Crossref
DRYING EFFECTS OF TWO AIR‐DRYING SHELTERS IN A PILOT TEST ON SULTANA GRAPES,2010,Journal of Food Process Engineering,C_extraccion_desde_ingredientes,"""named entity recognition"" food ingredients",Crossref
POROSITY DEVELOPMENT AND ITS EFFECT ON OIL UPTAKE DURING FRYING PROCESS,2010,Journal of Food Process Engineering,C_extraccion_desde_ingredientes,"""named entity recognition"" food ingredients",Crossref
APPLICATION OF DISCRETE MODELING APPROACH TO FLUIDIZED BED YEAST DRYING,2010,Journal of Food Process Engineering,C_extraccion_desde_ingredientes,"""named entity recognition"" food ingredients",Crossref
OPTIMIZATION OF NEW FLOUR IMPROVER MIXING FORMULA BY SURFACE RESPONSE METHODOLOGY,2010,Journal of Food Process Engineering,C_extraccion_desde_ingredientes,"""named entity recognition"" food ingredients",Crossref
NEURAL NETWORK MODELING OF END‐OVER‐END THERMAL PROCESSING OF PARTICULATES IN VISCOUS FLUIDS,2010,Journal of Food Process Engineering,C_extraccion_desde_ingredientes,"""named entity recognition"" food ingredients",Crossref
"GEOMETRICAL, THERMAL AND MECHANICAL PROPERTIES OF OLIVE FRUITS",2010,Journal of Food Process Engineering,C_extraccion_desde_ingredientes,"""named entity recognition"" food ingredients",Crossref
THIN‐LAYER DRYING BEHAVIORS OF OLIVE LEAVES (<i>OLEA EUROPAEA</i> L.),2010,Journal of Food Process Engineering,C_extraccion_desde_ingredientes,"""named entity recognition"" food ingredients",Crossref
Optimising acceptability of new prebiotic low-fat milk beverages,2010,Food Quality and Preference,C_extraccion_desde_ingredientes,"""named entity recognition"" food ingredients",Crossref
Interactive localized content based image retrieval with multiple-instance active learning,2010,Pattern Recognition,C_extraccion_desde_ingredientes,"""named entity recognition"" food ingredients",Crossref
Interactive image segmentation by maximal similarity based region merging,2010,Pattern Recognition,C_extraccion_desde_ingredientes,"""named entity recognition"" food ingredients",Crossref
Classification and interactive segmentation of EEG synchrony patterns,2010,Pattern Recognition,C_extraccion_desde_ingredientes,"""named entity recognition"" food ingredients",Crossref
Circadian patterns of antioxidant and lipid peroxidation status in daytime food restricted rats,2010,Biological Rhythm Research,C_extraccion_desde_ingredientes,"""named entity recognition"" food ingredients",Crossref
Night-time food restriction modulates the circadian patterns of redox status in rats,2010,Biological Rhythm Research,C_extraccion_desde_ingredientes,"""named entity recognition"" food ingredients",Crossref
A unified framework for designing textures using energy optimization,2010,Pattern Recognition,C_extraccion_desde_ingredientes,"""named entity recognition"" food ingredients",Crossref
User-centric image segmentation using an interactive parameter adaptation tool,2010,Pattern Recognition,C_extraccion_desde_ingredientes,"""named entity recognition"" food ingredients",Crossref
A comparative evaluation of interactive segmentation algorithms,2010,Pattern Recognition,C_extraccion_desde_ingredientes,"""named entity recognition"" food ingredients",Crossref
Semi-automatic dynamic auxiliary-tag-aided image annotation,2010,Pattern Recognition,C_extraccion_desde_ingredientes,"""named entity recognition"" food ingredients",Crossref
"Genotypic variation of beta-carotene and lutein contents in tea germplasms, Camellia sinensis (L.) O. Kuntze",2010,Journal of Food Composition and Analysis,C_extraccion_desde_ingredientes,"""named entity recognition"" food ingredients",Crossref
Experimental design on supercritical extraction of essential oil from valerian roots and study of optimal conditions,2010,Food and Bioproducts Processing,C_extraccion_desde_ingredientes,"""named entity recognition"" food ingredients",Crossref
Registration and interactive planar segmentation for stereo images of polyhedral scenes,2010,Pattern Recognition,C_extraccion_desde_ingredientes,"""named entity recognition"" food ingredients",Crossref
Supercritical carbon dioxide extraction of bioactive flavonoid from Strobilanthes crispus (Pecah Kaca),2010,Food and Bioproducts Processing,C_extraccion_desde_ingredientes,"""named entity recognition"" food ingredients",Crossref
The time cost of food at home: general and food stamp participant profiles,2010,Applied Economics,C_extraccion_desde_ingredientes,"""named entity recognition"" food ingredients",Crossref
Land use competition for production of food and liquid biofuels: An analysis of the arguments in the current debate,2010,Renewable Energy,C_extraccion_desde_ingredientes,"""named entity recognition"" food ingredients",Crossref
A role for “omics” technologies in food safety assessment,2010,Food Control,C_extraccion_desde_ingredientes,"""named entity recognition"" food ingredients",Crossref
Iris recognition: Analysis of the error rates regarding the accuracy of the segmentation stage,2010,Image and Vision Computing,C_extraccion_desde_ingredientes,"""named entity recognition"" food ingredients",Crossref
Radio frequency heating of comminuted meats - considerations in relation to microbial challenge studies,2010,Food Control,C_extraccion_desde_ingredientes,"""named entity recognition"" food ingredients",Crossref
"Oestrus in the Julia Creek dunnart (Sminthopsis douglasi) is associated with wheel running behaviour but not necessarily changes in body weight, food consumption or pouch morphology",2010,Animal Reproduction Science,C_extraccion_desde_ingredientes,"""named entity recognition"" food ingredients",Crossref
Spoken emotion recognition through optimum-path forest classification using glottal features,2010,Computer Speech &amp; Language,C_extraccion_desde_ingredientes,"""named entity recognition"" food ingredients",Crossref
Active learning and semi-supervised learning for speech recognition: A unified framework using the global entropy reduction maximization criterion,2010,Computer Speech &amp; Language,C_extraccion_desde_ingredientes,"""named entity recognition"" food ingredients",Crossref
Development and application of a centrifugation-plating method to study the biodiversity of Bacillus species in rice products,2010,Food Control,C_extraccion_desde_ingredientes,"""named entity recognition"" food ingredients",Crossref
"Effect of conformation and water interactions of sucrose, maltitol, mannitol and xylitol on their metastable zone width and ease of nucleation",2010,Food Chemistry,C_extraccion_desde_ingredientes,"""named entity recognition"" food ingredients",Crossref
Monaural speech separation and recognition challenge,2010,Computer Speech &amp; Language,C_extraccion_desde_ingredientes,"""named entity recognition"" food ingredients",Crossref
Relationship of pungency and leading flavour attributes in model food matrices – temporal aspects,2010,Food Quality and Preference,C_extraccion_desde_ingredientes,"""named entity recognition"" food ingredients",Crossref
Reliability of stable isotope values from meat juice for the determination of the meat origin,2010,Food Chemistry,C_extraccion_desde_ingredientes,"""named entity recognition"" food ingredients",Crossref
Determination of nutritional and toxic elements in pasteurized bovine milk from Vale do Paraiba region (Brazil),2010,Food Control,C_extraccion_desde_ingredientes,"""named entity recognition"" food ingredients",Crossref
Surveillance of pesticide residues in fruits from Valencia during twenty months (2004/05),2010,Food Control,C_extraccion_desde_ingredientes,"""named entity recognition"" food ingredients",Crossref
Ochratoxin A removal in synthetic media by living and heat-inactivated cells of Oenococcus oeni isolated from wines,2010,Food Control,C_extraccion_desde_ingredientes,"""named entity recognition"" food ingredients",Crossref
Contamination of UHT milk by aflatoxin M1 in Iran,2010,Food Control,C_extraccion_desde_ingredientes,"""named entity recognition"" food ingredients",Crossref
Determination of histamine and biogenic amines in fish cubes (Tetrapturus angustirostris) implicated in a food-borne poisoning,2010,Food Control,C_extraccion_desde_ingredientes,"""named entity recognition"" food ingredients",Crossref
Do changes in the subjective experience of recognition over time suggest independent processes?,2010,British Journal of Mathematical and Statistical Psychology,C_extraccion_desde_ingredientes,"""named entity recognition"" food ingredients",Crossref
Interactive unsupervised classification and visualization for browsing an image collection,2010,Pattern Recognition,C_extraccion_desde_ingredientes,"""named entity recognition"" food ingredients",Crossref
Target cattle age of post-slaughter testing for bovine spongiform encephalopathy and infectivity entering the human food chain in Japan,2010,Food Control,C_extraccion_desde_ingredientes,"""named entity recognition"" food ingredients",Crossref
Interception of quorum sensing signal molecule by furanone to enhance shelf life of fermented milk,2010,Food Control,C_extraccion_desde_ingredientes,"""named entity recognition"" food ingredients",Crossref
A semi-supervised approach to space carving,2010,Pattern Recognition,C_extraccion_desde_ingredientes,"""named entity recognition"" food ingredients",Crossref
"Knowledge, attitude and practice of Taif University students on food poisoning",2010,Food Control,C_extraccion_desde_ingredientes,"""named entity recognition"" food ingredients",Crossref
A survey on the sanitary condition of commercial foods of plant origin sold in Brazil,2010,Food Control,C_extraccion_desde_ingredientes,"""named entity recognition"" food ingredients",Crossref
Intraoperative recognition of an intracavitary left anterior descending coronary artery,2010,The Journal of Thoracic and Cardiovascular Surgery,C_extraccion_desde_ingredientes,"""named entity recognition"" food ingredients",Crossref
Pharmacological evidences for the extracts and secondary metabolites from plants of the genus Hibiscus,2010,Food Chemistry,C_extraccion_desde_ingredientes,"""named entity recognition"" food ingredients",Crossref
Free listing: A method to gain initial insight of a food category,2010,Food Quality and Preference,C_extraccion_desde_ingredientes,"""named entity recognition"" food ingredients",Crossref
"Food habits of the Tibetan fox (Vulpes ferrilata) in the Kunlun Mountains, Qinghai Province, China",2010,Mammalian Biology,C_extraccion_desde_ingredientes,"""named entity recognition"" food ingredients",Crossref
Crystallization in “Tarassaco” Italian honey studied by DSC,2010,Food Chemistry,C_extraccion_desde_ingredientes,"""named entity recognition"" food ingredients",Crossref
Water quality for Espresso coffee,2010,Food Chemistry,C_extraccion_desde_ingredientes,"""named entity recognition"" food ingredients",Crossref
Analysis of lactic acid bacteria populations during spontaneous malolactic fermentation of Tempranillo wines at five wineries during two consecutive vintages,2010,Food Control,C_extraccion_desde_ingredientes,"""named entity recognition"" food ingredients",Crossref
Utilisation of pectin coating to enhance spray-dry stability of pea protein-stabilised oil-in-water emulsions,2010,Food Chemistry,C_extraccion_desde_ingredientes,"""named entity recognition"" food ingredients",Crossref
"DETERMINATION OF DRYING PARAMETERS, ASCORBIC ACID CONTENTS AND COLOR CHARACTERISTICS OF NETTLE LEAVES DURING MICROWAVE‐, AIR‐ AND COMBINED MICROWAVE–AIR‐DRYING",2010,Journal of Food Process Engineering,C_extraccion_desde_ingredientes,"""named entity recognition"" food ingredients",Crossref
DETERMINATION OF OIL POINT PRESSURE FOR MELON SEEDS,2010,Journal of Food Process Engineering,C_extraccion_desde_ingredientes,"""named entity recognition"" food ingredients",Crossref
Rapid determination of five post-harvest fungicides and metabolite in citrus fruits by liquid chromatography/time-of-flight mass spectrometry with atmospheric pressure photoionization,2010,Food Control,C_extraccion_desde_ingredientes,"""named entity recognition"" food ingredients",Crossref
Fruit pectins – A suitable tool for screening gelling properties using infrared spectroscopy,2010,Food Hydrocolloids,C_extraccion_desde_ingredientes,"""named entity recognition"" food ingredients",Crossref
Thurstonian models for sensory discrimination tests as generalized linear models,2010,Food Quality and Preference,C_extraccion_desde_ingredientes,"""named entity recognition"" food ingredients",Crossref
Sweet cherry phytochemicals: Identification and characterization by HPLC-DAD/ESI-MS in six sweet-cherry cultivars grown in Valle del Jerte (Spain),2010,Journal of Food Composition and Analysis,C_extraccion_desde_ingredientes,"""named entity recognition"" food ingredients",Crossref
Effects of Trolox and ascorbic acid on the riboflavin photosensitised oxidation of aromatic amino acids,2010,Food Chemistry,C_extraccion_desde_ingredientes,"""named entity recognition"" food ingredients",Crossref
Construction of a complete set of orthogonal Fourier–Mellin moment invariants for pattern recognition applications,2010,Image and Vision Computing,C_extraccion_desde_ingredientes,"""named entity recognition"" food ingredients",Crossref
Substrate contribution on carotenoids production in Blakeslea trispora cultivations,2010,Food and Bioproducts Processing,C_extraccion_desde_ingredientes,"""named entity recognition"" food ingredients",Crossref
Optimizing endopectinase production from date pomace by Aspergillus niger PC5 using response surface methodology,2010,Food and Bioproducts Processing,C_extraccion_desde_ingredientes,"""named entity recognition"" food ingredients",Crossref
"A novel bacteriocin with a broad inhibitory spectrum produced by Lactobacillus sake C2, isolated from traditional Chinese fermented cabbage",2010,Food Control,C_extraccion_desde_ingredientes,"""named entity recognition"" food ingredients",Crossref
Otophyma: a rare and frequently misdiagnosed entity,2010,American Journal of Otolaryngology,C_extraccion_desde_ingredientes,"""named entity recognition"" food ingredients",Crossref
Managing water in agriculture for food production and other ecosystem services,2010,Agricultural Water Management,C_extraccion_desde_ingredientes,"""named entity recognition"" food ingredients",Crossref
Continuous H2 and CH4 production from high-solid food waste in the two-stage thermophilic fermentation process with the recirculation of digester sludge,2010,Bioresource Technology,C_extraccion_desde_ingredientes,"""named entity recognition"" food ingredients",Crossref
Juice clarification by protease and pectinase treatments indicates new roles of pectin and protein in cherry juice turbidity,2010,Food and Bioproducts Processing,C_extraccion_desde_ingredientes,"""named entity recognition"" food ingredients",Crossref
Two Phases of V1 Activity for Visual Recognition of Natural Images,2010,Journal of Cognitive Neuroscience,C_extraccion_desde_ingredientes,"""named entity recognition"" food ingredients",Crossref
"Interactive imaging and vision—Ideas, algorithms and applications",2010,Pattern Recognition,C_extraccion_desde_ingredientes,"""named entity recognition"" food ingredients",Crossref
Antioxidant and anticancer activities of 8-hydroxypsoralen isolated from wampee [Clausena lansium (Lour.) Skeels] peel,2010,Food Chemistry,C_extraccion_desde_ingredientes,"""named entity recognition"" food ingredients",Crossref
ATP-regulation of antioxidant properties and phenolics in litchi fruit during browning and pathogen infection process,2010,Food Chemistry,C_extraccion_desde_ingredientes,"""named entity recognition"" food ingredients",Crossref
Impact of emulsifier microenvironments on acid–base equilibrium and activity of antioxidants,2010,Food Chemistry,C_extraccion_desde_ingredientes,"""named entity recognition"" food ingredients",Crossref
Tracing the geographical origin of honeys based on volatile compounds profiles assessment using pattern recognition techniques,2010,Food Chemistry,C_extraccion_desde_ingredientes,"""named entity recognition"" food ingredients",Crossref
"A novel approach to authenticity control of whole grain durum wheat (Triticum durum Desf.) flour and pasta, based on analysis of alkylresorcinol composition",2010,Food Chemistry,C_extraccion_desde_ingredientes,"""named entity recognition"" food ingredients",Crossref
Characterisation by SPME–GC–MS of the volatile profile of a Spanish soft cheese P.D.O. Torta del Casar during ripening,2010,Food Chemistry,C_extraccion_desde_ingredientes,"""named entity recognition"" food ingredients",Crossref
Antioxidant activities of phenolic rich fractions (PRFs) obtained from black mahlab (Monechma ciliatum) and white mahlab (Prunus mahaleb) seedcakes,2010,Food Chemistry,C_extraccion_desde_ingredientes,"""named entity recognition"" food ingredients",Crossref
A novel angiotensin I converting enzyme inhibitory peptide from tuna frame protein hydrolysate and its antihypertensive effect in spontaneously hypertensive rats,2010,Food Chemistry,C_extraccion_desde_ingredientes,"""named entity recognition"" food ingredients",Crossref
Determination of isoflavone content and antioxidant activity in Psoralea corylifolia L. callus cultures,2010,Food Chemistry,C_extraccion_desde_ingredientes,"""named entity recognition"" food ingredients",Crossref
Heat-induced changes in dairy products containing sucrose,2010,Food Chemistry,C_extraccion_desde_ingredientes,"""named entity recognition"" food ingredients",Crossref
Antiproliferative and antioxidant properties of anthocyanin-rich extract from açai,2010,Food Chemistry,C_extraccion_desde_ingredientes,"""named entity recognition"" food ingredients",Crossref
Antioxidant activity of Potentilla fulgens: An alpine plant of western Himalaya,2010,Journal of Food Composition and Analysis,C_extraccion_desde_ingredientes,"""named entity recognition"" food ingredients",Crossref
"Effects of combined treatments of high pressure, temperature and antimicrobial products on germination of mung bean seeds and microbial quality of sprouts",2010,Food Control,C_extraccion_desde_ingredientes,"""named entity recognition"" food ingredients",Crossref
Pressurized liquid extraction coupled to liquid chromatography for the analysis of ochratoxin A in breakfast and infants cereals from Morocco,2010,Food Control,C_extraccion_desde_ingredientes,"""named entity recognition"" food ingredients",Crossref
Separation and isolation of β-sitosterol oxides and their non-mutagenic potential in the Salmonella microsome assay,2010,Food Chemistry,C_extraccion_desde_ingredientes,"""named entity recognition"" food ingredients",Crossref
Structural characterisation of pentosans from hemicellulose B of wheat varieties with varying chapati-making quality,2010,Food Chemistry,C_extraccion_desde_ingredientes,"""named entity recognition"" food ingredients",Crossref
On-line HPLC–MS–DPPH assay for the analysis of phenolic antioxidant compounds in fruit wine: Antidesma thwaitesianum Muell.,2010,Food Chemistry,C_extraccion_desde_ingredientes,"""named entity recognition"" food ingredients",Crossref
Application of artificial neural networks to the prediction of the antioxidant activity of essential oils in two experimental in vitro models,2010,Food Chemistry,C_extraccion_desde_ingredientes,"""named entity recognition"" food ingredients",Crossref
Effect of cultivar and environment on physicochemical and cooking characteristics of field pea (Pisum sativum),2010,Food Chemistry,C_extraccion_desde_ingredientes,"""named entity recognition"" food ingredients",Crossref
"Flavan-3-ol contents, anti-oxidative and α-glucosidase inhibitory activities of Cynomorium songaricum",2010,Food Chemistry,C_extraccion_desde_ingredientes,"""named entity recognition"" food ingredients",Crossref
The effect of MgCl2 on the kinetics of the Maillard reaction in both aqueous and dehydrated systems,2010,Food Chemistry,C_extraccion_desde_ingredientes,"""named entity recognition"" food ingredients",Crossref
High-power gradient diffusion NMR spectroscopy for the rapid assessment of extra-virgin olive oil adulteration,2010,Food Chemistry,C_extraccion_desde_ingredientes,"""named entity recognition"" food ingredients",Crossref
Antimicrobial potential of Coriandrum sativum L. against different Candida species in vitro,2010,Food Chemistry,C_extraccion_desde_ingredientes,"""named entity recognition"" food ingredients",Crossref
Direct determination of free tryptophan contents in soy sauces and its application as an index of soy sauce adulteration,2010,Food Chemistry,C_extraccion_desde_ingredientes,"""named entity recognition"" food ingredients",Crossref
The potential of coupling information using three analytical techniques for identifying the geographical origin of Liguria extra virgin olive oil,2010,Food Chemistry,C_extraccion_desde_ingredientes,"""named entity recognition"" food ingredients",Crossref
Authentication of extra virgin olive oils by Fourier-transform infrared spectroscopy,2010,Food Chemistry,C_extraccion_desde_ingredientes,"""named entity recognition"" food ingredients",Crossref
Antioxidant activities of malt extract from barley (Hordeum vulgare L.) toward various oxidative stress in vitro and in vivo,2010,Food Chemistry,C_extraccion_desde_ingredientes,"""named entity recognition"" food ingredients",Crossref
Effects of heat treatment and acid-induced gelation on aroma release from flavoured skim milk,2010,Food Chemistry,C_extraccion_desde_ingredientes,"""named entity recognition"" food ingredients",Crossref
Antioxidant and antiproliferative activities of phytochemicals from Quince (Cydonia vulgaris) peels,2010,Food Chemistry,C_extraccion_desde_ingredientes,"""named entity recognition"" food ingredients",Crossref
Changes in durum wheat kernel and pasta proteins induced by toasting and drying processes,2010,Food Chemistry,C_extraccion_desde_ingredientes,"""named entity recognition"" food ingredients",Crossref
Solutions properties and solute–solvent interactions in ternary sugar–salt–water solutions,2010,Food Chemistry,C_extraccion_desde_ingredientes,"""named entity recognition"" food ingredients",Crossref
Laccase-generated tetramethoxy azobismethylene quinone (TMAMQ) as a tool for antioxidant activity measurement,2010,Food Chemistry,C_extraccion_desde_ingredientes,"""named entity recognition"" food ingredients",Crossref
Protective effects of quercetin-3-rhamnoglucoside (rutin) on ischemia-reperfusion injury in rat small intestine,2010,Food Chemistry,C_extraccion_desde_ingredientes,"""named entity recognition"" food ingredients",Crossref
Flow injection analysis of BHA by NiHCF modified electrode,2010,Food Chemistry,C_extraccion_desde_ingredientes,"""named entity recognition"" food ingredients",Crossref
Solid-phase microextraction gas chromatography–mass spectrometry (HS-SPME-GC–MS) determination of volatile compounds in orujo spirits: Multivariate chemometric characterisation,2010,Food Chemistry,C_extraccion_desde_ingredientes,"""named entity recognition"" food ingredients",Crossref
Gold nanoparticle-based lateral flow assay for detection of staphylococcal enterotoxin B,2010,Food Chemistry,C_extraccion_desde_ingredientes,"""named entity recognition"" food ingredients",Crossref
A novel size-exclusion high performance liquid chromatography (SE-HPLC) method for measuring degree of amylose retrogradation in rice starch,2010,Food Chemistry,C_extraccion_desde_ingredientes,"""named entity recognition"" food ingredients",Crossref
"Linking biodiversity, food and nutrition: The importance of plant identification and nomenclature",2010,Journal of Food Composition and Analysis,C_extraccion_desde_ingredientes,"""named entity recognition"" food ingredients",Crossref
Automated Artificial Intelligence–Based Thai Food Dietary Assessment System: Development and Validation,2024,Current Developments in Nutrition,D_calidad_open_food_facts,"""Open Food Facts""",OpenAlex
Application aux produits disponibles sur le marché français du profil nutritionnel associé au système 5 couleurs (5-C) : cohérence avec les repères de consommation du PNNS,2015,Cahiers de Nutrition et de Diététique,D_calidad_open_food_facts,"""Open Food Facts""",OpenAlex
Integrasi Data dan Visualisasi Graf pada Aplikasi Halal Nutrition Food,2018,,D_calidad_open_food_facts,"""Open Food Facts""",OpenAlex
FoodNexus: Massive Food Knowledge for Recommender Systems,2026,Lecture notes in computer science,D_calidad_open_food_facts,"""Open Food Facts""",OpenAlex
Virtual Assistant for Querying Databases in Natural Language,2022,Lecture notes in networks and systems,D_calidad_open_food_facts,"""Open Food Facts""",OpenAlex
EcoGradeML: Predicting Food Eco-Grades from Ingredient Lists,2026,Lecture notes on data engineering and communications technologies,D_calidad_open_food_facts,"""Open Food Facts""",OpenAlex
Bridging gaps in food labelling,2022,Nutrition Bulletin,D_calidad_open_food_facts,"""Open Food Facts""",OpenAlex
Impact de la mise à jour de l’algorithme du logo nutritionnel Nutri-Score sur la classification des produits de la catégorie des pains de mie,2023,Cahiers de Nutrition et de Diététique,D_calidad_open_food_facts,"""Open Food Facts""",OpenAlex
"Carbon-Aware Sustainable Digital Shopping: A Federated, Behavior-Aware System for Real-Time Basket-Level Emissions Optimization in E-Commerce",2026,Research Square,D_calidad_open_food_facts,"""Open Food Facts""",OpenAlex
Correlation of wound pain following open heart surgery (median sternotomy) and sternum misalignment assessed using X-ray computed tomography,2011,International Journal of Angiology,D_calidad_open_food_facts,"""Open Food Facts""",Crossref
No increase in mortality after open infrarenal aortic surgery in the era of evar,2011,International Journal of Angiology,D_calidad_open_food_facts,"""Open Food Facts""",Crossref
A Holomorphic 0-surgery Model for Open Books,2010,International Mathematics Research Notices,D_calidad_open_food_facts,"""Open Food Facts""",Crossref
Table of Contents,2013,Obesity Facts,D_calidad_open_food_facts,"""Open Food Facts""",Crossref
High-pressure granulites of the Bohemian Massif: recent advances and open questions,2012,Journal of GEOsciences,D_calidad_open_food_facts,"""Open Food Facts""",Crossref
Does Hyponatremia have a Value in the Diagnosis of Extrapulmonary Tuberculosis in HIV-1 Infected Patients in Cambodia?,2017,The Open Infectious Diseases Journal,D_calidad_open_food_facts,"""Open Food Facts""",Crossref
Commonly consumed Indian plant food materials in the management of diabetes mellitus,2010,Diabetes &amp; Metabolic Syndrome: Clinical Research &amp; Reviews,D_calidad_open_food_facts,"""Open Food Facts""",Crossref
Correlation Between PTEN and VEGF Expressions During the Development of Gas Gland in Japanese Eel (Anguilla japonica) Stimulated by Exogenous Hypophyseal Factors,2010,The Open Zoology Journal,D_calidad_open_food_facts,"""Open Food Facts""",Crossref
Artifact mimicking non-sustained polymorphic ventricular tachycardia in a patient with recent myocardial infarction,2010,Open Medicine,D_calidad_open_food_facts,"""Open Food Facts""",Crossref
Author's response: Antidepressants and anxiolytics in pregnancy: The facts stand,2013,European Journal of Obstetrics &amp; Gynecology and Reproductive Biology,D_calidad_open_food_facts,"""Open Food Facts""",Crossref
"Characterisation of authentic Italian extra-virgin olive oils by stable isotope ratios of C, O and H and mineral composition",2010,Food Chemistry,D_calidad_open_food_facts,"""Open Food Facts""",Crossref
On measuring speculative and hedging activities in futures markets from volume and open interest data,2010,Applied Economics,D_calidad_open_food_facts,"""Open Food Facts""",Crossref
Antioxidative Activity of Carbon Nanotube and Nanofiber,2010,The Open Materials Science Journal,D_calidad_open_food_facts,"""Open Food Facts""",Crossref
"The combination of stable isotope abundance ratios of H, C, N and S with 87Sr/86Sr for geographical origin assignment of orange juices",2010,Food Chemistry,D_calidad_open_food_facts,"""Open Food Facts""",Crossref
The use of stable carbon isotopes to authenticate claims that poultry have been corn-fed,2010,Food Chemistry,D_calidad_open_food_facts,"""Open Food Facts""",Crossref
Quantitation using informative zeros (QUIZ): Application for GMO detection and quantification without recourse to certified reference material,2010,Food Chemistry,D_calidad_open_food_facts,"""Open Food Facts""",Crossref
Non-dairy probiotic products,2010,Food Microbiology,D_calidad_open_food_facts,"""Open Food Facts""",Crossref
MECHANICAL BEHAVIOR AND PHYSICAL PROPERTIES OF CHICKEN EGG AS AFFECTED BY DIFFERENT EGG WEIGHTS,2010,Journal of Food Process Engineering,D_calidad_open_food_facts,"""Open Food Facts""",Crossref
Seasonal Genetic Structure Analysis of a Resident Population of European Robin~!2008-04-04~!2008-06-02~!2008-06-13~!,2010,The Open Zoology Journal,D_calidad_open_food_facts,"""Open Food Facts""",Crossref
Effect of spontaneously generated coherence on probe response in an open system,2010,Optik,D_calidad_open_food_facts,"""Open Food Facts""",Crossref
Chaos control and synchronization of a three-species food chain model via Holling functional response,2010,International Journal of Computer Mathematics,D_calidad_open_food_facts,"""Open Food Facts""",Crossref
Application of trace element and stable isotope signatures to determine the provenance of tea (Camellia sinensis) samples,2010,Food Chemistry,D_calidad_open_food_facts,"""Open Food Facts""",Crossref
Introito-cervical sigmoid colon transpositioning procedure,2010,Open Medicine,D_calidad_open_food_facts,"""Open Food Facts""",Crossref
A metastatic gastric cancer mimicking a chronic myeloproliferative disorder,2010,Open Medicine,D_calidad_open_food_facts,"""Open Food Facts""",Crossref
Rheological and crystalline properties of trans-free model fat blends as affected by the length of fatty acid chains,2010,Journal of Food Engineering,D_calidad_open_food_facts,"""Open Food Facts""",Crossref
Food Types in the Diet and the Nutrient Intake of Obese and Non-Obese Children,2011,Journal of Clinical Research in Pediatric Endocrinology,D_calidad_open_food_facts,"""Open Food Facts""",Crossref
Propagation Lifetime from the Surface and Internal Defects in the Ultra High Cycle Fatigue Regime~!2008-03-10~!2008-05-06~!2008-07-03~!,2010,The Open Materials Science Journal,D_calidad_open_food_facts,"""Open Food Facts""",Crossref
Characterization of Ni-Co-PVC and Ni-Cu-PVC Alloys Prepared By Mechanical Alloying Technique (MAT)~!2008-04-10~!2008-07-03~!2008-08-05~!,2010,The Open Materials Science Journal,D_calidad_open_food_facts,"""Open Food Facts""",Crossref
Nitric Oxide as an Efferent Modulator of Circadian Pacemaker Neurones in the Eye of the Marine Mollusc Bulla gouldiana~!2008-04-11~!2008-06-27~!2008-08-26~!,2010,The Open Zoology Journal,D_calidad_open_food_facts,"""Open Food Facts""",Crossref
Stable C and N isotope ratio analysis for regional geographical traceability of cattle in China,2010,Food Chemistry,D_calidad_open_food_facts,"""Open Food Facts""",Crossref
Development of primer and probe sets for the detection of plant species in honey,2010,Food Chemistry,D_calidad_open_food_facts,"""Open Food Facts""",Crossref
Multivariate analysis of NMR fingerprint of the unsaponifiable fraction of virgin olive oils for authentication purposes,2010,Food Chemistry,D_calidad_open_food_facts,"""Open Food Facts""",Crossref
Giant iliac artery aneurysm,2010,Open Medicine,D_calidad_open_food_facts,"""Open Food Facts""",Crossref
The effects of parenteral glutamine on intestinal adaptation in a rat model of short bowel syndrome,2010,Open Medicine,D_calidad_open_food_facts,"""Open Food Facts""",Crossref
Prospective Randomized Study for Comparison of Open Surgery with Laparoscopic-Assisted Placement of Tenckhoff Peritoneal Dialysis Catheter—A Single Center Experience and Literature Review,2010,Journal of Surgical Research,D_calidad_open_food_facts,"""Open Food Facts""",Crossref
Physical and Optical Properties of Poly(3-AlkylThiophene) with a View to the Fabrication of a Highly Nonlinear Waveguide~!2008-06-17~!2008-08-22~!2008-09-18~!,2010,The Open Materials Science Journal,D_calidad_open_food_facts,"""Open Food Facts""",Crossref
Progesterone Affects Vitellogenesis in Octopus vulgaris~!2008-04-01~!2008-08-19~!2008-09-22~!,2010,The Open Zoology Journal,D_calidad_open_food_facts,"""Open Food Facts""",Crossref
Experimental study of heat transfer intensification by using a novel combined shelf in food refrigerated display cabinets (Experimental study of a novel cabinets),2010,Applied Thermal Engineering,D_calidad_open_food_facts,"""Open Food Facts""",Crossref
Identification of botanical biomarkers found in Corsican honey,2010,Food Chemistry,D_calidad_open_food_facts,"""Open Food Facts""",Crossref
The use of reverse-flow dorsal metacarpal artery flaps after postburn metacarpophalangeal joint flexion contracture release,2010,Open Medicine,D_calidad_open_food_facts,"""Open Food Facts""",Crossref
Paraurethral cyst: a case report,2010,Open Medicine,D_calidad_open_food_facts,"""Open Food Facts""",Crossref
A simple one-step PCR method for the identification between European and American razor clams species,2010,Food Chemistry,D_calidad_open_food_facts,"""Open Food Facts""",Crossref
"Early Development of the Cranial Nerves in a Primitive Vertebrate, the Sea Lamprey, Petromyzon Marinus L.~!2008-08-19~!2008-09-30~!2008-10-24~!",2010,The Open Zoology Journal,D_calidad_open_food_facts,"""Open Food Facts""",Crossref
"Prediction of the identity of fats and oils by their fatty acid, triacylglycerol and volatile compositions using PLS-DA",2010,Food Chemistry,D_calidad_open_food_facts,"""Open Food Facts""",Crossref
Examining preschoolers' nutrition knowledge using a meal creation and food group classification task: age and gender differences,2010,Early Child Development and Care,D_calidad_open_food_facts,"""Open Food Facts""",Crossref
Towards a multiplex cereal traceability tool using padlock probe ligation on genomic DNA,2010,Food Chemistry,D_calidad_open_food_facts,"""Open Food Facts""",Crossref
A hybrid evolution strategy for the open vehicle routing problem,2010,Computers &amp; Operations Research,D_calidad_open_food_facts,"""Open Food Facts""",Crossref
Investigation on the Static Response and Failure Process of Metallic Open Lattice Cellular Structures,2010,Strain,D_calidad_open_food_facts,"""Open Food Facts""",Crossref
Verification of the geological origin of bottled mineral water using artificial neural networks,2010,Food Chemistry,D_calidad_open_food_facts,"""Open Food Facts""",Crossref
FUZZY CLUSTERING MODELING AND EVALUATION OF SURFACE INTERACTIONS AND EMULSIONS OF SELECTED WHEAT PROTEIN COMBINED TO IOTA‐CARRAGEENAN AND GUM ARABIC SOLUTIONS,2010,Journal of Food Process Engineering,D_calidad_open_food_facts,"""Open Food Facts""",Crossref
Inhibition of Penicillium nordicum in MRS medium by lactic acid bacteria isolated from foods,2010,Food Control,D_calidad_open_food_facts,"""Open Food Facts""",Crossref
Complications of open primary and post-chemotherapy retroperitoneal lymph node dissection for testicular cancer,2010,Urologic Oncology: Seminars and Original Investigations,D_calidad_open_food_facts,"""Open Food Facts""",Crossref
Rituximab in diffuse cutaneous systemic sclerosis: an open-label clinical and histopathological study,2010,Annals of the Rheumatic Diseases,D_calidad_open_food_facts,"""Open Food Facts""",Crossref
MICROBIAL ANALYSIS AND TEXTURAL PROPERTIES OF CANTONESE SAUSAGE,2010,Journal of Food Process Engineering,D_calidad_open_food_facts,"""Open Food Facts""",Crossref
SUPERCRITICAL CARBON DIOXIDE SELECTIVITY TO FRACTIONATE PHENOLIC COMPOUNDS FROM THE DRY ETHANOLIC EXTRACT OF PROPOLIS,2010,Journal of Food Process Engineering,D_calidad_open_food_facts,"""Open Food Facts""",Crossref
A model and prototype implementation for tracking and tracing agricultural batch products along the food chain,2010,Food Control,D_calidad_open_food_facts,"""Open Food Facts""",Crossref
Aflatoxin M1 contamination in milk from five dairy species in Pakistan,2010,Food Control,D_calidad_open_food_facts,"""Open Food Facts""",Crossref
Influence of processing on the levels of amines and proline and on the physico-chemical characteristics of concentrated orange juice,2010,Food Chemistry,D_calidad_open_food_facts,"""Open Food Facts""",Crossref
Preparation of Carbon Coated FeWO4 and its Photocatalytic Activity Under Visible Light~!2008-10-27~!2008-11-26~!2008-12-31~!,2010,The Open Materials Science Journal,D_calidad_open_food_facts,"""Open Food Facts""",Crossref
Comparison of essential oils compositions of Nepeta persica obtained by supercritical carbon dioxide extraction and steam distillation methods,2010,Food and Bioproducts Processing,D_calidad_open_food_facts,"""Open Food Facts""",Crossref
Effect of different drying conditions on the vitamin C (ascorbic acid) content of Hayward kiwifruits (Actinidia deliciosa Planch),2010,Food and Bioproducts Processing,D_calidad_open_food_facts,"""Open Food Facts""",Crossref
A continuous esterification of malonic acid with citronellol using packed bed reactor: Investigation of parameter and kinetics study,2010,Food and Bioproducts Processing,D_calidad_open_food_facts,"""Open Food Facts""",Crossref
"Nitrogen, sustainable agriculture and food security. A review",2010,Agronomy for Sustainable Development,D_calidad_open_food_facts,"""Open Food Facts""",Crossref
Treatment of metacarpal fractures with open reduction and lowprofile plate and screw fixation,2020,Acta Orthopaedica et Traumatologica Turcica,D_calidad_open_food_facts,"""Open Food Facts""",Crossref
Antioxidant activity of sparkling wines produced by Champenoise and Charmat methods,2010,Food Chemistry,D_calidad_open_food_facts,"""Open Food Facts""",Crossref
"Arable land requirements based on food consumption patterns: Case study in rural Guyuan District, Western China",2010,Ecological Economics,D_calidad_open_food_facts,"""Open Food Facts""",Crossref
Dynamical consequences of predator interference in a tri-trophic model food chain,2010,Nonlinear Analysis: Real World Applications,D_calidad_open_food_facts,"""Open Food Facts""",Crossref
The Deformation Microstructure and Eutectic Melting Activation Energy of AZ91D Alloy~!2008-08-15~!2008-12-12~!2009-01-21~!,2010,The Open Materials Science Journal,D_calidad_open_food_facts,"""Open Food Facts""",Crossref
Economic fluctuations in Central and Eastern Europe: the facts,2010,Applied Economics,D_calidad_open_food_facts,"""Open Food Facts""",Crossref
Food shelf life: estimation and optimal design,2010,Journal of Statistical Computation and Simulation,D_calidad_open_food_facts,"""Open Food Facts""",Crossref
SORT-CC: A procedure for the statistical treatment of free sorting data,2010,Food Quality and Preference,D_calidad_open_food_facts,"""Open Food Facts""",Crossref
Seasonal food habits of corsac and red foxes in Mongolia and the potential for competition,2010,Mammalian Biology,D_calidad_open_food_facts,"""Open Food Facts""",Crossref
Anthocyanins and polyphenol oxidase from dried arils of pomegranate (Punica granatum L.),2010,Food Chemistry,D_calidad_open_food_facts,"""Open Food Facts""",Crossref
Photocatalytic Surfaces: Environmental Benefits of Nanotitania§~!2008-09-11~!2008-09-20~!2009-01-30~!,2010,The Open Materials Science Journal,D_calidad_open_food_facts,"""Open Food Facts""",Crossref
Dynamics of Hepatic Melanogenesis in Newts in Recovery Phase from Hypoxia~!2008-11-17~!2008-12-01~!2009-01-26~!,2010,The Open Zoology Journal,D_calidad_open_food_facts,"""Open Food Facts""",Crossref
"Habitat Variation Among Aquatic Gastropod Assemblages of Indiana, USA~!2008-11-19~!2008-12-24~!2009-01-22~!",2010,The Open Zoology Journal,D_calidad_open_food_facts,"""Open Food Facts""",Crossref
INTEGRATING FUZZY LOGIC PROCEDURE FOR SIGNAL VALIDATIONS: MALTA COLORING AS STUDY CASE,2010,Journal of Food Process Engineering,D_calidad_open_food_facts,"""Open Food Facts""",Crossref
POLYSACCHARIDES FROM MULBERRY LEAF IN RELATION TO THEIR ANTIOXIDANT ACTIVITY AND ANTIBACTERIAL ABILITY,2010,Journal of Food Process Engineering,D_calidad_open_food_facts,"""Open Food Facts""",Crossref
IMAGE PROCESSING AND PHYSICO‐MECHANICAL PROPERTIES OF BASIL SEED (<i>OCIMUM BASILICUM</i>),2010,Journal of Food Process Engineering,D_calidad_open_food_facts,"""Open Food Facts""",Crossref
STUDY ON INTERACTION AMONG EXTRUSION‐COOKING PROCESS VARIABLES AND ENZYME ACTIVITY: EVALUATION OF EXTRUDATE STRUCTURE,2010,Journal of Food Process Engineering,D_calidad_open_food_facts,"""Open Food Facts""",Crossref
EFFECT OF SOLAR DRYING ON THE COMPOSITION OF ESSENTIAL OIL OF <i>SACHA CULANTRO</i> (<i>ERYNGIUM FOETIDUM</i> L.) GROWN IN THE PERUVIAN AMAZON,2010,Journal of Food Process Engineering,D_calidad_open_food_facts,"""Open Food Facts""",Crossref
PRELIMINARY AND COMPARATIVE STUDIES ON THE CULTIVATIONS OF <i>DUNALIELLA SALINA</i> BETWEEN OUTDOORS AND IN THE PHOTOBIOREACTOR,2010,Journal of Food Process Engineering,D_calidad_open_food_facts,"""Open Food Facts""",Crossref
QUANTIFICATION OF FLUX DECLINE AND DESIGN OF ULTRAFILTRATION SYSTEM FOR CLARIFICATION OF TENDER COCONUT WATER,2010,Journal of Food Process Engineering,D_calidad_open_food_facts,"""Open Food Facts""",Crossref
IMPACT OF BLENDING OF FRYING OILS ON VISCOSITY AND HEAT TRANSFER COEFFICIENT AT ELEVATED TEMPERATURES,2010,Journal of Food Process Engineering,D_calidad_open_food_facts,"""Open Food Facts""",Crossref
Hopf bifurcation analysis of a food-limited population model with delay,2010,Nonlinear Analysis: Real World Applications,D_calidad_open_food_facts,"""Open Food Facts""",Crossref
Risk Assessment of Choleragenic <i>Vibrio cholerae</i> 01 and 0139 in Warm‐water Shrimp in International Trade,2010,International Journal of Food Science &amp; Technology,D_calidad_open_food_facts,"""Open Food Facts""",Crossref
<i>Enterobacter sakazakii</i> and <i>Salmonella</i> in Powdered Infant Formula: meeting report,2010,International Journal of Food Science &amp; Technology,D_calidad_open_food_facts,"""Open Food Facts""",Crossref
Handbook of Innovation in the Food and Drink Industry,2010,International Journal of Food Science &amp; Technology,D_calidad_open_food_facts,"""Open Food Facts""",Crossref
Carbohydrate Chemistry for Food Scientists,2010,International Journal of Food Science &amp; Technology,D_calidad_open_food_facts,"""Open Food Facts""",Crossref
Learning basic addition facts from choosing between alternative answers,2010,Learning and Instruction,D_calidad_open_food_facts,"""Open Food Facts""",Crossref
"Characteristic prefrontal blood volume patterns when imaging body type, high-calorie food, and mother–child attachment in childhood anorexia nervosa: A near infrared spectroscopy study",2010,Brain and Development,D_calidad_open_food_facts,"""Open Food Facts""",Crossref
Classification and Antimicrobial Susceptibilities of<i>Enterococcus</i>Species Isolated from Apparently Healthy Food-Producing Animals in Japan,2010,Zoonoses and Public Health,D_calidad_open_food_facts,"""Open Food Facts""",Crossref
Magnetic Behavior at Low Temperature of Carbon Foams Prepared by the Controlled Pyrolysis of Saccharose~!2009-01-06~!2009-01-13~!2009-02-13~!,2010,The Open Materials Science Journal,D_calidad_open_food_facts,"""Open Food Facts""",Crossref
Surgical site infection rate is lower in laparoscopic than open colorectal surgery,2010,Colorectal Disease,D_calidad_open_food_facts,"""Open Food Facts""",Crossref
Development of a method to measure consumer emotions associated with foods,2010,Food Quality and Preference,D_calidad_open_food_facts,"""Open Food Facts""",Crossref
Chemical stability of açai fruit (Euterpe oleracea Mart.) anthocyanins as influenced by naturally occurring and externally added polyphenolic cofactors in model systems,2010,Food Chemistry,D_calidad_open_food_facts,"""Open Food Facts""",Crossref
An open‐source software for interactive visualization using C++ and OpenGL: Applications to stochastic theory education in water resources engineering,2011,Computer Applications in Engineering Education,D_calidad_open_food_facts,"""Open Food Facts""",Crossref
Handbook of Innovation in the Food and Drink Industry,2010,Tourism Management,D_calidad_open_food_facts,"""Open Food Facts""",Crossref
A planning and scheduling problem for an operating theatre using an open scheduling strategy,2010,Computers &amp; Industrial Engineering,D_calidad_open_food_facts,"""Open Food Facts""",Crossref
Leaving home: Food choice behavior of young German adults,2010,Journal of Business Research,D_calidad_open_food_facts,"""Open Food Facts""",Crossref
Hand‐assisted laparoscopic versus open approach in colorectal surgery: a systematic review,2010,Colorectal Disease,D_calidad_open_food_facts,"""Open Food Facts""",Crossref
Proteins in white wines: Thermo-sensitivity and differential adsorbtion by bentonite,2010,Food Chemistry,D_calidad_open_food_facts,"""Open Food Facts""",Crossref
Formation of heterocyclic amines in slices of Longissimus thoracis beef muscle subjected to jets of superheated steam,2010,Food Chemistry,D_calidad_open_food_facts,"""Open Food Facts""",Crossref
"Food Security, Health, and Medication Expenditures of Emergency Department Patients",2010,The Journal of Emergency Medicine,D_calidad_open_food_facts,"""Open Food Facts""",Crossref
EFFECTS OF DIFFERENT PEKMEZ (FRUIT MOLASSES) TYPES USED AS A NATURAL SUGAR SOURCE ON THE BATTER RHEOLOGY AND PHYSICAL PROPERTIES OF CAKES,2010,Journal of Food Process Engineering,D_calidad_open_food_facts,"""Open Food Facts""",Crossref
Cloud point extraction preconcentration and spectrophotometric determination of copper in food and water samples using amino acid as the complexing agent,2010,Journal of Food Composition and Analysis,D_calidad_open_food_facts,"""Open Food Facts""",Crossref
DRYING EFFECTS OF TWO AIR‐DRYING SHELTERS IN A PILOT TEST ON SULTANA GRAPES,2010,Journal of Food Process Engineering,D_calidad_open_food_facts,"""Open Food Facts""",Crossref
POROSITY DEVELOPMENT AND ITS EFFECT ON OIL UPTAKE DURING FRYING PROCESS,2010,Journal of Food Process Engineering,D_calidad_open_food_facts,"""Open Food Facts""",Crossref
APPLICATION OF DISCRETE MODELING APPROACH TO FLUIDIZED BED YEAST DRYING,2010,Journal of Food Process Engineering,D_calidad_open_food_facts,"""Open Food Facts""",Crossref
OPTIMIZATION OF NEW FLOUR IMPROVER MIXING FORMULA BY SURFACE RESPONSE METHODOLOGY,2010,Journal of Food Process Engineering,D_calidad_open_food_facts,"""Open Food Facts""",Crossref
NEURAL NETWORK MODELING OF END‐OVER‐END THERMAL PROCESSING OF PARTICULATES IN VISCOUS FLUIDS,2010,Journal of Food Process Engineering,D_calidad_open_food_facts,"""Open Food Facts""",Crossref
"GEOMETRICAL, THERMAL AND MECHANICAL PROPERTIES OF OLIVE FRUITS",2010,Journal of Food Process Engineering,D_calidad_open_food_facts,"""Open Food Facts""",Crossref
THIN‐LAYER DRYING BEHAVIORS OF OLIVE LEAVES (<i>OLEA EUROPAEA</i> L.),2010,Journal of Food Process Engineering,D_calidad_open_food_facts,"""Open Food Facts""",Crossref
Optimising acceptability of new prebiotic low-fat milk beverages,2010,Food Quality and Preference,D_calidad_open_food_facts,"""Open Food Facts""",Crossref
Circadian patterns of antioxidant and lipid peroxidation status in daytime food restricted rats,2010,Biological Rhythm Research,D_calidad_open_food_facts,"""Open Food Facts""",Crossref
Night-time food restriction modulates the circadian patterns of redox status in rats,2010,Biological Rhythm Research,D_calidad_open_food_facts,"""Open Food Facts""",Crossref
"Genotypic variation of beta-carotene and lutein contents in tea germplasms, Camellia sinensis (L.) O. Kuntze",2010,Journal of Food Composition and Analysis,D_calidad_open_food_facts,"""Open Food Facts""",Crossref
Experimental design on supercritical extraction of essential oil from valerian roots and study of optimal conditions,2010,Food and Bioproducts Processing,D_calidad_open_food_facts,"""Open Food Facts""",Crossref
Supercritical carbon dioxide extraction of bioactive flavonoid from Strobilanthes crispus (Pecah Kaca),2010,Food and Bioproducts Processing,D_calidad_open_food_facts,"""Open Food Facts""",Crossref
The time cost of food at home: general and food stamp participant profiles,2010,Applied Economics,D_calidad_open_food_facts,"""Open Food Facts""",Crossref
"Oxygenogenesis, a Defence Mechanism of the Newt for Surviving Anoxic Stress~!2008-11-11~!2009-01-14~!2009-03-13~!",2010,The Open Zoology Journal,D_calidad_open_food_facts,"""Open Food Facts""",Crossref
Land use competition for production of food and liquid biofuels: An analysis of the arguments in the current debate,2010,Renewable Energy,D_calidad_open_food_facts,"""Open Food Facts""",Crossref
Point-by-point inscription of 250-nm-period structure in bulk fused silica by tightly-focused femtosecond UV pulses: experiment and numerical modeling,2010,Open Physics,D_calidad_open_food_facts,"""Open Food Facts""",Crossref
A role for “omics” technologies in food safety assessment,2010,Food Control,D_calidad_open_food_facts,"""Open Food Facts""",Crossref
Radio frequency heating of comminuted meats - considerations in relation to microbial challenge studies,2010,Food Control,D_calidad_open_food_facts,"""Open Food Facts""",Crossref
"Oestrus in the Julia Creek dunnart (Sminthopsis douglasi) is associated with wheel running behaviour but not necessarily changes in body weight, food consumption or pouch morphology",2010,Animal Reproduction Science,D_calidad_open_food_facts,"""Open Food Facts""",Crossref
Development and application of a centrifugation-plating method to study the biodiversity of Bacillus species in rice products,2010,Food Control,D_calidad_open_food_facts,"""Open Food Facts""",Crossref
"Effect of conformation and water interactions of sucrose, maltitol, mannitol and xylitol on their metastable zone width and ease of nucleation",2010,Food Chemistry,D_calidad_open_food_facts,"""Open Food Facts""",Crossref
"Vol. 6, Issue 2, April 2013",2013,Obesity Facts,D_calidad_open_food_facts,"""Open Food Facts""",Crossref
Relationship of pungency and leading flavour attributes in model food matrices – temporal aspects,2010,Food Quality and Preference,D_calidad_open_food_facts,"""Open Food Facts""",Crossref
Reliability of stable isotope values from meat juice for the determination of the meat origin,2010,Food Chemistry,D_calidad_open_food_facts,"""Open Food Facts""",Crossref
Determination of nutritional and toxic elements in pasteurized bovine milk from Vale do Paraiba region (Brazil),2010,Food Control,D_calidad_open_food_facts,"""Open Food Facts""",Crossref
Surveillance of pesticide residues in fruits from Valencia during twenty months (2004/05),2010,Food Control,D_calidad_open_food_facts,"""Open Food Facts""",Crossref
Ochratoxin A removal in synthetic media by living and heat-inactivated cells of Oenococcus oeni isolated from wines,2010,Food Control,D_calidad_open_food_facts,"""Open Food Facts""",Crossref
Contamination of UHT milk by aflatoxin M1 in Iran,2010,Food Control,D_calidad_open_food_facts,"""Open Food Facts""",Crossref
Determination of histamine and biogenic amines in fish cubes (Tetrapturus angustirostris) implicated in a food-borne poisoning,2010,Food Control,D_calidad_open_food_facts,"""Open Food Facts""",Crossref
Theoretical Verification Necessity of Leakage Currents Using Sm Doped Ceria Electrolytes in SOFCs~!2009-01-29~!2009-03-03~!2009-03-19~!,2010,The Open Materials Science Journal,D_calidad_open_food_facts,"""Open Food Facts""",Crossref
On the global values of the queue length in open queueing networks,2010,International Journal of Computer Mathematics,D_calidad_open_food_facts,"""Open Food Facts""",Crossref
Target cattle age of post-slaughter testing for bovine spongiform encephalopathy and infectivity entering the human food chain in Japan,2010,Food Control,D_calidad_open_food_facts,"""Open Food Facts""",Crossref
Interception of quorum sensing signal molecule by furanone to enhance shelf life of fermented milk,2010,Food Control,D_calidad_open_food_facts,"""Open Food Facts""",Crossref
Polynomial time algorithms for two special classes of the proportionate multiprocessor open shop,2010,European Journal of Operational Research,D_calidad_open_food_facts,"""Open Food Facts""",Crossref
"Knowledge, attitude and practice of Taif University students on food poisoning",2010,Food Control,D_calidad_open_food_facts,"""Open Food Facts""",Crossref
A survey on the sanitary condition of commercial foods of plant origin sold in Brazil,2010,Food Control,D_calidad_open_food_facts,"""Open Food Facts""",Crossref
Pharmacological evidences for the extracts and secondary metabolites from plants of the genus Hibiscus,2010,Food Chemistry,D_calidad_open_food_facts,"""Open Food Facts""",Crossref
Free listing: A method to gain initial insight of a food category,2010,Food Quality and Preference,D_calidad_open_food_facts,"""Open Food Facts""",Crossref
"Food habits of the Tibetan fox (Vulpes ferrilata) in the Kunlun Mountains, Qinghai Province, China",2010,Mammalian Biology,D_calidad_open_food_facts,"""Open Food Facts""",Crossref
Crystallization in “Tarassaco” Italian honey studied by DSC,2010,Food Chemistry,D_calidad_open_food_facts,"""Open Food Facts""",Crossref
Open <i>vs</i> laparoscopic repair of full‐thickness rectal prolapse: a re‐meta‐analysis,2010,Colorectal Disease,D_calidad_open_food_facts,"""Open Food Facts""",Crossref
Open <i>vs</i> laparoscopic approach for reversal of Hartmann’s procedure: a systematic review,2010,Colorectal Disease,D_calidad_open_food_facts,"""Open Food Facts""",Crossref
Water quality for Espresso coffee,2010,Food Chemistry,D_calidad_open_food_facts,"""Open Food Facts""",Crossref
Analysis of lactic acid bacteria populations during spontaneous malolactic fermentation of Tempranillo wines at five wineries during two consecutive vintages,2010,Food Control,D_calidad_open_food_facts,"""Open Food Facts""",Crossref
Utilisation of pectin coating to enhance spray-dry stability of pea protein-stabilised oil-in-water emulsions,2010,Food Chemistry,D_calidad_open_food_facts,"""Open Food Facts""",Crossref
Open atmosphere laser assisted spray pyrolysis technique for deposition of Al<sub>2</sub>O<sub>3</sub> and yttria stabilised zirconia nanostructured coatings,2011,Surface Engineering,D_calidad_open_food_facts,"""Open Food Facts""",Crossref
"DETERMINATION OF DRYING PARAMETERS, ASCORBIC ACID CONTENTS AND COLOR CHARACTERISTICS OF NETTLE LEAVES DURING MICROWAVE‐, AIR‐ AND COMBINED MICROWAVE–AIR‐DRYING",2010,Journal of Food Process Engineering,D_calidad_open_food_facts,"""Open Food Facts""",Crossref
DETERMINATION OF OIL POINT PRESSURE FOR MELON SEEDS,2010,Journal of Food Process Engineering,D_calidad_open_food_facts,"""Open Food Facts""",Crossref
Rapid determination of five post-harvest fungicides and metabolite in citrus fruits by liquid chromatography/time-of-flight mass spectrometry with atmospheric pressure photoionization,2010,Food Control,D_calidad_open_food_facts,"""Open Food Facts""",Crossref
Photoacoustic spectroscopy for trace gas detection with cryogenic and room-temperature continuous-wave quantum cascade lasers,2010,Open Physics,D_calidad_open_food_facts,"""Open Food Facts""",Crossref
Fruit pectins – A suitable tool for screening gelling properties using infrared spectroscopy,2010,Food Hydrocolloids,D_calidad_open_food_facts,"""Open Food Facts""",Crossref
Thurstonian models for sensory discrimination tests as generalized linear models,2010,Food Quality and Preference,D_calidad_open_food_facts,"""Open Food Facts""",Crossref
Sweet cherry phytochemicals: Identification and characterization by HPLC-DAD/ESI-MS in six sweet-cherry cultivars grown in Valle del Jerte (Spain),2010,Journal of Food Composition and Analysis,D_calidad_open_food_facts,"""Open Food Facts""",Crossref
Effects of Trolox and ascorbic acid on the riboflavin photosensitised oxidation of aromatic amino acids,2010,Food Chemistry,D_calidad_open_food_facts,"""Open Food Facts""",Crossref
Substrate contribution on carotenoids production in Blakeslea trispora cultivations,2010,Food and Bioproducts Processing,D_calidad_open_food_facts,"""Open Food Facts""",Crossref
Optimizing endopectinase production from date pomace by Aspergillus niger PC5 using response surface methodology,2010,Food and Bioproducts Processing,D_calidad_open_food_facts,"""Open Food Facts""",Crossref
"A novel bacteriocin with a broad inhibitory spectrum produced by Lactobacillus sake C2, isolated from traditional Chinese fermented cabbage",2010,Food Control,D_calidad_open_food_facts,"""Open Food Facts""",Crossref
Mitomycin‐C‐augmented deep sclerectomy in patients with primary open‐angle glaucoma and exfoliation glaucoma: a 1‐year prospective study,2010,Acta Ophthalmologica,D_calidad_open_food_facts,"""Open Food Facts""",Crossref
Managing water in agriculture for food production and other ecosystem services,2010,Agricultural Water Management,D_calidad_open_food_facts,"""Open Food Facts""",Crossref
Management of aortobronchial fistula developing 27 years after open aortic surgery by means of endovascular stent grafting,2010,The Journal of Thoracic and Cardiovascular Surgery,D_calidad_open_food_facts,"""Open Food Facts""",Crossref
"Electrophysiological evaluation and visual outcome in patients with central retinal vein occlusion, primary open‐angle glaucoma and neovascular glaucoma",2010,Acta Ophthalmologica,D_calidad_open_food_facts,"""Open Food Facts""",Crossref
Is the Chytrid Fungus Really Responsible for Amphibian Decline?~!2008-08-02~!2009-03-17~!2009-04-21~!,2010,The Open Zoology Journal,D_calidad_open_food_facts,"""Open Food Facts""",Crossref
How Many Pheasants (Phasianus colchicus L.) can be Removed? A Study on Small- Protected Areas in Italy~!2008-12-22~!2009-02-05~!2009-04-21~!,2010,The Open Zoology Journal,D_calidad_open_food_facts,"""Open Food Facts""",Crossref
Continuous H2 and CH4 production from high-solid food waste in the two-stage thermophilic fermentation process with the recirculation of digester sludge,2010,Bioresource Technology,D_calidad_open_food_facts,"""Open Food Facts""",Crossref
Juice clarification by protease and pectinase treatments indicates new roles of pectin and protein in cherry juice turbidity,2010,Food and Bioproducts Processing,D_calidad_open_food_facts,"""Open Food Facts""",Crossref
Dielectrophoretic mobility in the characterization of properties of microparticles,2010,Open Physics,D_calidad_open_food_facts,"""Open Food Facts""",Crossref
Antioxidant and anticancer activities of 8-hydroxypsoralen isolated from wampee [Clausena lansium (Lour.) Skeels] peel,2010,Food Chemistry,D_calidad_open_food_facts,"""Open Food Facts""",Crossref
ATP-regulation of antioxidant properties and phenolics in litchi fruit during browning and pathogen infection process,2010,Food Chemistry,D_calidad_open_food_facts,"""Open Food Facts""",Crossref
Impact of emulsifier microenvironments on acid–base equilibrium and activity of antioxidants,2010,Food Chemistry,D_calidad_open_food_facts,"""Open Food Facts""",Crossref
Tracing the geographical origin of honeys based on volatile compounds profiles assessment using pattern recognition techniques,2010,Food Chemistry,D_calidad_open_food_facts,"""Open Food Facts""",Crossref
"A novel approach to authenticity control of whole grain durum wheat (Triticum durum Desf.) flour and pasta, based on analysis of alkylresorcinol composition",2010,Food Chemistry,D_calidad_open_food_facts,"""Open Food Facts""",Crossref
Characterisation by SPME–GC–MS of the volatile profile of a Spanish soft cheese P.D.O. Torta del Casar during ripening,2010,Food Chemistry,D_calidad_open_food_facts,"""Open Food Facts""",Crossref
Antioxidant activities of phenolic rich fractions (PRFs) obtained from black mahlab (Monechma ciliatum) and white mahlab (Prunus mahaleb) seedcakes,2010,Food Chemistry,D_calidad_open_food_facts,"""Open Food Facts""",Crossref
A novel angiotensin I converting enzyme inhibitory peptide from tuna frame protein hydrolysate and its antihypertensive effect in spontaneously hypertensive rats,2010,Food Chemistry,D_calidad_open_food_facts,"""Open Food Facts""",Crossref
Determination of isoflavone content and antioxidant activity in Psoralea corylifolia L. callus cultures,2010,Food Chemistry,D_calidad_open_food_facts,"""Open Food Facts""",Crossref
Heat-induced changes in dairy products containing sucrose,2010,Food Chemistry,D_calidad_open_food_facts,"""Open Food Facts""",Crossref
Antiproliferative and antioxidant properties of anthocyanin-rich extract from açai,2010,Food Chemistry,D_calidad_open_food_facts,"""Open Food Facts""",Crossref
Antioxidant activity of Potentilla fulgens: An alpine plant of western Himalaya,2010,Journal of Food Composition and Analysis,D_calidad_open_food_facts,"""Open Food Facts""",Crossref
"Effects of combined treatments of high pressure, temperature and antimicrobial products on germination of mung bean seeds and microbial quality of sprouts",2010,Food Control,D_calidad_open_food_facts,"""Open Food Facts""",Crossref
Pressurized liquid extraction coupled to liquid chromatography for the analysis of ochratoxin A in breakfast and infants cereals from Morocco,2010,Food Control,D_calidad_open_food_facts,"""Open Food Facts""",Crossref
A contribution and new heuristics for open shop scheduling,2010,Computers &amp; Operations Research,D_calidad_open_food_facts,"""Open Food Facts""",Crossref
Separation and isolation of β-sitosterol oxides and their non-mutagenic potential in the Salmonella microsome assay,2010,Food Chemistry,D_calidad_open_food_facts,"""Open Food Facts""",Crossref
Structural characterisation of pentosans from hemicellulose B of wheat varieties with varying chapati-making quality,2010,Food Chemistry,D_calidad_open_food_facts,"""Open Food Facts""",Crossref
On-line HPLC–MS–DPPH assay for the analysis of phenolic antioxidant compounds in fruit wine: Antidesma thwaitesianum Muell.,2010,Food Chemistry,D_calidad_open_food_facts,"""Open Food Facts""",Crossref
Application of artificial neural networks to the prediction of the antioxidant activity of essential oils in two experimental in vitro models,2010,Food Chemistry,D_calidad_open_food_facts,"""Open Food Facts""",Crossref
Effect of cultivar and environment on physicochemical and cooking characteristics of field pea (Pisum sativum),2010,Food Chemistry,D_calidad_open_food_facts,"""Open Food Facts""",Crossref
"Flavan-3-ol contents, anti-oxidative and α-glucosidase inhibitory activities of Cynomorium songaricum",2010,Food Chemistry,D_calidad_open_food_facts,"""Open Food Facts""",Crossref
The effect of MgCl2 on the kinetics of the Maillard reaction in both aqueous and dehydrated systems,2010,Food Chemistry,D_calidad_open_food_facts,"""Open Food Facts""",Crossref
High-power gradient diffusion NMR spectroscopy for the rapid assessment of extra-virgin olive oil adulteration,2010,Food Chemistry,D_calidad_open_food_facts,"""Open Food Facts""",Crossref
Antimicrobial potential of Coriandrum sativum L. against different Candida species in vitro,2010,Food Chemistry,D_calidad_open_food_facts,"""Open Food Facts""",Crossref
Direct determination of free tryptophan contents in soy sauces and its application as an index of soy sauce adulteration,2010,Food Chemistry,D_calidad_open_food_facts,"""Open Food Facts""",Crossref
The potential of coupling information using three analytical techniques for identifying the geographical origin of Liguria extra virgin olive oil,2010,Food Chemistry,D_calidad_open_food_facts,"""Open Food Facts""",Crossref
Authentication of extra virgin olive oils by Fourier-transform infrared spectroscopy,2010,Food Chemistry,D_calidad_open_food_facts,"""Open Food Facts""",Crossref
Consistency of the Initial and Updated Version of the Nutri-Score with Food-Based Dietary Guidelines: A French Perspective,2024,Journal of Nutrition,D_calidad_open_food_facts,openfoodfacts,OpenAlex
Eathena: An AI-Powered System for Real-Time Food Detection and Nutritional Analysis.,2025,SSRN Electronic Journal,D_calidad_open_food_facts,openfoodfacts,OpenAlex
Classification of Kombucha Using Nutri-Score and Nova Nutrition Rating Scales,2024,International Journal of Probiotics and Prebiotics,D_calidad_open_food_facts,openfoodfacts,OpenAlex
Kombucha: Probiotic beverage or ultra-processed food: A global review using nutritional classification,2023,Functional Foods in Health and Disease,D_calidad_open_food_facts,openfoodfacts,OpenAlex
Smart Ingredient Tracker: Product Safety and Allergy Detection Application,2025,Lecture notes in networks and systems,D_calidad_open_food_facts,openfoodfacts,OpenAlex
Software application for calorie counting,2025,Електронний архів наукових та освітніх матеріалів КПІ ім. Ігоря Сікорського (КПІ ім. Ігоря Сікорського),D_calidad_open_food_facts,openfoodfacts,OpenAlex
Database for calculation of Nutritional Claims on food,2026,Harokopio University,D_calidad_open_food_facts,openfoodfacts,OpenAlex
ZENIA: Development of an AI‐driven nutrition app to support immune health: An EAACI task force report,2026,Pediatric Allergy and Immunology,D_calidad_open_food_facts,openfoodfacts,OpenAlex
The potential of near infra-red interactance for predicting body composition in children,2024,European Journal of Clinical Nutrition,D_calidad_open_food_facts,"""crowdsourced"" ""food composition database""",Crossref
Corticosteroid therapy for nephrotic syndrome in children,2024,Cochrane Database Systematic Reviews,D_calidad_open_food_facts,"""crowdsourced"" ""food composition database""",Crossref
Searching the Medical Literatures through Internet: Review of MEDLINE Database,2025,TULSSAA Journal,D_calidad_open_food_facts,"""crowdsourced"" ""food composition database""",Crossref
"Gold incorporation into sulphide minerals from the Tatric Unit, the Western Carpathians, with respect to their chemical composition",2012,Journal of GEOsciences,D_calidad_open_food_facts,"""crowdsourced"" ""food composition database""",Crossref
"MinT—Architecture and applications of the (t, m, s)-net and OOA database",2010,Mathematics and Computers in Simulation,D_calidad_open_food_facts,"""crowdsourced"" ""food composition database""",Crossref
Changes in Sciatic Nerve Protein Composition during Postnatal Development of Mice,2011,Developmental Neuroscience,D_calidad_open_food_facts,"""crowdsourced"" ""food composition database""",Crossref
"Developmental Changes in Ganglioside Composition of Hippocampus, Retina, and Optic Tectum",2011,Developmental Neuroscience,D_calidad_open_food_facts,"""crowdsourced"" ""food composition database""",Crossref
Commonly consumed Indian plant food materials in the management of diabetes mellitus,2010,Diabetes &amp; Metabolic Syndrome: Clinical Research &amp; Reviews,D_calidad_open_food_facts,"""crowdsourced"" ""food composition database""",Crossref
"Characterisation of authentic Italian extra-virgin olive oils by stable isotope ratios of C, O and H and mineral composition",2010,Food Chemistry,D_calidad_open_food_facts,"""crowdsourced"" ""food composition database""",Crossref
Semantic web service composition testbed,2010,Computers &amp; Electrical Engineering,D_calidad_open_food_facts,"""crowdsourced"" ""food composition database""",Crossref
"The combination of stable isotope abundance ratios of H, C, N and S with 87Sr/86Sr for geographical origin assignment of orange juices",2010,Food Chemistry,D_calidad_open_food_facts,"""crowdsourced"" ""food composition database""",Crossref
The use of stable carbon isotopes to authenticate claims that poultry have been corn-fed,2010,Food Chemistry,D_calidad_open_food_facts,"""crowdsourced"" ""food composition database""",Crossref
Quantitation using informative zeros (QUIZ): Application for GMO detection and quantification without recourse to certified reference material,2010,Food Chemistry,D_calidad_open_food_facts,"""crowdsourced"" ""food composition database""",Crossref
Non-dairy probiotic products,2010,Food Microbiology,D_calidad_open_food_facts,"""crowdsourced"" ""food composition database""",Crossref
MECHANICAL BEHAVIOR AND PHYSICAL PROPERTIES OF CHICKEN EGG AS AFFECTED BY DIFFERENT EGG WEIGHTS,2010,Journal of Food Process Engineering,D_calidad_open_food_facts,"""crowdsourced"" ""food composition database""",Crossref
Chaos control and synchronization of a three-species food chain model via Holling functional response,2010,International Journal of Computer Mathematics,D_calidad_open_food_facts,"""crowdsourced"" ""food composition database""",Crossref
Application of trace element and stable isotope signatures to determine the provenance of tea (Camellia sinensis) samples,2010,Food Chemistry,D_calidad_open_food_facts,"""crowdsourced"" ""food composition database""",Crossref
Reduced glucose transporter GLUT4 in skeletal muscle predicts insulin resistance in non-diabetic chronic heart failure patients independently of body composition,2010,International Journal of Cardiology,D_calidad_open_food_facts,"""crowdsourced"" ""food composition database""",Crossref
The flux and isotopic composition of reduced and total nitrogen in Bermuda rain,2010,Marine Chemistry,D_calidad_open_food_facts,"""crowdsourced"" ""food composition database""",Crossref
Mercury's surface and composition to be studied by BepiColombo,2010,Planetary and Space Science,D_calidad_open_food_facts,"""crowdsourced"" ""food composition database""",Crossref
Rheological and crystalline properties of trans-free model fat blends as affected by the length of fatty acid chains,2010,Journal of Food Engineering,D_calidad_open_food_facts,"""crowdsourced"" ""food composition database""",Crossref
Food Types in the Diet and the Nutrient Intake of Obese and Non-Obese Children,2011,Journal of Clinical Research in Pediatric Endocrinology,D_calidad_open_food_facts,"""crowdsourced"" ""food composition database""",Crossref
Stable C and N isotope ratio analysis for regional geographical traceability of cattle in China,2010,Food Chemistry,D_calidad_open_food_facts,"""crowdsourced"" ""food composition database""",Crossref
Development of primer and probe sets for the detection of plant species in honey,2010,Food Chemistry,D_calidad_open_food_facts,"""crowdsourced"" ""food composition database""",Crossref
Différenciation biochimique d’Allomyces: bases nucléiques libres et composition de l’acide ribonucléique,2010,Pathologia et Microbiologia,D_calidad_open_food_facts,"""crowdsourced"" ""food composition database""",Crossref
Multivariate analysis of NMR fingerprint of the unsaponifiable fraction of virgin olive oils for authentication purposes,2010,Food Chemistry,D_calidad_open_food_facts,"""crowdsourced"" ""food composition database""",Crossref
Experimental study of heat transfer intensification by using a novel combined shelf in food refrigerated display cabinets (Experimental study of a novel cabinets),2010,Applied Thermal Engineering,D_calidad_open_food_facts,"""crowdsourced"" ""food composition database""",Crossref
Identification of botanical biomarkers found in Corsican honey,2010,Food Chemistry,D_calidad_open_food_facts,"""crowdsourced"" ""food composition database""",Crossref
A simple one-step PCR method for the identification between European and American razor clams species,2010,Food Chemistry,D_calidad_open_food_facts,"""crowdsourced"" ""food composition database""",Crossref
"Prediction of the identity of fats and oils by their fatty acid, triacylglycerol and volatile compositions using PLS-DA",2010,Food Chemistry,D_calidad_open_food_facts,"""crowdsourced"" ""food composition database""",Crossref
Examining preschoolers' nutrition knowledge using a meal creation and food group classification task: age and gender differences,2010,Early Child Development and Care,D_calidad_open_food_facts,"""crowdsourced"" ""food composition database""",Crossref
Mumijo Traditional Medicine: Fossil Deposits from Antarctica (Chemical Composition and Beneficial Bioactivity),2011,Evidence-Based Complementary and Alternative Medicine,D_calidad_open_food_facts,"""crowdsourced"" ""food composition database""",Crossref
Temporal variability of the elemental composition of African dust measured in trade wind aerosols at Barbados and Miami,2010,Marine Chemistry,D_calidad_open_food_facts,"""crowdsourced"" ""food composition database""",Crossref
Towards a multiplex cereal traceability tool using padlock probe ligation on genomic DNA,2010,Food Chemistry,D_calidad_open_food_facts,"""crowdsourced"" ""food composition database""",Crossref
Appending limited clinical data to an administrative database for assessing institutional quality outliers for AMI care: Does it matter?,2010,International Journal of Cardiology,D_calidad_open_food_facts,"""crowdsourced"" ""food composition database""",Crossref
"Effects of dietary phospholipid and highly unsaturated fatty acid on the gonadal development, tissue proximate composition, lipid class and fatty acid composition of precocious Chinese mitten crab,<i>Eriocheir sinensis</i>",2010,Aquaculture Nutrition,D_calidad_open_food_facts,"""crowdsourced"" ""food composition database""",Crossref
Lithospheric composition and thermal structure of the Arabian Shield in Jordan,2010,Tectonophysics,D_calidad_open_food_facts,"""crowdsourced"" ""food composition database""",Crossref
Tissue oxygenation and haemoglobin kinetics as a function of depth in two shoulder muscles differing in fibre-type composition,2010,International Journal of Industrial Ergonomics,D_calidad_open_food_facts,"""crowdsourced"" ""food composition database""",Crossref
"Body composition, smoking, and spontaneous dizygotic twinning",2010,Fertility and Sterility,D_calidad_open_food_facts,"""crowdsourced"" ""food composition database""",Crossref
Verification of the geological origin of bottled mineral water using artificial neural networks,2010,Food Chemistry,D_calidad_open_food_facts,"""crowdsourced"" ""food composition database""",Crossref
FUZZY CLUSTERING MODELING AND EVALUATION OF SURFACE INTERACTIONS AND EMULSIONS OF SELECTED WHEAT PROTEIN COMBINED TO IOTA‐CARRAGEENAN AND GUM ARABIC SOLUTIONS,2010,Journal of Food Process Engineering,D_calidad_open_food_facts,"""crowdsourced"" ""food composition database""",Crossref
Inhibition of Penicillium nordicum in MRS medium by lactic acid bacteria isolated from foods,2010,Food Control,D_calidad_open_food_facts,"""crowdsourced"" ""food composition database""",Crossref
Is Query Reuse Potentially Harmful? Anchoring and Adjustment in Adapting Existing Database Queries,2010,Information Systems Research,D_calidad_open_food_facts,"""crowdsourced"" ""food composition database""",Crossref
MICROBIAL ANALYSIS AND TEXTURAL PROPERTIES OF CANTONESE SAUSAGE,2010,Journal of Food Process Engineering,D_calidad_open_food_facts,"""crowdsourced"" ""food composition database""",Crossref
SUPERCRITICAL CARBON DIOXIDE SELECTIVITY TO FRACTIONATE PHENOLIC COMPOUNDS FROM THE DRY ETHANOLIC EXTRACT OF PROPOLIS,2010,Journal of Food Process Engineering,D_calidad_open_food_facts,"""crowdsourced"" ""food composition database""",Crossref
A model and prototype implementation for tracking and tracing agricultural batch products along the food chain,2010,Food Control,D_calidad_open_food_facts,"""crowdsourced"" ""food composition database""",Crossref
Aflatoxin M1 contamination in milk from five dairy species in Pakistan,2010,Food Control,D_calidad_open_food_facts,"""crowdsourced"" ""food composition database""",Crossref
Influence of processing on the levels of amines and proline and on the physico-chemical characteristics of concentrated orange juice,2010,Food Chemistry,D_calidad_open_food_facts,"""crowdsourced"" ""food composition database""",Crossref
On the structure and surface chemical composition of indium–tin oxide films prepared by long-throw magnetron sputtering,2010,Thin Solid Films,D_calidad_open_food_facts,"""crowdsourced"" ""food composition database""",Crossref
Comparison of essential oils compositions of Nepeta persica obtained by supercritical carbon dioxide extraction and steam distillation methods,2010,Food and Bioproducts Processing,D_calidad_open_food_facts,"""crowdsourced"" ""food composition database""",Crossref
"Effects of carbohydrate sources on growth, body composition and tissue lipid deposition of blackspot seabream,<i>Pagellus bogaraveo</i>(Brunnich)",2010,Journal of Animal Physiology and Animal Nutrition,D_calidad_open_food_facts,"""crowdsourced"" ""food composition database""",Crossref
Effect of different drying conditions on the vitamin C (ascorbic acid) content of Hayward kiwifruits (Actinidia deliciosa Planch),2010,Food and Bioproducts Processing,D_calidad_open_food_facts,"""crowdsourced"" ""food composition database""",Crossref
A continuous esterification of malonic acid with citronellol using packed bed reactor: Investigation of parameter and kinetics study,2010,Food and Bioproducts Processing,D_calidad_open_food_facts,"""crowdsourced"" ""food composition database""",Crossref
"Nitrogen, sustainable agriculture and food security. A review",2010,Agronomy for Sustainable Development,D_calidad_open_food_facts,"""crowdsourced"" ""food composition database""",Crossref
Self-representations in Early Adolescence: Variations in Sibling Similarity by Sex Composition and Sibling Relationship Qualities,2010,Social Development,D_calidad_open_food_facts,"""crowdsourced"" ""food composition database""",Crossref
Difference in resource utilization between patients with acute and chronic heart failure from Japanese administrative database,2010,International Journal of Cardiology,D_calidad_open_food_facts,"""crowdsourced"" ""food composition database""",Crossref
Antioxidant activity of sparkling wines produced by Champenoise and Charmat methods,2010,Food Chemistry,D_calidad_open_food_facts,"""crowdsourced"" ""food composition database""",Crossref
Review of: Technologies in the Second Language Composition Classroom,2010,Journal of English for Academic Purposes,D_calidad_open_food_facts,"""crowdsourced"" ""food composition database""",Crossref
"Arable land requirements based on food consumption patterns: Case study in rural Guyuan District, Western China",2010,Ecological Economics,D_calidad_open_food_facts,"""crowdsourced"" ""food composition database""",Crossref
Dynamical consequences of predator interference in a tri-trophic model food chain,2010,Nonlinear Analysis: Real World Applications,D_calidad_open_food_facts,"""crowdsourced"" ""food composition database""",Crossref
High versus low ligation of the inferior mesenteric artery in curative surgery for non-metastatic rectal cancer,2023,Cochrane Database of Systematic Reviews,D_calidad_open_food_facts,"""crowdsourced"" ""food composition database""",Crossref
Food shelf life: estimation and optimal design,2010,Journal of Statistical Computation and Simulation,D_calidad_open_food_facts,"""crowdsourced"" ""food composition database""",Crossref
SORT-CC: A procedure for the statistical treatment of free sorting data,2010,Food Quality and Preference,D_calidad_open_food_facts,"""crowdsourced"" ""food composition database""",Crossref
Seasonal food habits of corsac and red foxes in Mongolia and the potential for competition,2010,Mammalian Biology,D_calidad_open_food_facts,"""crowdsourced"" ""food composition database""",Crossref
Effects of digestible protein levels in isonitrogenous diets on growth performance and tissue composition of juvenile<i>Atractoscion nobilis</i>,2010,Aquaculture Nutrition,D_calidad_open_food_facts,"""crowdsourced"" ""food composition database""",Crossref
Anthocyanins and polyphenol oxidase from dried arils of pomegranate (Punica granatum L.),2010,Food Chemistry,D_calidad_open_food_facts,"""crowdsourced"" ""food composition database""",Crossref
INTEGRATING FUZZY LOGIC PROCEDURE FOR SIGNAL VALIDATIONS: MALTA COLORING AS STUDY CASE,2010,Journal of Food Process Engineering,D_calidad_open_food_facts,"""crowdsourced"" ""food composition database""",Crossref
POLYSACCHARIDES FROM MULBERRY LEAF IN RELATION TO THEIR ANTIOXIDANT ACTIVITY AND ANTIBACTERIAL ABILITY,2010,Journal of Food Process Engineering,D_calidad_open_food_facts,"""crowdsourced"" ""food composition database""",Crossref
IMAGE PROCESSING AND PHYSICO‐MECHANICAL PROPERTIES OF BASIL SEED (<i>OCIMUM BASILICUM</i>),2010,Journal of Food Process Engineering,D_calidad_open_food_facts,"""crowdsourced"" ""food composition database""",Crossref
STUDY ON INTERACTION AMONG EXTRUSION‐COOKING PROCESS VARIABLES AND ENZYME ACTIVITY: EVALUATION OF EXTRUDATE STRUCTURE,2010,Journal of Food Process Engineering,D_calidad_open_food_facts,"""crowdsourced"" ""food composition database""",Crossref
EFFECT OF SOLAR DRYING ON THE COMPOSITION OF ESSENTIAL OIL OF <i>SACHA CULANTRO</i> (<i>ERYNGIUM FOETIDUM</i> L.) GROWN IN THE PERUVIAN AMAZON,2010,Journal of Food Process Engineering,D_calidad_open_food_facts,"""crowdsourced"" ""food composition database""",Crossref
PRELIMINARY AND COMPARATIVE STUDIES ON THE CULTIVATIONS OF <i>DUNALIELLA SALINA</i> BETWEEN OUTDOORS AND IN THE PHOTOBIOREACTOR,2010,Journal of Food Process Engineering,D_calidad_open_food_facts,"""crowdsourced"" ""food composition database""",Crossref
QUANTIFICATION OF FLUX DECLINE AND DESIGN OF ULTRAFILTRATION SYSTEM FOR CLARIFICATION OF TENDER COCONUT WATER,2010,Journal of Food Process Engineering,D_calidad_open_food_facts,"""crowdsourced"" ""food composition database""",Crossref
IMPACT OF BLENDING OF FRYING OILS ON VISCOSITY AND HEAT TRANSFER COEFFICIENT AT ELEVATED TEMPERATURES,2010,Journal of Food Process Engineering,D_calidad_open_food_facts,"""crowdsourced"" ""food composition database""",Crossref
Hopf bifurcation analysis of a food-limited population model with delay,2010,Nonlinear Analysis: Real World Applications,D_calidad_open_food_facts,"""crowdsourced"" ""food composition database""",Crossref
Risk Assessment of Choleragenic <i>Vibrio cholerae</i> 01 and 0139 in Warm‐water Shrimp in International Trade,2010,International Journal of Food Science &amp; Technology,D_calidad_open_food_facts,"""crowdsourced"" ""food composition database""",Crossref
<i>Enterobacter sakazakii</i> and <i>Salmonella</i> in Powdered Infant Formula: meeting report,2010,International Journal of Food Science &amp; Technology,D_calidad_open_food_facts,"""crowdsourced"" ""food composition database""",Crossref
Handbook of Innovation in the Food and Drink Industry,2010,International Journal of Food Science &amp; Technology,D_calidad_open_food_facts,"""crowdsourced"" ""food composition database""",Crossref
Carbohydrate Chemistry for Food Scientists,2010,International Journal of Food Science &amp; Technology,D_calidad_open_food_facts,"""crowdsourced"" ""food composition database""",Crossref
Effect of dietary nutrient composition on the growth of olive flounder (Paralichthys olivaceus) with different feeding regimes,2010,Fish Physiology and Biochemistry,D_calidad_open_food_facts,"""crowdsourced"" ""food composition database""",Crossref
"Characteristic prefrontal blood volume patterns when imaging body type, high-calorie food, and mother–child attachment in childhood anorexia nervosa: A near infrared spectroscopy study",2010,Brain and Development,D_calidad_open_food_facts,"""crowdsourced"" ""food composition database""",Crossref
Influence of the collection and oxygenation method on quantitative bacterial composition in bronchoalveolar lavage fluid samples from healthy dogs,2010,The Veterinary Journal,D_calidad_open_food_facts,"""crowdsourced"" ""food composition database""",Crossref
Classification and Antimicrobial Susceptibilities of<i>Enterococcus</i>Species Isolated from Apparently Healthy Food-Producing Animals in Japan,2010,Zoonoses and Public Health,D_calidad_open_food_facts,"""crowdsourced"" ""food composition database""",Crossref
Development of a method to measure consumer emotions associated with foods,2010,Food Quality and Preference,D_calidad_open_food_facts,"""crowdsourced"" ""food composition database""",Crossref
Chemical stability of açai fruit (Euterpe oleracea Mart.) anthocyanins as influenced by naturally occurring and externally added polyphenolic cofactors in model systems,2010,Food Chemistry,D_calidad_open_food_facts,"""crowdsourced"" ""food composition database""",Crossref
"Dietary protein/lipid level and protein source effects on growth, tissue composition and lipid metabolism of blackspot seabream (<i>Pagellus bogaraveo</i>)",2010,Aquaculture Nutrition,D_calidad_open_food_facts,"""crowdsourced"" ""food composition database""",Crossref
Correlation-aware resource service composition and optimal-selection in manufacturing grid,2010,European Journal of Operational Research,D_calidad_open_food_facts,"""crowdsourced"" ""food composition database""",Crossref
Handbook of Innovation in the Food and Drink Industry,2010,Tourism Management,D_calidad_open_food_facts,"""crowdsourced"" ""food composition database""",Crossref
Leaving home: Food choice behavior of young German adults,2010,Journal of Business Research,D_calidad_open_food_facts,"""crowdsourced"" ""food composition database""",Crossref
Proteins in white wines: Thermo-sensitivity and differential adsorbtion by bentonite,2010,Food Chemistry,D_calidad_open_food_facts,"""crowdsourced"" ""food composition database""",Crossref
Risky public domestic debt composition in emerging economies,2010,Journal of International Money and Finance,D_calidad_open_food_facts,"""crowdsourced"" ""food composition database""",Crossref
Formation of heterocyclic amines in slices of Longissimus thoracis beef muscle subjected to jets of superheated steam,2010,Food Chemistry,D_calidad_open_food_facts,"""crowdsourced"" ""food composition database""",Crossref
"Food Security, Health, and Medication Expenditures of Emergency Department Patients",2010,The Journal of Emergency Medicine,D_calidad_open_food_facts,"""crowdsourced"" ""food composition database""",Crossref
EFFECTS OF DIFFERENT PEKMEZ (FRUIT MOLASSES) TYPES USED AS A NATURAL SUGAR SOURCE ON THE BATTER RHEOLOGY AND PHYSICAL PROPERTIES OF CAKES,2010,Journal of Food Process Engineering,D_calidad_open_food_facts,"""crowdsourced"" ""food composition database""",Crossref
Cloud point extraction preconcentration and spectrophotometric determination of copper in food and water samples using amino acid as the complexing agent,2010,Journal of Food Composition and Analysis,D_calidad_open_food_facts,"""crowdsourced"" ""food composition database""",Crossref
DRYING EFFECTS OF TWO AIR‐DRYING SHELTERS IN A PILOT TEST ON SULTANA GRAPES,2010,Journal of Food Process Engineering,D_calidad_open_food_facts,"""crowdsourced"" ""food composition database""",Crossref
POROSITY DEVELOPMENT AND ITS EFFECT ON OIL UPTAKE DURING FRYING PROCESS,2010,Journal of Food Process Engineering,D_calidad_open_food_facts,"""crowdsourced"" ""food composition database""",Crossref
APPLICATION OF DISCRETE MODELING APPROACH TO FLUIDIZED BED YEAST DRYING,2010,Journal of Food Process Engineering,D_calidad_open_food_facts,"""crowdsourced"" ""food composition database""",Crossref
OPTIMIZATION OF NEW FLOUR IMPROVER MIXING FORMULA BY SURFACE RESPONSE METHODOLOGY,2010,Journal of Food Process Engineering,D_calidad_open_food_facts,"""crowdsourced"" ""food composition database""",Crossref
NEURAL NETWORK MODELING OF END‐OVER‐END THERMAL PROCESSING OF PARTICULATES IN VISCOUS FLUIDS,2010,Journal of Food Process Engineering,D_calidad_open_food_facts,"""crowdsourced"" ""food composition database""",Crossref
"GEOMETRICAL, THERMAL AND MECHANICAL PROPERTIES OF OLIVE FRUITS",2010,Journal of Food Process Engineering,D_calidad_open_food_facts,"""crowdsourced"" ""food composition database""",Crossref
THIN‐LAYER DRYING BEHAVIORS OF OLIVE LEAVES (<i>OLEA EUROPAEA</i> L.),2010,Journal of Food Process Engineering,D_calidad_open_food_facts,"""crowdsourced"" ""food composition database""",Crossref
Prevalence and factors associated with left ventricular dysfunction in the EULAR Scleroderma Trial and Research group (EUSTAR) database of patients with systemic sclerosis,2010,Annals of the Rheumatic Diseases,D_calidad_open_food_facts,"""crowdsourced"" ""food composition database""",Crossref
Optimising acceptability of new prebiotic low-fat milk beverages,2010,Food Quality and Preference,D_calidad_open_food_facts,"""crowdsourced"" ""food composition database""",Crossref
Circadian patterns of antioxidant and lipid peroxidation status in daytime food restricted rats,2010,Biological Rhythm Research,D_calidad_open_food_facts,"""crowdsourced"" ""food composition database""",Crossref
Night-time food restriction modulates the circadian patterns of redox status in rats,2010,Biological Rhythm Research,D_calidad_open_food_facts,"""crowdsourced"" ""food composition database""",Crossref
"Genotypic variation of beta-carotene and lutein contents in tea germplasms, Camellia sinensis (L.) O. Kuntze",2010,Journal of Food Composition and Analysis,D_calidad_open_food_facts,"""crowdsourced"" ""food composition database""",Crossref
Experimental design on supercritical extraction of essential oil from valerian roots and study of optimal conditions,2010,Food and Bioproducts Processing,D_calidad_open_food_facts,"""crowdsourced"" ""food composition database""",Crossref
"Effects of various corn distillers by-products on growth, feed efficiency, and body composition of channel catfish,<i>Ictalurus punctatus</i>",2010,Aquaculture Nutrition,D_calidad_open_food_facts,"""crowdsourced"" ""food composition database""",Crossref
Supercritical carbon dioxide extraction of bioactive flavonoid from Strobilanthes crispus (Pecah Kaca),2010,Food and Bioproducts Processing,D_calidad_open_food_facts,"""crowdsourced"" ""food composition database""",Crossref
"Effects of dietary protein to energy ratios on growth and body composition of juvenile Chinese sucker,<i>Myxocyprinus asiaticus</i>",2010,Aquaculture Nutrition,D_calidad_open_food_facts,"""crowdsourced"" ""food composition database""",Crossref
"Influence of dietary protein levels on growth performance and body composition of African bonytongue fingerlings,<i>Heterotis niloticus</i>(Cuvier, 1829)",2010,Aquaculture Nutrition,D_calidad_open_food_facts,"""crowdsourced"" ""food composition database""",Crossref
The time cost of food at home: general and food stamp participant profiles,2010,Applied Economics,D_calidad_open_food_facts,"""crowdsourced"" ""food composition database""",Crossref
Land use competition for production of food and liquid biofuels: An analysis of the arguments in the current debate,2010,Renewable Energy,D_calidad_open_food_facts,"""crowdsourced"" ""food composition database""",Crossref
A role for “omics” technologies in food safety assessment,2010,Food Control,D_calidad_open_food_facts,"""crowdsourced"" ""food composition database""",Crossref
Radio frequency heating of comminuted meats - considerations in relation to microbial challenge studies,2010,Food Control,D_calidad_open_food_facts,"""crowdsourced"" ""food composition database""",Crossref
"Oestrus in the Julia Creek dunnart (Sminthopsis douglasi) is associated with wheel running behaviour but not necessarily changes in body weight, food consumption or pouch morphology",2010,Animal Reproduction Science,D_calidad_open_food_facts,"""crowdsourced"" ""food composition database""",Crossref
Development and application of a centrifugation-plating method to study the biodiversity of Bacillus species in rice products,2010,Food Control,D_calidad_open_food_facts,"""crowdsourced"" ""food composition database""",Crossref
"Effect of conformation and water interactions of sucrose, maltitol, mannitol and xylitol on their metastable zone width and ease of nucleation",2010,Food Chemistry,D_calidad_open_food_facts,"""crowdsourced"" ""food composition database""",Crossref
The effect of raw material composition of clothes on selected physiological parameters of human organism,2010,Journal of the Textile Institute,D_calidad_open_food_facts,"""crowdsourced"" ""food composition database""",Crossref
Insulin sensitivity and body composition in children with classical and nonclassical congenital adrenal hyperplasia,2010,Clinical Endocrinology,D_calidad_open_food_facts,"""crowdsourced"" ""food composition database""",Crossref
Teaching problem solving and database skills that transfer,2010,Journal of Business Research,D_calidad_open_food_facts,"""crowdsourced"" ""food composition database""",Crossref
Relationship of pungency and leading flavour attributes in model food matrices – temporal aspects,2010,Food Quality and Preference,D_calidad_open_food_facts,"""crowdsourced"" ""food composition database""",Crossref
Reliability of stable isotope values from meat juice for the determination of the meat origin,2010,Food Chemistry,D_calidad_open_food_facts,"""crowdsourced"" ""food composition database""",Crossref
DATABASE: A new forum for biological databases and curation,2010,Database,D_calidad_open_food_facts,"""crowdsourced"" ""food composition database""",Crossref
Determination of nutritional and toxic elements in pasteurized bovine milk from Vale do Paraiba region (Brazil),2010,Food Control,D_calidad_open_food_facts,"""crowdsourced"" ""food composition database""",Crossref
Surveillance of pesticide residues in fruits from Valencia during twenty months (2004/05),2010,Food Control,D_calidad_open_food_facts,"""crowdsourced"" ""food composition database""",Crossref
Ochratoxin A removal in synthetic media by living and heat-inactivated cells of Oenococcus oeni isolated from wines,2010,Food Control,D_calidad_open_food_facts,"""crowdsourced"" ""food composition database""",Crossref
Contamination of UHT milk by aflatoxin M1 in Iran,2010,Food Control,D_calidad_open_food_facts,"""crowdsourced"" ""food composition database""",Crossref
Determination of histamine and biogenic amines in fish cubes (Tetrapturus angustirostris) implicated in a food-borne poisoning,2010,Food Control,D_calidad_open_food_facts,"""crowdsourced"" ""food composition database""",Crossref
Geospatial database organization and spatial decision analysis for biodiversity databases in Web GIS environment,2010,Geocarto International,D_calidad_open_food_facts,"""crowdsourced"" ""food composition database""",Crossref
Target cattle age of post-slaughter testing for bovine spongiform encephalopathy and infectivity entering the human food chain in Japan,2010,Food Control,D_calidad_open_food_facts,"""crowdsourced"" ""food composition database""",Crossref
Interception of quorum sensing signal molecule by furanone to enhance shelf life of fermented milk,2010,Food Control,D_calidad_open_food_facts,"""crowdsourced"" ""food composition database""",Crossref
"Knowledge, attitude and practice of Taif University students on food poisoning",2010,Food Control,D_calidad_open_food_facts,"""crowdsourced"" ""food composition database""",Crossref
A survey on the sanitary condition of commercial foods of plant origin sold in Brazil,2010,Food Control,D_calidad_open_food_facts,"""crowdsourced"" ""food composition database""",Crossref
The composition of growth matters for poverty alleviation,2010,Journal of Development Economics,D_calidad_open_food_facts,"""crowdsourced"" ""food composition database""",Crossref
Pharmacological evidences for the extracts and secondary metabolites from plants of the genus Hibiscus,2010,Food Chemistry,D_calidad_open_food_facts,"""crowdsourced"" ""food composition database""",Crossref
Free listing: A method to gain initial insight of a food category,2010,Food Quality and Preference,D_calidad_open_food_facts,"""crowdsourced"" ""food composition database""",Crossref
"Food habits of the Tibetan fox (Vulpes ferrilata) in the Kunlun Mountains, Qinghai Province, China",2010,Mammalian Biology,D_calidad_open_food_facts,"""crowdsourced"" ""food composition database""",Crossref
Crystallization in “Tarassaco” Italian honey studied by DSC,2010,Food Chemistry,D_calidad_open_food_facts,"""crowdsourced"" ""food composition database""",Crossref
Water quality for Espresso coffee,2010,Food Chemistry,D_calidad_open_food_facts,"""crowdsourced"" ""food composition database""",Crossref
Analysis of lactic acid bacteria populations during spontaneous malolactic fermentation of Tempranillo wines at five wineries during two consecutive vintages,2010,Food Control,D_calidad_open_food_facts,"""crowdsourced"" ""food composition database""",Crossref
Utilisation of pectin coating to enhance spray-dry stability of pea protein-stabilised oil-in-water emulsions,2010,Food Chemistry,D_calidad_open_food_facts,"""crowdsourced"" ""food composition database""",Crossref
"DETERMINATION OF DRYING PARAMETERS, ASCORBIC ACID CONTENTS AND COLOR CHARACTERISTICS OF NETTLE LEAVES DURING MICROWAVE‐, AIR‐ AND COMBINED MICROWAVE–AIR‐DRYING",2010,Journal of Food Process Engineering,D_calidad_open_food_facts,"""crowdsourced"" ""food composition database""",Crossref
DETERMINATION OF OIL POINT PRESSURE FOR MELON SEEDS,2010,Journal of Food Process Engineering,D_calidad_open_food_facts,"""crowdsourced"" ""food composition database""",Crossref
Rapid determination of five post-harvest fungicides and metabolite in citrus fruits by liquid chromatography/time-of-flight mass spectrometry with atmospheric pressure photoionization,2010,Food Control,D_calidad_open_food_facts,"""crowdsourced"" ""food composition database""",Crossref
The UBIRIS.v2: A Database of Visible Wavelength Iris Images Captured On-the-Move and At-a-Distance,2010,IEEE Transactions on Pattern Analysis and Machine Intelligence,D_calidad_open_food_facts,"""crowdsourced"" ""food composition database""",Crossref
The Multiscenario Multienvironment BioSecure Multimodal Database (BMDB),2010,IEEE Transactions on Pattern Analysis and Machine Intelligence,D_calidad_open_food_facts,"""crowdsourced"" ""food composition database""",Crossref
Fruit pectins – A suitable tool for screening gelling properties using infrared spectroscopy,2010,Food Hydrocolloids,D_calidad_open_food_facts,"""crowdsourced"" ""food composition database""",Crossref
Thurstonian models for sensory discrimination tests as generalized linear models,2010,Food Quality and Preference,D_calidad_open_food_facts,"""crowdsourced"" ""food composition database""",Crossref
Sweet cherry phytochemicals: Identification and characterization by HPLC-DAD/ESI-MS in six sweet-cherry cultivars grown in Valle del Jerte (Spain),2010,Journal of Food Composition and Analysis,D_calidad_open_food_facts,"""crowdsourced"" ""food composition database""",Crossref
Effects of Trolox and ascorbic acid on the riboflavin photosensitised oxidation of aromatic amino acids,2010,Food Chemistry,D_calidad_open_food_facts,"""crowdsourced"" ""food composition database""",Crossref
Growth performance and body composition of pacu<i>Piaractus mesopotamicus</i>(Holmberg 1887) in response to dietary protein and energy levels,2010,Aquaculture Nutrition,D_calidad_open_food_facts,"""crowdsourced"" ""food composition database""",Crossref
"Racial/ethnic composition, social disorganization, and offsite alcohol availability in San Diego County, California",2010,Social Science Research,D_calidad_open_food_facts,"""crowdsourced"" ""food composition database""",Crossref
"Middle distillates from hydrocracking of FT waxes: Composition, characteristics and emission properties",2010,Catalysis Today,D_calidad_open_food_facts,"""crowdsourced"" ""food composition database""",Crossref
Substrate contribution on carotenoids production in Blakeslea trispora cultivations,2010,Food and Bioproducts Processing,D_calidad_open_food_facts,"""crowdsourced"" ""food composition database""",Crossref
Optimizing endopectinase production from date pomace by Aspergillus niger PC5 using response surface methodology,2010,Food and Bioproducts Processing,D_calidad_open_food_facts,"""crowdsourced"" ""food composition database""",Crossref
"A novel bacteriocin with a broad inhibitory spectrum produced by Lactobacillus sake C2, isolated from traditional Chinese fermented cabbage",2010,Food Control,D_calidad_open_food_facts,"""crowdsourced"" ""food composition database""",Crossref
Managing water in agriculture for food production and other ecosystem services,2010,Agricultural Water Management,D_calidad_open_food_facts,"""crowdsourced"" ""food composition database""",Crossref
School ethnic composition and aspirations of immigrant students in Belgium,2010,British Educational Research Journal,D_calidad_open_food_facts,"""crowdsourced"" ""food composition database""",Crossref
Continuous H2 and CH4 production from high-solid food waste in the two-stage thermophilic fermentation process with the recirculation of digester sludge,2010,Bioresource Technology,D_calidad_open_food_facts,"""crowdsourced"" ""food composition database""",Crossref
Juice clarification by protease and pectinase treatments indicates new roles of pectin and protein in cherry juice turbidity,2010,Food and Bioproducts Processing,D_calidad_open_food_facts,"""crowdsourced"" ""food composition database""",Crossref
Antioxidant and anticancer activities of 8-hydroxypsoralen isolated from wampee [Clausena lansium (Lour.) Skeels] peel,2010,Food Chemistry,D_calidad_open_food_facts,"""crowdsourced"" ""food composition database""",Crossref
ATP-regulation of antioxidant properties and phenolics in litchi fruit during browning and pathogen infection process,2010,Food Chemistry,D_calidad_open_food_facts,"""crowdsourced"" ""food composition database""",Crossref
Impact of emulsifier microenvironments on acid–base equilibrium and activity of antioxidants,2010,Food Chemistry,D_calidad_open_food_facts,"""crowdsourced"" ""food composition database""",Crossref
Tracing the geographical origin of honeys based on volatile compounds profiles assessment using pattern recognition techniques,2010,Food Chemistry,D_calidad_open_food_facts,"""crowdsourced"" ""food composition database""",Crossref
"A novel approach to authenticity control of whole grain durum wheat (Triticum durum Desf.) flour and pasta, based on analysis of alkylresorcinol composition",2010,Food Chemistry,D_calidad_open_food_facts,"""crowdsourced"" ""food composition database""",Crossref
Characterisation by SPME–GC–MS of the volatile profile of a Spanish soft cheese P.D.O. Torta del Casar during ripening,2010,Food Chemistry,D_calidad_open_food_facts,"""crowdsourced"" ""food composition database""",Crossref
Antioxidant activities of phenolic rich fractions (PRFs) obtained from black mahlab (Monechma ciliatum) and white mahlab (Prunus mahaleb) seedcakes,2010,Food Chemistry,D_calidad_open_food_facts,"""crowdsourced"" ""food composition database""",Crossref
A novel angiotensin I converting enzyme inhibitory peptide from tuna frame protein hydrolysate and its antihypertensive effect in spontaneously hypertensive rats,2010,Food Chemistry,D_calidad_open_food_facts,"""crowdsourced"" ""food composition database""",Crossref
Determination of isoflavone content and antioxidant activity in Psoralea corylifolia L. callus cultures,2010,Food Chemistry,D_calidad_open_food_facts,"""crowdsourced"" ""food composition database""",Crossref
Heat-induced changes in dairy products containing sucrose,2010,Food Chemistry,D_calidad_open_food_facts,"""crowdsourced"" ""food composition database""",Crossref
Antiproliferative and antioxidant properties of anthocyanin-rich extract from açai,2010,Food Chemistry,D_calidad_open_food_facts,"""crowdsourced"" ""food composition database""",Crossref
Antioxidant activity of Potentilla fulgens: An alpine plant of western Himalaya,2010,Journal of Food Composition and Analysis,D_calidad_open_food_facts,"""crowdsourced"" ""food composition database""",Crossref
"Effects of combined treatments of high pressure, temperature and antimicrobial products on germination of mung bean seeds and microbial quality of sprouts",2010,Food Control,D_calidad_open_food_facts,"""crowdsourced"" ""food composition database""",Crossref
Pressurized liquid extraction coupled to liquid chromatography for the analysis of ochratoxin A in breakfast and infants cereals from Morocco,2010,Food Control,D_calidad_open_food_facts,"""crowdsourced"" ""food composition database""",Crossref
Separation and isolation of β-sitosterol oxides and their non-mutagenic potential in the Salmonella microsome assay,2010,Food Chemistry,D_calidad_open_food_facts,"""crowdsourced"" ""food composition database""",Crossref
Structural characterisation of pentosans from hemicellulose B of wheat varieties with varying chapati-making quality,2010,Food Chemistry,D_calidad_open_food_facts,"""crowdsourced"" ""food composition database""",Crossref
On-line HPLC–MS–DPPH assay for the analysis of phenolic antioxidant compounds in fruit wine: Antidesma thwaitesianum Muell.,2010,Food Chemistry,D_calidad_open_food_facts,"""crowdsourced"" ""food composition database""",Crossref
Application of artificial neural networks to the prediction of the antioxidant activity of essential oils in two experimental in vitro models,2010,Food Chemistry,D_calidad_open_food_facts,"""crowdsourced"" ""food composition database""",Crossref
Effect of cultivar and environment on physicochemical and cooking characteristics of field pea (Pisum sativum),2010,Food Chemistry,D_calidad_open_food_facts,"""crowdsourced"" ""food composition database""",Crossref
"Flavan-3-ol contents, anti-oxidative and α-glucosidase inhibitory activities of Cynomorium songaricum",2010,Food Chemistry,D_calidad_open_food_facts,"""crowdsourced"" ""food composition database""",Crossref
The effect of MgCl2 on the kinetics of the Maillard reaction in both aqueous and dehydrated systems,2010,Food Chemistry,D_calidad_open_food_facts,"""crowdsourced"" ""food composition database""",Crossref
High-power gradient diffusion NMR spectroscopy for the rapid assessment of extra-virgin olive oil adulteration,2010,Food Chemistry,D_calidad_open_food_facts,"""crowdsourced"" ""food composition database""",Crossref
Antimicrobial potential of Coriandrum sativum L. against different Candida species in vitro,2010,Food Chemistry,D_calidad_open_food_facts,"""crowdsourced"" ""food composition database""",Crossref
Direct determination of free tryptophan contents in soy sauces and its application as an index of soy sauce adulteration,2010,Food Chemistry,D_calidad_open_food_facts,"""crowdsourced"" ""food composition database""",Crossref
The potential of coupling information using three analytical techniques for identifying the geographical origin of Liguria extra virgin olive oil,2010,Food Chemistry,D_calidad_open_food_facts,"""crowdsourced"" ""food composition database""",Crossref
Authentication of extra virgin olive oils by Fourier-transform infrared spectroscopy,2010,Food Chemistry,D_calidad_open_food_facts,"""crowdsourced"" ""food composition database""",Crossref
Antioxidant activities of malt extract from barley (Hordeum vulgare L.) toward various oxidative stress in vitro and in vivo,2010,Food Chemistry,D_calidad_open_food_facts,"""crowdsourced"" ""food composition database""",Crossref
Effects of heat treatment and acid-induced gelation on aroma release from flavoured skim milk,2010,Food Chemistry,D_calidad_open_food_facts,"""crowdsourced"" ""food composition database""",Crossref
Antioxidant and antiproliferative activities of phytochemicals from Quince (Cydonia vulgaris) peels,2010,Food Chemistry,D_calidad_open_food_facts,"""crowdsourced"" ""food composition database""",Crossref
Changes in durum wheat kernel and pasta proteins induced by toasting and drying processes,2010,Food Chemistry,D_calidad_open_food_facts,"""crowdsourced"" ""food composition database""",Crossref
Solutions properties and solute–solvent interactions in ternary sugar–salt–water solutions,2010,Food Chemistry,D_calidad_open_food_facts,"""crowdsourced"" ""food composition database""",Crossref
Laccase-generated tetramethoxy azobismethylene quinone (TMAMQ) as a tool for antioxidant activity measurement,2010,Food Chemistry,D_calidad_open_food_facts,"""crowdsourced"" ""food composition database""",Crossref
Protective effects of quercetin-3-rhamnoglucoside (rutin) on ischemia-reperfusion injury in rat small intestine,2010,Food Chemistry,D_calidad_open_food_facts,"""crowdsourced"" ""food composition database""",Crossref
Flow injection analysis of BHA by NiHCF modified electrode,2010,Food Chemistry,D_calidad_open_food_facts,"""crowdsourced"" ""food composition database""",Crossref
Solid-phase microextraction gas chromatography–mass spectrometry (HS-SPME-GC–MS) determination of volatile compounds in orujo spirits: Multivariate chemometric characterisation,2010,Food Chemistry,D_calidad_open_food_facts,"""crowdsourced"" ""food composition database""",Crossref
Gold nanoparticle-based lateral flow assay for detection of staphylococcal enterotoxin B,2010,Food Chemistry,D_calidad_open_food_facts,"""crowdsourced"" ""food composition database""",Crossref
A novel size-exclusion high performance liquid chromatography (SE-HPLC) method for measuring degree of amylose retrogradation in rice starch,2010,Food Chemistry,D_calidad_open_food_facts,"""crowdsourced"" ""food composition database""",Crossref
"Linking biodiversity, food and nutrition: The importance of plant identification and nomenclature",2010,Journal of Food Composition and Analysis,D_calidad_open_food_facts,"""crowdsourced"" ""food composition database""",Crossref
Assessing and Improving the Quality of Food Composition Databases for Nutrition and Health Applications in Europe: The Contribution of EuroFIR,2014,Advances in Nutrition,D_calidad_open_food_facts,"""food composition database"" ""data quality""",OpenAlex
Intelligent Combination of Food Composition Databases and Food Product Databases for Use in Health Applications,2020,"Lecture notes of the Institute for Computer Sciences, Social Informatics and Telecommunications Engineering",D_calidad_open_food_facts,"""food composition database"" ""data quality""",OpenAlex
EuroFIR quality approach for managing food composition data; where are we in 2014?,2015,Food Chemistry,D_calidad_open_food_facts,"""food composition database"" ""data quality""",OpenAlex
Saudi Food Composition Database: Food Identification and Food Matching,2026,Research Square,D_calidad_open_food_facts,"""food composition database"" ""data quality""",OpenAlex
Development of a new food composition table: An updated tool for estimating nutrient intake in Bangladeshi population,2022,Food Chemistry,D_calidad_open_food_facts,"""food composition database"" ""data quality""",OpenAlex
Compiling and assessing the quality of choline data in the Finnish national food composition database Fineli,2025,Työväentutkimus Vuosikirja,D_calidad_open_food_facts,"""food composition database"" ""data quality""",OpenAlex
Importance of details in food descriptions in estimating population nutrient intake distributions,2019,Nutrition Journal,D_calidad_open_food_facts,"""food composition database"" ""data quality""",OpenAlex
Brazilian Network of Food Data Systems and LATINFOODS Regional Technical Compilation Committee: Food composition activities (2006–2009),2010,Journal of Food Composition and Analysis,D_calidad_open_food_facts,"""food composition database"" ""data quality""",OpenAlex
Brazilian flavonoid database: Application of quality evaluation system,2010,Journal of Food Composition and Analysis,D_calidad_open_food_facts,"""food composition database"" ""data quality""",OpenAlex
Food composition data in Argentina: A systematic review of the literature,2015,Journal of Food Composition and Analysis,D_calidad_open_food_facts,"""food composition database"" ""data quality""",OpenAlex
"Editorial: Databases and nutrition, volume III",2025,Frontiers in Nutrition,D_calidad_open_food_facts,"""food composition database"" ""data quality""",OpenAlex
Анализ международных подходов к обеспечению качества данных баз химического состава пищевых продуктов,2025,Food processing industry,D_calidad_open_food_facts,"""food composition database"" ""data quality""",OpenAlex
A standardized framework for dietary intake data: implementation and monitoring of the 24-hour dietary recalls in the PROVEN-DIA trial,2026,Frontiers in Nutrition,D_calidad_open_food_facts,"""food composition database"" ""data quality""",OpenAlex
Advancing dietary assessment in nutrition and dietetics,2025,Nutrition & Dietetics,D_calidad_open_food_facts,"""food composition database"" ""data quality""",OpenAlex
The potential of near infra-red interactance for predicting body composition in children,2024,European Journal of Clinical Nutrition,D_calidad_open_food_facts,"""food composition database"" ""data quality""",Crossref
Corticosteroid therapy for nephrotic syndrome in children,2024,Cochrane Database Systematic Reviews,D_calidad_open_food_facts,"""food composition database"" ""data quality""",Crossref
Urinary Potassium Excretion and Sodium Sensitivity in Blacks (Response: Reinterpreting Sodium-Potassium Data in Salt Sensitivity Hypertension: A Prospective Debate),2019,Hypertension,D_calidad_open_food_facts,"""food composition database"" ""data quality""",Crossref
Detection of early atherosclerotic lesions in the carotid artery: Experimental and preliminary human data,2011,International Journal of Angiology,D_calidad_open_food_facts,"""food composition database"" ""data quality""",Crossref
"Cardiovascular risk factor profiles related to age and sex: Analysis of the EMSAC, FR Tucuman's data",2011,International Journal of Angiology,D_calidad_open_food_facts,"""food composition database"" ""data quality""",Crossref
Spurious conclusions based on inappropriate data analysis of homoeopathy trial,2010,Focus on Alternative and Complementary Therapies,D_calidad_open_food_facts,"""food composition database"" ""data quality""",Crossref
"Craniometric Variation in the Aleutians: Integrating Morphological, Molecular, Spatial, and Temporal Data",2010,Human Biology,D_calidad_open_food_facts,"""food composition database"" ""data quality""",Crossref
Fast Frequency-Wavenumber Analysis and Fisher Signal Detection in Real-Time Infrasonic Array Data Processing,2010,Geophysical Journal of the Royal Astronomical Society,D_calidad_open_food_facts,"""food composition database"" ""data quality""",Crossref
Generalized Born inversion of seismic reflection data,2010,Geophysical Journal of the Royal Astronomical Society,D_calidad_open_food_facts,"""food composition database"" ""data quality""",Crossref
A Digital System for the Acquisition and Processing of Geoacoustic Data,2010,Geophysical Journal of the Royal Astronomical Society,D_calidad_open_food_facts,"""food composition database"" ""data quality""",Crossref
Digital Computer Programs for Recording and Processing Infrasonic Array Data,2010,Geophysical Journal of the Royal Astronomical Society,D_calidad_open_food_facts,"""food composition database"" ""data quality""",Crossref
Co-Phase Analysis of Atmospheric Wave Data,2010,Geophysical Journal of the Royal Astronomical Society,D_calidad_open_food_facts,"""food composition database"" ""data quality""",Crossref
Regularity of one-phase Stefan problem near Lipschitz initial data,2010,American Journal of Mathematics,D_calidad_open_food_facts,"""food composition database"" ""data quality""",Crossref
Pathophysiology of Tremor at Rest Derived from the Correlation of Anatomical and Clinical Data,2010,Confinia Neurologica,D_calidad_open_food_facts,"""food composition database"" ""data quality""",Crossref
Neurophysiological Data Related to Behavioural Disorders,2010,Confinia Neurologica,D_calidad_open_food_facts,"""food composition database"" ""data quality""",Crossref
Searching the Medical Literatures through Internet: Review of MEDLINE Database,2025,TULSSAA Journal,D_calidad_open_food_facts,"""food composition database"" ""data quality""",Crossref
"New data on mineralogy of the Vysoký Kámen deposits near Krásno, Slavkovský les area, Czech Republic",2012,Journal of GEOsciences,D_calidad_open_food_facts,"""food composition database"" ""data quality""",Crossref
"Gold incorporation into sulphide minerals from the Tatric Unit, the Western Carpathians, with respect to their chemical composition",2012,Journal of GEOsciences,D_calidad_open_food_facts,"""food composition database"" ""data quality""",Crossref
"Therapeutic Strategies in Space-Occupying Cerebellar Infarction Based on Clinical, Neuroradiological and Neurophysiological Data",2010,Cerebrovascular Diseases,D_calidad_open_food_facts,"""food composition database"" ""data quality""",Crossref
"MinT—Architecture and applications of the (t, m, s)-net and OOA database",2010,Mathematics and Computers in Simulation,D_calidad_open_food_facts,"""food composition database"" ""data quality""",Crossref
Semiclassical Focusing Nonlinear Schrodinger Equation I: Inverse scattering map and its evolution for radiative initial data,2010,International Mathematics Research Notices,D_calidad_open_food_facts,"""food composition database"" ""data quality""",Crossref
The pragmatic quality of Resources- Events-Agents diagrams: an experimental evaluation,2010,Information Systems Journal,D_calidad_open_food_facts,"""food composition database"" ""data quality""",Crossref
Changes in Sciatic Nerve Protein Composition during Postnatal Development of Mice,2011,Developmental Neuroscience,D_calidad_open_food_facts,"""food composition database"" ""data quality""",Crossref
"Developmental Changes in Ganglioside Composition of Hippocampus, Retina, and Optic Tectum",2011,Developmental Neuroscience,D_calidad_open_food_facts,"""food composition database"" ""data quality""",Crossref
Efficiency of Resource–Use in Accounting Data Processing in Selected Development Projects in Nigeria,2010,Information Technology for Development,D_calidad_open_food_facts,"""food composition database"" ""data quality""",Crossref
Fuzzy sets in machine learning and data mining,2011,Applied Soft Computing,D_calidad_open_food_facts,"""food composition database"" ""data quality""",Crossref
Commonly consumed Indian plant food materials in the management of diabetes mellitus,2010,Diabetes &amp; Metabolic Syndrome: Clinical Research &amp; Reviews,D_calidad_open_food_facts,"""food composition database"" ""data quality""",Crossref
Effects of aging on functional connectivity of the amygdala during negative evaluation: A network analysis of fMRI data,2010,Neurobiology of Aging,D_calidad_open_food_facts,"""food composition database"" ""data quality""",Crossref
"Characterisation of authentic Italian extra-virgin olive oils by stable isotope ratios of C, O and H and mineral composition",2010,Food Chemistry,D_calidad_open_food_facts,"""food composition database"" ""data quality""",Crossref
"PIP Transactions, Price Improvement, Informed Trades and Order Execution Quality",2010,European Financial Management,D_calidad_open_food_facts,"""food composition database"" ""data quality""",Crossref
Unbiased generalized quasi-regression,2010,Computational Statistics &amp; Data Analysis,D_calidad_open_food_facts,"""food composition database"" ""data quality""",Crossref
Report of the committee on linkage data and gene order,2010,Cytogenetics and Cell Genetics,D_calidad_open_food_facts,"""food composition database"" ""data quality""",Crossref
Estimation of SEs for heteroscedastic and cross-sectionally correlated data,2010,Applied Economics,D_calidad_open_food_facts,"""food composition database"" ""data quality""",Crossref
On the distribution of job characteristics: an analysis of the DOT data,2010,Applied Economics,D_calidad_open_food_facts,"""food composition database"" ""data quality""",Crossref
A Oaxaca–Blinder decomposition for count data models,2010,Applied Economics Letters,D_calidad_open_food_facts,"""food composition database"" ""data quality""",Crossref
"The use of expert opinion, quality and reputation indicators by consumers: evidence from the French vaulting stallion semen market",2010,Applied Economics,D_calidad_open_food_facts,"""food composition database"" ""data quality""",Crossref
Joint production and substitution in timber supply: a panel data analysis,2010,Applied Economics,D_calidad_open_food_facts,"""food composition database"" ""data quality""",Crossref
The level and growth effects in the empirics of economic growth: some results with data from Guatemala,2010,Applied Economics,D_calidad_open_food_facts,"""food composition database"" ""data quality""",Crossref
On measuring speculative and hedging activities in futures markets from volume and open interest data,2010,Applied Economics,D_calidad_open_food_facts,"""food composition database"" ""data quality""",Crossref
The informational quality of implied volatility and the volatility risk premium,2010,Applied Economics Letters,D_calidad_open_food_facts,"""food composition database"" ""data quality""",Crossref
Approximating the critical values of Cramér-von Mises tests in general parametric conditional specifications,2010,Computational Statistics &amp; Data Analysis,D_calidad_open_food_facts,"""food composition database"" ""data quality""",Crossref
Improving Service Quality by Understanding Emergency Department Flow: A White Paper and Position Statement Prepared For the American Academy of Emergency Medicine,2010,The Journal of Emergency Medicine,D_calidad_open_food_facts,"""food composition database"" ""data quality""",Crossref
Semantic web service composition testbed,2010,Computers &amp; Electrical Engineering,D_calidad_open_food_facts,"""food composition database"" ""data quality""",Crossref
"The combination of stable isotope abundance ratios of H, C, N and S with 87Sr/86Sr for geographical origin assignment of orange juices",2010,Food Chemistry,D_calidad_open_food_facts,"""food composition database"" ""data quality""",Crossref
The use of stable carbon isotopes to authenticate claims that poultry have been corn-fed,2010,Food Chemistry,D_calidad_open_food_facts,"""food composition database"" ""data quality""",Crossref
Relationship between hand-grip isometric strength and isokinetic moment data of the shoulder stabilisers,2010,Journal of Bodywork and Movement Therapies,D_calidad_open_food_facts,"""food composition database"" ""data quality""",Crossref
Unit root tests with smooth breaks: an application to the Nelson–Plosser data set,2010,Applied Economics Letters,D_calidad_open_food_facts,"""food composition database"" ""data quality""",Crossref
Quantitation using informative zeros (QUIZ): Application for GMO detection and quantification without recourse to certified reference material,2010,Food Chemistry,D_calidad_open_food_facts,"""food composition database"" ""data quality""",Crossref
Estimation and visualization of confusability matrices from adaptive measurement data,2010,Journal of Mathematical Psychology,D_calidad_open_food_facts,"""food composition database"" ""data quality""",Crossref
Non-dairy probiotic products,2010,Food Microbiology,D_calidad_open_food_facts,"""food composition database"" ""data quality""",Crossref
MECHANICAL BEHAVIOR AND PHYSICAL PROPERTIES OF CHICKEN EGG AS AFFECTED BY DIFFERENT EGG WEIGHTS,2010,Journal of Food Process Engineering,D_calidad_open_food_facts,"""food composition database"" ""data quality""",Crossref
DMP-tree: A dynamic M-way prefix tree data structure for strings matching,2010,Computers &amp; Electrical Engineering,D_calidad_open_food_facts,"""food composition database"" ""data quality""",Crossref
Estimating the value of safety with labour market data: are the results trustworthy?,2010,Applied Economics,D_calidad_open_food_facts,"""food composition database"" ""data quality""",Crossref
Panel data evidence of the impact of exchange rate uncertainty on private investment in South-east Asia,2010,Applied Economics,D_calidad_open_food_facts,"""food composition database"" ""data quality""",Crossref
Secure Data Objects Replication in Data Grid,2010,IEEE Transactions on Dependable and Secure Computing,D_calidad_open_food_facts,"""food composition database"" ""data quality""",Crossref
Finding approximate solutions to combinatorial problems with very large data sets using BIRCH,2010,Computational Statistics &amp; Data Analysis,D_calidad_open_food_facts,"""food composition database"" ""data quality""",Crossref
Effects of interactions among wave aberrations on optical image quality after refractive surgery,2010,Optik,D_calidad_open_food_facts,"""food composition database"" ""data quality""",Crossref
A note on an iterative algorithm for nonparametric estimation in biased sampling models,2010,Computational Statistics &amp; Data Analysis,D_calidad_open_food_facts,"""food composition database"" ""data quality""",Crossref
Signal Quality Measurements for cDNA Microarray Data,2010,IEEE/ACM Transactions on Computational Biology and Bioinformatics,D_calidad_open_food_facts,"""food composition database"" ""data quality""",Crossref
Gene Association Networks from Microarray Data Using a Regularized Estimation of Partial Correlation Based on PLS Regression,2010,IEEE/ACM Transactions on Computational Biology and Bioinformatics,D_calidad_open_food_facts,"""food composition database"" ""data quality""",Crossref
Chaos control and synchronization of a three-species food chain model via Holling functional response,2010,International Journal of Computer Mathematics,D_calidad_open_food_facts,"""food composition database"" ""data quality""",Crossref
hsmm — An R package for analyzing hidden semi-Markov models,2010,Computational Statistics &amp; Data Analysis,D_calidad_open_food_facts,"""food composition database"" ""data quality""",Crossref
Linear Separability of Gene Expression Data Sets,2010,IEEE/ACM Transactions on Computational Biology and Bioinformatics,D_calidad_open_food_facts,"""food composition database"" ""data quality""",Crossref
An effective 3-in-1 keyword search method over heterogeneous data sources,2011,Information Systems,D_calidad_open_food_facts,"""food composition database"" ""data quality""",Crossref
Application of trace element and stable isotope signatures to determine the provenance of tea (Camellia sinensis) samples,2010,Food Chemistry,D_calidad_open_food_facts,"""food composition database"" ""data quality""",Crossref
Reduced glucose transporter GLUT4 in skeletal muscle predicts insulin resistance in non-diabetic chronic heart failure patients independently of body composition,2010,International Journal of Cardiology,D_calidad_open_food_facts,"""food composition database"" ""data quality""",Crossref
The flux and isotopic composition of reduced and total nitrogen in Bermuda rain,2010,Marine Chemistry,D_calidad_open_food_facts,"""food composition database"" ""data quality""",Crossref
Mercury's surface and composition to be studied by BepiColombo,2010,Planetary and Space Science,D_calidad_open_food_facts,"""food composition database"" ""data quality""",Crossref
Evaluating ontologies: Towards a cognitive measure of quality,2010,Information Systems,D_calidad_open_food_facts,"""food composition database"" ""data quality""",Crossref
The long-term effects of acute triggers of acute coronary syndromes on adaptation and quality of life,2010,International Journal of Cardiology,D_calidad_open_food_facts,"""food composition database"" ""data quality""",Crossref
Rheological and crystalline properties of trans-free model fat blends as affected by the length of fatty acid chains,2010,Journal of Food Engineering,D_calidad_open_food_facts,"""food composition database"" ""data quality""",Crossref
Food Types in the Diet and the Nutrient Intake of Obese and Non-Obese Children,2011,Journal of Clinical Research in Pediatric Endocrinology,D_calidad_open_food_facts,"""food composition database"" ""data quality""",Crossref
The predictive ability of relative efficiency for future earnings: an application using data envelopment analysis to Spanish SMEs,2010,Applied Economics,D_calidad_open_food_facts,"""food composition database"" ""data quality""",Crossref
"BioExtract Server—An Integrated Workflow-Enabling System to Access and Analyze Heterogeneous, Distributed Biomolecular Data",2010,IEEE/ACM Transactions on Computational Biology and Bioinformatics,D_calidad_open_food_facts,"""food composition database"" ""data quality""",Crossref
"Multivariate quasi-interpolation in
                    <i>L</i>
                    <sup>
                      <i>p</i>
                    </sup>
                    (ℝ
                    <sup>
                      <i>d</i>
                    </sup>
                    ) with radial basis functions for scattered data",2010,International Journal of Computer Mathematics,D_calidad_open_food_facts,"""food composition database"" ""data quality""",Crossref
On variance stabilisation in Population Monte Carlo by double Rao-Blackwellisation,2010,Computational Statistics &amp; Data Analysis,D_calidad_open_food_facts,"""food composition database"" ""data quality""",Crossref
Stable C and N isotope ratio analysis for regional geographical traceability of cattle in China,2010,Food Chemistry,D_calidad_open_food_facts,"""food composition database"" ""data quality""",Crossref
Development of primer and probe sets for the detection of plant species in honey,2010,Food Chemistry,D_calidad_open_food_facts,"""food composition database"" ""data quality""",Crossref
Différenciation biochimique d’Allomyces: bases nucléiques libres et composition de l’acide ribonucléique,2010,Pathologia et Microbiologia,D_calidad_open_food_facts,"""food composition database"" ""data quality""",Crossref
Data Relevant to the Apparently Rising Incidence of Lung Cancer in Great Britain and to the Effects of Treatment on Survival,2010,Schweizerische Zeitschrift für allgemeine Pathologie und Bakteriologie,D_calidad_open_food_facts,"""food composition database"" ""data quality""",Crossref
Multivariate analysis of NMR fingerprint of the unsaponifiable fraction of virgin olive oils for authentication purposes,2010,Food Chemistry,D_calidad_open_food_facts,"""food composition database"" ""data quality""",Crossref
Historical Stem-Mapped Permanent Plots Increase Precision of Reconstructed Reference Data in Ponderosa Pine Forests of Northern Arizona,2010,Restoration Ecology,D_calidad_open_food_facts,"""food composition database"" ""data quality""",Crossref
GAP: A graphical environment for matrix visualization and cluster analysis,2010,Computational Statistics &amp; Data Analysis,D_calidad_open_food_facts,"""food composition database"" ""data quality""",Crossref
Analysis and processing the 3d-range-image-data for robot monitoring,2012,Geodesy and Cartography,D_calidad_open_food_facts,"""food composition database"" ""data quality""",Crossref
Quality of life predicts outcome in a heart failure disease management program,2010,International Journal of Cardiology,D_calidad_open_food_facts,"""food composition database"" ""data quality""",Crossref
Mining and visualising ordinal data with non-parametric continuous BBNs,2010,Computational Statistics &amp; Data Analysis,D_calidad_open_food_facts,"""food composition database"" ""data quality""",Crossref
Missing agricultural price data: an application of mixed estimation,2010,Applied Economics Letters,D_calidad_open_food_facts,"""food composition database"" ""data quality""",Crossref
Distributed evolutionary Monte Carlo for Bayesian computing,2010,Computational Statistics &amp; Data Analysis,D_calidad_open_food_facts,"""food composition database"" ""data quality""",Crossref
VLBI_UDP: An application for transporting VLBI data using the UDP protocol,2010,Future Generation Computer Systems,D_calidad_open_food_facts,"""food composition database"" ""data quality""",Crossref
Experimental study of heat transfer intensification by using a novel combined shelf in food refrigerated display cabinets (Experimental study of a novel cabinets),2010,Applied Thermal Engineering,D_calidad_open_food_facts,"""food composition database"" ""data quality""",Crossref
Identification of botanical biomarkers found in Corsican honey,2010,Food Chemistry,D_calidad_open_food_facts,"""food composition database"" ""data quality""",Crossref
A simple one-step PCR method for the identification between European and American razor clams species,2010,Food Chemistry,D_calidad_open_food_facts,"""food composition database"" ""data quality""",Crossref
Multi-aspect data analysis for investigating human computation mechanism,2010,Cognitive Systems Research,D_calidad_open_food_facts,"""food composition database"" ""data quality""",Crossref
"Prediction of the identity of fats and oils by their fatty acid, triacylglycerol and volatile compositions using PLS-DA",2010,Food Chemistry,D_calidad_open_food_facts,"""food composition database"" ""data quality""",Crossref
Examining preschoolers' nutrition knowledge using a meal creation and food group classification task: age and gender differences,2010,Early Child Development and Care,D_calidad_open_food_facts,"""food composition database"" ""data quality""",Crossref
SLM‐based data position permutation method for PAPR reduction in OFDM systems,2013,Wireless Communications and Mobile Computing,D_calidad_open_food_facts,"""food composition database"" ""data quality""",Crossref
Density Conscious Subspace Clustering for High-Dimensional Data,2010,IEEE Transactions on Knowledge and Data Engineering,D_calidad_open_food_facts,"""food composition database"" ""data quality""",Crossref
Mumijo Traditional Medicine: Fossil Deposits from Antarctica (Chemical Composition and Beneficial Bioactivity),2011,Evidence-Based Complementary and Alternative Medicine,D_calidad_open_food_facts,"""food composition database"" ""data quality""",Crossref
Temporal variability of the elemental composition of African dust measured in trade wind aerosols at Barbados and Miami,2010,Marine Chemistry,D_calidad_open_food_facts,"""food composition database"" ""data quality""",Crossref
Towards a multiplex cereal traceability tool using padlock probe ligation on genomic DNA,2010,Food Chemistry,D_calidad_open_food_facts,"""food composition database"" ""data quality""",Crossref
A welfare estimation of beach recreation with aggregate data,2010,Applied Economics,D_calidad_open_food_facts,"""food composition database"" ""data quality""",Crossref
Implementing Bayesian predictive procedures: The K-prime and K-square distributions,2010,Computational Statistics &amp; Data Analysis,D_calidad_open_food_facts,"""food composition database"" ""data quality""",Crossref
Adaptive Quality Guided Phase Unwrapping Algorithm for Whole‐Field Digital Photoelastic Parameter Estimation of Complex Models,2010,Strain,D_calidad_open_food_facts,"""food composition database"" ""data quality""",Crossref
"Acceleration of the EM algorithm via extrapolation methods: Review, comparison and new methods",2010,Computational Statistics &amp; Data Analysis,D_calidad_open_food_facts,"""food composition database"" ""data quality""",Crossref
Appending limited clinical data to an administrative database for assessing institutional quality outliers for AMI care: Does it matter?,2010,International Journal of Cardiology,D_calidad_open_food_facts,"""food composition database"" ""data quality""",Crossref
Effects of using specific versus general data in social program research,2010,Applied Economics,D_calidad_open_food_facts,"""food composition database"" ""data quality""",Crossref
"Effects of dietary phospholipid and highly unsaturated fatty acid on the gonadal development, tissue proximate composition, lipid class and fatty acid composition of precocious Chinese mitten crab,<i>Eriocheir sinensis</i>",2010,Aquaculture Nutrition,D_calidad_open_food_facts,"""food composition database"" ""data quality""",Crossref
Lepp terminal centroid method for quality triangulation,2010,Computer-Aided Design,D_calidad_open_food_facts,"""food composition database"" ""data quality""",Crossref
Lithospheric composition and thermal structure of the Arabian Shield in Jordan,2010,Tectonophysics,D_calidad_open_food_facts,"""food composition database"" ""data quality""",Crossref
Tissue oxygenation and haemoglobin kinetics as a function of depth in two shoulder muscles differing in fibre-type composition,2010,International Journal of Industrial Ergonomics,D_calidad_open_food_facts,"""food composition database"" ""data quality""",Crossref
"Body composition, smoking, and spontaneous dizygotic twinning",2010,Fertility and Sterility,D_calidad_open_food_facts,"""food composition database"" ""data quality""",Crossref
Clinical data and parenthood of 63 infertile and Y-microdeleted men,2010,Fertility and Sterility,D_calidad_open_food_facts,"""food composition database"" ""data quality""",Crossref
Robust concentration graph model selection,2010,Computational Statistics &amp; Data Analysis,D_calidad_open_food_facts,"""food composition database"" ""data quality""",Crossref
Verification of the geological origin of bottled mineral water using artificial neural networks,2010,Food Chemistry,D_calidad_open_food_facts,"""food composition database"" ""data quality""",Crossref
Quality coordination and complementary products,2010,Applied Economics,D_calidad_open_food_facts,"""food composition database"" ""data quality""",Crossref
FUZZY CLUSTERING MODELING AND EVALUATION OF SURFACE INTERACTIONS AND EMULSIONS OF SELECTED WHEAT PROTEIN COMBINED TO IOTA‐CARRAGEENAN AND GUM ARABIC SOLUTIONS,2010,Journal of Food Process Engineering,D_calidad_open_food_facts,"""food composition database"" ""data quality""",Crossref
Inhibition of Penicillium nordicum in MRS medium by lactic acid bacteria isolated from foods,2010,Food Control,D_calidad_open_food_facts,"""food composition database"" ""data quality""",Crossref
Promoting symmetric weight selection in data envelopment analysis: A penalty function approach,2010,European Journal of Operational Research,D_calidad_open_food_facts,"""food composition database"" ""data quality""",Crossref
Effect of Docosahexaenoic Acid on Quality of Cryopreserved Boar Semen in Different Breeds,2010,Reproduction in Domestic Animals,D_calidad_open_food_facts,"""food composition database"" ""data quality""",Crossref
Effects of Thawing Temperature and Post-thaw Dilution on the Quality of Cat Spermatozoa,2010,Reproduction in Domestic Animals,D_calidad_open_food_facts,"""food composition database"" ""data quality""",Crossref
Quality and Fertilizing Ability<i>In Vivo</i>of Sex-Sorted Stallion Spermatozoa,2010,Reproduction in Domestic Animals,D_calidad_open_food_facts,"""food composition database"" ""data quality""",Crossref
A dynamic Mincer equation with an application to Portuguese data,2010,Applied Economics,D_calidad_open_food_facts,"""food composition database"" ""data quality""",Crossref
Is Query Reuse Potentially Harmful? Anchoring and Adjustment in Adapting Existing Database Queries,2010,Information Systems Research,D_calidad_open_food_facts,"""food composition database"" ""data quality""",Crossref
Willingness-to-Pay Stated Preferences for 8 Health-Related Quality-of-Life Domains in Psoriatic Arthritis: A Pilot Study,2010,Seminars in Arthritis and Rheumatism,D_calidad_open_food_facts,"""food composition database"" ""data quality""",Crossref
International Differences in Wage Inequality: A New Glance with European Matched Employer–Employee Data,2010,British Journal of Industrial Relations,D_calidad_open_food_facts,"""food composition database"" ""data quality""",Crossref
CT–MR image data fusion for computer-assisted navigated surgery of orbital tumors,2010,European Journal of Radiology,D_calidad_open_food_facts,"""food composition database"" ""data quality""",Crossref
Resource-aware and quality-fair video-streaming using multiple adaptive TCP connections,2010,Computers &amp; Electrical Engineering,D_calidad_open_food_facts,"""food composition database"" ""data quality""",Crossref
Effect of N-acetyl-L-cysteine Supplementation in Semen Extenders on Semen Quality and Reactive Oxygen Species of Chilled Canine Spermatozoa,2010,Reproduction in Domestic Animals,D_calidad_open_food_facts,"""food composition database"" ""data quality""",Crossref
MICROBIAL ANALYSIS AND TEXTURAL PROPERTIES OF CANTONESE SAUSAGE,2010,Journal of Food Process Engineering,D_calidad_open_food_facts,"""food composition database"" ""data quality""",Crossref
SUPERCRITICAL CARBON DIOXIDE SELECTIVITY TO FRACTIONATE PHENOLIC COMPOUNDS FROM THE DRY ETHANOLIC EXTRACT OF PROPOLIS,2010,Journal of Food Process Engineering,D_calidad_open_food_facts,"""food composition database"" ""data quality""",Crossref
A model and prototype implementation for tracking and tracing agricultural batch products along the food chain,2010,Food Control,D_calidad_open_food_facts,"""food composition database"" ""data quality""",Crossref
Aflatoxin M1 contamination in milk from five dairy species in Pakistan,2010,Food Control,D_calidad_open_food_facts,"""food composition database"" ""data quality""",Crossref
Wiener processes with random effects for degradation data,2010,Journal of Multivariate Analysis,D_calidad_open_food_facts,"""food composition database"" ""data quality""",Crossref
Is residual neurovascular tissue on prostatectomy specimens associated with surgeon intent at nerve-sparing and postoperative quality of life measures?,2010,Urologic Oncology: Seminars and Original Investigations,D_calidad_open_food_facts,"""food composition database"" ""data quality""",Crossref
Self-esteem and personality in subjects with and without body dysmorphic disorder traits undergoing cosmetic rhinoplasty: preliminary data,2010,"Journal of Plastic, Reconstructive &amp; Aesthetic Surgery",D_calidad_open_food_facts,"""food composition database"" ""data quality""",Crossref
Influence of processing on the levels of amines and proline and on the physico-chemical characteristics of concentrated orange juice,2010,Food Chemistry,D_calidad_open_food_facts,"""food composition database"" ""data quality""",Crossref
On the structure and surface chemical composition of indium–tin oxide films prepared by long-throw magnetron sputtering,2010,Thin Solid Films,D_calidad_open_food_facts,"""food composition database"" ""data quality""",Crossref
SQA: a software tool for integrated sediment quality evaluation based on the Weight-Of-Evidence procedure,2010,Environmental Modelling &amp; Software,D_calidad_open_food_facts,"""food composition database"" ""data quality""",Crossref
Dependency on prioritized data in the delay analysis of foundation fieldbus,2010,Control Engineering Practice,D_calidad_open_food_facts,"""food composition database"" ""data quality""",Crossref
Quality of security through triple key scheme in wireless sensor networks,2010,Wireless Communications and Mobile Computing,D_calidad_open_food_facts,"""food composition database"" ""data quality""",Crossref
Support in the first stage of labour from a female relative: the first step in improving the quality of maternity services,2010,Midwifery,D_calidad_open_food_facts,"""food composition database"" ""data quality""",Crossref
"Impact of image noise levels, scout scan dose and lens shield on image quality and radiation exposure in z-axis dose-modulated neck MSCT on 16- and 64-slice Toshiba Aquilion scanners",2010,European Journal of Radiology,D_calidad_open_food_facts,"""food composition database"" ""data quality""",Crossref
"A semi-oriented radial measure for measuring the efficiency of decision making units with negative data, using DEA",2010,European Journal of Operational Research,D_calidad_open_food_facts,"""food composition database"" ""data quality""",Crossref
Comparison of essential oils compositions of Nepeta persica obtained by supercritical carbon dioxide extraction and steam distillation methods,2010,Food and Bioproducts Processing,D_calidad_open_food_facts,"""food composition database"" ""data quality""",Crossref
"Effects of humic substances supplementation provided through drinking water on performance, carcass traits and meat quality of broilers",2010,Journal of Animal Physiology and Animal Nutrition,D_calidad_open_food_facts,"""food composition database"" ""data quality""",Crossref
Sunflower oil supplementation alters meat quality but not performance of growing partridges (<i>Alectoris chukar</i>),2010,Journal of Animal Physiology and Animal Nutrition,D_calidad_open_food_facts,"""food composition database"" ""data quality""",Crossref
"Effects of carbohydrate sources on growth, body composition and tissue lipid deposition of blackspot seabream,<i>Pagellus bogaraveo</i>(Brunnich)",2010,Journal of Animal Physiology and Animal Nutrition,D_calidad_open_food_facts,"""food composition database"" ""data quality""",Crossref
A low intake of antioxidant nutrients is associated with poor semen quality in patients attending fertility clinics,2010,Fertility and Sterility,D_calidad_open_food_facts,"""food composition database"" ""data quality""",Crossref
"Better data needed: everyone agrees, but no one wants to pay",2010,The Lancet,D_calidad_open_food_facts,"""food composition database"" ""data quality""",Crossref
Health-related quality of life following a surgical weight loss intervention,2010,Applied Nursing Research,D_calidad_open_food_facts,"""food composition database"" ""data quality""",Crossref
Effect of different drying conditions on the vitamin C (ascorbic acid) content of Hayward kiwifruits (Actinidia deliciosa Planch),2010,Food and Bioproducts Processing,D_calidad_open_food_facts,"""food composition database"" ""data quality""",Crossref
Adolescent Filial Piety as a Moderator between Perceived Maternal Control and MotherâAdolescent Relationship Quality in Hong Kong,2010,Social Development,D_calidad_open_food_facts,"""food composition database"" ""data quality""",Crossref
"Nonlinearity, data-snooping, and stock index ETF return predictability",2010,European Journal of Operational Research,D_calidad_open_food_facts,"""food composition database"" ""data quality""",Crossref
Embryo quality and implantation rate in two different culture media: ISM1 versus Universal IVF Medium,2010,Fertility and Sterility,D_calidad_open_food_facts,"""food composition database"" ""data quality""",Crossref
A continuous esterification of malonic acid with citronellol using packed bed reactor: Investigation of parameter and kinetics study,2010,Food and Bioproducts Processing,D_calidad_open_food_facts,"""food composition database"" ""data quality""",Crossref
"Nitrogen, sustainable agriculture and food security. A review",2010,Agronomy for Sustainable Development,D_calidad_open_food_facts,"""food composition database"" ""data quality""",Crossref
Cost optimization of the supply chain network using genetic algorithms - Withdrawn,2019,IEEE Transactions on Knowledge and Data Engineering,D_calidad_open_food_facts,"""food composition database"" ""data quality""",Crossref
The 10-year follow-up data of the Euro-Lupus Nephritis Trial comparing low-dose and high-dose intravenous cyclophosphamide,2010,Annals of the Rheumatic Diseases,D_calidad_open_food_facts,"""food composition database"" ""data quality""",Crossref
Self-representations in Early Adolescence: Variations in Sibling Similarity by Sex Composition and Sibling Relationship Qualities,2010,Social Development,D_calidad_open_food_facts,"""food composition database"" ""data quality""",Crossref
Chemical stability of montmorillonite buffer clay under repository-like conditions—A synthesis of relevant experimental data,2010,Applied Clay Science,D_calidad_open_food_facts,"""food composition database"" ""data quality""",Crossref
Difference in resource utilization between patients with acute and chronic heart failure from Japanese administrative database,2010,International Journal of Cardiology,D_calidad_open_food_facts,"""food composition database"" ""data quality""",Crossref
Antioxidant activity of sparkling wines produced by Champenoise and Charmat methods,2010,Food Chemistry,D_calidad_open_food_facts,"""food composition database"" ""data quality""",Crossref
"Epidemiological and mycological data of onychomycosis in Goiania, Brazil",2010,Mycoses,D_calidad_open_food_facts,"""food composition database"" ""data quality""",Crossref
Impact of depression on quality of life assessment in heart failure,2010,International Journal of Cardiology,D_calidad_open_food_facts,"""food composition database"" ""data quality""",Crossref
Beam quality factor of mixed modes emerging from a multimode step-index fiber,2010,Optik,D_calidad_open_food_facts,"""food composition database"" ""data quality""",Crossref
New rotation-free finite element shell triangle accurately using geometrical data,2010,Computer Methods in Applied Mechanics and Engineering,D_calidad_open_food_facts,"""food composition database"" ""data quality""",Crossref
Geographically weighted regression bandwidth selection and spatial autocorrelation: an empirical example using Chinese agriculture data,2010,Applied Economics Letters,D_calidad_open_food_facts,"""food composition database"" ""data quality""",Crossref
Review of: Technologies in the Second Language Composition Classroom,2010,Journal of English for Academic Purposes,D_calidad_open_food_facts,"""food composition database"" ""data quality""",Crossref
"Arable land requirements based on food consumption patterns: Case study in rural Guyuan District, Western China",2010,Ecological Economics,D_calidad_open_food_facts,"""food composition database"" ""data quality""",Crossref
"Systematics of the southern Patagonian-Fueguian endemic Abrothrix lanosus (Rodentia: Sigmodontinae): Phylogenetic position, karyotypic and morphological data",2010,Mammalian Biology,D_calidad_open_food_facts,"""food composition database"" ""data quality""",Crossref
Female obesity impairs in vitro fertilization outcome without affecting embryo quality,2010,Fertility and Sterility,D_calidad_open_food_facts,"""food composition database"" ""data quality""",Crossref
Dynamical consequences of predator interference in a tri-trophic model food chain,2010,Nonlinear Analysis: Real World Applications,D_calidad_open_food_facts,"""food composition database"" ""data quality""",Crossref
An optimal sequential preventive maintenance policy under stochastic maintenance quality,2011,Structure and Infrastructure Engineering,D_calidad_open_food_facts,"""food composition database"" ""data quality""",Crossref
Data Mining on DNA Sequences of Hepatitis B Virus,2011,IEEE/ACM Transactions on Computational Biology and Bioinformatics,D_calidad_open_food_facts,"""food composition database"" ""data quality""",Crossref
Continuously moving table MRI with sliding multislice for rectal cancer staging: Image quality and lesion detection,2010,European Journal of Radiology,D_calidad_open_food_facts,"""food composition database"" ""data quality""",Crossref
"Micromammals from the 1995 Mammoth Excavation at West Runton, Norfolk, UK: Morphometric data, biostratigraphy and taxonomic reappraisal",2010,Quaternary International,D_calidad_open_food_facts,"""food composition database"" ""data quality""",Crossref
Measuring Quality of Life in Dysphonic Patients: A Systematic Review of Content Development in Patient-Reported Outcomes Measures,2010,Journal of Voice,D_calidad_open_food_facts,"""food composition database"" ""data quality""",Crossref
Perceptual Distances of Breathy Voice Quality: A Comparison of Psychophysical Methods,2010,Journal of Voice,D_calidad_open_food_facts,"""food composition database"" ""data quality""",Crossref
Image quality in conventional chest radiography. Evaluation using the postprocessing tool Diamond View®,2010,European Journal of Radiology,D_calidad_open_food_facts,"""food composition database"" ""data quality""",Crossref
"Late Pleistocene genesis of the middle Yarlung Zhangbo Valley, southern Tibet (China), as deduced by sedimentological and luminescence data",2010,Quaternary Geochronology,D_calidad_open_food_facts,"""food composition database"" ""data quality""",Crossref
Self-rated health in patients with mild Alzheimer's disease: Baseline data from the Danish Alzheimer Intervention Study,2010,Archives of Gerontology and Geriatrics,D_calidad_open_food_facts,"""food composition database"" ""data quality""",Crossref
The Effect of Restoration Methods on the Quality of the Restoration and Resistance to Invasion by Exotics,2010,Restoration Ecology,D_calidad_open_food_facts,"""food composition database"" ""data quality""",Crossref
High versus low ligation of the inferior mesenteric artery in curative surgery for non-metastatic rectal cancer,2023,Cochrane Database of Systematic Reviews,D_calidad_open_food_facts,"""food composition database"" ""data quality""",Crossref
Food shelf life: estimation and optimal design,2010,Journal of Statistical Computation and Simulation,D_calidad_open_food_facts,"""food composition database"" ""data quality""",Crossref
Effect of adding fold-change criteria to significance testing of microarray data,2010,Journal of Statistical Computation and Simulation,D_calidad_open_food_facts,"""food composition database"" ""data quality""",Crossref
SORT-CC: A procedure for the statistical treatment of free sorting data,2010,Food Quality and Preference,D_calidad_open_food_facts,"""food composition database"" ""data quality""",Crossref
Seasonal food habits of corsac and red foxes in Mongolia and the potential for competition,2010,Mammalian Biology,D_calidad_open_food_facts,"""food composition database"" ""data quality""",Crossref
A production/remanufacturing inventory model with price and quality dependant return rate,2010,Computers &amp; Industrial Engineering,D_calidad_open_food_facts,"""food composition database"" ""data quality""",Crossref
Effects of digestible protein levels in isonitrogenous diets on growth performance and tissue composition of juvenile<i>Atractoscion nobilis</i>,2010,Aquaculture Nutrition,D_calidad_open_food_facts,"""food composition database"" ""data quality""",Crossref
Anthocyanins and polyphenol oxidase from dried arils of pomegranate (Punica granatum L.),2010,Food Chemistry,D_calidad_open_food_facts,"""food composition database"" ""data quality""",Crossref
Greek traditional dances and quality of old people's life,2010,Journal of Bodywork and Movement Therapies,D_calidad_open_food_facts,"""food composition database"" ""data quality""",Crossref
Impact of non-normal random effects on inference by multiple imputation: A simulation assessment,2010,Computational Statistics &amp; Data Analysis,D_calidad_open_food_facts,"""food composition database"" ""data quality""",Crossref
A Sparse Learning Machine for High-Dimensional Data with Application to Microarray Gene Analysis,2010,IEEE/ACM Transactions on Computational Biology and Bioinformatics,D_calidad_open_food_facts,"""food composition database"" ""data quality""",Crossref
Effects of wholesaler concentration on retailers by format: evidence from Japanese brand-level price data,2010,Applied Economics,D_calidad_open_food_facts,"""food composition database"" ""data quality""",Crossref
Impact of midwives’ training on postnatal depression screening in the first week post delivery: a quality improvement report,2010,Midwifery,D_calidad_open_food_facts,"""food composition database"" ""data quality""",Crossref
POLYSACCHARIDES FROM MULBERRY LEAF IN RELATION TO THEIR ANTIOXIDANT ACTIVITY AND ANTIBACTERIAL ABILITY,2010,Journal of Food Process Engineering,D_calidad_open_food_facts,"""food composition database"" ""data quality""",Crossref
IMAGE PROCESSING AND PHYSICO‐MECHANICAL PROPERTIES OF BASIL SEED (<i>OCIMUM BASILICUM</i>),2010,Journal of Food Process Engineering,D_calidad_open_food_facts,"""food composition database"" ""data quality""",Crossref
"The Extended Specimen Network: A Strategy to Enhance US Biodiversity Collections, Promote Research and Education",2019,BioScience,D_calidad_open_food_facts,"""citizen science"" food database completeness",OpenAlex
The emerging role of mammal collections in 21st century mammalogy,2018,Journal of Mammalogy,D_calidad_open_food_facts,"""citizen science"" food database completeness",OpenAlex
Plant Pathology 2.0,2014,Molecular Plant Pathology,D_calidad_open_food_facts,"""citizen science"" food database completeness",OpenAlex
Realising the promise of large data and complex models,2023,Methods in Ecology and Evolution,D_calidad_open_food_facts,"""citizen science"" food database completeness",OpenAlex
Plants meet machines: Prospects in machine learning for plant biology,2020,Applications in Plant Sciences,D_calidad_open_food_facts,"""citizen science"" food database completeness",OpenAlex
"Evidence of cascading ecosystem effects following the loss of white sharks from False Bay, South Africa",2025,Frontiers in Marine Science,D_calidad_open_food_facts,"""citizen science"" food database completeness",OpenAlex
Botanic gardens are vital for delivering the Kunming‐Montreal global biodiversity framework,2024,Biological Diversity,D_calidad_open_food_facts,"""citizen science"" food database completeness",OpenAlex
Increasing invasion debt through good intentions: the risk and responsibilities of greening initiatives in the Middle East,2025,Frontiers in Ecology and Evolution,D_calidad_open_food_facts,"""citizen science"" food database completeness",OpenAlex
Reporting food service emissions,2022,Food Science and Technology,D_calidad_open_food_facts,"""citizen science"" food database completeness",OpenAlex
Spotlight on Genetics,2016,Nature,D_calidad_open_food_facts,"""citizen science"" food database completeness",OpenAlex
"Decision letter: Species clustering, climate effects, and introduced species in 5 million city trees across 63 US cities",2022,,D_calidad_open_food_facts,"""citizen science"" food database completeness",OpenAlex
"Nitrogen Assimilation by Plants: Physiological, Biochemical and Molecular Aspects. Edited by Jean-François Morot-Gaudry. Enfield, NH: Science Publishers Inc. 2001. vi + 466pp. ISBN 1 57808 139 4. £83.00 (hardback). DOI: 10.10M/S0960428602220156",2017,Edinburgh Journal of Botany,D_calidad_open_food_facts,"""citizen science"" food database completeness",Crossref
Corticosteroid therapy for nephrotic syndrome in children,2024,Cochrane Database Systematic Reviews,D_calidad_open_food_facts,"""citizen science"" food database completeness",Crossref
Stochastic modeling of economic injury levels with respect to yearly trends in price commodity,2014,Journal of Insect Science,D_calidad_open_food_facts,"""citizen science"" food database completeness",Crossref
Harry C. Gatos to Receive The Electrochemical Society Award in Solid State Science and Technology,2019,Journal of The Electrochemical Society,D_calidad_open_food_facts,"""citizen science"" food database completeness",Crossref
Harry C. Gatos To Receive the Solid State Science and Technology Award,2019,Journal of The Electrochemical Society,D_calidad_open_food_facts,"""citizen science"" food database completeness",Crossref
"<i>Retracted</i>
                    : Preparation of PMR+PAN resin matrix and its studies on carbon fiber reinforced composite: Hydraulic, chemical, and temperature stability",2012,Journal of Applied Polymer Science,D_calidad_open_food_facts,"""citizen science"" food database completeness",Crossref
Memory Practices in the Sciences,2010,Journal of the American Society for Information Science and Technology,D_calidad_open_food_facts,"""citizen science"" food database completeness",Crossref
Searching the Medical Literatures through Internet: Review of MEDLINE Database,2025,TULSSAA Journal,D_calidad_open_food_facts,"""citizen science"" food database completeness",Crossref
"MinT—Architecture and applications of the (t, m, s)-net and OOA database",2010,Mathematics and Computers in Simulation,D_calidad_open_food_facts,"""citizen science"" food database completeness",Crossref
Another proof for the equivalence between invariance of closed sets with respect to stochastic and deterministic systems☆☆The authors gratefully acknowledge the support from the RTN network HPRN-CT-2002-00281 (European Union) and from the FWF-grant Y 328 (Austrian Science Funds).,2010,Bulletin des Sciences Mathématiques,D_calidad_open_food_facts,"""citizen science"" food database completeness",Crossref
Long-term retention of basic science knowledge: a review study,2010,Advances in Health Sciences Education,D_calidad_open_food_facts,"""citizen science"" food database completeness",Crossref
Commonly consumed Indian plant food materials in the management of diabetes mellitus,2010,Diabetes &amp; Metabolic Syndrome: Clinical Research &amp; Reviews,D_calidad_open_food_facts,"""citizen science"" food database completeness",Crossref
Modelling iron-bentonite interactions,2010,Applied Clay Science,D_calidad_open_food_facts,"""citizen science"" food database completeness",Crossref
Sliding and transversal motions on an inclined boundary in a periodically forced discontinuous system,2010,Communications in Nonlinear Science and Numerical Simulation,D_calidad_open_food_facts,"""citizen science"" food database completeness",Crossref
"The 2006 Bower Award for Achievement in Science, presented to Narain G. Hingorani",2010,Journal of the Franklin Institute,D_calidad_open_food_facts,"""citizen science"" food database completeness",Crossref
Fluvial processes in geomorphology and environmental management: The 2006 Benjamin Franklin Medal in Earth and Environmental Science awarded to Luna B. Leopold and M. Gordon Wolman,2010,Journal of the Franklin Institute,D_calidad_open_food_facts,"""citizen science"" food database completeness",Crossref
Reflections of the Chair of the Committee on Science and the Arts,2010,Journal of the Franklin Institute,D_calidad_open_food_facts,"""citizen science"" food database completeness",Crossref
"The 2006 Benjamin Franklin Medal in Life Science presented to Fernando Nottebohm, Ph.D. for demonstration of Central Neurogenesis in Adult Avians, with Concomitant Implications for the Theory of Memory and for the Future of Neurological Repair in Injury and Disease",2010,Journal of the Franklin Institute,D_calidad_open_food_facts,"""citizen science"" food database completeness",Crossref
"Characterisation of authentic Italian extra-virgin olive oils by stable isotope ratios of C, O and H and mineral composition",2010,Food Chemistry,D_calidad_open_food_facts,"""citizen science"" food database completeness",Crossref
A switch-modulated method for chaos digital secure communication based on user-defined protocol,2010,Communications in Nonlinear Science and Numerical Simulation,D_calidad_open_food_facts,"""citizen science"" food database completeness",Crossref
Nonlinear processes in Hamiltonian reconnection,2010,Communications in Nonlinear Science and Numerical Simulation,D_calidad_open_food_facts,"""citizen science"" food database completeness",Crossref
Antioxidative Activity of Carbon Nanotube and Nanofiber,2010,The Open Materials Science Journal,D_calidad_open_food_facts,"""citizen science"" food database completeness",Crossref
Experiences of pH and Eh measurements in compacted MX-80 bentonite,2010,Applied Clay Science,D_calidad_open_food_facts,"""citizen science"" food database completeness",Crossref
Evidence of the production and dissolution of carbonate phases in bentonite formations,2010,Applied Clay Science,D_calidad_open_food_facts,"""citizen science"" food database completeness",Crossref
Special section on advances in computing systems science and engineering,2010,Computers &amp; Electrical Engineering,D_calidad_open_food_facts,"""citizen science"" food database completeness",Crossref
PHEBUS: A double ultraviolet spectrometer to observe Mercury's exosphere,2010,Planetary and Space Science,D_calidad_open_food_facts,"""citizen science"" food database completeness",Crossref
Magnetic field investigation of Mercury's magnetosphere and the inner heliosphere by MMO/MGF,2010,Planetary and Space Science,D_calidad_open_food_facts,"""citizen science"" food database completeness",Crossref
Nonquasilinear evolution of particle velocity in incoherent waves with random amplitudes,2010,Communications in Nonlinear Science and Numerical Simulation,D_calidad_open_food_facts,"""citizen science"" food database completeness",Crossref
"The combination of stable isotope abundance ratios of H, C, N and S with 87Sr/86Sr for geographical origin assignment of orange juices",2010,Food Chemistry,D_calidad_open_food_facts,"""citizen science"" food database completeness",Crossref
The use of stable carbon isotopes to authenticate claims that poultry have been corn-fed,2010,Food Chemistry,D_calidad_open_food_facts,"""citizen science"" food database completeness",Crossref
Simulating non-isothermal water uptake of compacted bentonite without coupling of hydraulics to mechanics,2010,Applied Clay Science,D_calidad_open_food_facts,"""citizen science"" food database completeness",Crossref
DESOLA: An active linear algebra library using delayed evaluation and runtime code generation,2011,Science of Computer Programming,D_calidad_open_food_facts,"""citizen science"" food database completeness",Crossref
Efficient run-time dispatching in generic programming with minimal code bloat,2011,Science of Computer Programming,D_calidad_open_food_facts,"""citizen science"" food database completeness",Crossref
The BepiColombo mission: An outstanding tool for investigating the Hermean environment,2010,Planetary and Space Science,D_calidad_open_food_facts,"""citizen science"" food database completeness",Crossref
Quantitation using informative zeros (QUIZ): Application for GMO detection and quantification without recourse to certified reference material,2010,Food Chemistry,D_calidad_open_food_facts,"""citizen science"" food database completeness",Crossref
Scientific objectives and instrumentation of Mercury Plasma Particle Experiment (MPPE) onboard MMO,2010,Planetary and Space Science,D_calidad_open_food_facts,"""citizen science"" food database completeness",Crossref
The effects of the physical properties of highly compacted smectitic clay (bentonite) on the culturability of indigenous microorganisms,2010,Applied Clay Science,D_calidad_open_food_facts,"""citizen science"" food database completeness",Crossref
Automating exception-safety classification,2011,Science of Computer Programming,D_calidad_open_food_facts,"""citizen science"" food database completeness",Crossref
Non-dairy probiotic products,2010,Food Microbiology,D_calidad_open_food_facts,"""citizen science"" food database completeness",Crossref
"Microbial diversity across a Canadian sub-Arctic, isostatically rebounding, soil transect",2010,Polar Science,D_calidad_open_food_facts,"""citizen science"" food database completeness",Crossref
Evidence of indigenous sulphate-reducing bacteria in commercial Wyoming bentonite MX-80,2010,Applied Clay Science,D_calidad_open_food_facts,"""citizen science"" food database completeness",Crossref
MECHANICAL BEHAVIOR AND PHYSICAL PROPERTIES OF CHICKEN EGG AS AFFECTED BY DIFFERENT EGG WEIGHTS,2010,Journal of Food Process Engineering,D_calidad_open_food_facts,"""citizen science"" food database completeness",Crossref
Adiabatic divergence of the chaotic layer width and acceleration of chaotic and noise-induced transport,2010,Communications in Nonlinear Science and Numerical Simulation,D_calidad_open_food_facts,"""citizen science"" food database completeness",Crossref
Steering and visualization: Enabling technologies for computational science,2010,Future Generation Computer Systems,D_calidad_open_food_facts,"""citizen science"" food database completeness",Crossref
Techniques and methods in ground-based observation of Mercury,2010,Planetary and Space Science,D_calidad_open_food_facts,"""citizen science"" food database completeness",Crossref
The fluxgate magnetometer of the BepiColombo Mercury Planetary Orbiter,2010,Planetary and Space Science,D_calidad_open_food_facts,"""citizen science"" food database completeness",Crossref
yThe Mercury sodium atmospheric spectral imager for the MMO spacecraft of Bepi-Colombo,2010,Planetary and Space Science,D_calidad_open_food_facts,"""citizen science"" food database completeness",Crossref
"Microbial occurrence in bentonite-based buffer, backfill and sealing materials from large-scale experiments at AECL's Underground Research Laboratory",2010,Applied Clay Science,D_calidad_open_food_facts,"""citizen science"" food database completeness",Crossref
"The Plasma Wave Investigation (PWI) onboard the BepiColombo/MMO: First measurement of electric fields, electromagnetic waves, and radio waves around Mercury",2010,Planetary and Space Science,D_calidad_open_food_facts,"""citizen science"" food database completeness",Crossref
Dynamics of particle trajectories in a Rayleigh–Bénard problem,2010,Communications in Nonlinear Science and Numerical Simulation,D_calidad_open_food_facts,"""citizen science"" food database completeness",Crossref
Nonlinear electroelastostatics: Incremental equations and stability,2010,International Journal of Engineering Science,D_calidad_open_food_facts,"""citizen science"" food database completeness",Crossref
Short-time dynamics in the presence of wave–particles interactions: A perturbative approach,2010,Communications in Nonlinear Science and Numerical Simulation,D_calidad_open_food_facts,"""citizen science"" food database completeness",Crossref
Chaos control and synchronization of a three-species food chain model via Holling functional response,2010,International Journal of Computer Mathematics,D_calidad_open_food_facts,"""citizen science"" food database completeness",Crossref
Development of the Mercury dust monitor (MDM) onboard the BepiColombo mission,2010,Planetary and Space Science,D_calidad_open_food_facts,"""citizen science"" food database completeness",Crossref
Application of trace element and stable isotope signatures to determine the provenance of tea (Camellia sinensis) samples,2010,Food Chemistry,D_calidad_open_food_facts,"""citizen science"" food database completeness",Crossref
Supplementation with a whey protein hydrolysate enhances recovery of muscle force-generating capacity following eccentric exercise,2010,Journal of Science and Medicine in Sport,D_calidad_open_food_facts,"""citizen science"" food database completeness",Crossref
Acute effect of exercise on kicking accuracy in elite Australian football players,2010,Journal of Science and Medicine in Sport,D_calidad_open_food_facts,"""citizen science"" food database completeness",Crossref
Screening for hydroxyethyl starch (HES) doping in sport,2010,Journal of Science and Medicine in Sport,D_calidad_open_food_facts,"""citizen science"" food database completeness",Crossref
Estimating the corrosion of compacted bentonite by a conceptual model based on microbial growth dynamics,2010,Applied Clay Science,D_calidad_open_food_facts,"""citizen science"" food database completeness",Crossref
Effect of temperature on the re-structuring of the microstructure and geo-environmental behaviour of smectite,2010,Applied Clay Science,D_calidad_open_food_facts,"""citizen science"" food database completeness",Crossref
Mercury's surface and composition to be studied by BepiColombo,2010,Planetary and Space Science,D_calidad_open_food_facts,"""citizen science"" food database completeness",Crossref
A stochastic Keller–Segel model of chemotaxis,2010,Communications in Nonlinear Science and Numerical Simulation,D_calidad_open_food_facts,"""citizen science"" food database completeness",Crossref
Analysis of microstructural images of dry and water-saturated compacted bentonite samples observed with X-ray micro CT,2010,Applied Clay Science,D_calidad_open_food_facts,"""citizen science"" food database completeness",Crossref
Rheological and crystalline properties of trans-free model fat blends as affected by the length of fatty acid chains,2010,Journal of Food Engineering,D_calidad_open_food_facts,"""citizen science"" food database completeness",Crossref
Food Types in the Diet and the Nutrient Intake of Obese and Non-Obese Children,2011,Journal of Clinical Research in Pediatric Endocrinology,D_calidad_open_food_facts,"""citizen science"" food database completeness",Crossref
Multi-stage programming with functors and monads: Eliminating abstraction overhead from generic code,2011,Science of Computer Programming,D_calidad_open_food_facts,"""citizen science"" food database completeness",Crossref
Propagation Lifetime from the Surface and Internal Defects in the Ultra High Cycle Fatigue Regime~!2008-03-10~!2008-05-06~!2008-07-03~!,2010,The Open Materials Science Journal,D_calidad_open_food_facts,"""citizen science"" food database completeness",Crossref
Characterization of Ni-Co-PVC and Ni-Cu-PVC Alloys Prepared By Mechanical Alloying Technique (MAT)~!2008-04-10~!2008-07-03~!2008-08-05~!,2010,The Open Materials Science Journal,D_calidad_open_food_facts,"""citizen science"" food database completeness",Crossref
Statically safe program generation with SafeGen,2011,Science of Computer Programming,D_calidad_open_food_facts,"""citizen science"" food database completeness",Crossref
Integration of GP and GA for mapping population distribution,2010,International Journal of Geographical Information Science,D_calidad_open_food_facts,"""citizen science"" food database completeness",Crossref
Relative positions in words: a system that builds descriptions around Allen relations,2010,International Journal of Geographical Information Science,D_calidad_open_food_facts,"""citizen science"" food database completeness",Crossref
A language for generic programming in the large,2011,Science of Computer Programming,D_calidad_open_food_facts,"""citizen science"" food database completeness",Crossref
Stable C and N isotope ratio analysis for regional geographical traceability of cattle in China,2010,Food Chemistry,D_calidad_open_food_facts,"""citizen science"" food database completeness",Crossref
Development of primer and probe sets for the detection of plant species in honey,2010,Food Chemistry,D_calidad_open_food_facts,"""citizen science"" food database completeness",Crossref
Pre-race health status and medical events during the 2005 World Adventure Racing Championships,2010,Journal of Science and Medicine in Sport,D_calidad_open_food_facts,"""citizen science"" food database completeness",Crossref
Multivariate analysis of NMR fingerprint of the unsaponifiable fraction of virgin olive oils for authentication purposes,2010,Food Chemistry,D_calidad_open_food_facts,"""citizen science"" food database completeness",Crossref
"Anthropometric and fitness characteristics of international, professional and amateur male graduate soccer players from an elite youth academy",2010,Journal of Science and Medicine in Sport,D_calidad_open_food_facts,"""citizen science"" food database completeness",Crossref
Ageing and physical match performance in English Premier League soccer referees,2010,Journal of Science and Medicine in Sport,D_calidad_open_food_facts,"""citizen science"" food database completeness",Crossref
"Science and Ethics: Demarcation, Holism and Logical Consequences",2010,European Journal of Philosophy,D_calidad_open_food_facts,"""citizen science"" food database completeness",Crossref
"SERENA: A suite of four instruments (ELENA, STROFIO, PICAM and MIPA) on board BepiColombo-MPO for particle detection in the Hermean environment",2010,Planetary and Space Science,D_calidad_open_food_facts,"""citizen science"" food database completeness",Crossref
Large scale computational science on federated international grids: The role of switched optical networks,2010,Future Generation Computer Systems,D_calidad_open_food_facts,"""citizen science"" food database completeness",Crossref
Physical and Optical Properties of Poly(3-AlkylThiophene) with a View to the Fabrication of a Highly Nonlinear Waveguide~!2008-06-17~!2008-08-22~!2008-09-18~!,2010,The Open Materials Science Journal,D_calidad_open_food_facts,"""citizen science"" food database completeness",Crossref
The Mercury Radiometer and Thermal Infrared Spectrometer (MERTIS) for the BepiColombo mission,2010,Planetary and Space Science,D_calidad_open_food_facts,"""citizen science"" food database completeness",Crossref
The science of interpersonal touch: An overview,2010,Neuroscience &amp; Biobehavioral Reviews,D_calidad_open_food_facts,"""citizen science"" food database completeness",Crossref
Modelling the long term alteration of the engineered bentonite barrier in an underground radioactive waste repository,2010,Applied Clay Science,D_calidad_open_food_facts,"""citizen science"" food database completeness",Crossref
Experimental study of heat transfer intensification by using a novel combined shelf in food refrigerated display cabinets (Experimental study of a novel cabinets),2010,Applied Thermal Engineering,D_calidad_open_food_facts,"""citizen science"" food database completeness",Crossref
Effect of cold water immersion on repeated 1-km cycling performance in the heat,2010,Journal of Science and Medicine in Sport,D_calidad_open_food_facts,"""citizen science"" food database completeness",Crossref
Identification of botanical biomarkers found in Corsican honey,2010,Food Chemistry,D_calidad_open_food_facts,"""citizen science"" food database completeness",Crossref
Relationship between muscle volume and muscle torque of the hamstrings after anterior cruciate ligament reconstruction,2010,Journal of Science and Medicine in Sport,D_calidad_open_food_facts,"""citizen science"" food database completeness",Crossref
Smectite alteration and its influence on the barrier properties of smectite clay for a repository,2010,Applied Clay Science,D_calidad_open_food_facts,"""citizen science"" food database completeness",Crossref
A simple one-step PCR method for the identification between European and American razor clams species,2010,Food Chemistry,D_calidad_open_food_facts,"""citizen science"" food database completeness",Crossref
Expression of alfalfa antifungal peptide gene and enhance of resistance to<i>Verticillium dahliae</i>in upland cotton,2010,"Acta Agriculturae Scandinavica, Section B - Plant Soil Science",D_calidad_open_food_facts,"""citizen science"" food database completeness",Crossref
The effects of multidirectional soccer-specific fatigue on markers of hamstring injury risk,2010,Journal of Science and Medicine in Sport,D_calidad_open_food_facts,"""citizen science"" food database completeness",Crossref
Development and validation of a sensitive immunoassay for the skeletal muscle isoform of creatine kinase,2010,Journal of Science and Medicine in Sport,D_calidad_open_food_facts,"""citizen science"" food database completeness",Crossref
"Prediction of the identity of fats and oils by their fatty acid, triacylglycerol and volatile compositions using PLS-DA",2010,Food Chemistry,D_calidad_open_food_facts,"""citizen science"" food database completeness",Crossref
In-shoe plantar pressure distribution during running on natural grass and asphalt in recreational runners,2010,Journal of Science and Medicine in Sport,D_calidad_open_food_facts,"""citizen science"" food database completeness",Crossref
The effect of steady state exercise on circulating human IgE and IgG in young healthy volunteers with known allergy,2010,Journal of Science and Medicine in Sport,D_calidad_open_food_facts,"""citizen science"" food database completeness",Crossref
Differences in lower extremity stiffness between endurance-trained athletes and untrained subjects,2010,Journal of Science and Medicine in Sport,D_calidad_open_food_facts,"""citizen science"" food database completeness",Crossref
Examining preschoolers' nutrition knowledge using a meal creation and food group classification task: age and gender differences,2010,Early Child Development and Care,D_calidad_open_food_facts,"""citizen science"" food database completeness",Crossref
Sustainable Traditional Medicine: Taking the Inspirations from Ancient Veterinary Science,2010,Evidence-Based Complementary and Alternative Medicine,D_calidad_open_food_facts,"""citizen science"" food database completeness",Crossref
Semantics‐based 3D dynamic hierarchical house property model,2010,International Journal of Geographical Information Science,D_calidad_open_food_facts,"""citizen science"" food database completeness",Crossref
A Recursive Perspective on Discursive Legitimation and Organizational Action in Mergers and Acquisitions,2010,Organization Science,D_calidad_open_food_facts,"""citizen science"" food database completeness",Crossref
Speaking Up to Higher-Ups: How Supervisors and Skip-Level Leaders Influence Employee Voice,2010,Organization Science,D_calidad_open_food_facts,"""citizen science"" food database completeness",Crossref
Are Technology-Intensive Industries More Dynamically Competitive? No and Yes,2010,Organization Science,D_calidad_open_food_facts,"""citizen science"" food database completeness",Crossref
Discovering Valuable Growth Opportunities: An Analysis of Equity Alliances with IPO Firms,2010,Organization Science,D_calidad_open_food_facts,"""citizen science"" food database completeness",Crossref
Pain scoring in endometriosis: entry criteria and outcome measures for clinical trials. Report from the Art and Science of Endometriosis meeting,2010,Fertility and Sterility,D_calidad_open_food_facts,"""citizen science"" food database completeness",Crossref
Towards a multiplex cereal traceability tool using padlock probe ligation on genomic DNA,2010,Food Chemistry,D_calidad_open_food_facts,"""citizen science"" food database completeness",Crossref
"Review and recommended thermodynamic properties of FeCO
                    <sub>3</sub>",2010,"Corrosion Engineering, Science and Technology",D_calidad_open_food_facts,"""citizen science"" food database completeness",Crossref
"Hot corrosion behaviour of HVOF sprayed NiCrAlY–0·4 wt-%CeO
                    <sub>2</sub>
                    coatings on superalloys in aggressive environment at 900°C",2010,"Corrosion Engineering, Science and Technology",D_calidad_open_food_facts,"""citizen science"" food database completeness",Crossref
The effect of an early dismissal on player work-rate in a professional soccer match,2010,Journal of Science and Medicine in Sport,D_calidad_open_food_facts,"""citizen science"" food database completeness",Crossref
LISFLOOD: a GIS‐based distributed model for river basin scale water balance and flood simulation,2010,International Journal of Geographical Information Science,D_calidad_open_food_facts,"""citizen science"" food database completeness",Crossref
The Next Generation: Technology Adoption and Integration Through Internal Competition in New Product Development,2010,Organization Science,D_calidad_open_food_facts,"""citizen science"" food database completeness",Crossref
Repeated Interactions and Contractual Detail: Identifying the Learning Effect,2010,Organization Science,D_calidad_open_food_facts,"""citizen science"" food database completeness",Crossref
Appending limited clinical data to an administrative database for assessing institutional quality outliers for AMI care: Does it matter?,2010,International Journal of Cardiology,D_calidad_open_food_facts,"""citizen science"" food database completeness",Crossref
Coupled chemical speciation-solute transport model for prediction of solute transport in clay buffers,2010,Applied Clay Science,D_calidad_open_food_facts,"""citizen science"" food database completeness",Crossref
Do mismatches between teams affect the risk of injury in the Rugby World Cup?,2010,Journal of Science and Medicine in Sport,D_calidad_open_food_facts,"""citizen science"" food database completeness",Crossref
Validity and reliability of GPS devices for measuring movement demands of team sports,2010,Journal of Science and Medicine in Sport,D_calidad_open_food_facts,"""citizen science"" food database completeness",Crossref
Moving the field of prevention from science to service: Integrating evidence-based preventive interventions into community practice through adapted and adaptive models,2010,Applied and Preventive Psychology,D_calidad_open_food_facts,"""citizen science"" food database completeness",Crossref
Verification of the geological origin of bottled mineral water using artificial neural networks,2010,Food Chemistry,D_calidad_open_food_facts,"""citizen science"" food database completeness",Crossref
Solar Intensity X-ray and particle Spectrometer (SIXS),2010,Planetary and Space Science,D_calidad_open_food_facts,"""citizen science"" food database completeness",Crossref
New evolutionary foundations: Theoretical requirements for a science of sustainability,2010,Ecological Economics,D_calidad_open_food_facts,"""citizen science"" food database completeness",Crossref
Efficacy of injury prevention related coach education within netball and soccer,2010,Journal of Science and Medicine in Sport,D_calidad_open_food_facts,"""citizen science"" food database completeness",Crossref
FUZZY CLUSTERING MODELING AND EVALUATION OF SURFACE INTERACTIONS AND EMULSIONS OF SELECTED WHEAT PROTEIN COMBINED TO IOTA‐CARRAGEENAN AND GUM ARABIC SOLUTIONS,2010,Journal of Food Process Engineering,D_calidad_open_food_facts,"""citizen science"" food database completeness",Crossref
Performance Evaluation for Motif-Based Patterned Texture Defect Detection,2010,IEEE Transactions on Automation Science and Engineering,D_calidad_open_food_facts,"""citizen science"" food database completeness",Crossref
Inhibition of Penicillium nordicum in MRS medium by lactic acid bacteria isolated from foods,2010,Food Control,D_calidad_open_food_facts,"""citizen science"" food database completeness",Crossref
Activity profile of top-class female soccer refereeing in relation to the position of the ball,2010,Journal of Science and Medicine in Sport,D_calidad_open_food_facts,"""citizen science"" food database completeness",Crossref
"Study on compression deformation, damage and fracture behavior of TiAl alloys",2010,Materials Science and Engineering: A,D_calidad_open_food_facts,"""citizen science"" food database completeness",Crossref
Is Query Reuse Potentially Harmful? Anchoring and Adjustment in Adapting Existing Database Queries,2010,Information Systems Research,D_calidad_open_food_facts,"""citizen science"" food database completeness",Crossref
Differential Gains Between Partners in Joint Ventures: Role of Resource Appropriation and Private Benefits,2010,Organization Science,D_calidad_open_food_facts,"""citizen science"" food database completeness",Crossref
Different Truths in Different Worlds,2010,Organization Science,D_calidad_open_food_facts,"""citizen science"" food database completeness",Crossref
MICROBIAL ANALYSIS AND TEXTURAL PROPERTIES OF CANTONESE SAUSAGE,2010,Journal of Food Process Engineering,D_calidad_open_food_facts,"""citizen science"" food database completeness",Crossref
SUPERCRITICAL CARBON DIOXIDE SELECTIVITY TO FRACTIONATE PHENOLIC COMPOUNDS FROM THE DRY ETHANOLIC EXTRACT OF PROPOLIS,2010,Journal of Food Process Engineering,D_calidad_open_food_facts,"""citizen science"" food database completeness",Crossref
Unified impulsive fuzzy-model-based controllers for chaotic systems with parameter uncertainties via LMI,2010,Communications in Nonlinear Science and Numerical Simulation,D_calidad_open_food_facts,"""citizen science"" food database completeness",Crossref
A model and prototype implementation for tracking and tracing agricultural batch products along the food chain,2010,Food Control,D_calidad_open_food_facts,"""citizen science"" food database completeness",Crossref
Aflatoxin M1 contamination in milk from five dairy species in Pakistan,2010,Food Control,D_calidad_open_food_facts,"""citizen science"" food database completeness",Crossref
Preliminary geotechnical results from the Mock-Up-CZ experiment,2010,Applied Clay Science,D_calidad_open_food_facts,"""citizen science"" food database completeness",Crossref
Influence of processing on the levels of amines and proline and on the physico-chemical characteristics of concentrated orange juice,2010,Food Chemistry,D_calidad_open_food_facts,"""citizen science"" food database completeness",Crossref
Changes in physiological and stroking parameters during interval swims at the slope of the d–t relationship,2010,Journal of Science and Medicine in Sport,D_calidad_open_food_facts,"""citizen science"" food database completeness",Crossref
"Impacts of thermo-hydro-mechanical experiments on the microbial activity in compacted bentonite at the Kamaishi Mine, Northeast Japan",2010,Applied Clay Science,D_calidad_open_food_facts,"""citizen science"" food database completeness",Crossref
Health-enhancing physical activity behaviour and related factors in postpartum women with recent gestational diabetes mellitus,2010,Journal of Science and Medicine in Sport,D_calidad_open_food_facts,"""citizen science"" food database completeness",Crossref
Yo-Yo intermittent recovery test versus the Université de Montréal Track Test: Relation with a high-intensity intermittent exercise,2010,Journal of Science and Medicine in Sport,D_calidad_open_food_facts,"""citizen science"" food database completeness",Crossref
Self-reported skill level and injury severity in skiers and snowboarders,2010,Journal of Science and Medicine in Sport,D_calidad_open_food_facts,"""citizen science"" food database completeness",Crossref
Preparation of Carbon Coated FeWO4 and its Photocatalytic Activity Under Visible Light~!2008-10-27~!2008-11-26~!2008-12-31~!,2010,The Open Materials Science Journal,D_calidad_open_food_facts,"""citizen science"" food database completeness",Crossref
The effects of compression garments on recovery of muscle performance following high-intensity sprint and plyometric exercise,2010,Journal of Science and Medicine in Sport,D_calidad_open_food_facts,"""citizen science"" food database completeness",Crossref
Comparison of essential oils compositions of Nepeta persica obtained by supercritical carbon dioxide extraction and steam distillation methods,2010,Food and Bioproducts Processing,D_calidad_open_food_facts,"""citizen science"" food database completeness",Crossref
"Corrosion behaviour of oil well casing steel in H
                    <sub>2</sub>
                    S saturated NACE solution",2010,"Corrosion Engineering, Science and Technology",D_calidad_open_food_facts,"""citizen science"" food database completeness",Crossref
"<i>Science in the Making: Right Hand, Left Hand</i>
                    . II: The duck–rabbit figure",2010,"Laterality: Asymmetries of Body, Brain and Cognition",D_calidad_open_food_facts,"""citizen science"" food database completeness",Crossref
"<i>Science in the Making: Right Hand, Left Hand</i>. III: Estimating historical rates of left-handedness",2010,"Laterality: Asymmetries of Body, Brain and Cognition",D_calidad_open_food_facts,"""citizen science"" food database completeness",Crossref
Effect of different drying conditions on the vitamin C (ascorbic acid) content of Hayward kiwifruits (Actinidia deliciosa Planch),2010,Food and Bioproducts Processing,D_calidad_open_food_facts,"""citizen science"" food database completeness",Crossref
Riding with the sharks: Serious leisure cyclist's perceptions of sharing the road with motorists,2010,Journal of Science and Medicine in Sport,D_calidad_open_food_facts,"""citizen science"" food database completeness",Crossref
An Ensemble ELM Based on Modified AdaBoost.RT Algorithm for Predicting the Temperature of Molten Steel in Ladle Furnace,2010,IEEE Transactions on Automation Science and Engineering,D_calidad_open_food_facts,"""citizen science"" food database completeness",Crossref
Supply Chain With Inventory Review and Dependent Demand Distributions: Dynamic Inventory Outsourcing,2010,IEEE Transactions on Automation Science and Engineering,D_calidad_open_food_facts,"""citizen science"" food database completeness",Crossref
Intelligent Component-Based Automation of Baggage Handling Systems With IEC 61499,2010,IEEE Transactions on Automation Science and Engineering,D_calidad_open_food_facts,"""citizen science"" food database completeness",Crossref
Programming with C++ concepts,2010,Science of Computer Programming,D_calidad_open_food_facts,"""citizen science"" food database completeness",Crossref
A continuous esterification of malonic acid with citronellol using packed bed reactor: Investigation of parameter and kinetics study,2010,Food and Bioproducts Processing,D_calidad_open_food_facts,"""citizen science"" food database completeness",Crossref
"Nitrogen, sustainable agriculture and food security. A review",2010,Agronomy for Sustainable Development,D_calidad_open_food_facts,"""citizen science"" food database completeness",Crossref
Effectiveness and limitations of the existing modelling in application for thermohydromechanical evolution of clay bulkhead in tunnel,2010,Applied Clay Science,D_calidad_open_food_facts,"""citizen science"" food database completeness",Crossref
Chemical stability of montmorillonite buffer clay under repository-like conditions—A synthesis of relevant experimental data,2010,Applied Clay Science,D_calidad_open_food_facts,"""citizen science"" food database completeness",Crossref
Swelling in clayey soils induced by the presence of salt crystals,2010,Applied Clay Science,D_calidad_open_food_facts,"""citizen science"" food database completeness",Crossref
Difference in resource utilization between patients with acute and chronic heart failure from Japanese administrative database,2010,International Journal of Cardiology,D_calidad_open_food_facts,"""citizen science"" food database completeness",Crossref
Antioxidant activity of sparkling wines produced by Champenoise and Charmat methods,2010,Food Chemistry,D_calidad_open_food_facts,"""citizen science"" food database completeness",Crossref
Microbial sulphide production in compacted Wyoming bentonite MX-80 under in situ conditions relevant to a repository for high-level radioactive waste,2010,Applied Clay Science,D_calidad_open_food_facts,"""citizen science"" food database completeness",Crossref
External Learning Activities and Team Performance: A Multimethod Field Study,2010,Organization Science,D_calidad_open_food_facts,"""citizen science"" food database completeness",Crossref
Securities Analysts and Incumbent Response to Radical Technological Change: Evidence from Digital Photography and Internet Telephony,2010,Organization Science,D_calidad_open_food_facts,"""citizen science"" food database completeness",Crossref
"Intraorganizational Networks, Interorganizational Networks, and the Impact of Central Inventors: A Longitudinal Study of Pharmaceutical Firms",2010,Organization Science,D_calidad_open_food_facts,"""citizen science"" food database completeness",Crossref
"Arable land requirements based on food consumption patterns: Case study in rural Guyuan District, Western China",2010,Ecological Economics,D_calidad_open_food_facts,"""citizen science"" food database completeness",Crossref
"<i>Science in the Making: Right Hand, Left Hand.</i>I: A BBC television programme broadcast in 1953",2010,"Laterality: Asymmetries of Body, Brain and Cognition",D_calidad_open_food_facts,"""citizen science"" food database completeness",Crossref
Dynamical consequences of predator interference in a tri-trophic model food chain,2010,Nonlinear Analysis: Real World Applications,D_calidad_open_food_facts,"""citizen science"" food database completeness",Crossref
The Deformation Microstructure and Eutectic Melting Activation Energy of AZ91D Alloy~!2008-08-15~!2008-12-12~!2009-01-21~!,2010,The Open Materials Science Journal,D_calidad_open_food_facts,"""citizen science"" food database completeness",Crossref
Evaluating Value-at-Risk Models with Desk-Level Data,2011,Management Science,D_calidad_open_food_facts,"""citizen science"" food database completeness",Crossref
On pinning control of some typical discrete-time dynamical networks,2010,Communications in Nonlinear Science and Numerical Simulation,D_calidad_open_food_facts,"""citizen science"" food database completeness",Crossref
The Mercury Gamma and Neutron Spectrometer (MGNS) on board the Planetary Orbiter of the BepiColombo mission,2010,Planetary and Space Science,D_calidad_open_food_facts,"""citizen science"" food database completeness",Crossref
Dissipative dynamics of the kaon decay process,2010,Communications in Nonlinear Science and Numerical Simulation,D_calidad_open_food_facts,"""citizen science"" food database completeness",Crossref
Localised corrosion of heat treated alloys Part 1 – repassivation potential of alloy 600 as function of solution chemistry and thermal aging,2010,"Corrosion Engineering, Science and Technology",D_calidad_open_food_facts,"""citizen science"" food database completeness",Crossref
Comparison of polynomial fitting and wavelet transform to remove drift in electrochemical noise analysis,2010,"Corrosion Engineering, Science and Technology",D_calidad_open_food_facts,"""citizen science"" food database completeness",Crossref
Influence of the environment on atmospheric corrosion of aluminium,2010,"Corrosion Engineering, Science and Technology",D_calidad_open_food_facts,"""citizen science"" food database completeness",Crossref
Pit to crack transition in X-52 pipeline steel in near neutral pH environment Part 1 – formation of blunt cracks from pits under cyclic loading,2010,"Corrosion Engineering, Science and Technology",D_calidad_open_food_facts,"""citizen science"" food database completeness",Crossref
Electrochemical impedance spectroscopic study on cathodic polarisation of 5083 Al alloy under stagnant and dynamic flow conditions in 3·5% NaCl solution,2010,"Corrosion Engineering, Science and Technology",D_calidad_open_food_facts,"""citizen science"" food database completeness",Crossref
Characterisation of titanium oxide films by potentiodynamic polarisation and electrochemical impedance spectroscopy,2010,"Corrosion Engineering, Science and Technology",D_calidad_open_food_facts,"""citizen science"" food database completeness",Crossref
Effectiveness of pretreatment method to hinder rebar corrosion in concrete,2010,"Corrosion Engineering, Science and Technology",D_calidad_open_food_facts,"""citizen science"" food database completeness",Crossref
Inhibition mechanism of sodium laurate to underdeposit corrosion of carbon steels in NaCl solutions,2010,"Corrosion Engineering, Science and Technology",D_calidad_open_food_facts,"""citizen science"" food database completeness",Crossref
"Corrosion inhibitive property of 4-amino-5-phenyl-4H-1,2,4-triazole-3-thiol for mild steel corrosion in 1·0M hydrochloric acid",2010,"Corrosion Engineering, Science and Technology",D_calidad_open_food_facts,"""citizen science"" food database completeness",Crossref
High versus low ligation of the inferior mesenteric artery in curative surgery for non-metastatic rectal cancer,2023,Cochrane Database of Systematic Reviews,D_calidad_open_food_facts,"""citizen science"" food database completeness",Crossref
Food shelf life: estimation and optimal design,2010,Journal of Statistical Computation and Simulation,D_calidad_open_food_facts,"""citizen science"" food database completeness",Crossref
SORT-CC: A procedure for the statistical treatment of free sorting data,2010,Food Quality and Preference,D_calidad_open_food_facts,"""citizen science"" food database completeness",Crossref
Seasonal food habits of corsac and red foxes in Mongolia and the potential for competition,2010,Mammalian Biology,D_calidad_open_food_facts,"""citizen science"" food database completeness",Crossref
Anthocyanins and polyphenol oxidase from dried arils of pomegranate (Punica granatum L.),2010,Food Chemistry,D_calidad_open_food_facts,"""citizen science"" food database completeness",Crossref
"Inhibiting corrosion of
                    <i>n</i>
                    -GaAs by cetylpyridinium chloride for stabilised photoelectochemical cell",2010,"Corrosion Engineering, Science and Technology",D_calidad_open_food_facts,"""citizen science"" food database completeness",Crossref
Photocatalytic Surfaces: Environmental Benefits of Nanotitania§~!2008-09-11~!2008-09-20~!2009-01-30~!,2010,The Open Materials Science Journal,D_calidad_open_food_facts,"""citizen science"" food database completeness",Crossref
Chitosan/poly (vinyl alcohol) films containing ZnO nanoparticles and plasticizers,2010,Materials Science and Engineering: C,D_calidad_open_food_facts,"""citizen science"" food database completeness",Crossref
A simple and environmentally friendly method of preparing sulfide photocatalyst,2010,Chemical Engineering Science,D_calidad_open_food_facts,"""citizen science"" food database completeness",Crossref
"Cryogenic
                    <mml:math xmlns:mml=""http://www.w3.org/1998/Math/MathML"" altimg=""si31.gif"" display=""inline"" overflow=""scroll"">
                      <mml:msub>
                        <mml:mrow>
                          <mml:mi>CO</mml:mi>
                        </mml:mrow>
                        <mml:mrow>
                          <mml:mn>2</mml:mn>
                        </mml:mrow>
                      </mml:msub>
                    </mml:math>
                    capture using dynamically operated packed beds",2010,Chemical Engineering Science,D_calidad_open_food_facts,"""citizen science"" food database completeness",Crossref
Dye decomposition kinetics by UV/H2O2: Initial rate analysis by effective kinetic modelling methodology,2010,Chemical Engineering Science,D_calidad_open_food_facts,"""citizen science"" food database completeness",Crossref
Reduction and oxidation kinetics of Co–Ni/Al2O3 oxygen carrier involved in a chemical-looping combustion cycles,2010,Chemical Engineering Science,D_calidad_open_food_facts,"""citizen science"" food database completeness",Crossref
Low temperature gasification using lattice oxygen,2010,Chemical Engineering Science,D_calidad_open_food_facts,"""citizen science"" food database completeness",Crossref
Computational models inform clinical science and assessment: An application to category learning in striatal-damaged patients,2010,Journal of Mathematical Psychology,D_calidad_open_food_facts,"""citizen science"" food database completeness",Crossref
INTEGRATING FUZZY LOGIC PROCEDURE FOR SIGNAL VALIDATIONS: MALTA COLORING AS STUDY CASE,2010,Journal of Food Process Engineering,D_calidad_open_food_facts,"""citizen science"" food database completeness",Crossref
POLYSACCHARIDES FROM MULBERRY LEAF IN RELATION TO THEIR ANTIOXIDANT ACTIVITY AND ANTIBACTERIAL ABILITY,2010,Journal of Food Process Engineering,D_calidad_open_food_facts,"""citizen science"" food database completeness",Crossref
IMAGE PROCESSING AND PHYSICO‐MECHANICAL PROPERTIES OF BASIL SEED (<i>OCIMUM BASILICUM</i>),2010,Journal of Food Process Engineering,D_calidad_open_food_facts,"""citizen science"" food database completeness",Crossref
STUDY ON INTERACTION AMONG EXTRUSION‐COOKING PROCESS VARIABLES AND ENZYME ACTIVITY: EVALUATION OF EXTRUDATE STRUCTURE,2010,Journal of Food Process Engineering,D_calidad_open_food_facts,"""citizen science"" food database completeness",Crossref
Plant extracts as coloring agents,2022,Elsevier eBooks,E_sustitucion_natural_sintetico,"""natural colorants"" ""synthetic dyes"" replacement",OpenAlex
Protocol for Incorporating Natural Colorants in Dairy Products,2026,Methods and protocols in food science,E_sustitucion_natural_sintetico,"""natural colorants"" ""synthetic dyes"" replacement",OpenAlex
Impact of Nanotechnology in Separation of Plant Colorants and Their Appliance for Wastewater Remediation,2024,Engineering materials,E_sustitucion_natural_sintetico,"""natural colorants"" ""synthetic dyes"" replacement",OpenAlex
Betalain Recovery and Stability Assessment,2026,Methods and protocols in food science,E_sustitucion_natural_sintetico,"""natural colorants"" ""synthetic dyes"" replacement",OpenAlex
Serum-elastin-peptides as Clinical Predictors of the Natural History of Abdominal Aortic Aneurysms,2011,International Journal of Angiology,E_sustitucion_natural_sintetico,"""natural colorants"" ""synthetic dyes"" replacement",Crossref
Novel Aspects of Natural and Modified Vinca Alkaloids,2012,Current Medicinal Chemistry-Anti-Cancer Agents,E_sustitucion_natural_sintetico,"""natural colorants"" ""synthetic dyes"" replacement",Crossref
Composite graft with coronary button reimplantation: Procedure of choice for aortic root replacement,2011,International Journal of Angiology,E_sustitucion_natural_sintetico,"""natural colorants"" ""synthetic dyes"" replacement",Crossref
Selective cerebral perfusion via innominate artery in aortic arch replacement without deep hypothermic circulatory arrest,2011,International Journal of Angiology,E_sustitucion_natural_sintetico,"""natural colorants"" ""synthetic dyes"" replacement",Crossref
The natural progression of atherosclerosis in an untreated patient with hyperlipidemia: Assessment via cardiac PET,2011,International Journal of Angiology,E_sustitucion_natural_sintetico,"""natural colorants"" ""synthetic dyes"" replacement",Crossref
Aortic balloon valvuloplasty and aortic valve replacement: A comparative follow-up study,2011,International Journal of Angiology,E_sustitucion_natural_sintetico,"""natural colorants"" ""synthetic dyes"" replacement",Crossref
Midterm thromboembolic and bleeding complications are minimal after composite graft replacement of the aortic root,2011,International Journal of Angiology,E_sustitucion_natural_sintetico,"""natural colorants"" ""synthetic dyes"" replacement",Crossref
Competitive Reverse Transcriptase-Polymerase Chain Reaction Using a Synthetic Internal RNA Standard to Quantitate Transcripts for Leukocyte-Derived Hormones,2010,Neuroimmunomodulation,E_sustitucion_natural_sintetico,"""natural colorants"" ""synthetic dyes"" replacement",Crossref
Efferent Signal(s) Responsible for the Conditioned Augmentation of Natural Killer Cell Activity,2010,Neuroimmunomodulation,E_sustitucion_natural_sintetico,"""natural colorants"" ""synthetic dyes"" replacement",Crossref
Lidocaine Interrupts the Conditioned Natural Killer Cell Response by Interfering with the Conditioned Stimulus,2010,Neuroimmunomodulation,E_sustitucion_natural_sintetico,"""natural colorants"" ""synthetic dyes"" replacement",Crossref
Natural Infrasound as an Atmospheric Probe,2010,Geophysical Journal of the Royal Astronomical Society,E_sustitucion_natural_sintetico,"""natural colorants"" ""synthetic dyes"" replacement",Crossref
Preliminary Observations of 1-16 Hz Natural Background Infrasound and Signals from Apollo 14 and Aircraft,2010,Geophysical Journal of the Royal Astronomical Society,E_sustitucion_natural_sintetico,"""natural colorants"" ""synthetic dyes"" replacement",Crossref
Demonstration of Segmental Arrangement of Thoracic Spinal Motor Neurons Using Lipophilic Dyes,2010,Developmental Neuroscience,E_sustitucion_natural_sintetico,"""natural colorants"" ""synthetic dyes"" replacement",Crossref
Biocides application as a natural and safe alternative for treating and protecting citrus fruits,2010,Archives Of Phytopathology And Plant Protection,E_sustitucion_natural_sintetico,"""natural colorants"" ""synthetic dyes"" replacement",Crossref
Evidence and population diversity of the rice yellow mottle virus (RYMV) insect vectors and some of their natural antagonists in paddy fields in the north of Cameroon,2010,Archives Of Phytopathology And Plant Protection,E_sustitucion_natural_sintetico,"""natural colorants"" ""synthetic dyes"" replacement",Crossref
Spectroscopic and lasing properties of Xanthene dyes encapsulated in silica and polymeric matrices,2010,Optik,E_sustitucion_natural_sintetico,"""natural colorants"" ""synthetic dyes"" replacement",Crossref
Natural experience acquired in adulthood enhances holistic processing of other-age faces,2010,Visual Cognition,E_sustitucion_natural_sintetico,"""natural colorants"" ""synthetic dyes"" replacement",Crossref
Utilisation de colorants pour le dépistage de la pénicilline dans le lait,2010,Pathologia et Microbiologia,E_sustitucion_natural_sintetico,"""natural colorants"" ""synthetic dyes"" replacement",Crossref
Synthetic Medium for Development of Competence and Transformation in Streptococcus challis,2010,Pathologia et Microbiologia,E_sustitucion_natural_sintetico,"""natural colorants"" ""synthetic dyes"" replacement",Crossref
Study on glucose transport in muscle cells by extracts from<i>Mitragyna speciosa</i>(Korth) and mitragynine,2011,Natural Product Research,E_sustitucion_natural_sintetico,"""natural colorants"" ""synthetic dyes"" replacement",Crossref
Women's use of nicotine replacement therapy in pregnancy—a structured review of the literature,2010,Midwifery,E_sustitucion_natural_sintetico,"""natural colorants"" ""synthetic dyes"" replacement",Crossref
Evaluation of topical<i>Matricaria chamomilla</i>extract activity on linear incisional wound healing in albino rats,2010,Natural Product Research,E_sustitucion_natural_sintetico,"""natural colorants"" ""synthetic dyes"" replacement",Crossref
In-shoe plantar pressure distribution during running on natural grass and asphalt in recreational runners,2010,Journal of Science and Medicine in Sport,E_sustitucion_natural_sintetico,"""natural colorants"" ""synthetic dyes"" replacement",Crossref
Comparison of Oestrous Intensity between Natural Oestrus and Oestrus Induced with Ovsynch Based Treatments in Japanese Black Cows,2010,Reproduction in Domestic Animals,E_sustitucion_natural_sintetico,"""natural colorants"" ""synthetic dyes"" replacement",Crossref
"High concentration of synthetic serum, stepwise equilibration and slow cooling as an efficient technique for large-scale cryopreservation of human embryonic stem cells",2010,Fertility and Sterility,E_sustitucion_natural_sintetico,"""natural colorants"" ""synthetic dyes"" replacement",Crossref
Combined mitral and aortic stenosis of rheumatic origin with double-valve replacement in an octogenarian,2010,International Journal of Cardiology,E_sustitucion_natural_sintetico,"""natural colorants"" ""synthetic dyes"" replacement",Crossref
Alternating projection method applied to indefinite correlation matrices for generation of synthetic MIMO channels,2010,AEU - International Journal of Electronics and Communications,E_sustitucion_natural_sintetico,"""natural colorants"" ""synthetic dyes"" replacement",Crossref
Functional results of patients treated with modular prosthetic replacement,2020,Acta Orthopaedica et Traumatologica Turcica,E_sustitucion_natural_sintetico,"""natural colorants"" ""synthetic dyes"" replacement",Crossref
A Rare Cause of Mitral Regurgitation in an Elderly Man Undergoing Aortic Valve Replacement,2010,Journal of Cardiothoracic and Vascular Anesthesia,E_sustitucion_natural_sintetico,"""natural colorants"" ""synthetic dyes"" replacement",Crossref
Early and long-term survival after aortic valve replacement in septuagenarians and octogenarians with severe aortic stenosis,2010,International Journal of Cardiology,E_sustitucion_natural_sintetico,"""natural colorants"" ""synthetic dyes"" replacement",Crossref
Natural reflection site and arterial pulse wave velocity estimations based on brachial pulse wave morphology analyses,2010,International Journal of Cardiology,E_sustitucion_natural_sintetico,"""natural colorants"" ""synthetic dyes"" replacement",Crossref
BDDC by a frontal solver and the stress computation in a hip joint replacement,2010,Mathematics and Computers in Simulation,E_sustitucion_natural_sintetico,"""natural colorants"" ""synthetic dyes"" replacement",Crossref
A multicriteria model for risk sorting of natural gas pipelines based on ELECTRE TRI integrating Utility Theory,2010,European Journal of Operational Research,E_sustitucion_natural_sintetico,"""natural colorants"" ""synthetic dyes"" replacement",Crossref
A GnRH agonist and exogenous hormone stimulation protocol has a higher live-birth rate than a natural endogenous hormone protocol for frozen-thawed blastocyst-stage embryo transfer cycles: an analysis of 1391 cycles,2010,Fertility and Sterility,E_sustitucion_natural_sintetico,"""natural colorants"" ""synthetic dyes"" replacement",Crossref
Exploring the views of women on using nicotine replacement therapy in pregnancy,2010,Midwifery,E_sustitucion_natural_sintetico,"""natural colorants"" ""synthetic dyes"" replacement",Crossref
"Fe–Cu octahedral carbide clusters, and the replacement of their labile halide ligands: Synthesis, solid state structure, substitution and electrochemical reactivity of [Fe5C(CO)14(CuBr)]2−, [Fe4C(CO)12(CuCl)2]2−, [{Fe4Cu2C(CO)12(μ-Cl)}2]2−, [Fe5C(CO)14(CuOC4H8)]− and [Fe4C(CO)12(CuNCMe)2]",2010,Inorganica Chimica Acta,E_sustitucion_natural_sintetico,"""natural colorants"" ""synthetic dyes"" replacement",Crossref
The natural soluble form of IL-18 receptor β exacerbates collagen-induced arthritis via modulation of T-cell immune responses,2010,Annals of the Rheumatic Diseases,E_sustitucion_natural_sintetico,"""natural colorants"" ""synthetic dyes"" replacement",Crossref
The Natural History of Ulcerative Colitis,2011,Gastroenterologia,E_sustitucion_natural_sintetico,"""natural colorants"" ""synthetic dyes"" replacement",Crossref
Does oil corrupt? Evidence from a natural experiment in West Africa,2010,Journal of Development Economics,E_sustitucion_natural_sintetico,"""natural colorants"" ""synthetic dyes"" replacement",Crossref
False aneurysm with aortopulmonary shunt after replacement of the ascending aorta,2010,The Journal of Thoracic and Cardiovascular Surgery,E_sustitucion_natural_sintetico,"""natural colorants"" ""synthetic dyes"" replacement",Crossref
Complete replacement of fish meal by porcine and poultry by-product meals in practical diets for fingerling Nile tilapia<i>Oreochromis niloticus</i>: digestibility and growth performance,2010,Aquaculture Nutrition,E_sustitucion_natural_sintetico,"""natural colorants"" ""synthetic dyes"" replacement",Crossref
Positive influence of aging on the occurrence of fat replacement in the right ventricular myocardium determined by multislice-CT in subjects with atherosclerosis,2010,International Journal of Cardiology,E_sustitucion_natural_sintetico,"""natural colorants"" ""synthetic dyes"" replacement",Crossref
Massive acute infarction of the right ventricular wall without or only minimal infarction of the left ventricular wall after aortic valve replacement with or without simultaneous replacement of the ascending aorta,2010,Cardiovascular Pathology,E_sustitucion_natural_sintetico,"""natural colorants"" ""synthetic dyes"" replacement",Crossref
Predicting the effects of climate change on natural enemies of agricultural pests,2010,Biological Control,E_sustitucion_natural_sintetico,"""natural colorants"" ""synthetic dyes"" replacement",Crossref
Natural atomic probabilities in quantum information theory,2010,Journal of Computational and Applied Mathematics,E_sustitucion_natural_sintetico,"""natural colorants"" ""synthetic dyes"" replacement",Crossref
Examining the robustness of fully synthetic data techniques for data with binary variables,2010,Journal of Statistical Computation and Simulation,E_sustitucion_natural_sintetico,"""natural colorants"" ""synthetic dyes"" replacement",Crossref
Effect of recombinant human bone morphogenetic protein–2 on bone regeneration in large defects of the growing canine skull after dura mater replacement with a dura mater substitute,2010,Journal of Neurosurgery,E_sustitucion_natural_sintetico,"""natural colorants"" ""synthetic dyes"" replacement",Crossref
"Synergizing biological control: Scope for sterile insect technique, induced plant defences and cultural techniques to enhance natural enemy impact",2010,Biological Control,E_sustitucion_natural_sintetico,"""natural colorants"" ""synthetic dyes"" replacement",Crossref
Allograft sternochondral replacement after resection of large sternal chondrosarcoma,2010,The Journal of Thoracic and Cardiovascular Surgery,E_sustitucion_natural_sintetico,"""natural colorants"" ""synthetic dyes"" replacement",Crossref
EFFECTS OF DIFFERENT PEKMEZ (FRUIT MOLASSES) TYPES USED AS A NATURAL SUGAR SOURCE ON THE BATTER RHEOLOGY AND PHYSICAL PROPERTIES OF CAKES,2010,Journal of Food Process Engineering,E_sustitucion_natural_sintetico,"""natural colorants"" ""synthetic dyes"" replacement",Crossref
Natural time course of myocardial infarction at delayed enhancement magnetic resonance,2011,International Journal of Cardiology,E_sustitucion_natural_sintetico,"""natural colorants"" ""synthetic dyes"" replacement",Crossref
Metabolic Alkalosis due to Feeding Chicks in Breeding Adélie Penguins<i>Pygoscelis adeliae</i>under Natural Conditions,2010,Physiological and Biochemical Zoology,E_sustitucion_natural_sintetico,"""natural colorants"" ""synthetic dyes"" replacement",Crossref
Reimplantation Valve-Sparing Aortic Root Replacement for Aortic Root Aneurysm in the Elderly: Are We Pushing the Limits?,2010,Journal of Cardiac Surgery,E_sustitucion_natural_sintetico,"""natural colorants"" ""synthetic dyes"" replacement",Crossref
"International comparison of parenting styles in ICSI, IVF and natural conception families: Results from a European study",2010,European Journal of Developmental Psychology,E_sustitucion_natural_sintetico,"""natural colorants"" ""synthetic dyes"" replacement",Crossref
Synthetic peptide issued from Hap1/LipL32 for new early serodiagnosis of human leptospirosis,2010,"Comparative Immunology, Microbiology and Infectious Diseases",E_sustitucion_natural_sintetico,"""natural colorants"" ""synthetic dyes"" replacement",Crossref
Modelling and mapping agricultural opportunity costs to guide landscape planning for natural resource management,2011,Ecological Indicators,E_sustitucion_natural_sintetico,"""natural colorants"" ""synthetic dyes"" replacement",Crossref
Synthetic biodegradable hydrogel (PleuraSeal) sealant for sealing of lung tissue after thoracoscopic resection,2010,The Journal of Thoracic and Cardiovascular Surgery,E_sustitucion_natural_sintetico,"""natural colorants"" ""synthetic dyes"" replacement",Crossref
"<i>Solanum nigrum</i>
                    as natural source of corrosion inhibitor for mild steel in sulphuric acid medium",2010,"Corrosion Engineering, Science and Technology",E_sustitucion_natural_sintetico,"""natural colorants"" ""synthetic dyes"" replacement",Crossref
Evaluating the German ‘Mini-Job’ reform using a natural experiment,2010,Applied Economics,E_sustitucion_natural_sintetico,"""natural colorants"" ""synthetic dyes"" replacement",Crossref
Biases in use of positive and negative words across twenty natural languages,2010,Cognition &amp; Emotion,E_sustitucion_natural_sintetico,"""natural colorants"" ""synthetic dyes"" replacement",Crossref
Dismantling of Arabidopsis thaliana mesophyll cell chloroplasts during natural leaf senescence,2010,Plant Biology,E_sustitucion_natural_sintetico,"""natural colorants"" ""synthetic dyes"" replacement",Crossref
Decrease in Wound Tensile Strength Following Post-Surgical Estrogen Replacement Therapy in Ovariectomized Rats During the Early Phase of Healing is Mediated Via ER-α Rather than ER-β: A Preliminary Report,2010,Journal of Surgical Research,E_sustitucion_natural_sintetico,"""natural colorants"" ""synthetic dyes"" replacement",Crossref
Ochratoxin A removal in synthetic media by living and heat-inactivated cells of Oenococcus oeni isolated from wines,2010,Food Control,E_sustitucion_natural_sintetico,"""natural colorants"" ""synthetic dyes"" replacement",Crossref
Aortic valve replacement: Reliability of EuroSCORE in predicting early outcomes,2010,International Journal of Cardiology,E_sustitucion_natural_sintetico,"""natural colorants"" ""synthetic dyes"" replacement",Crossref
Hybrid occlusion of a paravalvular leak with an Amplatzer Septal Occluder after mechanical aortic and mitral valve replacement,2010,The Journal of Thoracic and Cardiovascular Surgery,E_sustitucion_natural_sintetico,"""natural colorants"" ""synthetic dyes"" replacement",Crossref
Emulating natural disturbances as a forest management goal: Lessons from fire regime simulations,2010,Forest Ecology and Management,E_sustitucion_natural_sintetico,"""natural colorants"" ""synthetic dyes"" replacement",Crossref
"Assessment of multiple sources of anthropogenic and natural chemical inputs to a morphologically complex basin, Lake Mead, USA",2010,"Palaeogeography, Palaeoclimatology, Palaeoecology",E_sustitucion_natural_sintetico,"""natural colorants"" ""synthetic dyes"" replacement",Crossref
Identification and Monitoring of Modal Parameters in Aircraft Structures Using the Natural Excitation Technique (NExT) Combined with the Eigensystem Realization Algorithm (ERA),2010,Journal of Aerospace Engineering,E_sustitucion_natural_sintetico,"""natural colorants"" ""synthetic dyes"" replacement",Crossref
Disassembly of a Modular Femoral Component After Femoral Head Prosthetic Replacement,2010,The Journal of Arthroplasty,E_sustitucion_natural_sintetico,"""natural colorants"" ""synthetic dyes"" replacement",Crossref
The natural history of voiding function after robot-assisted laparoscopic radical prostatectomy,2011,Urologic Oncology: Seminars and Original Investigations,E_sustitucion_natural_sintetico,"""natural colorants"" ""synthetic dyes"" replacement",Crossref
What is the natural history of internal rectal prolapse?,2010,Colorectal Disease,E_sustitucion_natural_sintetico,"""natural colorants"" ""synthetic dyes"" replacement",Crossref
Investigation of calcareous deposits formation on 5052 aluminium alloy under cathodic polarisation in natural and artificial sea water,2011,"Corrosion Engineering, Science and Technology",E_sustitucion_natural_sintetico,"""natural colorants"" ""synthetic dyes"" replacement",Crossref
Transatlantic similarities and differences in major natural history endpoints of heart failure after acute myocardial infarction: A propensity-matched study of the EPHESUS trial,2010,International Journal of Cardiology,E_sustitucion_natural_sintetico,"""natural colorants"" ""synthetic dyes"" replacement",Crossref
Development of a synthetic PCB mixture resembling the average polychlorinated biphenyl profile in Chicago air,2010,Environment International,E_sustitucion_natural_sintetico,"""natural colorants"" ""synthetic dyes"" replacement",Crossref
Towards mimicking natural protein channels with aligned carbon nanotube membranes for active drug delivery,2010,Life Sciences,E_sustitucion_natural_sintetico,"""natural colorants"" ""synthetic dyes"" replacement",Crossref
"Analyzing qualitative and quantitative changes in coastal wetland associated to the effects of natural and anthropogenic factors in a part of Tianjin, China",2010,"Estuarine, Coastal and Shelf Science",E_sustitucion_natural_sintetico,"""natural colorants"" ""synthetic dyes"" replacement",Crossref
"Investing in human and natural capital: An alternative paradigm for sustainable development in Awassa, Ethiopia",2010,Ecological Economics,E_sustitucion_natural_sintetico,"""natural colorants"" ""synthetic dyes"" replacement",Crossref
Billet quenching extrusion process as efficient and reliable replacement for conventional extrusion of Al–Cu alloys,2010,Materials Science and Technology,E_sustitucion_natural_sintetico,"""natural colorants"" ""synthetic dyes"" replacement",Crossref
WHAT ARE ‘NATURAL INEQUALITIES’?,2010,The Philosophical Quarterly,E_sustitucion_natural_sintetico,"""natural colorants"" ""synthetic dyes"" replacement",Crossref
Nursing intervention by telephone interviews of patients aged over 65 years after total hip replacement improves health status: a randomised clinical trial,2010,Scandinavian Journal of Caring Sciences,E_sustitucion_natural_sintetico,"""natural colorants"" ""synthetic dyes"" replacement",Crossref
Two Phases of V1 Activity for Visual Recognition of Natural Images,2010,Journal of Cognitive Neuroscience,E_sustitucion_natural_sintetico,"""natural colorants"" ""synthetic dyes"" replacement",Crossref
Advances in Nutrigenomics research: Novel and future analytical approaches to investigate the biological activity of natural compounds and food functions,2010,Journal of Pharmaceutical and Biomedical Analysis,E_sustitucion_natural_sintetico,"""natural colorants"" ""synthetic dyes"" replacement",Crossref
"Strontium isotopic signatures of natural mineral waters, the reference to a simple geological map and its potential for authentication of food",2010,Food Chemistry,E_sustitucion_natural_sintetico,"""natural colorants"" ""synthetic dyes"" replacement",Crossref
"Clinical and ultrasonographic predictors of joint replacement for knee osteoarthritis: results from a large, 3-year, prospective EULAR study",2010,Annals of the Rheumatic Diseases,E_sustitucion_natural_sintetico,"""natural colorants"" ""synthetic dyes"" replacement",Crossref
Embryo quality and impact of specific embryo characteristics on ongoing implantation in unselected embryos derived from modified natural cycle in vitro fertilization,2010,Fertility and Sterility,E_sustitucion_natural_sintetico,"""natural colorants"" ""synthetic dyes"" replacement",Crossref
Ageing mechanisms on PdOx-based catalysts for natural gas combustion in premixed burners,2010,Chemical Engineering Science,E_sustitucion_natural_sintetico,"""natural colorants"" ""synthetic dyes"" replacement",Crossref
COOLCEP (cool clean efficient power): A novel CO2-capturing oxy-fuel power system with LNG (liquefied natural gas) coldness energy utilization☆,2010,Energy,E_sustitucion_natural_sintetico,"""natural colorants"" ""synthetic dyes"" replacement",Crossref
Mitral-aortic intervalvular fibrosa pseudoaneurysm resulting in the displacement of the left main coronary artery after aortic valve replacement,2010,The Journal of Thoracic and Cardiovascular Surgery,E_sustitucion_natural_sintetico,"""natural colorants"" ""synthetic dyes"" replacement",Crossref
Pulse Contour Cardiac Output Monitoring During a Complicated Percutaneous Aortic Valve Replacement,2010,Journal of Cardiothoracic and Vascular Anesthesia,E_sustitucion_natural_sintetico,"""natural colorants"" ""synthetic dyes"" replacement",Crossref
Antibacterial compounds from the root of the indigenous Australian medicinal plant<i>Carissa lanceolata</i>R.Br.,2011,Natural Product Research,E_sustitucion_natural_sintetico,"""natural colorants"" ""synthetic dyes"" replacement",Crossref
"Relative potencies of natural estrogens on vitellogenin and choriogenin levels in the Indian freshwater spotted snakehead, Channa punctata: in vivo and in vitro studies",2010,Fish Physiology and Biochemistry,E_sustitucion_natural_sintetico,"""natural colorants"" ""synthetic dyes"" replacement",Crossref
Oxidative stability of sunflower oil supplemented with carnosic acid compared with synthetic antioxidants during accelerated storage,2010,Food Chemistry,E_sustitucion_natural_sintetico,"""natural colorants"" ""synthetic dyes"" replacement",Crossref
Electrochemical activity and bacterial diversity of natural marine biofilm in laboratory closed-systems,2010,Bioelectrochemistry,E_sustitucion_natural_sintetico,"""natural colorants"" ""synthetic dyes"" replacement",Crossref
Structural policies and growth: Time series evidence from a natural experiment,2010,Journal of Development Economics,E_sustitucion_natural_sintetico,"""natural colorants"" ""synthetic dyes"" replacement",Crossref
Natural History of Clinically Staged Low- and Intermediate-Risk Prostate Cancer Treated With Monotherapeutic Permanent Interstitial Brachytherapy,2010,International Journal of Radiation Oncology*Biology*Physics,E_sustitucion_natural_sintetico,"""natural colorants"" ""synthetic dyes"" replacement",Crossref
"Secondary metabolites from the red mould rice of
                    <i>Monascus purpureus</i>
                    BCRC 38113",2010,Natural Product Research,E_sustitucion_natural_sintetico,"""natural colorants"" ""synthetic dyes"" replacement",Crossref
Quantifying the risk in age and block replacement policies,2010,Journal of the Operational Research Society,E_sustitucion_natural_sintetico,"""natural colorants"" ""synthetic dyes"" replacement",Crossref
"The synthesis of novel, unsymmetrically substituted, chiral naphthalene and perylene diimides: Photophysical, electrochemical, chiroptical and intramolecular charge transfer properties",2010,Dyes and Pigments,E_sustitucion_natural_sintetico,"""natural colorants"" ""synthetic dyes"" replacement",Crossref
Use of a natural tooth crown as a pontic following cervical root fracture: a case report,2010,Australian Endodontic Journal,E_sustitucion_natural_sintetico,"""natural colorants"" ""synthetic dyes"" replacement",Crossref
A young adult who had undergone coronary artery bypass grafting and abdominal aortic replacement with prosthetic vessel later after incomplete Kawasaki disease,2010,Journal of Cardiology,E_sustitucion_natural_sintetico,"""natural colorants"" ""synthetic dyes"" replacement",Crossref
Experimental and modeling study of performance and emissions of SI engine fueled by natural gas–hydrogen mixtures,2010,International Journal of Hydrogen Energy,E_sustitucion_natural_sintetico,"""natural colorants"" ""synthetic dyes"" replacement",Crossref
"Planes, trains and wheelchairs in the bush: Attitudes of people with mobility-disabilities to enhanced motorised access in remote natural settings",2010,Tourism Management,E_sustitucion_natural_sintetico,"""natural colorants"" ""synthetic dyes"" replacement",Crossref
Impacts of the Natural Forest Conservation Program on the livelihoods of residents of Northwestern China: Perceptions of residents affected by the program,2010,Ecological Economics,E_sustitucion_natural_sintetico,"""natural colorants"" ""synthetic dyes"" replacement",Crossref
Analysis of natural images processing for the extraction of agricultural elements,2010,Image and Vision Computing,E_sustitucion_natural_sintetico,"""natural colorants"" ""synthetic dyes"" replacement",Crossref
Distinct receptor-mediated activities in macrophages for natural ceramide-1-phosphate (C1P) and for phospho-ceramide analogue-1 (PCERA-1),2010,Molecular and Cellular Endocrinology,E_sustitucion_natural_sintetico,"""natural colorants"" ""synthetic dyes"" replacement",Crossref
Empirical vs natural weighting in random effects meta‐analysis,2010,Statistics in Medicine,E_sustitucion_natural_sintetico,"""natural colorants"" ""synthetic dyes"" replacement",Crossref
Hybrid solar cells using nanorod zinc oxide electrodes and perylene monoimide–monoanhydride dyes,2010,Current Applied Physics,E_sustitucion_natural_sintetico,"""natural colorants"" ""synthetic dyes"" replacement",Crossref
Plant wide simulation using the free chemical process simulator Sim42: Natural gas separation and reforming,2010,Computer Applications in Engineering Education,E_sustitucion_natural_sintetico,"""natural colorants"" ""synthetic dyes"" replacement",Crossref
Ferromagnetism in indium tin-oxide (ITO) electrodes at room temperature,2010,Synthetic Metals,E_sustitucion_natural_sintetico,"""natural colorants"" ""synthetic dyes"" replacement",Crossref
Field Infiltration Characteristics of Natural Rainfall in Compacted Roadside Slopes,2010,Journal of Geotechnical and Geoenvironmental Engineering,E_sustitucion_natural_sintetico,"""natural colorants"" ""synthetic dyes"" replacement",Crossref
Facilitated aortic root substitution after aortic valve replacement: Technique and results of the prosthesis-sparing operation,2010,The Journal of Thoracic and Cardiovascular Surgery,E_sustitucion_natural_sintetico,"""natural colorants"" ""synthetic dyes"" replacement",Crossref
Dye-sensitized solar cells with natural dyes extracted from achiote seeds,2010,Solar Energy Materials and Solar Cells,E_sustitucion_natural_sintetico,"""natural colorants"" ""synthetic dyes"" replacement",Crossref
Control of aerosol dispersion and removal in a room using synthetic jet actuators,2010,Building and Environment,E_sustitucion_natural_sintetico,"""natural colorants"" ""synthetic dyes"" replacement",Crossref
"First Report of Natural Infection in Cats with
                    <i>Leishmania infantum</i>
                    in Iran",2010,Vector-Borne and Zoonotic Diseases,E_sustitucion_natural_sintetico,"""natural colorants"" ""synthetic dyes"" replacement",Crossref
Macroscopic modeling of spin injection and spin transport in organic semiconductors,2010,Synthetic Metals,E_sustitucion_natural_sintetico,"""natural colorants"" ""synthetic dyes"" replacement",Crossref
"Synthetic, structural and spectroscopic studies of complexes derived from the copper(II) perchlorate/fumaric acid/N,N′-chelates tertiary reaction systems",2010,Polyhedron,E_sustitucion_natural_sintetico,"""natural colorants"" ""synthetic dyes"" replacement",Crossref
Family income and children's education: Using the Norwegian oil boom as a natural experiment,2010,Labour Economics,E_sustitucion_natural_sintetico,"""natural colorants"" ""synthetic dyes"" replacement",Crossref
Computation of surface radiation and natural convection in a heated horticultural greenhouse,2010,Applied Energy,E_sustitucion_natural_sintetico,"""natural colorants"" ""synthetic dyes"" replacement",Crossref
Natural silica fiber as reinforcing filler of nylon 6,2010,Composites Part B: Engineering,E_sustitucion_natural_sintetico,"""natural colorants"" ""synthetic dyes"" replacement",Crossref
Optimal spare ordering policy for preventive replacement under cost effectiveness criterion,2010,Applied Mathematical Modelling,E_sustitucion_natural_sintetico,"""natural colorants"" ""synthetic dyes"" replacement",Crossref
Natural ventilation with traditional Korean opening in contemporary house,2010,Building and Environment,E_sustitucion_natural_sintetico,"""natural colorants"" ""synthetic dyes"" replacement",Crossref
Hazard Proximity or Risk Perception? Evaluating Effects of Natural and Technological Hazards on Housing Values,2010,Environment and Behavior,E_sustitucion_natural_sintetico,"""natural colorants"" ""synthetic dyes"" replacement",Crossref
Tricuspid valve replacement and ventricular septal defect repair in a patient with Glanzmann thrombasthenia,2010,The Journal of Thoracic and Cardiovascular Surgery,E_sustitucion_natural_sintetico,"""natural colorants"" ""synthetic dyes"" replacement",Crossref
Experimental study of a single-cylinder engine fueled with natural gas–hydrogen mixtures,2010,International Journal of Hydrogen Energy,E_sustitucion_natural_sintetico,"""natural colorants"" ""synthetic dyes"" replacement",Crossref
Intensification of steam reforming of natural gas: Choosing combustible fuel and reforming catalyst,2010,Chemical Engineering Science,E_sustitucion_natural_sintetico,"""natural colorants"" ""synthetic dyes"" replacement",Crossref
"Synthetic, spectral and structural studies of mononuclear tris(κ2-amidate) aluminium complexes supported by tripodal ligands",2010,Polyhedron,E_sustitucion_natural_sintetico,"""natural colorants"" ""synthetic dyes"" replacement",Crossref
Detecting natural selection in RNA virus populations using sequence summary statistics,2010,"Infection, Genetics and Evolution",E_sustitucion_natural_sintetico,"""natural colorants"" ""synthetic dyes"" replacement",Crossref
Wicksell’s Classical Dichotomy: Is the natural rate of interest independent of the money rate of interest?,2010,Journal of Macroeconomics,E_sustitucion_natural_sintetico,"""natural colorants"" ""synthetic dyes"" replacement",Crossref
Effects of cost sharing on the demand for physician services in Japan: Evidence from a natural experiment,2010,Japan and the World Economy,E_sustitucion_natural_sintetico,"""natural colorants"" ""synthetic dyes"" replacement",Crossref
"Transient modeling of non-isothermal, dispersed two-phase flow in natural gas pipelines",2010,Applied Mathematical Modelling,E_sustitucion_natural_sintetico,"""natural colorants"" ""synthetic dyes"" replacement",Crossref
"Protection of fish feed, made directly from marine raw materials, with natural antioxidants",2010,Food Chemistry,E_sustitucion_natural_sintetico,"""natural colorants"" ""synthetic dyes"" replacement",Crossref
"Fetal myelomeningocele: Natural history, pathophysiology, and in-utero intervention",2010,Seminars in Fetal and Neonatal Medicine,E_sustitucion_natural_sintetico,"""natural colorants"" ""synthetic dyes"" replacement",Crossref
The natural history of untreated sporadic vestibular schwannomas: a comprehensive review of hearing outcomes,2010,Journal of Neurosurgery,E_sustitucion_natural_sintetico,"""natural colorants"" ""synthetic dyes"" replacement",Crossref
Evaluation and visualisation of molecular orbitals of natural pigments by density functional theory for their application in photoelectrochemical devices,2010,Molecular Simulation,E_sustitucion_natural_sintetico,"""natural colorants"" ""synthetic dyes"" replacement",Crossref
"Fabrication and testing of natural fibre composites: Vakka, sisal, bamboo and banana",2010,Materials &amp; Design,E_sustitucion_natural_sintetico,"""natural colorants"" ""synthetic dyes"" replacement",Crossref
"Natural ventilation potential model considering solution multiplicity, window opening percentage, air velocity and humidity in China",2010,Building and Environment,E_sustitucion_natural_sintetico,"""natural colorants"" ""synthetic dyes"" replacement",Crossref
Measuring and computing natural generators for homology groups,2010,Computational Geometry,E_sustitucion_natural_sintetico,"""natural colorants"" ""synthetic dyes"" replacement",Crossref
Fast natural color mapping for night-time imagery,2010,Information Fusion,E_sustitucion_natural_sintetico,"""natural colorants"" ""synthetic dyes"" replacement",Crossref
Morbidity in patients on long‐term steroid replacement therapy,2010,Clinical Endocrinology,E_sustitucion_natural_sintetico,"""natural colorants"" ""synthetic dyes"" replacement",Crossref
Fibrocollagen-covered prosthesis for a noncircumferential segmental tracheal replacement,2010,The Journal of Thoracic and Cardiovascular Surgery,E_sustitucion_natural_sintetico,"""natural colorants"" ""synthetic dyes"" replacement",Crossref
Optimizations of wear resistance and toughness of hydroxyapatite nickel free stainless steel new bio-composites for using in total joint replacement,2010,Materials &amp; Design,E_sustitucion_natural_sintetico,"""natural colorants"" ""synthetic dyes"" replacement",Crossref
A Nonlinear Filter Coupled With Hospitability and Synthetic Inclination Maps for In-Surveillance and Out-of-Surveillance Tracking,2010,"IEEE Transactions on Systems, Man, and Cybernetics, Part C (Applications and Reviews)",E_sustitucion_natural_sintetico,"""natural colorants"" ""synthetic dyes"" replacement",Crossref
Antioxidant activity of tomato lipophilic extracts and interactions between carotenoids and α-tocopherol in synthetic mixtures,2010,LWT - Food Science and Technology,E_sustitucion_natural_sintetico,"""natural colorants"" ""synthetic dyes"" replacement",Crossref
Management of corm-rot disease of<i>Gladiolus</i>by plant extracts,2010,Natural Product Research,E_sustitucion_natural_sintetico,"""natural colorants"" ""synthetic dyes"" replacement",Crossref
Natural antioxidants protecting irradiated beef burgers from lipid oxidation,2010,LWT - Food Science and Technology,E_sustitucion_natural_sintetico,"""natural colorants"" ""synthetic dyes"" replacement",Crossref
"7-Nitro- and 7-aminosubstituted spiropyrans of 1-benzothieno[3,2-b]pyrrole",2010,Dyes and Pigments,E_sustitucion_natural_sintetico,"""natural colorants"" ""synthetic dyes"" replacement",Crossref
Rail–wheel interaction monitoring using Acoustic Emission: A laboratory study of normal rolling signals with natural rail defects,2010,Mechanical Systems and Signal Processing,E_sustitucion_natural_sintetico,"""natural colorants"" ""synthetic dyes"" replacement",Crossref
"Neuroprotective effect of parthenocissin A, a natural antioxidant and free radical scavenger, in focal cerebral ischemia of rats",2010,Phytotherapy Research,E_sustitucion_natural_sintetico,"""natural colorants"" ""synthetic dyes"" replacement",Crossref
Optimal Scheduling of Replacement and Rehabilitation in Wastewater Pipeline Networks,2010,Journal of Water Resources Planning and Management,E_sustitucion_natural_sintetico,"""natural colorants"" ""synthetic dyes"" replacement",Crossref
LNG (liquefied natural gas): A necessary part in China's future energy infrastructure,2010,Energy,E_sustitucion_natural_sintetico,"""natural colorants"" ""synthetic dyes"" replacement",Crossref
"A Test of Diversity–Productivity Models in Natural, Degraded, and Restored Wet Prairies",2011,Restoration Ecology,E_sustitucion_natural_sintetico,"""natural colorants"" ""synthetic dyes"" replacement",Crossref
TDDFT-calculations of Vis/NIR absorbing compounds,2010,Dyes and Pigments,E_sustitucion_natural_sintetico,"""natural colorants"" ""synthetic dyes"" replacement",Crossref
Selective chromogenic and fluorogenic signalling of Hg2+ ions using a fluorescein-coumarin conjugate,2010,Dyes and Pigments,E_sustitucion_natural_sintetico,"""natural colorants"" ""synthetic dyes"" replacement",Crossref
"Mn(II), Co(II) and Ni(II) complexes of 4-(2-thiazolylazo)resorcinol: Syntheses, characterization, catalase-like activity, thermal and electrochemical behaviour",2010,Dyes and Pigments,E_sustitucion_natural_sintetico,"""natural colorants"" ""synthetic dyes"" replacement",Crossref
"Natural Regeneration in Plantations of Native Trees in Lowland Brazilian Atlantic Forest: Community Structure, Diversity, and Dispersal Syndromes",2011,Restoration Ecology,E_sustitucion_natural_sintetico,"""natural colorants"" ""synthetic dyes"" replacement",Crossref
Assessing of Natural Attenuation and Intrinsic Bioremediation Rates at a Petroleum-Hydrocarbon Spill Site: Laboratory and Field Studies,2010,Journal of Environmental Engineering,E_sustitucion_natural_sintetico,"""natural colorants"" ""synthetic dyes"" replacement",Crossref
The natural history of brain contusion: an analysis of radiological and clinical progression,2010,Journal of Neurosurgery,E_sustitucion_natural_sintetico,"""natural colorants"" ""synthetic dyes"" replacement",Crossref
Documenting natural wear on antlers: A first step in identifying use-wear on purported antler tools,2010,Quaternary International,E_sustitucion_natural_sintetico,"""natural colorants"" ""synthetic dyes"" replacement",Crossref
Use of the hybrid operating room for aortic valve replacement in a patient with anomalous left circumflex artery,2010,The Journal of Thoracic and Cardiovascular Surgery,E_sustitucion_natural_sintetico,"""natural colorants"" ""synthetic dyes"" replacement",Crossref
Perylene dye photodegradation due to ketones and singlet oxygen,2010,Dyes and Pigments,E_sustitucion_natural_sintetico,"""natural colorants"" ""synthetic dyes"" replacement",Crossref
Effect of different electron donating groups on the performance of dye-sensitized solar cells,2010,Dyes and Pigments,E_sustitucion_natural_sintetico,"""natural colorants"" ""synthetic dyes"" replacement",Crossref
A New Technique of Subtrochanteric Shortening in Total Hip Replacement for Crowe Type 3 to 4 Dysplasia of the Hip,2010,The Journal of Arthroplasty,E_sustitucion_natural_sintetico,"""natural colorants"" ""synthetic dyes"" replacement",Crossref
Spin relaxation and magnetoresistance in disordered organic semiconductors,2010,Synthetic Metals,E_sustitucion_natural_sintetico,"""natural colorants"" ""synthetic dyes"" replacement",Crossref
Sudan azo dyes and Para Red degradation by prevalent bacteria of the human gastrointestinal tract,2010,Anaerobe,E_sustitucion_natural_sintetico,"""natural colorants"" ""synthetic dyes"" replacement",Crossref
The synthesis and characterization of 2-(2′-pyridyl)benzimidazole heteroleptic ruthenium complex: Efficient sensitizer for molecular photovoltaics,2010,Dyes and Pigments,E_sustitucion_natural_sintetico,"""natural colorants"" ""synthetic dyes"" replacement",Crossref
An efficient light-harvesting ruthenium dye for solar cell application,2010,Dyes and Pigments,E_sustitucion_natural_sintetico,"""natural colorants"" ""synthetic dyes"" replacement",Crossref
"The inkjet printing process for Lyocell and cotton fibres. Part 1: The significance of pre-treatment chemicals and their relationship with colour strength, absorbed dye fixation and ink penetration",2010,Dyes and Pigments,E_sustitucion_natural_sintetico,"""natural colorants"" ""synthetic dyes"" replacement",Crossref
"Novel phthalocyanines containing substituted salicyclic hydrazone-1,3-thiazole moieties: Microwave-assisted synthesis, spectroscopic characterization, X-ray structure and thermal characterization",2010,Dyes and Pigments,E_sustitucion_natural_sintetico,"""natural colorants"" ""synthetic dyes"" replacement",Crossref
Natural history of benign prostatic enlargement: long‐term longitudinal population‐based study of prostate volume doubling times,2010,BJU International,E_sustitucion_natural_sintetico,"""natural colorants"" ""synthetic dyes"" replacement",Crossref
"Fabrication and characterization of new semiconducting nanomaterials composed of natural layered silicates (Na+-MMT), natural rubber (NR), and polypyrrole (PPy)",2010,Polymer,E_sustitucion_natural_sintetico,"""natural colorants"" ""synthetic dyes"" replacement",Crossref
"Synthesis and photoinduced surface relief grating formation of novel photo-responsive amorphous molecular materials, 4-[bis(9,9-dimethylfluoren-2-yl)amino]-4′-cyanoazobenzene and 4-[bis(9,9-dimethylfluoren-2-yl)-amino]-4′-nitroazobenzene",2010,Dyes and Pigments,E_sustitucion_natural_sintetico,"""natural colorants"" ""synthetic dyes"" replacement",Crossref
Use of synthetic soil aggregates as a containerized growth medium component to substitute peat in the ornamental plant production,2010,Archives of Agronomy and Soil Science,E_sustitucion_natural_sintetico,"""natural colorants"" ""synthetic dyes"" replacement",Crossref
Antifungal activity of<i>Syzygium cumini</i>against<i>Ascochyta rabiei</i>–the cause of chickpea blight,2010,Natural Product Research,E_sustitucion_natural_sintetico,"""natural colorants"" ""synthetic dyes"" replacement",Crossref
Sporopollenin exines: A novel natural taste masking material,2010,LWT - Food Science and Technology,E_sustitucion_natural_sintetico,"""natural colorants"" ""synthetic dyes"" replacement",Crossref
CH4MODwetland: A biogeophysical model for simulating methane emissions from natural wetlands,2010,Ecological Modelling,E_sustitucion_natural_sintetico,"""natural colorants"" ""synthetic dyes"" replacement",Crossref
Dynamic progesterone responses to simulation of a natural pulse of a metabolite of prostaglandin F2α in heifers,2010,Animal Reproduction Science,E_sustitucion_natural_sintetico,"""natural colorants"" ""synthetic dyes"" replacement",Crossref
Unsteady natural convection cooling of a water storage tank with an internal gas flue,2010,International Journal of Thermal Sciences,E_sustitucion_natural_sintetico,"""natural colorants"" ""synthetic dyes"" replacement",Crossref
Colour and design: From natural patterns to monochrome compositions,2011,Optics &amp; Laser Technology,E_sustitucion_natural_sintetico,"""natural colorants"" ""synthetic dyes"" replacement",Crossref
Experimental study of natural convection heat transfer in a microencapsulated phase change material slurry,2010,Energy,E_sustitucion_natural_sintetico,"""natural colorants"" ""synthetic dyes"" replacement",Crossref
Increased DNA damage and oxidative stress in chickens with Natural Marek's Disease,2010,Veterinary Immunology and Immunopathology,E_sustitucion_natural_sintetico,"""natural colorants"" ""synthetic dyes"" replacement",Crossref
Traditional Medicinal Plant Extracts and Natural Products with Activity against Oral Bacteria: Potential Application in the Prevention and Treatment of Oral Diseases,2011,Evidence-Based Complementary and Alternative Medicine,E_sustitucion_natural_sintetico,"""natural colorants"" ""synthetic dyes"" replacement",Crossref
The Budding Yeast “<i>Saccharomyces cerevisiae</i>” as a Drug Discovery Tool to Identify Plant‐Derived Natural Products with Anti‐Proliferative Properties,2011,Evidence-Based Complementary and Alternative Medicine,E_sustitucion_natural_sintetico,"""natural colorants"" ""synthetic dyes"" replacement",Crossref
The synthesis and optical properties of novel fluorescent iminocoumarins and bis-iminocoumarins: Investigations in the series of urea derivatives,2010,Dyes and Pigments,E_sustitucion_natural_sintetico,"""natural colorants"" ""synthetic dyes"" replacement",Crossref
Establishment of a reference interval for natural killer cell activity through flow cytometry and its clinical application in the diagnosis of hemophagocytic lymphohistiocytosis,2010,International Journal of Laboratory Hematology,E_sustitucion_natural_sintetico,"""natural colorants"" ""synthetic dyes"" replacement",Crossref
The Scandinavian Total Ankle Replacement: Survivorship at 5 and 8 Years Comparable to Other Series,2010,Clinical Orthopaedics &amp; Related Research,E_sustitucion_natural_sintetico,"""natural colorants"" ""synthetic dyes"" replacement",Crossref
Tuning of organic magnetoresistance by reversible modification of the active material,2010,Synthetic Metals,E_sustitucion_natural_sintetico,"""natural colorants"" ""synthetic dyes"" replacement",Crossref
EXPERIMENTAL COMPARISON OF NATURAL CONVECTION AND CONDUCTION HEAT TRANSFER,2010,Journal of Food Process Engineering,E_sustitucion_natural_sintetico,"""natural colorants"" ""synthetic dyes"" replacement",Crossref
The effect of substituent position upon unsymmetrical isomeric diarylethenes bearing a methoxy group,2010,Dyes and Pigments,E_sustitucion_natural_sintetico,"""natural colorants"" ""synthetic dyes"" replacement",Crossref
Evaluation of suitable conditions for natural regeneration of <i>Picea jezoensis</i> on fallen logs,2010,Journal of Forest Research,E_sustitucion_natural_sintetico,"""natural colorants"" ""synthetic dyes"" replacement",Crossref
"Can a natural experiment be used as a tool to design partial cutting regimes? The decline of <i>Austrocedrus chilensis</i> forests, an example",2010,Journal of Forest Research,E_sustitucion_natural_sintetico,"""natural colorants"" ""synthetic dyes"" replacement",Crossref
Multi-objective design optimization of a natural gas-combined cycle with carbon dioxide capture in a life cycle perspective,2010,Energy,E_sustitucion_natural_sintetico,"""natural colorants"" ""synthetic dyes"" replacement",Crossref
Recurrent haemarthrosis following total knee replacement,2010,The Knee,E_sustitucion_natural_sintetico,"""natural colorants"" ""synthetic dyes"" replacement",Crossref
Effect of fillers and nitrile blended PVC on natural rubber/high styrene rubber with nanosilica blends: Morphology and wear,2010,Materials &amp; Design,E_sustitucion_natural_sintetico,"""natural colorants"" ""synthetic dyes"" replacement",Crossref
Achieving structured colour in inorganic systems: Learning from the natural world,2011,Optics &amp; Laser Technology,E_sustitucion_natural_sintetico,"""natural colorants"" ""synthetic dyes"" replacement",Crossref
"Mapping natural resource-based poverty, with an application to rural Syria",2010,Food Policy,E_sustitucion_natural_sintetico,"""natural colorants"" ""synthetic dyes"" replacement",Crossref
Theoretical study of the effects of engine parameters on performance and emissions of a pilot ignited natural gas diesel engine☆,2010,Energy,E_sustitucion_natural_sintetico,"""natural colorants"" ""synthetic dyes"" replacement",Crossref
Retaining a Nonfunctional Synthetic Arterial Bypass Graft as a Tunnel for Future Bypass Using a Vein Graft: Technical Note,2010,Annals of Vascular Surgery,E_sustitucion_natural_sintetico,"""natural colorants"" ""synthetic dyes"" replacement",Crossref
Is a tourniquet beneficial in total knee replacement surgery?,2010,The Knee,E_sustitucion_natural_sintetico,"""natural colorants"" ""synthetic dyes"" replacement",Crossref
Comparison of cytotoxicity and DNA damage potential induced by<i>ent</i>-kaurene diterpenoids from<i>Isodon</i>plant,2011,Natural Product Research,E_sustitucion_natural_sintetico,"""natural colorants"" ""synthetic dyes"" replacement",Crossref
"Biological activity of<i>Prangos uloptera</i>DC. roots, a medicinal plant from Iran",2010,Natural Product Research,E_sustitucion_natural_sintetico,"""natural colorants"" ""synthetic dyes"" replacement",Crossref
Efficacy of micronized flavonoid fraction in healing of clean and infected wounds,2011,International Journal of Angiology,E_sustitucion_natural_sintetico,"""clean label"" colorants reformulation",Crossref
Utilisation de colorants pour le dépistage de la pénicilline dans le lait,2010,Pathologia et Microbiologia,E_sustitucion_natural_sintetico,"""clean label"" colorants reformulation",Crossref
Rituximab in diffuse cutaneous systemic sclerosis: an open-label clinical and histopathological study,2010,Annals of the Rheumatic Diseases,E_sustitucion_natural_sintetico,"""clean label"" colorants reformulation",Crossref
A reformulation of the Lesaint–Raviart discontinuous Galerkin method for advection equations,2010,International Journal for Numerical Methods in Biomedical Engineering,E_sustitucion_natural_sintetico,"""clean label"" colorants reformulation",Crossref
"Decomposition, reformulation, and diving in university course timetabling",2010,Computers &amp; Operations Research,E_sustitucion_natural_sintetico,"""clean label"" colorants reformulation",Crossref
COOLCEP (cool clean efficient power): A novel CO2-capturing oxy-fuel power system with LNG (liquefied natural gas) coldness energy utilization☆,2010,Energy,E_sustitucion_natural_sintetico,"""clean label"" colorants reformulation",Crossref
On predictive accuracy and risk minimization in pairwise label ranking,2010,Journal of Computer and System Sciences,E_sustitucion_natural_sintetico,"""clean label"" colorants reformulation",Crossref
Off‐label use of rituximab in a tertiary Queensland hospital,2010,Internal Medicine Journal,E_sustitucion_natural_sintetico,"""clean label"" colorants reformulation",Crossref
Immunoaffinity column clean-up techniques in food analysis: A review,2010,Journal of Chromatography B,E_sustitucion_natural_sintetico,"""clean label"" colorants reformulation",Crossref
Clean recovery of antioxidant flavonoids from citrus peel: Optimizing an aqueous ultrasound-assisted extraction method,2010,Food Chemistry,E_sustitucion_natural_sintetico,"""clean label"" colorants reformulation",Crossref
Determination of aflatoxins in animal feeds by HPLC with multifunctional column clean-up,2010,Food Chemistry,E_sustitucion_natural_sintetico,"""clean label"" colorants reformulation",Crossref
"Rhabdomyolysis in MDMA Intoxication: A Rapid and Underestimated Killer. “Clean” Ecstasy, a Safe Party Drug?",2012,The Journal of Emergency Medicine,E_sustitucion_natural_sintetico,"""clean label"" colorants reformulation",Crossref
Class-specific immunoaffinity monolith for efficient on-line clean-up of pyrethroids followed by high-performance liquid chromatography analysis,2010,Journal of Chromatography B,E_sustitucion_natural_sintetico,"""clean label"" colorants reformulation",Crossref
Clean coal technology development in China,2010,Energy Policy,E_sustitucion_natural_sintetico,"""clean label"" colorants reformulation",Crossref
Antibodies raised against tobacco aquaporins of the PIP2 class label viscin tissue of the explosive dwarf mistletoe fruit,2010,Plant Biology,E_sustitucion_natural_sintetico,"""clean label"" colorants reformulation",Crossref
Label-free and amplified quantitation of proteins in complex mixtures using diffractive optics technology,2010,Journal of Chromatography B,E_sustitucion_natural_sintetico,"""clean label"" colorants reformulation",Crossref
Constants and label-equivalence: A decision procedure for reflexive regular splicing languages,2010,Theoretical Computer Science,E_sustitucion_natural_sintetico,"""clean label"" colorants reformulation",Crossref
Clean development mechanism practice in China: Current status and possibilities for future regime,2010,Energy,E_sustitucion_natural_sintetico,"""clean label"" colorants reformulation",Crossref
A comparison of metronidazole 1% cream and pimecrolimus 1% cream in the treatment of patients with papulopustular rosacea: a randomized open-label clinical trial,2010,Clinical and Experimental Dermatology,E_sustitucion_natural_sintetico,"""clean label"" colorants reformulation",Crossref
"A Multicenter, Open-Label, Exploratory Dose-Ranging Trial of Intranasal Hydromorphone for Managing Acute Pain from Traumatic Injury",2010,The Journal of Pain,E_sustitucion_natural_sintetico,"""clean label"" colorants reformulation",Crossref
Message on a bottle: The relative influence of wine back label information on wine choice,2010,Food Quality and Preference,E_sustitucion_natural_sintetico,"""clean label"" colorants reformulation",Crossref
"An open-label, randomized phase II study of adecatumumab, a fully human anti-EpCAM antibody, as monotherapy in patients with metastatic breast cancer",2010,Annals of Oncology,E_sustitucion_natural_sintetico,"""clean label"" colorants reformulation",Crossref
Isotope coded protein label quantification of serum proteins—Comparison with the label-free LC–MS and validation using the MRM approach,2010,Talanta,E_sustitucion_natural_sintetico,"""clean label"" colorants reformulation",Crossref
Clean bio-oil production from fast pyrolysis of sewage sludge: Effects of reaction conditions and metal oxide catalysts,2010,Bioresource Technology,E_sustitucion_natural_sintetico,"""clean label"" colorants reformulation",Crossref
Transductive Multi-Instance Multi-Label learning algorithm with application to automatic image annotation,2010,Expert Systems with Applications,E_sustitucion_natural_sintetico,"""clean label"" colorants reformulation",Crossref
Quantitative label-free screening for antibodies using scattering biophotonic microarray imaging,2010,Analytical Biochemistry,E_sustitucion_natural_sintetico,"""clean label"" colorants reformulation",Crossref
"An open-label, Phase I study of cediranib (RECENTIN™) in patients with acute myeloid leukemia",2010,Leukemia Research,E_sustitucion_natural_sintetico,"""clean label"" colorants reformulation",Crossref
A regenerable flow-through affinity sensor for label-free detection of proteins and DNA,2010,Journal of Chromatography B,E_sustitucion_natural_sintetico,"""clean label"" colorants reformulation",Crossref
Prospective randomized open-label multicenter phase I/II dose escalation trial of visilizumab (HuM291) in severe steroid-refractory ulcerative colitis†,2010,Inflammatory Bowel Diseases,E_sustitucion_natural_sintetico,"""clean label"" colorants reformulation",Crossref
An efficient first-scan method for label-equivalence-based labeling algorithms,2010,Pattern Recognition Letters,E_sustitucion_natural_sintetico,"""clean label"" colorants reformulation",Crossref
A study on the activity of CaO-based sorbents for capturing CO2 in clean energy processes,2010,Applied Energy,E_sustitucion_natural_sintetico,"""clean label"" colorants reformulation",Crossref
Multi-wall carbon nanotubes (MWCNTs)-doped polypyrrole DNA biosensor for label-free detection of genetically modified organisms by QCM and EIS,2010,Talanta,E_sustitucion_natural_sintetico,"""clean label"" colorants reformulation",Crossref
Label-free low-cost disposable DNA hybridization detection systems using organic TFTs,2010,Biosensors and Bioelectronics,E_sustitucion_natural_sintetico,"""clean label"" colorants reformulation",Crossref
"Induction Pegylated Interferon Alfa-2b in Combination With Ribavirin in Patients With Genotypes 1 and 4 Chronic Hepatitis C: A Prospective, Randomized, Multicenter, Open-Label Study",2010,Clinical Gastroenterology and Hepatology,E_sustitucion_natural_sintetico,"""clean label"" colorants reformulation",Crossref
"IDEAL-Q, an Automated Tool for Label-free Quantitation Analysis Using an Efficient Peptide Alignment Approach and Spectral Data Validation",2010,Molecular &amp; Cellular Proteomics,E_sustitucion_natural_sintetico,"""clean label"" colorants reformulation",Crossref
Long‐term efficacy of etanercept in hidradenitis suppurativa: results from an open‐label phase II prospective trial,2010,Experimental Dermatology,E_sustitucion_natural_sintetico,"""clean label"" colorants reformulation",Crossref
"Real-time, label-free monitoring of the cell cycle with a cellular impedance sensing chip",2010,Biosensors and Bioelectronics,E_sustitucion_natural_sintetico,"""clean label"" colorants reformulation",Crossref
Label-free and time-resolved measurements of cell volume changes by surface plasmon resonance (SPR) spectroscopy,2010,Biosensors and Bioelectronics,E_sustitucion_natural_sintetico,"""clean label"" colorants reformulation",Crossref
Study on contamination control in a minienvironment inside clean room for yield enhancement based on particle concentration measurement and airflow CFD simulation,2010,Building and Environment,E_sustitucion_natural_sintetico,"""clean label"" colorants reformulation",Crossref
"Measurements of Cd, Cu, Pb and Zn in the lower reaches of major Eurasian arctic rivers using trace metal clean techniques",2010,Environmental Pollution,E_sustitucion_natural_sintetico,"""clean label"" colorants reformulation",Crossref
Open‐label study to assess the safety and pharmacodynamics of five oral insulin formulations in healthy subjects,2010,"Diabetes, Obesity and Metabolism",E_sustitucion_natural_sintetico,"""clean label"" colorants reformulation",Crossref
Label-free quantitative analysis of lipid metabolism in living Caenorhabditis elegans,2010,Journal of Lipid Research,E_sustitucion_natural_sintetico,"""clean label"" colorants reformulation",Crossref
Bioaccumulation and depuration of metals in blue crabs (Callinectes sapidus Rathbun) from a contaminated and clean estuary,2010,Environmental Pollution,E_sustitucion_natural_sintetico,"""clean label"" colorants reformulation",Crossref
Reformulation in cognitive analytic therapy: Effects on the working alliance and the client's perspective on change,2010,"Psychology and Psychotherapy: Theory, Research and Practice",E_sustitucion_natural_sintetico,"""clean label"" colorants reformulation",Crossref
Label-free impedance detection of low levels of circulating endothelial progenitor cells for point-of-care diagnosis,2010,Biosensors and Bioelectronics,E_sustitucion_natural_sintetico,"""clean label"" colorants reformulation",Crossref
Label-free electrochemical DNA biosensor array for simultaneous detection of the HIV-1 and HIV-2 oligonucleotides incorporating different hairpin-DNA probes and redox indicator,2010,Biosensors and Bioelectronics,E_sustitucion_natural_sintetico,"""clean label"" colorants reformulation",Crossref
An energy demand model for a fleet of plug-in fuel cell vehicles and commercial building interfaced with a clean energy hub,2010,International Journal of Hydrogen Energy,E_sustitucion_natural_sintetico,"""clean label"" colorants reformulation",Crossref
FATTY SOILS REMOVAL FROM HARD SURFACES IN A CLEAN‐IN‐PLACE SYSTEM,2011,Journal of Food Process Engineering,E_sustitucion_natural_sintetico,"""clean label"" colorants reformulation",Crossref
Clean up of Petroleum-Hydrocarbon Contaminated Soils Using Enhanced Bioremediation System: Laboratory Feasibility Study,2010,Journal of Environmental Engineering,E_sustitucion_natural_sintetico,"""clean label"" colorants reformulation",Crossref
Treatment of nail psoriasis with adalimumab: an open label unblinded study,2010,Journal of the European Academy of Dermatology and Venereology,E_sustitucion_natural_sintetico,"""clean label"" colorants reformulation",Crossref
Early Response to Sibutramine in Patients Not Meeting Current Label Criteria: Preliminary Analysis of SCOUT Lead‐in Period,2010,Obesity,E_sustitucion_natural_sintetico,"""clean label"" colorants reformulation",Crossref
An open-label expanded access study of lapatinib and capecitabine in patients with HER2-overexpressing locally advanced or metastatic breast cancer,2010,Annals of Oncology,E_sustitucion_natural_sintetico,"""clean label"" colorants reformulation",Crossref
A label-free immunosensor for diagnosis of dengue infection with simple electrical measurements,2010,Biosensors and Bioelectronics,E_sustitucion_natural_sintetico,"""clean label"" colorants reformulation",Crossref
Label-free analysis of water-polluting parasite by electrochemical impedance spectroscopy,2010,Biosensors and Bioelectronics,E_sustitucion_natural_sintetico,"""clean label"" colorants reformulation",Crossref
"Simultaneous determination of thiamphenicol, florfenicol and florfenicol amine in swine muscle by liquid chromatography–tandem mass spectrometry with immunoaffinity chromatography clean-up",2010,Journal of Chromatography B,E_sustitucion_natural_sintetico,"""clean label"" colorants reformulation",Crossref
"Acute health problems related to the operation mounted to clean the Hebei Spirit oil spill in Taean, Korea",2010,Marine Pollution Bulletin,E_sustitucion_natural_sintetico,"""clean label"" colorants reformulation",Crossref
"Clinicopathological characteristics of lichen planus pigmentosus and its response to tacrolimus ointment: an open label, non‐randomized, prospective study",2010,Journal of the European Academy of Dermatology and Venereology,E_sustitucion_natural_sintetico,"""clean label"" colorants reformulation",Crossref
Cost‐effectiveness of clean air administered to the breathing zone in allergic asthma,2010,The Clinical Respiratory Journal,E_sustitucion_natural_sintetico,"""clean label"" colorants reformulation",Crossref
A Single-Center Open-Label Study To Investigate The Efficacy And Safety Of Repeated Subcutaneous Injections Of Lanreotide Autogel In Patients With Acromegaly Previously Treated With Octreotide,2010,Endocrine Practice,E_sustitucion_natural_sintetico,"""clean label"" colorants reformulation",Crossref
Label-free fiber optic biosensor based on evanescent wave absorbance at 280 nm,2010,Sensors and Actuators B: Chemical,E_sustitucion_natural_sintetico,"""clean label"" colorants reformulation",Crossref
A promising clean process for production of diosgenin from Dioscorea zingiberensis C. H. Wright,2010,Journal of Cleaner Production,E_sustitucion_natural_sintetico,"""clean label"" colorants reformulation",Crossref
Design and Development of RFID Label for Steel Coil,2010,IEEE Transactions on Industrial Electronics,E_sustitucion_natural_sintetico,"""clean label"" colorants reformulation",Crossref
Polymer Waveguide Label-Free Biosensors With Enhanced Sensitivity by Incorporating Low-Refractive-Index Polymers,2010,IEEE Journal of Selected Topics in Quantum Electronics,E_sustitucion_natural_sintetico,"""clean label"" colorants reformulation",Crossref
Teaching children clean intermittent self-catheterization (CISC) in a group setting,2010,Journal of Pediatric Urology,E_sustitucion_natural_sintetico,"""clean label"" colorants reformulation",Crossref
Lenalidomide plus high-dose dexamethasone versus lenalidomide plus low-dose dexamethasone as initial therapy for newly diagnosed multiple myeloma: an open-label randomised controlled trial,2010,The Lancet Oncology,E_sustitucion_natural_sintetico,"""clean label"" colorants reformulation",Crossref
Problems and perspectives in nanostructured carbon-based electrodes for clean and sustainable energy,2010,Catalysis Today,E_sustitucion_natural_sintetico,"""clean label"" colorants reformulation",Crossref
Chemical dynamics of acidity and heavy metals in a mine water-polluted soil during decontamination using clean water,2010,Journal of Hazardous Materials,E_sustitucion_natural_sintetico,"""clean label"" colorants reformulation",Crossref
Settlements of saturated clean sand deposits in shaking table tests,2010,Soil Dynamics and Earthquake Engineering,E_sustitucion_natural_sintetico,"""clean label"" colorants reformulation",Crossref
Novel mixed-state thermal transport properties in ultra-clean URu2Si2,2010,Physica C: Superconductivity and its Applications,E_sustitucion_natural_sintetico,"""clean label"" colorants reformulation",Crossref
Comparison of the effects of pollution on the marine bivalve Donax trunculus in the vicinity of polluted sites with specimens from a clean reference site (Mediterranean Sea),2010,Marine Pollution Bulletin,E_sustitucion_natural_sintetico,"""clean label"" colorants reformulation",Crossref
On the bicriterion – minimal cost/minimal label – spanning tree problem,2010,European Journal of Operational Research,E_sustitucion_natural_sintetico,"""clean label"" colorants reformulation",Crossref
Clean Groundwater Underpins the Developing World,2010,Groundwater,E_sustitucion_natural_sintetico,"""clean label"" colorants reformulation",Crossref
On the preparation of clean tungsten single crystals,2010,Surface Science,E_sustitucion_natural_sintetico,"""clean label"" colorants reformulation",Crossref
An open-label study of naltrexone and bupropion combination therapy for smoking cessation in overweight and obese subjects,2010,Addictive Behaviors,E_sustitucion_natural_sintetico,"""clean label"" colorants reformulation",Crossref
Gas storage in porous metal–organic frameworks for clean energy applications,2010,Chem. Commun.,E_sustitucion_natural_sintetico,"""clean label"" colorants reformulation",Crossref
Biopatterning for label-free detection,2010,Colloids and Surfaces B: Biointerfaces,E_sustitucion_natural_sintetico,"""clean label"" colorants reformulation",Crossref
"Bacillus horneckiae sp. nov., isolated from a spacecraft-assembly clean room",2010,International Journal of Systematic and Evolutionary Microbiology,E_sustitucion_natural_sintetico,"""clean label"" colorants reformulation",Crossref
A novel method to clean protein G agarose for affinity column matrix with renewed binding capacity and high IgG selectivity,2010,Journal of Immunological Methods,E_sustitucion_natural_sintetico,"""clean label"" colorants reformulation",Crossref
"Risperidone in the treatment of mixed state bipolar patients: Results from a 24‐week, multicenter, open‐label study in Korea",2010,Psychiatry and Clinical Neurosciences,E_sustitucion_natural_sintetico,"""clean label"" colorants reformulation",Crossref
A phase I open-label dose-escalation study of oral BIBF 1120 combined with standard paclitaxel and carboplatin in patients with advanced gynecological malignancies,2010,Annals of Oncology,E_sustitucion_natural_sintetico,"""clean label"" colorants reformulation",Crossref
An electrochemical impedimetric immunosensor for label-free detection of Campylobacter jejuni in diarrhea patients’ stool based on O-carboxymethylchitosan surface modified Fe3O4 nanoparticles,2010,Biosensors and Bioelectronics,E_sustitucion_natural_sintetico,"""clean label"" colorants reformulation",Crossref
Separation of clean aggregates from contaminated concrete waste by thermal and mechanical treatment,2010,Annals of Nuclear Energy,E_sustitucion_natural_sintetico,"""clean label"" colorants reformulation",Crossref
"160 Gb/s/Port 2$\,\times\,$2 OPS Node Test-Bed Performing 50 Gchip/s All-Optical Active Label Processing With Contention Detection",2010,Journal of Lightwave Technology,E_sustitucion_natural_sintetico,"""clean label"" colorants reformulation",Crossref
Sirolimus- vs. paclitaxel-eluting stents in patients undergoing off-label percutaneous coronary intervention,2010,International Journal of Cardiology,E_sustitucion_natural_sintetico,"""clean label"" colorants reformulation",Crossref
Selective chemical modification of silicon nitride/silicon oxide nanostructures to develop label-free biosensors,2010,Biosensors and Bioelectronics,E_sustitucion_natural_sintetico,"""clean label"" colorants reformulation",Crossref
Influence of regional development policies and clean technology adoption on future air pollution exposure,2010,Atmospheric Environment,E_sustitucion_natural_sintetico,"""clean label"" colorants reformulation",Crossref
Competition for memory retrieval between private label and national brands,2010,Journal of Business Research,E_sustitucion_natural_sintetico,"""clean label"" colorants reformulation",Crossref
Structural stability of clean GaAs nanowires grown along the [111] direction,2010,physica status solidi c,E_sustitucion_natural_sintetico,"""clean label"" colorants reformulation",Crossref
Mass Spectrometry-Based Label-Free Quantitative Proteomics,2010,Journal of Biomedicine and Biotechnology,E_sustitucion_natural_sintetico,"""clean label"" colorants reformulation",Crossref
A packaged optical slot-waveguide ring resonator sensor array for multiplex label-free assays in labs-on-chips,2010,Lab Chip,E_sustitucion_natural_sintetico,"""clean label"" colorants reformulation",Crossref
Why the case for clean surfaces does not hold water: Structure and morphology of hydroxylated nickel oxide (111),2010,Surface Science,E_sustitucion_natural_sintetico,"""clean label"" colorants reformulation",Crossref
Adaptive CLEAN With Target Refocusing for Through-Wall Image Improvement,2010,IEEE Transactions on Antennas and Propagation,E_sustitucion_natural_sintetico,"""clean label"" colorants reformulation",Crossref
Identification of red colorants in van Gogh paintings and ancient Andean textiles by microspectrofluorimetry,2010,Journal of Cultural Heritage,E_sustitucion_natural_sintetico,"""clean label"" colorants reformulation",Crossref
Putting renewables and energy efficiency to work: How many jobs can the clean energy industry generate in the US?,2010,Energy Policy,E_sustitucion_natural_sintetico,"""clean label"" colorants reformulation",Crossref
Development of compatible wet-clean stripper for integration of CoWP metal cap in Cu/low-k interconnects,2010,Microelectronic Engineering,E_sustitucion_natural_sintetico,"""clean label"" colorants reformulation",Crossref
Reformulation of Laframboise' Probe Theory in Cylindrical Geometry and the Absence of an Ion Saturation Current,2010,IEEE Transactions on Plasma Science,E_sustitucion_natural_sintetico,"""clean label"" colorants reformulation",Crossref
"Efficacy and safety of enoxaparin in Japanese patients undergoing curative abdominal or pelvic cancer surgery: Results from a multicenter, randomized, open-label study",2010,Thrombosis Research,E_sustitucion_natural_sintetico,"""clean label"" colorants reformulation",Crossref
Well ordered two-dimensional SnSBA-15 catalysts synthesized with high levels of tetrahedral tin for highly efficient and clean synthesis of nopol,2010,Applied Catalysis A: General,E_sustitucion_natural_sintetico,"""clean label"" colorants reformulation",Crossref
Polytyrosine as an electroactive label for signal amplification in electrochemical immunosensors,2010,Analytica Chimica Acta,E_sustitucion_natural_sintetico,"""clean label"" colorants reformulation",Crossref
Application of clean laser transfer for porphyrin micropatterning,2010,Applied Surface Science,E_sustitucion_natural_sintetico,"""clean label"" colorants reformulation",Crossref
"Clean one-pot synthesis of 1,2,4-oxadiazoles under solvent-free conditions using microwave irradiation and potassium fluoride as catalyst and solid support",2010,Tetrahedron,E_sustitucion_natural_sintetico,"""clean label"" colorants reformulation",Crossref
Sn etching with hydrogen radicals to clean EUV optics,2010,Chemical Physics Letters,E_sustitucion_natural_sintetico,"""clean label"" colorants reformulation",Crossref
Electrical resistivity dependence of semi-conductive oxide electrode on the label-free electrochemical detection of DNA,2010,Sensors and Actuators B: Chemical,E_sustitucion_natural_sintetico,"""clean label"" colorants reformulation",Crossref
Label-free impedimetric immunosensor for sensitive detection of atrazine,2010,Electrochimica Acta,E_sustitucion_natural_sintetico,"""clean label"" colorants reformulation",Crossref
Determining Class Proportions Within a Pixel Using a New Mixed-Label Analysis Method,2010,IEEE Transactions on Geoscience and Remote Sensing,E_sustitucion_natural_sintetico,"""clean label"" colorants reformulation",Crossref
"Effects of escitalopram on stress-related relapses in women with multiple sclerosis: An open-label, randomized, controlled, one-year follow-up study",2010,European Neuropsychopharmacology,E_sustitucion_natural_sintetico,"""clean label"" colorants reformulation",Crossref
Burning clean fuel gas improves energetic efficiency,2010,Energy Conversion and Management,E_sustitucion_natural_sintetico,"""clean label"" colorants reformulation",Crossref
What's driving energy efficient appliance label awareness and purchase propensity?,2010,Energy Policy,E_sustitucion_natural_sintetico,"""clean label"" colorants reformulation",Crossref
Nationwide drug‐dispensing data reveal important differences in adherence to drug label recommendations on CYP2D6‐dependent drug interactions,2010,British Journal of Clinical Pharmacology,E_sustitucion_natural_sintetico,"""clean label"" colorants reformulation",Crossref
“Label and go” – A fast and easy radiolabelling method for pellets,2010,Applied Radiation and Isotopes,E_sustitucion_natural_sintetico,"""clean label"" colorants reformulation",Crossref
Label-Free Quantitation of Phosphopeptide Changes During Rat Sperm Capacitation,2010,Journal of Proteome Research,E_sustitucion_natural_sintetico,"""clean label"" colorants reformulation",Crossref
"Label‐free detection techniques for protein microarrays: Prospects, merits and challenges",2010,PROTEOMICS,E_sustitucion_natural_sintetico,"""clean label"" colorants reformulation",Crossref
"Efficacy and Safety of Efalizumab in Patients with Moderate‐to‐Severe Plaque Psoriasis Resistant to Previous Anti‐Psoriatic Treatment: Results of a Multicentre, Open‐label, Phase IIIb/IV Trial",2010,Archives of Drug Information,E_sustitucion_natural_sintetico,"""clean label"" colorants reformulation",Crossref
Experimental demonstration of tunable multiple optical orthogonal codes sequences-based optical label for optical packets switching,2010,Optics Communications,E_sustitucion_natural_sintetico,"""clean label"" colorants reformulation",Crossref
Comparison of efficiency of different sorbents used during clean-up of extracts for determination of polychlorinated biphenyls and pesticide residues in low-fat food,2010,Food Research International,E_sustitucion_natural_sintetico,"""clean label"" colorants reformulation",Crossref
Cardiovascular disease—risk benefits of clean fuel technology and policy: A statistical analysis,2010,Energy Policy,E_sustitucion_natural_sintetico,"""clean label"" colorants reformulation",Crossref
Emerging sanitizers and Clean Room packaging for improving the microbial quality of fresh-cut ‘Galia’ melon,2010,Food Control,E_sustitucion_natural_sintetico,"""clean label"" colorants reformulation",Crossref
Label-free fluorescent real-time monitoring of adenylyl cyclase,2010,Bioorganic &amp; Medicinal Chemistry Letters,E_sustitucion_natural_sintetico,"""clean label"" colorants reformulation",Crossref
Effects of venue‐specific state clean indoor air laws on smoking‐related outcomes,2010,Health Economics,E_sustitucion_natural_sintetico,"""clean label"" colorants reformulation",Crossref
Year Two Assessment of Fenofibric Acid and Moderate-Dose Statin Combination,2010,Clinical Drug Investigation,E_sustitucion_natural_sintetico,"""clean label"" colorants reformulation",Crossref
"Influence of BMI, Age and Duration of Diabetes Mellitus on Glycaemic Control with Twice-Daily Injections of Biphasic Insulin Aspart 30 versus Multiple Daily Injections of Insulin Aspart (JDDM 18)",2010,Clinical Drug Investigation,E_sustitucion_natural_sintetico,"""clean label"" colorants reformulation",Crossref
Validation data for HPLC/FLD determinations of ochratoxin A in red paprika and black pepper adopting a one-step clean-up procedure,2010,Food Additives &amp; Contaminants: Part A,E_sustitucion_natural_sintetico,"""clean label"" colorants reformulation",Crossref
"An open-label, multicenter, phase 2a study to assess the feasibility of imaging metastases in late-stage cancer patients with the α
                    <sub>v</sub>
                    <i>β</i>
                    <sub>3</sub>
                    -selective angiogenesis imaging agent
                    <sup>99m</sup>
                    tc-nc100692",2010,Acta Radiologica,E_sustitucion_natural_sintetico,"""clean label"" colorants reformulation",Crossref
Intravenous immunoglobulin therapy in intractable childhood epilepsy: Open-label study and review of the literature,2010,Epilepsy &amp; Behavior,E_sustitucion_natural_sintetico,"""clean label"" colorants reformulation",Crossref
Efficacy of interpersonal therapy-group format adapted to post-traumatic stress disorder: an open-label add-on trial,2010,Depression and Anxiety,E_sustitucion_natural_sintetico,"""clean label"" colorants reformulation",Crossref
Topical Treatment of Actinic Keratoses with Piroxicam 1% Gel,2010,American Journal of Clinical Dermatology,E_sustitucion_natural_sintetico,"""clean label"" colorants reformulation",Crossref
Topical Pimecrolimus 1% Cream for Resistant Seborrheic Dermatitis of the Face,2010,American Journal of Clinical Dermatology,E_sustitucion_natural_sintetico,"""clean label"" colorants reformulation",Crossref
"Label-free, normalized quantification of complex mass spectrometry data for proteomic analysis",2010,Nature Biotechnology,E_sustitucion_natural_sintetico,"""clean label"" colorants reformulation",Crossref
"Phase III, Randomized, Open-Label Study of Daily Imatinib Mesylate 400 mg Versus 800 mg in Patients With Newly Diagnosed, Previously Untreated Chronic Myeloid Leukemia in Chronic Phase Using Molecular End Points: Tyrosine Kinase Inhibitor Optimization and Selectivity Study",2010,Journal of Clinical Oncology,E_sustitucion_natural_sintetico,"""clean label"" colorants reformulation",Crossref
Prolog to Keeping the Energy Debate Clean: How Do We Supply the World's Energy Needs?,2010,Proceedings of the IEEE,E_sustitucion_natural_sintetico,"""clean label"" colorants reformulation",Crossref
Optical Microangiography: A Label-Free 3-D Imaging Technology to Visualize and Quantify Blood Circulations Within Tissue Beds <i>In Vivo</i>,2010,IEEE Journal of Selected Topics in Quantum Electronics,E_sustitucion_natural_sintetico,"""clean label"" colorants reformulation",Crossref
Nanostructured biochip for label-free and real-time optical detection of polymerase chain reaction,2010,Analytica Chimica Acta,E_sustitucion_natural_sintetico,"""clean label"" colorants reformulation",Crossref
Fast and clean functionalization of carbon nanotubes by dielectric barrier discharge plasma in air compared to acid treatment,2010,Carbon,E_sustitucion_natural_sintetico,"""clean label"" colorants reformulation",Crossref
Preface: Recent Advances in Catalysis for Ultra Clean Fuels,2010,Catalysis Today,E_sustitucion_natural_sintetico,"""clean label"" colorants reformulation",Crossref
Off-Label Use of Drugs and Devices,2010,American Journal of Ophthalmology,E_sustitucion_natural_sintetico,"""clean label"" colorants reformulation",Crossref
"Gefitinib versus cisplatin plus docetaxel in patients with non-small-cell lung cancer harbouring mutations of the epidermal growth factor receptor (WJTOG3405): an open label, randomised phase 3 trial",2010,The Lancet Oncology,E_sustitucion_natural_sintetico,"""clean label"" colorants reformulation",Crossref
Novel polymeric bionanocomposites with catalytic Pt nanoparticles label immobilized for high performance amperometric immunoassay,2010,Biosensors and Bioelectronics,E_sustitucion_natural_sintetico,"""clean label"" colorants reformulation",Crossref
Advanced modularity-specialized label propagation algorithm for detecting communities in networks,2010,Physica A: Statistical Mechanics and its Applications,E_sustitucion_natural_sintetico,"""clean label"" colorants reformulation",Crossref
Exemptions for Hookah Bars in Clean Indoor Air Legislation: A Public Health Concern,2010,Public Health Nursing,E_sustitucion_natural_sintetico,"""clean label"" colorants reformulation",Crossref
Policy Monitor,2010,Review of Environmental Economics and Policy,E_sustitucion_natural_sintetico,"""clean label"" colorants reformulation",Crossref
Ultrasensitive detection of proteins and antibodies by absorption-based laser wave-mixing detection using a chromophore label,2010,Analytical Biochemistry,E_sustitucion_natural_sintetico,"""clean label"" colorants reformulation",Crossref
Technology transfers and the clean development mechanism in a North–South general equilibrium model,2010,Resource and Energy Economics,E_sustitucion_natural_sintetico,"""clean label"" colorants reformulation",Crossref
Clean synthesis of triarylamines: Buchwald–Hartwig reaction in water with amphiphilic resin-supported palladium complexes,2010,Chem. Commun.,E_sustitucion_natural_sintetico,"""clean label"" colorants reformulation",Crossref
"Effects of Acetaminophen, Naproxen, and Acetylsalicylic Acid on Tapentadol Pharmacokinetics: Results of Two Randomized, Open‐Label, Crossover, Drug‐Drug Interaction Studies",2010,Pharmacotherapy: The Journal of Human Pharmacology and Drug Therapy,E_sustitucion_natural_sintetico,"""clean label"" colorants reformulation",Crossref
A label-free electrochemical RNA aptamer for selective detection of theophylline,2010,Electrochemistry Communications,E_sustitucion_natural_sintetico,"""clean label"" colorants reformulation",Crossref
Adiabatic compression of surface plasmon polaritons for label-free few molecules detection by means of Raman scattering,2010,Microelectronic Engineering,E_sustitucion_natural_sintetico,"""clean label"" colorants reformulation",Crossref
Add-on montelukast in inadequately controlled asthma patients in a 6-month open-label study: The MONtelukast In Chronic Asthma (MONICA) study,2010,Respiratory Medicine,E_sustitucion_natural_sintetico,"""clean label"" colorants reformulation",Crossref
"Flexible dosing of adjunctive zonisamide in the treatment of adult partial-onset seizures: a non-comparative, open-label study (ZEUS)",2010,Acta Neurologica Scandinavica,E_sustitucion_natural_sintetico,"""clean label"" colorants reformulation",Crossref
Clean synthesis of molecular recognition polymeric materials with chiral sensing capability using supercritical fluid technology. Application as HPLC stationary phases,2010,Biosensors and Bioelectronics,E_sustitucion_natural_sintetico,"""clean label"" colorants reformulation",Crossref
"Antibiotic therapy may improve idiopathic restless legs syndrome: Prospective, open-label pilot study of rifaximin, a nonsystemic antibiotic",2010,Sleep Medicine,E_sustitucion_natural_sintetico,"""clean label"" colorants reformulation",Crossref
Direct label-free electrical immunodetection in human serum using a flow-through-apparatus approach with integrated field-effect transistors,2010,Biosensors and Bioelectronics,E_sustitucion_natural_sintetico,"""clean label"" colorants reformulation",Crossref
"A Randomized, Parallel, Open-Label Study to Compare Once-Daily Sevelamer Carbonate Powder Dosing With Thrice-Daily Sevelamer Hydrochloride Tablet Dosing in CKD Patients on Hemodialysis",2010,American Journal of Kidney Diseases,E_sustitucion_natural_sintetico,"""clean label"" colorants reformulation",Crossref
Symptomatic ectopic bone formation after off-label use of recombinant human bone morphogenetic protein-2 in transforaminal lumbar interbody fusion,2010,Journal of Neurosurgery: Spine,E_sustitucion_natural_sintetico,"""clean label"" colorants reformulation",Crossref
Predicting gene function using hierarchical multi-label decision tree ensembles,2010,BMC Bioinformatics,E_sustitucion_natural_sintetico,"""clean label"" colorants reformulation",Crossref
Comparison of Homogeneous Single-Label Fluorometric Binding Assays: Fluorescence Polarization and Dual-Parametric Quenching Resonance Energy Transfer Technique,2010,Analytical Chemistry,E_sustitucion_natural_sintetico,"""clean label"" colorants reformulation",Crossref
Synthesis and characterization of hetarylazo disperse colorants: Preparation and properties of conventional and microemulsified inks for polyester ink‐jet printing,2010,Journal of Applied Polymer Science,E_sustitucion_natural_sintetico,"""clean label"" colorants reformulation",Crossref
Geometry of the Au(1 1 0)-(1 × 2) missing-row clean surface: A New LEED and DFT study,2010,Surface Science,E_sustitucion_natural_sintetico,"""clean label"" colorants reformulation",Crossref
Label-free microarray imaging for direct detection of DNA hybridization and single-nucleotide mismatches,2010,Biosensors and Bioelectronics,E_sustitucion_natural_sintetico,"""clean label"" colorants reformulation",Crossref
ChemInform Abstract: One‐Pot Two‐Step Solvent‐Free Rapid and Clean Synthesis of 2‐(Substituted Amino)pyrimidines by Microwave Irradiation.,2010,ChemInform,E_sustitucion_natural_sintetico,"""clean label"" colorants reformulation",Crossref
"Relevance of 1,2,5,6,9,10-hexabromocyclododecane diastereomer structure on partitioning properties, column-retention and clean-up procedures",2010,Journal of Chromatography A,E_sustitucion_natural_sintetico,"""clean label"" colorants reformulation",Crossref
A Reformulation of von Neumann’s Postulates on Quantum Measurement by Using Two Theorems in Clifford Algebra,2010,International Journal of Theoretical Physics,E_sustitucion_natural_sintetico,"""clean label"" colorants reformulation",Crossref
Colorimetric Sensing of α-Amino Acids and Its Application for the “Label-Free” Detection of Protease,2010,Langmuir,E_sustitucion_natural_sintetico,"""clean label"" colorants reformulation",Crossref
Keeping the Energy Debate Clean: How Do We Supply the World's Energy Needs?,2010,Proceedings of the IEEE,E_sustitucion_natural_sintetico,"""clean label"" colorants reformulation",Crossref
CHROMOSOMAL ABERRATIONS AND SICKNESS RATES IN CHERNOBYL CLEAN-UP WORKERS IN THE YEARS FOLLOWING THE ACCIDENT,2010,Health Physics,E_sustitucion_natural_sintetico,"""clean label"" colorants reformulation",Crossref
Improved adherence with once-daily versus twice-daily dosing of mometasone furoate administered via a dry powder inhaler: a randomized open-label study,2010,BMC Pulmonary Medicine,E_sustitucion_natural_sintetico,"""clean label"" colorants reformulation",Crossref
"Evaluation of 3–5 months’ add-on therapy with montelukast in patients with non-controlled asthma in Austria: the STAR open-label, real-world, observational study",2010,Current Medical Research and Opinion,E_sustitucion_natural_sintetico,"""clean label"" colorants reformulation",Crossref
Learning Semantic Categories from Search Clickthrough Logs Using Laplacian Label Propagation,2010,Transactions of the Japanese Society for Artificial Intelligence,E_sustitucion_natural_sintetico,"""clean label"" colorants reformulation",Crossref
Clean Olympians? Doping and anti-doping: The views of talented young British athletes,2010,International Journal of Drug Policy,E_sustitucion_natural_sintetico,"""clean label"" colorants reformulation",Crossref
"Early treatment with aspirin plus extended-release dipyridamole for transient ischaemic attack or ischaemic stroke within 24 h of symptom onset (EARLY trial): a randomised, open-label, blinded-endpoint trial",2010,The Lancet Neurology,E_sustitucion_natural_sintetico,"""clean label"" colorants reformulation",Crossref
Long‐term follow‐up of DYT1 dystonia patients treated by deep brain stimulation: An open‐label study,2010,Movement Disorders,E_sustitucion_natural_sintetico,"""clean label"" colorants reformulation",Crossref
Atomoxetine in the Treatment of Adults with Subthreshold and/or Late Onset Attention‐Deficit Hyperactivity Disorder‐Not Otherwise Specified (ADHD‐NOS): A Prospective Open‐Label 6‐Week Study,2010,CNS Neuroscience &amp; Therapeutics,E_sustitucion_natural_sintetico,"""clean label"" colorants reformulation",Crossref
Implications of using clean technologies to power selected ASEAN countries,2010,Energy Policy,E_sustitucion_natural_sintetico,"""clean label"" colorants reformulation",Crossref
Technology transfer and sustainability,2010,Clean Technologies and Environmental Policy,E_sustitucion_natural_sintetico,"""clean label"" colorants reformulation",Crossref
30. Open-label Phase I/II clinical trial of pyrimethamine for the treatment of chronic GM2 gangliosidosis,2010,Molecular Genetics and Metabolism,E_sustitucion_natural_sintetico,"""clean label"" colorants reformulation",Crossref
When the Cystic Fibrosis Label Does Not Fit: A Modified Uncertainty Theory,2010,Qualitative Health Research,E_sustitucion_natural_sintetico,"""clean label"" colorants reformulation",Crossref
Macrocell Label Switching Mechanism for MPLS-WiMAX Networks,2010,Applied Mechanics and Materials,E_sustitucion_natural_sintetico,"""clean label"" colorants reformulation",Crossref
Research on Constructing a Multi-Label Image Annotation and Retrieval System,2010,Applied Mechanics and Materials,E_sustitucion_natural_sintetico,"""clean label"" colorants reformulation",Crossref
Are We Lemmings Going Off a Cliff? The Case Against the “Interventional” Pain Medicine Label,2010,Pain Medicine,E_sustitucion_natural_sintetico,"""clean label"" colorants reformulation",Crossref
Fabrication and characterization of a porous silicon based microarray for label-free optical monitoring of biomolecular interactions,2010,Journal of Applied Physics,E_sustitucion_natural_sintetico,"""clean label"" colorants reformulation",Crossref
A prospective open-label trial of gabapentin as an adjuvant analgesic with opioids for Japanese patients with neuropathic cancer pain,2010,International Journal of Clinical Oncology,E_sustitucion_natural_sintetico,"""clean label"" colorants reformulation",Crossref
Food choice: student consumers' decision‐making process regarding food products with limited label information,2010,International Journal of Consumer Studies,E_sustitucion_natural_sintetico,"""clean label"" colorants reformulation",Crossref
"Approved and Off-Label Uses of Obesity Medications, and Potential New Pharmacologic Treatment Options",2010,Pharmaceuticals,E_sustitucion_natural_sintetico,"""clean label"" colorants reformulation",Crossref
"Participation in the world's first clean development mechanism forest project: The role of property rights, social capital and contractual rules",2010,Ecological Economics,E_sustitucion_natural_sintetico,"""clean label"" colorants reformulation",Crossref
Folic Acid Content of Ready‐to‐Eat Cereals Determined by Liquid Chromatography‐Mass Spectrometry: Comparison to Product Label and to Values Determined by Microbiological Assay,2010,Cereal Chemistry,E_sustitucion_natural_sintetico,"""clean label"" colorants reformulation",Crossref
Effect of Micronutrients on Behavior and Mood in Adults With ADHD: Evidence From an 8-Week Open Label Trial With Natural Extension,2010,Journal of Attention Disorders,E_sustitucion_natural_sintetico,"""clean label"" colorants reformulation",Crossref
Toward a Sustainability Label for Food Products: An Analysis of Experts' and Consumers' Acceptance,2010,Ecology of Food and Nutrition,E_sustitucion_natural_sintetico,"""clean label"" colorants reformulation",Crossref
"A Quadruplex‐Based, Label‐Free, and Real‐Time Fluorescence Assay for RNase H Activity and Inhibition",2010,Chemistry – A European Journal,E_sustitucion_natural_sintetico,"""clean label"" colorants reformulation",Crossref
Reforming Off-Label Promotion to Enhance Orphan Disease Treatment,2010,Science,E_sustitucion_natural_sintetico,"""clean label"" colorants reformulation",Crossref
Efficacy of Sodium Valproate and Haloperidol in the Management of Acute Mania: A Randomized Open‐Label Comparative Study,2010,The Journal of Clinical Pharmacology,E_sustitucion_natural_sintetico,"""clean label"" colorants reformulation",Crossref
One-year effectiveness and safety of open-label losartan/hydrochlorothiazide combination therapy in Japanese patients with hypertension uncontrolled with ARBs or ACE inhibitors,2010,Hypertension Research,E_sustitucion_natural_sintetico,"""clean label"" colorants reformulation",Crossref
The relationship between mandatory and other food label information,2010,British Food Journal,E_sustitucion_natural_sintetico,"""clean label"" colorants reformulation",Crossref
"An open-label, comparative study of the effects of a dose-reduced oral contraceptive containing 0.02 mg ethinylestradiol/2 mg chlormadinone acetate on hemostatic parameters and lipid and carbohydrate metabolism variables",2010,Contraception,E_sustitucion_natural_sintetico,"""clean label"" colorants reformulation",Crossref
Variable neighborhood search for the cost constrained minimum label spanning tree and label constrained minimum spanning tree problems,2010,Computers &amp; Operations Research,E_sustitucion_natural_sintetico,"""clean label"" colorants reformulation",Crossref
Adsorption of molecular SiO2 on a clean Si(1 0 0) surface,2010,Surface Science,E_sustitucion_natural_sintetico,"""clean label"" colorants reformulation",Crossref
Label-free colorimetric detection of picomolar thrombin in blood plasma using a gold nanoparticle-based assay,2010,Biosensors and Bioelectronics,E_sustitucion_natural_sintetico,"""clean label"" colorants reformulation",Crossref
Label-Free Toxin Detection by Means of Time-Resolved Electrochemical Impedance Spectroscopy,2010,Sensors,E_sustitucion_natural_sintetico,"""clean label"" colorants reformulation",Crossref
A New Baroreceptor Sensitivity-Restoring Ca-Channel Blocker Diminishes Age-Related Morning Blood Pressure Increase in Hypertensive Patients: Open-Label Monitoring of Azelnidipine Treatment for Hypertension in the Early Morning (At-HOME) Study,2010,Pharmaceuticals,E_sustitucion_natural_sintetico,"""clean label"" colorants reformulation",Crossref
"Workflow Comparison for Label-Free, Quantitative Secretome Proteomics for Cancer Biomarker Discovery: Method Evaluation, Differential Analysis, and Verification in Serum",2010,Journal of Proteome Research,E_sustitucion_natural_sintetico,"""clean label"" colorants reformulation",Crossref
Comparing Label-Free Biosensors for Pharmacological Screening With Cell-Based Functional Assays,2010,ASSAY and Drug Development Technologies,E_sustitucion_natural_sintetico,"""clean label"" colorants reformulation",Crossref
Biochemistry: Designer label,2010,Nature,E_sustitucion_natural_sintetico,"""clean label"" colorants reformulation",Crossref
COMPOSICIÓN QUÍMICA DEL ACEITE ESENCIAL DE LOS FRUTOS DE Piper hispidum Kunth,2022,Revista Productos Naturales,E_sustitucion_natural_sintetico,sustitucion colorantes sinteticos naturales,Crossref
Espacios naturales en zonas urbanas. Análisis comparado de la ciudad alemana de Halle y las chilenas de San Pedro de la Paz y Talcahuano,2010,Revista Internacional de Sociología,E_sustitucion_natural_sintetico,sustitucion colorantes sinteticos naturales,Crossref
"Groundwater recharge in natural dune systems and agricultural ecosystems in the Thar Desert region, Rajasthan, India",2010,Hydrogeology Journal,E_sustitucion_natural_sintetico,sustitucion colorantes sinteticos naturales,Crossref
XV. Ueber Complication der Geburt mit Ovarialtumoren. Ovariotomia abdominalis inter partum mit nachfolgender Entbindung per vias naturales,2010,Monatsschrift für Geburtshilfe und Gynäkologie,E_sustitucion_natural_sintetico,sustitucion colorantes sinteticos naturales,Crossref
"Determination of vertical and horizontal pathways of injected fresh wastewater into a deep saline aquifer (Florida, USA) using natural chemical tracers",2010,Hydrogeology Journal,E_sustitucion_natural_sintetico,sustitucion colorantes sinteticos naturales,Crossref
"Dye-tracing studies in southwestern Missouri, USA: indication of stratigraphic flow control in the Burlington Limestone",2010,Hydrogeology Journal,E_sustitucion_natural_sintetico,sustitucion colorantes sinteticos naturales,Crossref
An algebraic approach to rule based expert systems,2010,"Revista de la Real Academia de Ciencias Exactas, Fisicas y Naturales. Serie A. Matematicas",E_sustitucion_natural_sintetico,sustitucion colorantes sinteticos naturales,Crossref
Weighted boundedness for multilinear singular integral operators with non-smooth kernels on Morrey spaces,2010,"Revista de la Real Academia de Ciencias Exactas, Fisicas y Naturales. Serie A. Matematicas",E_sustitucion_natural_sintetico,sustitucion colorantes sinteticos naturales,Crossref
A remark on a theorem of Howard,2010,"Revista de la Real Academia de Ciencias Exactas, Fisicas y Naturales. Serie A. Matematicas",E_sustitucion_natural_sintetico,sustitucion colorantes sinteticos naturales,Crossref
Barrelled spaces and mean ergodicity,2010,"Revista de la Real Academia de Ciencias Exactas, Fisicas y Naturales. Serie A. Matematicas",E_sustitucion_natural_sintetico,sustitucion colorantes sinteticos naturales,Crossref
P-spaces and an unconditional closed graph theorem,2010,"Revista de la Real Academia de Ciencias Exactas, Fisicas y Naturales. Serie A. Matematicas",E_sustitucion_natural_sintetico,sustitucion colorantes sinteticos naturales,Crossref
Balanced increment and concession methods for negotiation support,2010,"Revista de la Real Academia de Ciencias Exactas, Fisicas y Naturales. Serie A. Matematicas",E_sustitucion_natural_sintetico,sustitucion colorantes sinteticos naturales,Crossref
Consistency of objective Bayes factors for nonnested linear models and increasing model dimension,2010,"Revista de la Real Academia de Ciencias Exactas, Fisicas y Naturales. Serie A. Matematicas",E_sustitucion_natural_sintetico,sustitucion colorantes sinteticos naturales,Crossref
On a rigIDity condition for Berwald spaces,2010,"Revista de la Real Academia de Ciencias Exactas, Fisicas y Naturales. Serie A. Matematicas",E_sustitucion_natural_sintetico,sustitucion colorantes sinteticos naturales,Crossref
On the connectedness of the branch locus of the moduli space of Riemann surfaces,2010,"Revista de la Real Academia de Ciencias Exactas, Fisicas y Naturales. Serie A. Matematicas",E_sustitucion_natural_sintetico,sustitucion colorantes sinteticos naturales,Crossref
On gonality automorphisms of p-hyperelliptic Riemann surfaces,2010,"Revista de la Real Academia de Ciencias Exactas, Fisicas y Naturales. Serie A. Matematicas",E_sustitucion_natural_sintetico,sustitucion colorantes sinteticos naturales,Crossref
Nonlinear evolution equations on locally closed graphs,2010,"Revista de la Real Academia de Ciencias Exactas, Fisicas y Naturales. Serie A. Matematicas",E_sustitucion_natural_sintetico,sustitucion colorantes sinteticos naturales,Crossref
About the solution of the even parity formulation of the transient radiative heat transfer equations,2010,"Revista de la Real Academia de Ciencias Exactas, Fisicas y Naturales. Serie A. Matematicas",E_sustitucion_natural_sintetico,sustitucion colorantes sinteticos naturales,Crossref
Qualitative properties and approximation of solutions of Bingham flows: On the stabilization for large time and the geometry of the support,2010,"Revista de la Real Academia de Ciencias Exactas, Fisicas y Naturales. Serie A. Matematicas",E_sustitucion_natural_sintetico,sustitucion colorantes sinteticos naturales,Crossref
"Primer Reporte de Enemigos Naturales y Parasitisme Sobre<i>Diaphorina citri</i>Kuwayama en Sinaloa, México",2010,Southwestern Entomologist,E_sustitucion_natural_sintetico,sustitucion colorantes sinteticos naturales,Crossref
Descripción de posibles híbridos naturales entre Nothofagus pumilio y N. antarctica en Patagonia Sur (Argentina),2010,Bosque (Valdivia),E_sustitucion_natural_sintetico,sustitucion colorantes sinteticos naturales,Crossref
La colección de meteoritos del Museo de Ciencias Naturales de Tenerife: catalogación internacional y resultados preliminares,2010,Estudios Geológicos,E_sustitucion_natural_sintetico,sustitucion colorantes sinteticos naturales,Crossref
La vertebración territorial en regiones de alta especialización: Valle Central de Chile. Alcances para el desarrollo de zonas rezagadas en torno a los recursos naturales,2010,EURE (Santiago),E_sustitucion_natural_sintetico,sustitucion colorantes sinteticos naturales,Crossref
Peligros naturales en geositios de interés patrimonial en la costa sur de Atacama,2010,Revista de geografía Norte Grande,E_sustitucion_natural_sintetico,sustitucion colorantes sinteticos naturales,Crossref
Géneros de Trichogrammatidae<sup>1</sup>en México Asociados a Cultivos Agrícolas y Áreas Naturales Aledañas,2010,Southwestern Entomologist,E_sustitucion_natural_sintetico,sustitucion colorantes sinteticos naturales,Crossref
NOTES. Historia y situación actual de la cirugía endoscópica por orificios naturales en nuestro país,2010,Cirugía Española,E_sustitucion_natural_sintetico,sustitucion colorantes sinteticos naturales,Crossref
Microscopios del siglo XVIII del Museo Nacional de Ciencias Naturales. CSIC. Dos piezas únicas de la Ilustración para la investigación naturalista,2010,Arbor,E_sustitucion_natural_sintetico,sustitucion colorantes sinteticos naturales,Crossref
"Gul’ko, descriptive, and Gruenhage compact spaces",2010,"Revista de la Real Academia de Ciencias Exactas, Fisicas y Naturales. Serie A. Matematicas",E_sustitucion_natural_sintetico,sustitucion colorantes sinteticos naturales,Crossref
A survey on Banach spaces C(K) with few operators,2010,"Revista de la Real Academia de Ciencias Exactas, Fisicas y Naturales. Serie A. Matematicas",E_sustitucion_natural_sintetico,sustitucion colorantes sinteticos naturales,Crossref
On some problems concerning Borel structures in function spaces,2010,"Revista de la Real Academia de Ciencias Exactas, Fisicas y Naturales. Serie A. Matematicas",E_sustitucion_natural_sintetico,sustitucion colorantes sinteticos naturales,Crossref
Fragmentability in banach spaces: Interaction of topologies,2010,"Revista de la Real Academia de Ciencias Exactas, Fisicas y Naturales. Serie A. Matematicas",E_sustitucion_natural_sintetico,sustitucion colorantes sinteticos naturales,Crossref
A problem on the structure of Fréchet spaces,2010,"Revista de la Real Academia de Ciencias Exactas, Fisicas y Naturales. Serie A. Matematicas",E_sustitucion_natural_sintetico,sustitucion colorantes sinteticos naturales,Crossref
Analytic sets of Banach spaces,2010,"Revista de la Real Academia de Ciencias Exactas, Fisicas y Naturales. Serie A. Matematicas",E_sustitucion_natural_sintetico,sustitucion colorantes sinteticos naturales,Crossref
Some problems on ordinary differential equations in Banach spaces,2010,"Revista de la Real Academia de Ciencias Exactas, Fisicas y Naturales. Serie A. Matematicas",E_sustitucion_natural_sintetico,sustitucion colorantes sinteticos naturales,Crossref
Descriptive classes of sets in nonseparable spaces,2010,"Revista de la Real Academia de Ciencias Exactas, Fisicas y Naturales. Serie A. Matematicas",E_sustitucion_natural_sintetico,sustitucion colorantes sinteticos naturales,Crossref
Lindelöf Σ-spaces: an omnipresent class,2010,"Revista de la Real Academia de Ciencias Exactas, Fisicas y Naturales. Serie A. Matematicas",E_sustitucion_natural_sintetico,sustitucion colorantes sinteticos naturales,Crossref
p-Compact holomorphic mappings,2010,"Revista de la Real Academia de Ciencias Exactas, Fisicas y Naturales. Serie A. Matematicas",E_sustitucion_natural_sintetico,sustitucion colorantes sinteticos naturales,Crossref
Compactness in Banach space theory —selected problems,2010,"Revista de la Real Academia de Ciencias Exactas, Fisicas y Naturales. Serie A. Matematicas",E_sustitucion_natural_sintetico,sustitucion colorantes sinteticos naturales,Crossref
Weakly mixing operators on topological vector spaces,2010,"Revista de la Real Academia de Ciencias Exactas, Fisicas y Naturales. Serie A. Matematicas",E_sustitucion_natural_sintetico,sustitucion colorantes sinteticos naturales,Crossref
Banach spaces and Ramsey Theory: some open problems,2010,"Revista de la Real Academia de Ciencias Exactas, Fisicas y Naturales. Serie A. Matematicas",E_sustitucion_natural_sintetico,sustitucion colorantes sinteticos naturales,Crossref
Renormings of C(K) spaces,2010,"Revista de la Real Academia de Ciencias Exactas, Fisicas y Naturales. Serie A. Matematicas",E_sustitucion_natural_sintetico,sustitucion colorantes sinteticos naturales,Crossref
Announcement,2010,"Revista de la Real Academia de Ciencias Exactas, Fisicas y Naturales. Serie A. Matematicas",E_sustitucion_natural_sintetico,sustitucion colorantes sinteticos naturales,Crossref
Open problems in infinite dimensional geometry and topology,2010,"Revista de la Real Academia de Ciencias Exactas, Fisicas y Naturales. Serie A. Matematicas",E_sustitucion_natural_sintetico,sustitucion colorantes sinteticos naturales,Crossref
Balanced increment and concession methods for negotiation support,2010,"Revista de la Real Academia de Ciencias Exactas, Fisicas y Naturales. Serie A. Matematicas",E_sustitucion_natural_sintetico,sustitucion colorantes sinteticos naturales,Crossref
On the connectedness of the branch locus of the moduli space of Riemann surfaces,2010,"Revista de la Real Academia de Ciencias Exactas, Fisicas y Naturales. Serie A. Matematicas",E_sustitucion_natural_sintetico,sustitucion colorantes sinteticos naturales,Crossref
About the solution of the even parity formulation of the transient radiative heat transfer equations,2010,"Revista de la Real Academia de Ciencias Exactas, Fisicas y Naturales. Serie A. Matematicas",E_sustitucion_natural_sintetico,sustitucion colorantes sinteticos naturales,Crossref
Consistency of objective Bayes factors for nonnested linear models and increasing model dimension,2010,"Revista de la Real Academia de Ciencias Exactas, Fisicas y Naturales. Serie A. Matematicas",E_sustitucion_natural_sintetico,sustitucion colorantes sinteticos naturales,Crossref
On gonality automorphisms of p-hyperelliptic Riemann surfaces,2010,"Revista de la Real Academia de Ciencias Exactas, Fisicas y Naturales. Serie A. Matematicas",E_sustitucion_natural_sintetico,sustitucion colorantes sinteticos naturales,Crossref
Nonlinear evolution equations on locally closed graphs,2010,"Revista de la Real Academia de Ciencias Exactas, Fisicas y Naturales. Serie A. Matematicas",E_sustitucion_natural_sintetico,sustitucion colorantes sinteticos naturales,Crossref
On a rigIDity condition for Berwald spaces,2010,"Revista de la Real Academia de Ciencias Exactas, Fisicas y Naturales. Serie A. Matematicas",E_sustitucion_natural_sintetico,sustitucion colorantes sinteticos naturales,Crossref
Qualitative properties and approximation of solutions of Bingham flows: On the stabilization for large time and the geometry of the support,2010,"Revista de la Real Academia de Ciencias Exactas, Fisicas y Naturales. Serie A. Matematicas",E_sustitucion_natural_sintetico,sustitucion colorantes sinteticos naturales,Crossref
Weighted boundedness for multilinear singular integral operators with non-smooth kernels on Morrey spaces,2010,"Revista de la Real Academia de Ciencias Exactas, Fisicas y Naturales. Serie A. Matematicas",E_sustitucion_natural_sintetico,sustitucion colorantes sinteticos naturales,Crossref
Barrelled spaces and mean ergodicity,2010,"Revista de la Real Academia de Ciencias Exactas, Fisicas y Naturales. Serie A. Matematicas",E_sustitucion_natural_sintetico,sustitucion colorantes sinteticos naturales,Crossref
A remark on a theorem of Howard,2010,"Revista de la Real Academia de Ciencias Exactas, Fisicas y Naturales. Serie A. Matematicas",E_sustitucion_natural_sintetico,sustitucion colorantes sinteticos naturales,Crossref
P-spaces and an unconditional closed graph theorem,2010,"Revista de la Real Academia de Ciencias Exactas, Fisicas y Naturales. Serie A. Matematicas",E_sustitucion_natural_sintetico,sustitucion colorantes sinteticos naturales,Crossref
"CIENCIAS NATURALES. Reflexiones sobre el modo de estudiar la Naturaleza.- Discurso del injeniero don Daniel Barros Grez, pronunciado en su incorporación a la Facultad de Ciencias Matemáticas i Físicas.",2010,Anales de la Universidad de Chile,E_sustitucion_natural_sintetico,sustitucion colorantes sinteticos naturales,Crossref
Evaluación nutricional mineral de vacas Hereford alimentadas con praderas naturales del secano costero central de Chile,2010,Avances en Ciencias Veterinarias,E_sustitucion_natural_sintetico,sustitucion colorantes sinteticos naturales,Crossref
"PAISAJES CAMBIANTES: PERCEPCIÓN, DISTURBIOS NATURALES Y LA RECONSTRUCCIÓN DEL PAISAJE",2010,AUS,E_sustitucion_natural_sintetico,sustitucion colorantes sinteticos naturales,Crossref
Estudio de la concentración de algunos micronutrientes esenciales en masas naturales de Quercus petraea Matts Liebl. y Q. pyrenaica Willd. en el noroeste peninsular,2010,Spanish Journal of Rural Development,E_sustitucion_natural_sintetico,sustitucion colorantes sinteticos naturales,Crossref
Alimentación y nutrición de la población ante situaciones de desastres naturales,2010,Revista Cubana de Salud Pública,E_sustitucion_natural_sintetico,sustitucion colorantes sinteticos naturales,Crossref
On an irregular dynamics of certain fragmentation semigroups,2011,"Revista de la Real Academia de Ciencias Exactas, Fisicas y Naturales. Serie A. Matematicas",E_sustitucion_natural_sintetico,sustitucion colorantes sinteticos naturales,Crossref
Deconstruction of a Dirichlet–Nazimow formula,2011,"Revista de la Real Academia de Ciencias Exactas, Fisicas y Naturales. Serie A. Matematicas",E_sustitucion_natural_sintetico,sustitucion colorantes sinteticos naturales,Crossref
An iterative method for semistable solutions,2011,"Revista de la Real Academia de Ciencias Exactas, Fisicas y Naturales. Serie A. Matematicas",E_sustitucion_natural_sintetico,sustitucion colorantes sinteticos naturales,Crossref
On smooth modules,2011,"Revista de la Real Academia de Ciencias Exactas, Fisicas y Naturales. Serie A. Matematicas",E_sustitucion_natural_sintetico,sustitucion colorantes sinteticos naturales,Crossref
A note on mean ergodic composition operators on spaces of holomorphic functions,2011,"Revista de la Real Academia de Ciencias Exactas, Fisicas y Naturales. Serie A. Matematicas",E_sustitucion_natural_sintetico,sustitucion colorantes sinteticos naturales,Crossref
Automatically obtaining railway maps from a set of historical events,2011,"Revista de la Real Academia de Ciencias Exactas, Fisicas y Naturales. Serie A. Matematicas",E_sustitucion_natural_sintetico,sustitucion colorantes sinteticos naturales,Crossref
Some remarks on farthest points,2011,"Revista de la Real Academia de Ciencias Exactas, Fisicas y Naturales. Serie A. Matematicas",E_sustitucion_natural_sintetico,sustitucion colorantes sinteticos naturales,Crossref
Densifiable metric spaces,2011,"Revista de la Real Academia de Ciencias Exactas, Fisicas y Naturales. Serie A. Matematicas",E_sustitucion_natural_sintetico,sustitucion colorantes sinteticos naturales,Crossref
A note on a theorem of James,2011,"Revista de la Real Academia de Ciencias Exactas, Fisicas y Naturales. Serie A. Matematicas",E_sustitucion_natural_sintetico,sustitucion colorantes sinteticos naturales,Crossref
The action of the groups D m  × D n on unbordered Klein surfaces,2011,"Revista de la Real Academia de Ciencias Exactas, Fisicas y Naturales. Serie A. Matematicas",E_sustitucion_natural_sintetico,sustitucion colorantes sinteticos naturales,Crossref
Finitely fibered Rosenthal compacta and trees,2011,"Revista de la Real Academia de Ciencias Exactas, Fisicas y Naturales. Serie A. Matematicas",E_sustitucion_natural_sintetico,sustitucion colorantes sinteticos naturales,Crossref
On the subdifferential of the supremum of an arbitrary family of extended real-valued functions,2011,"Revista de la Real Academia de Ciencias Exactas, Fisicas y Naturales. Serie A. Matematicas",E_sustitucion_natural_sintetico,sustitucion colorantes sinteticos naturales,Crossref
The set of periods of chaotic operators and semigroups,2011,"Revista de la Real Academia de Ciencias Exactas, Fisicas y Naturales. Serie A. Matematicas",E_sustitucion_natural_sintetico,sustitucion colorantes sinteticos naturales,Crossref
Eigenvalues and hypercyclicity in omega,2011,"Revista de la Real Academia de Ciencias Exactas, Fisicas y Naturales. Serie A. Matematicas",E_sustitucion_natural_sintetico,sustitucion colorantes sinteticos naturales,Crossref
On realcompact topological vector spaces,2011,"Revista de la Real Academia de Ciencias Exactas, Fisicas y Naturales. Serie A. Matematicas",E_sustitucion_natural_sintetico,sustitucion colorantes sinteticos naturales,Crossref
Weighted PLB-spaces of continuous functions arising as tensor products of a Fréchet and a DF-space,2011,"Revista de la Real Academia de Ciencias Exactas, Fisicas y Naturales. Serie A. Matematicas",E_sustitucion_natural_sintetico,sustitucion colorantes sinteticos naturales,Crossref
On the very weak solvability of the beam equation,2011,"Revista de la Real Academia de Ciencias Exactas, Fisicas y Naturales. Serie A. Matematicas",E_sustitucion_natural_sintetico,sustitucion colorantes sinteticos naturales,Crossref
Contribuyendo al uso sostenible de los recursos naturales en dos territorios indígenas de la reserva de biósfera BOSAWAS,2024,Wani,E_sustitucion_natural_sintetico,sustitucion colorantes sinteticos naturales,Crossref
Aggregating expert judgement,2011,"Revista de la Real Academia de Ciencias Exactas, Fisicas y Naturales. Serie A. Matematicas",E_sustitucion_natural_sintetico,sustitucion colorantes sinteticos naturales,Crossref
Constancy of Jacobi osculating rank of g.o. spaces of compact and non-compact type,2011,"Revista de la Real Academia de Ciencias Exactas, Fisicas y Naturales. Serie A. Matematicas",E_sustitucion_natural_sintetico,sustitucion colorantes sinteticos naturales,Crossref
Foreword: The beginning of a new era for RACSAM,2011,"Revista de la Real Academia de Ciencias Exactas, Fisicas y Naturales. Serie A. Matematicas",E_sustitucion_natural_sintetico,sustitucion colorantes sinteticos naturales,Crossref
"Field theories: reduction, constraints and variational integrators",2011,"Revista de la Real Academia de Ciencias Exactas, Fisicas y Naturales. Serie A. Matematicas",E_sustitucion_natural_sintetico,sustitucion colorantes sinteticos naturales,Crossref
"Revisión taxonómica de los conuláridos en la colección del Museo Nacional de Ciencias Naturales (CSIC), Madrid (España)",2011,Graellsia,E_sustitucion_natural_sintetico,sustitucion colorantes sinteticos naturales,Crossref
Splitting methods in the numerical integration of non-autonomous dynamical systems,2011,"Revista de la Real Academia de Ciencias Exactas, Fisicas y Naturales. Serie A. Matematicas",E_sustitucion_natural_sintetico,sustitucion colorantes sinteticos naturales,Crossref
Chaotic differential operators,2011,"Revista de la Real Academia de Ciencias Exactas, Fisicas y Naturales. Serie A. Matematicas",E_sustitucion_natural_sintetico,sustitucion colorantes sinteticos naturales,Crossref
Spectral characterization of weak topological transitivity,2011,"Revista de la Real Academia de Ciencias Exactas, Fisicas y Naturales. Serie A. Matematicas",E_sustitucion_natural_sintetico,sustitucion colorantes sinteticos naturales,Crossref
Presymplectic high order maximum principle,2011,"Revista de la Real Academia de Ciencias Exactas, Fisicas y Naturales. Serie A. Matematicas",E_sustitucion_natural_sintetico,sustitucion colorantes sinteticos naturales,Crossref
Higher-order field theory with constraints,2011,"Revista de la Real Academia de Ciencias Exactas, Fisicas y Naturales. Serie A. Matematicas",E_sustitucion_natural_sintetico,sustitucion colorantes sinteticos naturales,Crossref
Continuous and discrete approaches to vakonomic mechanics,2011,"Revista de la Real Academia de Ciencias Exactas, Fisicas y Naturales. Serie A. Matematicas",E_sustitucion_natural_sintetico,sustitucion colorantes sinteticos naturales,Crossref
Chaotic extensions of operators on Hilbert subspaces,2011,"Revista de la Real Academia de Ciencias Exactas, Fisicas y Naturales. Serie A. Matematicas",E_sustitucion_natural_sintetico,sustitucion colorantes sinteticos naturales,Crossref
Compact composition operators on Hardy-Orlicz and Bergman-Orlicz spaces,2011,"Revista de la Real Academia de Ciencias Exactas, Fisicas y Naturales. Serie A. Matematicas",E_sustitucion_natural_sintetico,sustitucion colorantes sinteticos naturales,Crossref
Constancia de velocidad en imágenes naturales,2011,Psicologia USP,E_sustitucion_natural_sintetico,sustitucion colorantes sinteticos naturales,Crossref
Variational integrators in discrete vakonomic mechanics,2011,"Revista de la Real Academia de Ciencias Exactas, Fisicas y Naturales. Serie A. Matematicas",E_sustitucion_natural_sintetico,sustitucion colorantes sinteticos naturales,Crossref
Manzana fresca cortada tratada con aditivos naturales: calidad y aspectos estructurales Fresh-cut apple treated with natural additives: quality and structural aspects,2011,CyTA - Journal of Food,E_sustitucion_natural_sintetico,sustitucion colorantes sinteticos naturales,Crossref
On variational integrators for optimal control of mechanical control systems,2011,"Revista de la Real Academia de Ciencias Exactas, Fisicas y Naturales. Serie A. Matematicas",E_sustitucion_natural_sintetico,sustitucion colorantes sinteticos naturales,Crossref
Intrinsic priors for model comparison in multivariate normal regression,2011,"Revista de la Real Academia de Ciencias Exactas, Fisicas y Naturales. Serie A. Matematicas",E_sustitucion_natural_sintetico,sustitucion colorantes sinteticos naturales,Crossref
N-weakly supercyclic matrices,2011,"Revista de la Real Academia de Ciencias Exactas, Fisicas y Naturales. Serie A. Matematicas",E_sustitucion_natural_sintetico,sustitucion colorantes sinteticos naturales,Crossref
Composites con refuerzos naturales para aplicaciones en automoción y construcción,2010,Revista de Metalurgia,E_sustitucion_natural_sintetico,sustitucion colorantes sinteticos naturales,Crossref
First variation formula for discrete variational problems in two independent variables,2011,"Revista de la Real Academia de Ciencias Exactas, Fisicas y Naturales. Serie A. Matematicas",E_sustitucion_natural_sintetico,sustitucion colorantes sinteticos naturales,Crossref
Coincidence point theorems for multivalued f-weak contraction mappings and applications,2011,"Revista de la Real Academia de Ciencias Exactas, Fisicas y Naturales. Serie A. Matematicas",E_sustitucion_natural_sintetico,sustitucion colorantes sinteticos naturales,Crossref
Variational integrators in discrete time-dependent optimal control theory,2011,"Revista de la Real Academia de Ciencias Exactas, Fisicas y Naturales. Serie A. Matematicas",E_sustitucion_natural_sintetico,sustitucion colorantes sinteticos naturales,Crossref
Minimax strategies and duality with applications in financial mathematics,2011,"Revista de la Real Academia de Ciencias Exactas, Fisicas y Naturales. Serie A. Matematicas",E_sustitucion_natural_sintetico,sustitucion colorantes sinteticos naturales,Crossref
"ORDENAMIENTO ECOLÓGICO COMUNITARIO: UN MODELO DE MANEJO DE RECURSOS NATURALES PARA EL DESARROLLO COMUNITARIO. ESTUDIO DE CASO EJIDO POTRERO DE LOS LÓPEZ, AGUASCALIENTES",2011,Revista Chapingo Serie Ciencias Forestales y del Ambiente,E_sustitucion_natural_sintetico,sustitucion colorantes sinteticos naturales,Crossref
On nonlinear simultaneous approximation problems,2011,"Revista de la Real Academia de Ciencias Exactas, Fisicas y Naturales. Serie A. Matematicas",E_sustitucion_natural_sintetico,sustitucion colorantes sinteticos naturales,Crossref
Composition followed by differentiation between weighted Banach spaces of holomorphic functions,2011,"Revista de la Real Academia de Ciencias Exactas, Fisicas y Naturales. Serie A. Matematicas",E_sustitucion_natural_sintetico,sustitucion colorantes sinteticos naturales,Crossref
The Logics’ Explorer: a Maple package for exploring finite many-valued propositional logics,2011,"Revista de la Real Academia de Ciencias Exactas, Fisicas y Naturales. Serie A. Matematicas",E_sustitucion_natural_sintetico,sustitucion colorantes sinteticos naturales,Crossref
"Resultados de la catalogación de los Scarabaeoidea Laparosticti (Insecta, Coleoptera) coprófagos de Marruecos y el Sáhara Occidental conservados en las colecciones del Museo Nacional de Ciencias Naturales",2011,Graellsia,E_sustitucion_natural_sintetico,sustitucion colorantes sinteticos naturales,Crossref
Foreword: Hypercyclicity and linear chaos,2011,"Revista de la Real Academia de Ciencias Exactas, Fisicas y Naturales. Serie A. Matematicas",E_sustitucion_natural_sintetico,sustitucion colorantes sinteticos naturales,Crossref
On the existence of solutions in systems of linear Diophantine equations,2011,"Revista de la Real Academia de Ciencias Exactas, Fisicas y Naturales. Serie A. Matematicas",E_sustitucion_natural_sintetico,sustitucion colorantes sinteticos naturales,Crossref
On Whitney’s extension theorem for ultradifferentiable functions,2011,"Revista de la Real Academia de Ciencias Exactas, Fisicas y Naturales. Serie A. Matematicas",E_sustitucion_natural_sintetico,sustitucion colorantes sinteticos naturales,Crossref
Mobiliario inédito de época ilustrada en el Museo Nacional de Ciencias Naturales. CSIC. Mesa de Manila de D. Pedro Franco Dávila y librería Conde de Floridablanca,2011,Arbor,E_sustitucion_natural_sintetico,sustitucion colorantes sinteticos naturales,Crossref
A historical review on nonholomic mechanics,2011,"Revista de la Real Academia de Ciencias Exactas, Fisicas y Naturales. Serie A. Matematicas",E_sustitucion_natural_sintetico,sustitucion colorantes sinteticos naturales,Crossref
El turismo y el desarrollo rural en los parques naturales. El caso del Parque Natural Sierra de Grazalema (Cádiz-Málaga),2011,Spanish Journal of Rural Development,E_sustitucion_natural_sintetico,sustitucion colorantes sinteticos naturales,Crossref
Estimates in generalized Morrey spaces for nondivergence degenerate elliptic operators with discontinuous coefficients,2011,"Revista de la Real Academia de Ciencias Exactas, Fisicas y Naturales. Serie A. Matematicas",E_sustitucion_natural_sintetico,sustitucion colorantes sinteticos naturales,Crossref
A note on J-sets of linear operators,2011,"Revista de la Real Academia de Ciencias Exactas, Fisicas y Naturales. Serie A. Matematicas",E_sustitucion_natural_sintetico,sustitucion colorantes sinteticos naturales,Crossref
Complete convergence for arrays of rowwise negatively orthant dependent random variables,2011,"Revista de la Real Academia de Ciencias Exactas, Fisicas y Naturales. Serie A. Matematicas",E_sustitucion_natural_sintetico,sustitucion colorantes sinteticos naturales,Crossref
Problemas de salud en desastres naturales,2010,Medwave,E_sustitucion_natural_sintetico,sustitucion colorantes sinteticos naturales,Crossref
Linearization of weighted (LB)-spaces of entire functions on Banach spaces,2011,"Revista de la Real Academia de Ciencias Exactas, Fisicas y Naturales. Serie A. Matematicas",E_sustitucion_natural_sintetico,sustitucion colorantes sinteticos naturales,Crossref
Hugo y su dificultad de comunicación. Intervención logopédica en ambientes naturales de uso comunicativo,2011,Boletín de AELFA,E_sustitucion_natural_sintetico,sustitucion colorantes sinteticos naturales,Crossref
FOXP3: Controlador maestro de la generación y función de las células reguladoras naturales,2010,Inmunología,E_sustitucion_natural_sintetico,sustitucion colorantes sinteticos naturales,Crossref
A geometric approach to the estimation of radial railway network improvement,2011,"Revista de la Real Academia de Ciencias Exactas, Fisicas y Naturales. Serie A. Matematicas",E_sustitucion_natural_sintetico,sustitucion colorantes sinteticos naturales,Crossref
"Representatividad del tejo mexicano (Taxus globosa Schltdl., Taxaceae) en las áreas naturales protegidas de Mesoamérica",2011,Spanish Journal of Rural Development,E_sustitucion_natural_sintetico,sustitucion colorantes sinteticos naturales,Crossref
Fixed point results for generalized cyclic contraction mappings in partial metric spaces,2011,"Revista de la Real Academia de Ciencias Exactas, Fisicas y Naturales. Serie A. Matematicas",E_sustitucion_natural_sintetico,sustitucion colorantes sinteticos naturales,Crossref
"Valores Éticos en la Formación Universitaria de las Áreas de Ciencias Naturales e Ingeniería y Tecnología, en el Contexto de la Sociedad del Conocimiento",2011,Formación universitaria,E_sustitucion_natural_sintetico,sustitucion colorantes sinteticos naturales,Crossref
On the abstract Cauchy problem for operators in locally convex spaces,2011,"Revista de la Real Academia de Ciencias Exactas, Fisicas y Naturales. Serie A. Matematicas",E_sustitucion_natural_sintetico,sustitucion colorantes sinteticos naturales,Crossref
Discrete Lagrange-d’Alembert-Poincaré equations for Euler’s disk,2011,"Revista de la Real Academia de Ciencias Exactas, Fisicas y Naturales. Serie A. Matematicas",E_sustitucion_natural_sintetico,sustitucion colorantes sinteticos naturales,Crossref
Mean ergodic semigroups of operators,2011,"Revista de la Real Academia de Ciencias Exactas, Fisicas y Naturales. Serie A. Matematicas",E_sustitucion_natural_sintetico,sustitucion colorantes sinteticos naturales,Crossref
Variational integrators in nonholonomic and vakonomic mechanics,2011,"Revista de la Real Academia de Ciencias Exactas, Fisicas y Naturales. Serie A. Matematicas",E_sustitucion_natural_sintetico,sustitucion colorantes sinteticos naturales,Crossref
Some Baum–Katz type results for $${\varphi}$$ -mixing random variables with different distributions,2011,"Revista de la Real Academia de Ciencias Exactas, Fisicas y Naturales. Serie A. Matematicas",E_sustitucion_natural_sintetico,sustitucion colorantes sinteticos naturales,Crossref
Teoría positivista del Derecho y derechos naturales en H. L. A. HART,2011,Anuario de Derechos Humanos. Nueva Época,E_sustitucion_natural_sintetico,sustitucion colorantes sinteticos naturales,Crossref
Figured and referred invertebrate fossils transferred from Zinsmeister to the Museo Argentino de Ciencias Naturales B. Rivadavia,2012,Journal of Paleontology,E_sustitucion_natural_sintetico,sustitucion colorantes sinteticos naturales,Crossref
On some properties of a certain class of compacta,2012,"Revista de la Real Academia de Ciencias Exactas, Fisicas y Naturales. Serie A. Matematicas",E_sustitucion_natural_sintetico,sustitucion colorantes sinteticos naturales,Crossref
El mundo internacional de las catástrofes “naturales”,2011,Política y Sociedad,E_sustitucion_natural_sintetico,sustitucion colorantes sinteticos naturales,Crossref
"Impacto de la concentración parcelaria en el paisaje de un municipio del sur de Salamanca, en una zona de espacios naturales protegidos",2011,Estudios Geográficos,E_sustitucion_natural_sintetico,sustitucion colorantes sinteticos naturales,Crossref
Utilización de productos naturales de la dieta con efectos bioactivos con fines terapéuticos a nivel poblacional,2012,Clínica e Investigación en Arteriosclerosis,E_sustitucion_natural_sintetico,sustitucion colorantes sinteticos naturales,Crossref
Termorregulación de lagartos en la formación de profesores de ciencias naturales y educación ambiental,2011,Ciência &amp; Educação (Bauru),E_sustitucion_natural_sintetico,sustitucion colorantes sinteticos naturales,Crossref
The number of K-determination of topological spaces,2012,"Revista de la Real Academia de Ciencias Exactas, Fisicas y Naturales. Serie A. Matematicas",E_sustitucion_natural_sintetico,sustitucion colorantes sinteticos naturales,Crossref
Sapientia et Doctrina. Ciencias Naturales y poder académico en España durante la Edad de Plata,2011,Arbor,E_sustitucion_natural_sintetico,sustitucion colorantes sinteticos naturales,Crossref
On a factorization of Riemann’s ζ function with respect to a quadratic field and its computation,2012,"Revista de la Real Academia de Ciencias Exactas, Fisicas y Naturales. Serie A. Matematicas",E_sustitucion_natural_sintetico,sustitucion colorantes sinteticos naturales,Crossref
"Some remarks concerning the spaces of multipliers and convolutors, $${\mathcal{O}_M}$$ and $${\mathcal{O}'_C}$$ , of Laurent Schwartz",2012,"Revista de la Real Academia de Ciencias Exactas, Fisicas y Naturales. Serie A. Matematicas",E_sustitucion_natural_sintetico,sustitucion colorantes sinteticos naturales,Crossref
Quadratic modular symbols,2012,"Revista de la Real Academia de Ciencias Exactas, Fisicas y Naturales. Serie A. Matematicas",E_sustitucion_natural_sintetico,sustitucion colorantes sinteticos naturales,Crossref
"Vives, F., Shmeleva A.A. 2010. Crustacea, Copépodos marinos II. Non Calanoida. In: Fauna Ibérica, vol. 33. Ramos et al. (eds.), Museo Nacional de Ciencias Naturales, CSIC, Madrid, 486 pp.",2012,Scientia Marina,E_sustitucion_natural_sintetico,sustitucion colorantes sinteticos naturales,Crossref
On symmetric representations of groups of automorphism of bordered Klein surfaces,2012,"Revista de la Real Academia de Ciencias Exactas, Fisicas y Naturales. Serie A. Matematicas",E_sustitucion_natural_sintetico,sustitucion colorantes sinteticos naturales,Crossref
Genericity of Fréchet smooth spaces,2012,"Revista de la Real Academia de Ciencias Exactas, Fisicas y Naturales. Serie A. Matematicas",E_sustitucion_natural_sintetico,sustitucion colorantes sinteticos naturales,Crossref
A Gröbner bases-based rule based expert system for fibromyalgia diagnosis,2012,"Revista de la Real Academia de Ciencias Exactas, Fisicas y Naturales. Serie A. Matematicas",E_sustitucion_natural_sintetico,sustitucion colorantes sinteticos naturales,Crossref
Desarrollo y relación de los gestos naturales con el lenguaje oral. Enseñanza de los gestos naturales en autismo,2010,Boletín de AELFA,E_sustitucion_natural_sintetico,sustitucion colorantes sinteticos naturales,Crossref
El papel de los gestos naturales como predictor y facilitador del lenguaje oral en los niños,2010,Boletín de AELFA,E_sustitucion_natural_sintetico,sustitucion colorantes sinteticos naturales,Crossref
Obtención de fuentes cartográficas para la gestión de Espacios Naturales Protegidas (ENP): Parque Natural de Urbasa y Andía (Navarra),2011,Spanish Journal of Rural Development,E_sustitucion_natural_sintetico,sustitucion colorantes sinteticos naturales,Crossref
Naturales y extranjeros: sobre la construcción de categorías en el mundo hispánico,2012,Cuadernos de Historia Moderna,E_sustitucion_natural_sintetico,sustitucion colorantes sinteticos naturales,Crossref
Fixed point results under various contractive conditions in partial metric spaces,2012,"Revista de la Real Academia de Ciencias Exactas, Fisicas y Naturales. Serie A. Matematicas",E_sustitucion_natural_sintetico,sustitucion colorantes sinteticos naturales,Crossref
The approximation property for spaces of holomorphic functions on infinite dimensional spaces III,2012,"Revista de la Real Academia de Ciencias Exactas, Fisicas y Naturales. Serie A. Matematicas",E_sustitucion_natural_sintetico,sustitucion colorantes sinteticos naturales,Crossref
El valor del uso del agua en el regadío de la cuenca del Segura y en las zonas regables del trasvase Tajo-Segura,2012,Economia agraria y recursos naturales,E_sustitucion_natural_sintetico,sustitucion colorantes sinteticos naturales,Crossref
Evolución de la productividad agraria en las regiones europeas: un análisis de convergencia con métodos de panel dinámicos,2012,Economia agraria y recursos naturales,E_sustitucion_natural_sintetico,sustitucion colorantes sinteticos naturales,Crossref
Análisis multisectorial de las intensidades energéticas en España,2012,Economia agraria y recursos naturales,E_sustitucion_natural_sintetico,sustitucion colorantes sinteticos naturales,Crossref
Estudio de la causalidad de los incendios forestales en Galicia,2012,Economia agraria y recursos naturales,E_sustitucion_natural_sintetico,sustitucion colorantes sinteticos naturales,Crossref
La valoración de arbolado en España. Una revisión,2012,Economia agraria y recursos naturales,E_sustitucion_natural_sintetico,sustitucion colorantes sinteticos naturales,Crossref
On the strong convergence rate for weighted sums of arrays of rowwise negatively orthant dependent random variables,2012,"Revista de la Real Academia de Ciencias Exactas, Fisicas y Naturales. Serie A. Matematicas",E_sustitucion_natural_sintetico,sustitucion colorantes sinteticos naturales,Crossref
Irregular densifiability produced by James theorem,2012,"Revista de la Real Academia de Ciencias Exactas, Fisicas y Naturales. Serie A. Matematicas",E_sustitucion_natural_sintetico,sustitucion colorantes sinteticos naturales,Crossref
RELACIONES SOCIOAMBIENTALES ENTRE COMUNIDADES Y ÁREAS NATURALES PROTEGIDAS. RESERVA DE LA BIOSFERA CALAKMUL: ENTRE EL CONFLICTO Y LA CONSERVACIÓN,2012,Revista Chapingo Serie Ciencias Forestales y del Ambiente,E_sustitucion_natural_sintetico,sustitucion colorantes sinteticos naturales,Crossref
Bayesian robustness of the quantile loss in statistical decision theory,2012,"Revista de la Real Academia de Ciencias Exactas, Fisicas y Naturales. Serie A. Matematicas",E_sustitucion_natural_sintetico,sustitucion colorantes sinteticos naturales,Crossref
Hybrid method for equilibrium problems and fixed point problems of finite families of nonexpansive semigroups,2012,"Revista de la Real Academia de Ciencias Exactas, Fisicas y Naturales. Serie A. Matematicas",E_sustitucion_natural_sintetico,sustitucion colorantes sinteticos naturales,Crossref
On the precise rates in the law of the logarithm for positively associated sequence,2012,"Revista de la Real Academia de Ciencias Exactas, Fisicas y Naturales. Serie A. Matematicas",E_sustitucion_natural_sintetico,sustitucion colorantes sinteticos naturales,Crossref
Principles to coordinate managed aquifer recharge with natural resource management policies in Australia,2012,Hydrogeology Journal,E_sustitucion_natural_sintetico,sustitucion colorantes sinteticos naturales,Crossref
Las soluciones para los pacientes dependen de que podamos salvar la distancia que separa los enfoques de investigación de ciencias sociales y ciencias naturales en el campo de la salud mental,2012,Revista de Psiquiatría  y Salud Mental,E_sustitucion_natural_sintetico,sustitucion colorantes sinteticos naturales,Crossref
El curato de naturales en Santa Fe. Río de la Plata. Siglos XVII-XVIII,2011,Hispania Sacra,E_sustitucion_natural_sintetico,sustitucion colorantes sinteticos naturales,Crossref
Infestación de Megastigmus aculeatus (Hymenoptera: Chalcidoidea) en las semillas de rosas exóticas invasoras de comunidades naturales de la Patagonia andina de Argentina,2012,Revista chilena de historia natural,E_sustitucion_natural_sintetico,sustitucion colorantes sinteticos naturales,Crossref
Entendiendo la movilidad humana mediante tecnologías espaciales: el papel de las áreas naturales de tránsito en el Suroeste de la Península Ibérica durante la Prehistoria Reciente,2012,Trabajos de Prehistoria,E_sustitucion_natural_sintetico,sustitucion colorantes sinteticos naturales,Crossref
Bayesian inference for controlled branching processes through MCMC and ABC methodologies,2012,"Revista de la Real Academia de Ciencias Exactas, Fisicas y Naturales. Serie A. Matematicas",E_sustitucion_natural_sintetico,sustitucion colorantes sinteticos naturales,Crossref
Evaluación de la gobernanza en los espacios naturales protegidos. El caso de la Columbia Británica y Ontario (Canadá),2012,Anales de Geografía de la Universidad Complutense,E_sustitucion_natural_sintetico,sustitucion colorantes sinteticos naturales,Crossref
Application of fuzzy sets and fuzzy soft sets in hypermodules,2012,"Revista de la Real Academia de Ciencias Exactas, Fisicas y Naturales. Serie A. Matematicas",E_sustitucion_natural_sintetico,sustitucion colorantes sinteticos naturales,Crossref
The existence of best proximity points for multivalued non-self-mappings,2012,"Revista de la Real Academia de Ciencias Exactas, Fisicas y Naturales. Serie A. Matematicas",E_sustitucion_natural_sintetico,sustitucion colorantes sinteticos naturales,Crossref
Monotone functions and maps,2012,"Revista de la Real Academia de Ciencias Exactas, Fisicas y Naturales. Serie A. Matematicas",E_sustitucion_natural_sintetico,sustitucion colorantes sinteticos naturales,Crossref
Tripled coincidence fixed point results for Boyd–Wong and Matkowski type contractions,2012,"Revista de la Real Academia de Ciencias Exactas, Fisicas y Naturales. Serie A. Matematicas",E_sustitucion_natural_sintetico,sustitucion colorantes sinteticos naturales,Crossref
Nilpotent-by-periodic commutator subgroups of automorphisms,2012,"Revista de la Real Academia de Ciencias Exactas, Fisicas y Naturales. Serie A. Matematicas",E_sustitucion_natural_sintetico,sustitucion colorantes sinteticos naturales,Crossref
Convex polyhedral tilings hidden in crystals and quasicrystals,2012,"Revista de la Real Academia de Ciencias Exactas, Fisicas y Naturales. Serie A. Matematicas",E_sustitucion_natural_sintetico,sustitucion colorantes sinteticos naturales,Crossref
7-Gons and genus three hyperelliptic curves,2012,"Revista de la Real Academia de Ciencias Exactas, Fisicas y Naturales. Serie A. Matematicas",E_sustitucion_natural_sintetico,sustitucion colorantes sinteticos naturales,Crossref
On Nikodym boundedness property,2012,"Revista de la Real Academia de Ciencias Exactas, Fisicas y Naturales. Serie A. Matematicas",E_sustitucion_natural_sintetico,sustitucion colorantes sinteticos naturales,Crossref
Bayes spaces: use of improper distributions and exponential families,2012,"Revista de la Real Academia de Ciencias Exactas, Fisicas y Naturales. Serie A. Matematicas",E_sustitucion_natural_sintetico,sustitucion colorantes sinteticos naturales,Crossref
Evaluacion del potencial reproductivo del chorito (Mytilus chilensis) de dos poblaciones naturales sometidas a diferentes temperaturas de acondicionamiento,2012,Latin American Journal of Aquatic Research,E_sustitucion_natural_sintetico,sustitucion colorantes sinteticos naturales,Crossref
Around finite-dimensionality in functional analysis: a personal perspective,2012,"Revista de la Real Academia de Ciencias Exactas, Fisicas y Naturales. Serie A. Matematicas",E_sustitucion_natural_sintetico,sustitucion colorantes sinteticos naturales,Crossref
A remark on strong factorizing resolutions,2012,"Revista de la Real Academia de Ciencias Exactas, Fisicas y Naturales. Serie A. Matematicas",E_sustitucion_natural_sintetico,sustitucion colorantes sinteticos naturales,Crossref
Calculus of variations with hyperdifferential operators from Tabasaki–Takebe–Toda lattice arguments,2012,"Revista de la Real Academia de Ciencias Exactas, Fisicas y Naturales. Serie A. Matematicas",E_sustitucion_natural_sintetico,sustitucion colorantes sinteticos naturales,Crossref
"The Cauchy problem in the singular solution of (p, q)-quasi-ordinary PDEs",2012,"Revista de la Real Academia de Ciencias Exactas, Fisicas y Naturales. Serie A. Matematicas",E_sustitucion_natural_sintetico,sustitucion colorantes sinteticos naturales,Crossref
On the Teichmüller geodesic generated by the L-shaped translation surface tiled by three squares,2012,"Revista de la Real Academia de Ciencias Exactas, Fisicas y Naturales. Serie A. Matematicas",E_sustitucion_natural_sintetico,sustitucion colorantes sinteticos naturales,Crossref
Codimension one holomorphic foliations on $${\mathbb P^n_{\mathbb C}}$$ : problems in complex geometry,2012,"Revista de la Real Academia de Ciencias Exactas, Fisicas y Naturales. Serie A. Matematicas",E_sustitucion_natural_sintetico,sustitucion colorantes sinteticos naturales,Crossref
Estado de la susceptibilidad de poblaciones naturales del vector del dengue a insecticidas en 13 localidades de Colombia,2012,Biomédica,E_sustitucion_natural_sintetico,sustitucion colorantes sinteticos naturales,Crossref
Hausdorff limits of Rolle leaves,2012,"Revista de la Real Academia de Ciencias Exactas, Fisicas y Naturales. Serie A. Matematicas",E_sustitucion_natural_sintetico,sustitucion colorantes sinteticos naturales,Crossref
Jet schemes and minimal embedded desingularization of plane branches,2012,"Revista de la Real Academia de Ciencias Exactas, Fisicas y Naturales. Serie A. Matematicas",E_sustitucion_natural_sintetico,sustitucion colorantes sinteticos naturales,Crossref
Dynamics of composition operators with holomorphic symbol,2012,"Revista de la Real Academia de Ciencias Exactas, Fisicas y Naturales. Serie A. Matematicas",E_sustitucion_natural_sintetico,sustitucion colorantes sinteticos naturales,Crossref
Transformación de los agroecosistemas y degradación de los recursos naturales en el territorio mapuche: una aproximación históricoecológica,2024,REVISTA CUHSO,E_sustitucion_natural_sintetico,sustitucion colorantes sinteticos naturales,Crossref
Las dos culturas: Ciencias Naturales y Ciencias Humanas en el siglo XXI1,2024,REVISTA CUHSO,E_sustitucion_natural_sintetico,sustitucion colorantes sinteticos naturales,Crossref
"INSECTICIDAS BOTÁNICOS Y BIOLÓGICOS EN EL MANEJO DEL CHINCHE PATAS DE HOJA (Leptoglossus zonatus, DALLAS. HEMIPTERA: COREIDAE) Y LA MOSQUITA NEGRA (Trigona silvestrianun, VACHALL, HIMENOPTERA: APIDAE) Y SU EFECTO SOBRE LOS ENEMIGOS NATURALES",2012,La Calera,E_sustitucion_natural_sintetico,sustitucion colorantes sinteticos naturales,Crossref
Resolution of singularities of pairs preserving semi-simple normal crossings,2012,"Revista de la Real Academia de Ciencias Exactas, Fisicas y Naturales. Serie A. Matematicas",E_sustitucion_natural_sintetico,sustitucion colorantes sinteticos naturales,Crossref
Implicaciones del tsunami de Tohoku del año 2011 para la gestión de desastres naturales en Japón,2012,Obras y Proyectos,E_sustitucion_natural_sintetico,sustitucion colorantes sinteticos naturales,Crossref
An axiomatic version of Zariski’s patching theorem,2012,"Revista de la Real Academia de Ciencias Exactas, Fisicas y Naturales. Serie A. Matematicas",E_sustitucion_natural_sintetico,sustitucion colorantes sinteticos naturales,Crossref
A note on the real projection of the zeros of partial sums of Riemann zeta function,2012,"Revista de la Real Academia de Ciencias Exactas, Fisicas y Naturales. Serie A. Matematicas",E_sustitucion_natural_sintetico,sustitucion colorantes sinteticos naturales,Crossref
Local monomialization of generalized analytic functions,2012,"Revista de la Real Academia de Ciencias Exactas, Fisicas y Naturales. Serie A. Matematicas",E_sustitucion_natural_sintetico,sustitucion colorantes sinteticos naturales,Crossref
Two coupled weak contraction theorems in partially ordered metric spaces,2012,"Revista de la Real Academia de Ciencias Exactas, Fisicas y Naturales. Serie A. Matematicas",E_sustitucion_natural_sintetico,sustitucion colorantes sinteticos naturales,Crossref
Enumeration of tropes,2012,"Revista de la Real Academia de Ciencias Exactas, Fisicas y Naturales. Serie A. Matematicas",E_sustitucion_natural_sintetico,sustitucion colorantes sinteticos naturales,Crossref
