titulo,autores,anio,revista,doi,bloque,consulta,fuente_api,resumen
Anthocyanin food colorant and its application in pH-responsive color change indicator films,Swarup Roy; Jong‐Whan Rhim,2020,Critical Reviews in Food Science and Nutrition,10.1080/10408398.2020.1776211,A_colorantes_mercado_mx,"""food colorants"" ""packaged food""",OpenAlex,"Recently, interest in smart packaging, which can show the color change of the packaging film according to the state of the food and evaluate the quality or freshness of the packaged food in real-time, is increasing. As a color indicator, a natural colorant, anthocyanin, drew a lot of attention due to their various colors as well as useful functions properties such as antioxidant activity and anti-carcinogenic and anti-inflammatory effects, prevention of cardiovascular disease, obesity, and diabetes. In particular, the pH-responsive color-changing function of anthocyanins is useful for making color indicator smart packaging films. This review addressed the latest information on the use of natural pigment anthocyanins for intelligent and active food packaging applications. Recent studies on eco-friendly biodegradable polymer-based color indicator films incorporated with anthocyanins have been addressed. Also, studies on the use of smart packaging films to monitor the freshness of foods such as milk, meat, and fish were reviewed. This review highlights the potential and challenges for the use of anthocyanins as pH-responsive color-changing films for intelligent food packaging applications, which may be beneficial for further development of smart color indicator films for practical use."
Natural pigments: innovative extraction technologies and their potential application in health and food industries,Ayu Masyita; Gemala Hardinasinta; Ayun Dwi Astuti; Firdayani Firdayani; Dian Mayasari; Aki Hori; Ira Nur Ainun Nisha; Firzan Nainu; Takayuki Kuraishi,2025,Frontiers in Pharmacology,10.3389/fphar.2024.1507108,A_colorantes_mercado_mx,"""food colorants"" ""packaged food""",OpenAlex,"Natural pigments, or natural colorants, are frequently utilized in the food industry due to their diverse functional and nutritional attributes. Beyond their color properties, these pigments possess several biological activities, including antioxidant, anti-inflammatory, anticancer, antibacterial, and neuroprotective effects, as well as benefits for eye health. This review aims to provide a timely overview of the potential of natural pigments in the pharmaceutical, medical, and food industries. Special emphasis is placed on emerging technologies for natural pigment extraction (thermal technologies, non-thermal technologies, and supercritical fluid extraction), their pharmacological effects, and their potential application in intelligent food packaging and as food colorants. Natural pigments show several pharmaceutical prospects. For example, delphinidin (30 µM) significantly inhibited the growth of three cancer cell lines (B16-F10, EO771, and RM1) by at least 90% after 48 h. Furthermore, as an antioxidant agent, fucoxanthin at the highest concentration (50 μg/mL) significantly increased the ratio of glutathione to glutathione disulfide ( p < 0.05). In the food industry, natural pigments have been used to improve the nutritional value of food without significantly altering the sensory experience. Moreover, the use of natural pH-sensitive pigments as food freshness indicators in intelligent food packaging is a cutting-edge technological advancement. This innovation could provid"
Utilisation de colorants pour le dépistage de la pénicilline dans le lait,"Müller, E.",2010,Pathologia et Microbiologia,10.1159/000161317,A_colorantes_mercado_mx,"""food colorants"" ""packaged food""",Crossref,
INTEGRATING FUZZY LOGIC PROCEDURE FOR SIGNAL VALIDATIONS: MALTA COLORING AS STUDY CASE,"RIVEROL, C.; CAROSI, C.",2010,Journal of Food Process Engineering,10.1111/j.1745-4530.2008.00257.x,A_colorantes_mercado_mx,"""food colorants"" ""packaged food""",Crossref,"  ABSTRACT    In this study, the use of fuzzy logic for signal validation is introduced. This tool uses the sensor readings at the current time step to predict system state at the next time step using observers. The deviation between the sensor reading and the model prediction rises, leading to fault detection and isolation. The fault is accommodated by replacing the reading of the faulty sensor by the model prediction. The results presented in this article demonstrate that a simple scheme can carry out sensor fault detection, isolation and accommodation using a fuzzy rule‐based system based on experience of an operator into heuristics. Although the method lacks the mathematical basis that other analytical methods provide, this method is simple, effective and useful.      PRACTICAL APPLICATIONS  The coloring process has to be controlled and monitored carefully because if the color of the MALTA is not adequate, then the MALTA has to be recycled to another unit (dilution unit) where the colorant is eliminated. This recycling process uses delay around 3 working days, and the economic impact is high. The validation of signal and reduction of fault sensor contribute to the reduction of the recycling process. In this study, the incorporation of fuzzy logic in the treatment of sensor signal represents a significant factor in the improvement of MALTA production units.  "
Boron nitride -molybdenum disulfide nanocomposite as electrochemical sensor for the nanomolar level detection of synthetic dye–sunset yellow in soft drinks,Dhrishya Vijayanandan; Arya Santhosh Nair; Saisree Sadhasivakurup; Elsa Dais; Sandhya Karunakaran Yesodha,2026,Electrochimica Acta,10.1016/j.electacta.2026.149525,A_colorantes_mercado_mx,"""synthetic dyes"" ""packaged foods""",OpenAlex,
Natural Colors as pH Indicators in Intelligent Food Packaging Systems,Santosh Kumar; Avik Mukherjee,2025,,10.1201/9781003673835-13,A_colorantes_mercado_mx,"""synthetic dyes"" ""packaged foods""",OpenAlex,"Intelligent food packaging systems are effective in monitoring the quality of packaged food during its movement through the food chain and simultaneously communicating with the consumers about the state of the quality of the food item. Change in pH is common during the deterioration of food, and pH-sensitive indicators have been used as intelligent labels that show discernible changes in the appearance of the packaged food indicating quality alterations. Natural colorants such as anthocyanins, carotenoids, curcumins, and betalains are attractive sustainable alternatives to synthetic pH-sensitive dyes used in intelligent packaging systems. The synthetic dyes may cause environmental pollution as well as health hazards in terrestrial and aquatic animals, and humans. Chitosan, starch, cellulose, and gelatin are commonly used biomaterials that are incorporated with anthocyanin and other natural pigments extracted from sources like sweet potato, carrot, blackberry, beetroot, and black rice bran to develop sustainable intelligent labels to monitor the quality of the packaged perishables, e.g., milk, meat, fish, poultry, fruits, and vegetables. This chapter is a synoptic account of sustainable intelligent food packaging systems loaded with pH-sensitive natural colorants, their principles, and applications for preserving and monitoring the quality of perishable foods."
Demonstration of Segmental Arrangement of Thoracic Spinal Motor Neurons Using Lipophilic Dyes,"Tsering, Chock",2010,Developmental Neuroscience,10.1159/000111676,A_colorantes_mercado_mx,"""synthetic dyes"" ""packaged foods""",Crossref," Unlike the afferent input into the spinal cord, it is generally believed that the motor efferent system in the mammalian spinal cord is more segmental in arrangement. Isolated comments in recent reports suggest that motor neurons in the mammalian spinal cord may be strictly segmental, contrary to many earlier reports using less sophisticated methods. We have attempted to address the question of the segmental arrangement of motor neurons in a mammalian spinal cord using single and double labelling with the fluorescent lipophilic dyes, Di I and Di A. These dyes have the ability to diffuse along and stain the plasma membrane of the neural elements in aldehyde-fixed specimens. Sprague-Dawley rat fetuses and early postnatal pups were used. The study was conducted on the thoracic spinal cord. The results confirm that thoracic spinal motor neurons are restricted to the segments from which their axons exit via the ventral roots in the intrauterine stages of development. The segmental arrangement of motor neurons in the thoracic spinal cord corresponded well with that of the sympathetic preganglionic neurons which were stained simultaneously. "
Spectroscopic and lasing properties of Xanthene dyes encapsulated in silica and polymeric matrices,"Sharma, Sunita; Mohan, Devendra; Singh, Nageshwar; Sharma, Meenakshi; Sharma, A.K.",2010,Optik,10.1016/j.ijleo.2008.05.005,A_colorantes_mercado_mx,"""synthetic dyes"" ""packaged foods""",Crossref,
Hybrid solar cells using nanorod zinc oxide electrodes and perylene monoimide–monoanhydride dyes,"Erten-Ela, Sule; Cogal, Sadik; Turkmen, Gulsah; Icli, Siddik",2010,Current Applied Physics,10.1016/j.cap.2009.05.018,A_colorantes_mercado_mx,"""synthetic dyes"" ""packaged foods""",Crossref,
Dye-sensitized solar cells with natural dyes extracted from achiote seeds,"Gómez-Ortíz, N.M.; Vázquez-Maldonado, I.A.; Pérez-Espadas, A.R.; Mena-Rejón, G.J.; Azamar-Barrios, J.A.; Oskam, G.",2010,Solar Energy Materials and Solar Cells,10.1016/j.solmat.2009.05.013,A_colorantes_mercado_mx,"""synthetic dyes"" ""packaged foods""",Crossref,
Perylene dye photodegradation due to ketones and singlet oxygen,"Earp, Alan A.; Rawling, Tristan; Franklin, Jim B.; Smith, Geoff B.",2010,Dyes and Pigments,10.1016/j.dyepig.2009.06.012,A_colorantes_mercado_mx,"""synthetic dyes"" ""packaged foods""",Crossref,
Effect of different electron donating groups on the performance of dye-sensitized solar cells,"Tian, Haining; Yang, Xichuan; Cong, Jiayan; Chen, Ruikui; Teng, Chao; Liu, Jing; Hao, Yan; Wang, Lei; Sun, Licheng",2010,Dyes and Pigments,10.1016/j.dyepig.2009.06.014,A_colorantes_mercado_mx,"""synthetic dyes"" ""packaged foods""",Crossref,
Sudan azo dyes and Para Red degradation by prevalent bacteria of the human gastrointestinal tract,"Xu, Haiyan; Heinze, Thomas M.; Paine, Donald D.; Cerniglia, Carl E.; Chen, Huizhong",2010,Anaerobe,10.1016/j.anaerobe.2009.06.007,A_colorantes_mercado_mx,"""synthetic dyes"" ""packaged foods""",Crossref,
An efficient light-harvesting ruthenium dye for solar cell application,"Wu, Shi-Jhang; Chen, Chia-Yuan; Chen, Jian-Ging; Li, Jheng-Ying; Tung, Yung-Liang; Ho, Kuo-Chuan; Wu, Chun-Guey",2010,Dyes and Pigments,10.1016/j.dyepig.2009.06.017,A_colorantes_mercado_mx,"""synthetic dyes"" ""packaged foods""",Crossref,
"The inkjet printing process for Lyocell and cotton fibres. Part 1: The significance of pre-treatment chemicals and their relationship with colour strength, absorbed dye fixation and ink penetration","Kaimouz, Ahmad Wassim; Wardman, Roger H.; Christie, Robert M.",2010,Dyes and Pigments,10.1016/j.dyepig.2009.06.015,A_colorantes_mercado_mx,"""synthetic dyes"" ""packaged foods""",Crossref,
Highly bright and photostable cyanine dye-doped silica nanoparticles for optical imaging: Photophysical characterization and cell tests,"Miletto, Ivana; Gilardino, Alessandra; Zamburlin, Pollyanna; Dalmazzo, Simona; Lovisolo, Davide; Caputo, Giuseppe; Viscardi, Guido; Martra, Gianmario",2010,Dyes and Pigments,10.1016/j.dyepig.2009.07.004,A_colorantes_mercado_mx,"""synthetic dyes"" ""packaged foods""",Crossref,
Dielectric relaxation dynamics in liquid crystal – dye composites,"Rahman, Muklesur; Hsieh, Chien-Wen; Wang, Chun-Tsai; Jian, Bo-Ru; Lee, Wei",2010,Dyes and Pigments,10.1016/j.dyepig.2009.07.005,A_colorantes_mercado_mx,"""synthetic dyes"" ""packaged foods""",Crossref,
Quantitative differentiation of dyes with overlapping one-photon spectra by femtosecond pulse-shaping,"Tkaczyk, Eric R.; Tkaczyk, Alan H.; Mauring, Koit; Ye, Jing Yong; Baker, James R.; Norris, Theodore B.",2010,Journal of Luminescence,10.1016/j.jlumin.2009.07.014,A_colorantes_mercado_mx,"""synthetic dyes"" ""packaged foods""",Crossref,
A study of interaction of cationic dyes with anionic polyelectrolytes,"Nandini, R.; Vishalakshi, B.",2010,Spectrochimica Acta Part A: Molecular and Biomolecular Spectroscopy,10.1016/j.saa.2009.08.032,A_colorantes_mercado_mx,"""synthetic dyes"" ""packaged foods""",Crossref,
"D–π–A solvatochromic charge transfer dyes containing a 2-cyanomethylene-3-cyano-4,5,5-trimethyl-2,5-dihydrofuran acceptor","Kim, Sung-Hoon; Lee, Sue-Yoen; Gwon, Seon-Yeong; Son, Young-A.; Bae, Jin-Seok",2010,Dyes and Pigments,10.1016/j.dyepig.2009.07.012,A_colorantes_mercado_mx,"""synthetic dyes"" ""packaged foods""",Crossref,
Heat treatment effects on the characteristics and sonocatalytic performance of TiO2 in the degradation of organic dyes in aqueous solution,"Abdullah, Ahmad Zuhairi; Ling, Pang Yean",2010,Journal of Hazardous Materials,10.1016/j.jhazmat.2009.08.060,A_colorantes_mercado_mx,"""synthetic dyes"" ""packaged foods""",Crossref,
"Anthraquinone-2,6-disulfonate (AQDS) as a catalyst to enhance the reductive decolourisation of the azo dyes Reactive Red 2 and Congo Red under anaerobic conditions","Costa, M.C.; Mota, S.; Nascimento, R.F.; Dos Santos, A.B.",2010,Bioresource Technology,10.1016/j.biortech.2009.08.015,A_colorantes_mercado_mx,"""synthetic dyes"" ""packaged foods""",Crossref,
Selection of indicator bacteria based on screening of 16S rDNA metagenomic library from a two-stage anoxic–oxic bioreactor system degrading azo dyes,"Dafale, Nishant; Agrawal, Leena; Kapley, Atya; Meshram, Sudhir; Purohit, Hemant; Wate, Satish",2010,Bioresource Technology,10.1016/j.biortech.2009.08.006,A_colorantes_mercado_mx,"""synthetic dyes"" ""packaged foods""",Crossref,
"Electrochemical studies on the binding of a carcinogenic anthraquinone dye, Purpurin (C.I. 58 205) with DNA","Wang, Qingxiang; Gao, Feng; Yuan, Xianlong; Li, Wenqi; Liu, Aifen; Jiao, Kui",2010,Dyes and Pigments,10.1016/j.dyepig.2009.09.004,A_colorantes_mercado_mx,"""synthetic dyes"" ""packaged foods""",Crossref,
"Synthesis, characterization and photovoltaic properties of novel molecules based on triarylamine dyes","Erten-Ela, Sule; Marszalek, Magdalena; Tekoglu, Serpil; Can, Mustafa; Icli, Siddik",2010,Current Applied Physics,10.1016/j.cap.2009.09.009,A_colorantes_mercado_mx,"""synthetic dyes"" ""packaged foods""",Crossref,
Removal of direct azo dyes and aromatic amines from aqueous solutions using two β-cyclodextrin-based polymers,"Yilmaz, Elif; Memon, Shahabuddin; Yilmaz, Mustafa",2010,Journal of Hazardous Materials,10.1016/j.jhazmat.2009.09.093,A_colorantes_mercado_mx,"""synthetic dyes"" ""packaged foods""",Crossref,
A review of chromatographic methods for determination of synthetic food dyes,"Kucharska, Marta; Grabka, Jan",2010,Talanta,10.1016/j.talanta.2009.09.032,A_colorantes_mercado_mx,"""synthetic dyes"" ""packaged foods""",Crossref,
"Erratum to “The synthesis and characterization of heterocyclic azo dyes derived from 5-N,N-dialkylamino-2,2′-bithiophene couplers” [Dyes Pigments 83 (2009) 59–65]","Raposo, M. Manuela M.; Ferreira, Ana M.F.P.; Amaro, Mariana; Belsley, M.; Moura, João C.V.P.",2010,Dyes and Pigments,10.1016/j.dyepig.2009.09.001,A_colorantes_mercado_mx,"""synthetic dyes"" ""packaged foods""",Crossref,
Assessment of water contamination caused by a mutagenic textile effluent/dyehouse effluent bearing disperse dyes,"Carneiro, Patricia A.; Umbuzeiro, Gisela A.; Oliveira, Danielle P.; Zanoni, Maria Valnice B.",2010,Journal of Hazardous Materials,10.1016/j.jhazmat.2009.09.106,A_colorantes_mercado_mx,"""synthetic dyes"" ""packaged foods""",Crossref,
Analysis of solvent dyes in refined petroleum products by electrospray ionization mass spectrometry,"Rostad, Colleen E.",2010,Fuel,10.1016/j.fuel.2009.09.011,A_colorantes_mercado_mx,"""synthetic dyes"" ""packaged foods""",Crossref,
Photoinduced cleaning of water-soluble dyes on patterned superhydrophilic/superhydrophobic substrates,"Zhang, Xuemin; Zhang, Junhu; Ren, Zhiyu; Zhang, Xun; Tian, Tian; Wang, Yunan; Dong, Fengxia; Yang, Bai",2010,Nanoscale,10.1039/b9nr00055k,A_colorantes_mercado_mx,"""synthetic dyes"" ""packaged foods""",Crossref,
"Benzodipyrrolenine-based biscyanine dyes: Synthesis, molecular structure and spectroscopic characterization","Klochko, Oleksiy P.; Fedyunyayeva, Iryna A.; Khabuseva, Sania U.; Semenova, Olga M.; Terpetschnig, Ewald A.; Patsenker, Leonid D.",2010,Dyes and Pigments,10.1016/j.dyepig.2009.09.007,A_colorantes_mercado_mx,"""synthetic dyes"" ""packaged foods""",Crossref,
Integration of photocatalysis and membrane distillation for removal of mono- and poly-azo dyes from water,"Mozia, Sylwia; Morawski, Antoni W.; Toyoda, Masahiro; Tsumura, Tomoki",2010,Desalination,10.1016/j.desal.2009.06.075,A_colorantes_mercado_mx,"""synthetic dyes"" ""packaged foods""",Crossref,
Rapid decolorization of azo dyes in aqueous solution by an ultrasound-assisted electrocatalytic oxidation process,"Ai, Zhihui; Li, Jinpo; Zhang, Lizhi; Lee, Shuncheng",2010,Ultrasonics Sonochemistry,10.1016/j.ultsonch.2009.10.002,A_colorantes_mercado_mx,"""synthetic dyes"" ""packaged foods""",Crossref,
Colour removal of three reactive dyes by UV light exposure after electrochemical treatment,"Riera-Torres, M.; Gutiérrez, Maria-Carmen",2010,Chemical Engineering Journal,10.1016/j.cej.2009.10.006,A_colorantes_mercado_mx,"""synthetic dyes"" ""packaged foods""",Crossref,
Prevalence and impact of dye adulteration in toffee consumption: A case study on mildly acute or acute toxicity affecting the population in misbranded toffee and candy consumption; an occupational health study report and branding strategies in marketing n,Saurabh Dilip Bhandare,2025,Journal of Toxicological Studies,10.59400/jts1570,A_colorantes_mercado_mx,"""food dyes"" prevalence",OpenAlex,"Advancements in toxicological research have led to the development of several innovative methods for assessing the safety and potential risks of chemicals and toxic substances. This study investigates the prevalence and health implications of dye adulterants in toffees in excess amount from various brands distributed during a corporate year-end evaluation in Navi Mumbai, New Bombay 2015. The research employs random and stratified sampling methodologies to ensure a comprehensive analysis of the market. Laboratory tests reveals that dye X is present in 100% of samples from each brand, contradicting the natural flavour labels. Descriptive statistics indicate variations in dye concentration among brands, and ANOVA results demonstrate statistically significant differences in mean dye concentrations. Despite the presence of dye X across all brands, the chi-square test does not show a significant association between dye presence and brand at a 0.05 significance level. Employees reported adverse health effects, including dysuria, fatigue, and cardiovascular disturbances, after consuming the toffees, and tea. These findings highlight the need for stringent regulatory measures and consumer awareness to ensure food safety and mitigate health risks associated with food dye adulteration. The primary focus of this research study was to advance new methodologies for health monitoring and toxicology analysis that minimise large-scale disruptions. It aimed to foster innovation in medical scie"
Food Colorings and Flavors,Matthew Greenhawt; James L. Baldwin,2013,,10.1002/9781118744185.ch34,A_colorantes_mercado_mx,"""food dyes"" prevalence",OpenAlex,"Food flavorings and colorings are a heterogeneous group of compounds that are often derived from potential allergens. This chapter will discuss non-synthetic food colorings and flavorings that have been implicated in adverse food reactions. Many of these items are derived from plants or other biogenic sources and may contain allergenic epitopes or haptens, which can be recognized by specific IgE or T cells. The overall prevalence of reactions attributable to food colorings and flavorings is unknown, but thought to be low. Labeling of natural food coloring and flavor is often problematic. Natural colorants are not subject to the Food, Dye, and Cosmetic (FD&C) labeling regulations. Flavorings are exempted from labeling unless widely suspected to cause allergy (e.g., sulfites). Spices used as additives but not ingredients are also exempted. The exemption for carmine/cochineal extract was recently changed and must now be declared by name on product labels. This chapter will review known mechanisms of reaction, treatment strategy, and labeling regulations. Synthetic color additives are discussed elsewhere in this book."
Developmental disability and obesity: Oral health implications across the lifespan,Zanab Malik,2024,Special Care in Dentistry,10.1111/scd.13009,A_colorantes_mercado_mx,"""food colors"" ""pre-packaged foods""",OpenAlex,"I write to you regarding the topic of developmental disability and obesity and the oral health implications across the lifespan. There is higher prevalence of obesity amongst those with developmental disability compared with the general population.1, 2 Despite wide variations of prevalence data in the literature in the developmental disability population, there is consensus from a majority of studies that obesity in this group is significantly more common in women and tends to occur at a younger age.1-3 Others at risk for obesity with developmental disability include those with Down syndrome, Prader Willi syndrome, spina bifida, Autism Spectrum Disorders, ADHD, cerebral palsy, those with less severe levels of disability and those that are community dwelling.1 A recent systematic review identified 79 obesity syndromes that have been reported in literature.4 Certain syndromes may present with their own individualized risk factors, many which have possible oral health implications (see Table 1). Awareness for all dental practitioners of these obesity syndromes and associations is beneficial to ensure a non-judgmental approach. Aversion to foods, colors, and textures—rigidly adhering to high energy dense diets; impact on dental caries risk Psychotropic medications Social impairments Food used in behavioral modification; impact on dental caries risk Hypothyroidism Poor mastication, or chewing Sensory deficits that make balance and coordination more difficult Poor impulse control I"
EFFECTS OF DIFFERENT PEKMEZ (FRUIT MOLASSES) TYPES USED AS A NATURAL SUGAR SOURCE ON THE BATTER RHEOLOGY AND PHYSICAL PROPERTIES OF CAKES,"AKBULUT, MEHMET; BİLGİÇLİ, NERMİN",2010,Journal of Food Process Engineering,10.1111/j.1745-4530.2008.00274.x,A_colorantes_mercado_mx,"""food colors"" ""pre-packaged foods""",Crossref," 
                     ABSTRACT 
                     
                       Five different kinds of fruit pekmez (mulberry, apricot, elecampane, grape and watermelon) were used in cake formulations as a natural sugar source. The rheologic properties of the batters and the physical and sensory properties of the cakes were investigated. Batter viscosity was measured at 15, 18, 21 and 24C using the Brookfield‐type rotational viscometer. The power law model appeared to be suitable for describing the flow behavior of the cake batters containing pekmez as indicated by high 
                      r
                       
                         2 
                        values.
                       
                      n
                       and 
                      k
                       values ranged from 0.2528 (elecampane) to 0.5930 (mulberry), 124.38 (elecampane) and 13.42 (grape) at 24°C, respectively. However, the consistency index ( 
                      k
                       ) of all samples decreased as temperature increased. The cake batters containing pekmez exhibited a pseudoplastic behavior. The replacement of sugar with pekmez in the cake formulations decreased the cake volumes. Elecampane bush (andız) pekmez gave the most reddish ( 
                      a
                       ) batter color. The others decreased the 
                      L
                       value and increased the 
                      a
                       value of th"
"DETERMINATION OF DRYING PARAMETERS, ASCORBIC ACID CONTENTS AND COLOR CHARACTERISTICS OF NETTLE LEAVES DURING MICROWAVE‐, AIR‐ AND COMBINED MICROWAVE–AIR‐DRYING","ALIBAS, ILKNUR",2010,Journal of Food Process Engineering,10.1111/j.1745-4530.2008.00268.x,A_colorantes_mercado_mx,"""food colors"" ""pre-packaged foods""",Crossref,"  ABSTRACT    Nettle leaves ( Urtica dioica  L.), with a moisture of 4.41 (dry basis [d.b .]), were dried using three drying methods: microwave, air and combined microwave–air. Drying continued until leaf moisture decreased to 0.1 (d.b .). Three different microwave output powers, 160, 350 and 500 W, were used in the microwave‐drying. Drying treatments in air‐drying were 50, 75 and 100C, and 1 m/s fan speed. The combination drying, in which microwave‐ and air‐drying were applied together, was nine different combination levels. Drying periods lasted for 6–14, 40–120 and 2–12 min for microwave‐, air‐ and combined microwave–air‐drying, respectively, depending on the drying level. Energy consumption was 0.07–0.10, 0.25–0.34 and 0.08–0.16 kWh, respectively. In this study, measured values were compared with the predicted values obtained from Page's semiempirical equation. Optimum drying period, color and energy consumption were obtained when microwave‐ and air‐drying were applied simultaneously and the optimum combination level was 500‐W microwave applications at 50C.     PRACTICAL APPLICATIONS  Microwave‐, air‐ and combined microwave–air‐drying have been industrially applied in the drying of foodstuffs, and pharmaceutical and biologic products. The use of a combined microwave–air dryer is common in the food industry. Applied examples include the serial or a parallel combination of bothmethods. The application of the microwave as a heat source produces a fast drying rate and higher "
"Mixture Design and Response Surface Analysis of Densification of Silicon Carbide Ceramics with (SiO
                    <sub>2</sub>
                    –Dy
                    <sub>2</sub>
                    O
                    <sub>3</sub>
                    –Al
                    <sub>2</sub>
                    O
                    <sub>3</sub>
                    ) Additives","Marchi, J.; Bressiani, José Carlos; Bressiani, Ana Helena Almeida; Bruns, Roy Edward",2010,International Journal of Applied Ceramic Technology,10.1111/j.1744-7402.2009.02358.x,B_aditivos_envasados_mx,"""food additives"" ""packaged food supply""",Crossref," 
                    Statistical mixture designs are used to systematically study the densification properties of silicon carbide (SiC) ceramics sintered with SiO
                     2 
                    , Dy
                     2 
                    O
                     3 
                    , and Al
                     2 
                    O
                     3 
                    . Mixture models for percentage theoretical density and SiC weight loss as a function of the SiO
                     2 
                    , Dy
                     2 
                    O
                     3 
                    , and Al
                     2 
                    O
                     3 
                    oxide proportions have been determined and validated by analysis of variance. The results indicate a region confined by about 0–20 mol% silica, 50–65 mol% dysprosia, and 40–65 mol% alumina, with all samples containing 10% by volume of additives, and simultaneously maximization of density values and minimization of weight loss during SiC‐based ceramic sintering.
                   "
Effect of treatment with probiotics as water additives on tilapia (Oreochromis niloticus) growth performance and immune response,"Zhou, Xuxia; Tian, Ziqiang; Wang, Yanbo; Li, Weifen",2010,Fish Physiology and Biochemistry,10.1007/s10695-009-9320-z,B_aditivos_envasados_mx,"""food additives"" ""packaged food supply""",Crossref,
Queima e aditivos químicos e bacterianos na ensilagem de cana-de-açúcar,"Siqueira, Gustavo Rezende; Reis, Ricardo Andrade; Schocken-Iturrino, Ruben Pablo; Pires, Aureliano José Vieira; Bernardes, Thiago Fernandes; Roth, Marcella de Toledo Piza",2010,Revista Brasileira de Zootecnia,10.1590/s1516-35982010000100014,B_aditivos_envasados_mx,"""aditivos alimentarios"" preenvasados",Crossref," Objetivou-se avaliar o efeito da queima e do uso de aditivos (ureia, benzoato de sódio, hidróxido de sódio (NaOH), Propionibacterium acidipropionici + Lactobacillus plantarum e Lactobacillus buchneri) na ensilagem de cana-de-açúcar. Utilizou-se o delineamento inteiramente casualizado, em esquema fatorial 2 (cana-de-açúcar crua e queimada) × 6 (cinco aditivos mais o grupo controle) com três repetições. Determinaram-se as perdas durante o processo fermentativo nas formas de gases e de efluentes e a recuperação de matéria seca (MS). Maior recuperação de MS foi observada nas silagens de cana-de-açúcar queimada (77,3%) em relação às silagens de cana crua (73,1%). As recuperações de MS observadas nas silagens tratadas com NaOH ou L. buchneri foram de 84%, enquanto das silagens controle, 69%. No período após abertura, uma variável importante é a inibição da elevação do pH, nesse caso, medida pela variação do pH. Destacam-se como inibidores da variação do pH o benzoato de sódio e o L. buchneri, que promoveram variação do pH de 0,05 e 0,18 unidade de pH, respectivamente. A ensilagem da cana-de-açúcar sem aditivos, crua ou queimada, é uma estratégia que resulta em grandes perdas quantitativas, que podem ser evitadas pelo uso de aditivos. Entre os aditivos avaliados, o L. buchneri é o que atua de forma mais satisfatória nas fases de fermentação e pós-abertura de silagens de cana-de-açúcar crua ou queimada. "
Perdas fermentativas e composição bromatológica da entrecasca de palmito pupunha ensilada com aditivos químicos,"Schmidt, Patrick; Rossi Junior, Paulo; Toledo, Luciandra Macedo de; Nussio, Luiz Gustavo; Albuquerque, Danila Santiago de; Meduri, Beatriz",2010,Revista Brasileira de Zootecnia,10.1590/s1516-35982010000200005,B_aditivos_envasados_mx,"""aditivos alimentarios"" preenvasados",Crossref," Objetivou-se avaliar o efeito da inclusão de aditivos químicos na ensilagem de resíduos (entrecasca) da produção de palmito pupunha (Bactris gasipaes, Kunth). Utilizaram-se silos experimentais (baldes de 20 litros) providos de aparatos para determinação gravimétrica de perdas por gases e efluentes. Os tratamentos aplicados foram: controle (sem aditivos); ureia (1% da MV) e cal virgem (1% da MV). Decorridos 70 dias de armazenagem, os silos foram pesados, abertos e amostrados. As perdas por efluentes e gases aumentaram com a aplicação de cal virgem na ensilagem. As perdas totais de MS foram de 15,1; 14,4 e 26,6% nas silagens controle, ureia e cal, respectivamente. Em todas as silagens, houve redução no teor de FDN e elevação da fração FDA, o que indica desaparecimento da fração hemicelulose. A relação cálcio:fósforo aumentou substancialmente com a adição de cal virgem, de 4,1:1 na silagem controle para 15,6:1 na silagem com cal. O resíduo da extração do palmito pupunha pode ser classificado como alimento de média qualidade e alto teor de umidade. Os aditivos aplicados na ensilagem não são efetivos em reduzir as perdas fermentativas no processo de conservação. "
"Grupo genético, sistema de acasalamento e efeitos genéticos aditivos e não-aditivos nas características de musculosidade da carcaça de novilhos oriundos do cruzamento rotativo Charolês × Nelore","Pacheco, Paulo Santana; Restle, João; Brondani, Ivan Luiz; Alves Filho, Dari Celestino; Padua, João Teodoro; Miotto, Fabrícia Rocha Chaves",2010,Revista Brasileira de Zootecnia,10.1590/s1516-35982010000300007,B_aditivos_envasados_mx,"""aditivos alimentarios"" preenvasados",Crossref," Foram avaliadas as carcaças de 800 novilhos oriundos do cruzamento rotativo entre as raças Charolesa e Nelore abatidos aos 2 anos de idade. As características avaliadas foram: conformação, espessura de coxão, perímetro de braço, área de olho-de-lombo e área de olho-de-lombo dividida por 100 kg de peso da carcaça fria (AOL100). Na análise dos dados, consideraram-se dois modelos: o Modelo 1 incluiu os efeitos genéticos de sistema de acasalamento e grupo genético do novilho aninhado em sistema de acasalamento e o Modelo 2 correspondeu ao Modelo 1, porém o sistema de acasalamento e o grupo genético foram substituídos pelas covariáveis representativas da porcentagem da raça Charolesa no indivíduo e na sua mãe e da porcentagem de heterozigose no indivíduo e na sua mãe. Pela análise do Modelo 1, novilhos charoleses foram superiores aos nelores em todas as características avaliadas. A heterose retida foi significativa para conformação (4,2%), espessura de coxão (3,2%), perímetro de braço (4,2%), área de olho-de-lombo (7,3%) e AOL100 (-6,7%). O efeito genético aditivo individual da raça Charolesa em relação à Nelore foi de 1,89 pontos para conformação, 1,37 cm para espessura de cochão, 2,55 cm para perímetro de braço, 12,70 cm² para área de olho-de-lombo e 3,13 cm² para AOL100. O efeito genético heterótico individual (em relação à média dos definidos) foi de 3,9% para conformação, 3,8% para espessura de cochão, 3,1% para perímetro de braço e 9,8% para área de olho-de-lombo. A heteros"
Fermentação ruminal e produção de metano em bovinos alimentados com feno de capim-tifton 85 e concentrado com aditivos,"Rivera, Astrid Rivera; Berchielli, Telma Teresinha; Messana, Juliana Duarte; Velasquez, Paula Toro; Franco, Ana Vera Martins; Fernandes, Lauriston Bertelli",2010,Revista Brasileira de Zootecnia,10.1590/s1516-35982010000300022,B_aditivos_envasados_mx,"""aditivos alimentarios"" preenvasados",Crossref," Objetivou-se avaliar o efeito do uso de monensina, complexo de leveduras, ácidos graxos poliinsaturados e aminoácidos no consumo de matéria seca e nutrientes, na estimativa da digestibilidade ruminal, nos parâmetros de fermentação ruminal (pH, concentração de nitrogênio amoniacal e de ácidos graxos de cadeia curta), na população de protozoários e na produção de metano. Foram utilizados seis bovinos e com peso corporal de 530 ± 15 kg, recebendo complexo de leveduras, ácidos graxos poliinsaturados e aminoácidos (5 g/dia); monensina (5 g/dia); caulim (5 g/dia), usado como controle adicionado à dieta composta de feno de capim-tifton 85 (Cynodon spp.); e concentrado, na relação 80:20. O delineamento experimental adotado para análise do consumo e da digestibilidade foi o de blocos completos casualizados e, para análise dos parâmetros ruminais e da produção de metano, o de parcelas subdivididas. O consumo foi influenciado pelo uso de monensina na dieta, mas não diferiu entre os aditivos. As digestibilidades da matéria seca e dos nutrientes não foram influenciadas pelo fornecimento dos aditivos. A relação acetato:propionato nos animais alimentados com a dieta com monensina foi menor que naqueles que receberam o complexo de leveduras e ácidos graxos poliinsaturados e aminoácidos, diminuindo a perda de energia na forma de metano. O pH e a concentração de nitrogênio amoniacal foram adequados para o crescimento bacteriano. A concentração de metano não é alterada pelo uso dos aditivos te"
Frações fibrosas da silagem de resíduo de manga com aditivos,"Couto Filho, Cristovão Colombo de Carvalho; Silva Filho, José Cleto da; Neiva Júnior, Arnaldo Prata; Souza, Ronan Magalhães de; Nunes, José Airton Rodrigues; Coelho, Jakelyne Viana",2010,Ciência e Agrotecnologia,10.1590/s1413-70542010000300031,B_aditivos_envasados_mx,"""aditivos alimentarios"" preenvasados",Crossref," Com o objetivo de avaliar as diferentes frações fibrosas da silagem de resíduo de manga em mistura com diferentes aditivos, em níveis crescentes de adição, foi conduzido este estudo. O delineamento experimental utilizado foi o inteiramente casualizado, com três repetições, sendo os tratamentos dispostos em um esquema fatorial do tipo (4 x 3) + 1, sendo quatro aditivos (milho desintegrado com palha e sabugo (MDPS), palha de feijão (PF), sabugo de milho (SM) e casca de café (CC)) em três níveis de adição (10, 20 e 30%) e um tratamento testemunha (resíduo de manga puro ensilado). O material experimental foi ensilado em silos de PVC adaptados com válvula tipo ""Bunsen"" com capacidade para aproximadamente 3 kg cada. Todos os aditivos utilizados elevaram os teores de MS. Os aditivos PF, SM e CC elevaram os teores de FDN, FDA e celulose. Quanto aos teores de hemicelulose, apenas o aditivo SM promoveu aumento com a elevação dos níveis de adição. Comportamento semelhante foi observado para o aditivo PF em relação à lignina. Os valores registrados para as diferentes frações fibrosas das silagens, quando se utilizou o MDPS, sofreram reduções em relação ao resíduo de manga ensilado puro, não diferindo, no entanto, com o aumento dos níveis de adição. De maneira geral, a utilização dos demais aditivos, promoveu elevações nos teores das variáveis estudadas. "
"Características bromatológicas, fermentativas e população de leveduras de silagens de cana-de-açúcar acrescidas de ureia e aditivos absorventes de umidade","Lopes, Jalison; Evangelista, Antônio Ricardo",2010,Revista Brasileira de Zootecnia,10.1590/s1516-35982010000500007,B_aditivos_envasados_mx,"""aditivos alimentarios"" preenvasados",Crossref," Este trabalho foi conduzido com o objetivo de avaliar os efeitos da utilização de aditivos sobre as características fermentativas e bromatológicas e a população de leveduras da silagem de cana-de-açúcar. O experimento foi conduzido em delineamento inteiramente casualizado, com quatro repetições. Foram testadas diferentes quantidades de aditivos à cana-de-açúcar no momento da ensilagem (com base na matéria verde da forragem): 1,5% ureia; 0,5 ureia + 4% de milho; 0,5 ureia + 4% de mandioca desidratada; 1,5% de amireia e cana-de-açúcar controle. A cana-de-açúcar da variedade RB-72454, com 18 meses de rebrota, foi armazenada em silos experimentais de concreto com capacidade de 500 kg durante 180 dias. Foram avaliados os teores de matéria seca, proteína bruta, fibra em detergente neutro, fibra em detergente ácido, carboidratos não-fibrosos, cinzas, pH, nitrogênio amoniacal e lignina e a contagem de leveduras. O maior teor de matéria seca e o menor teor de fibra em detergente neutro são obtidos com a associação de ureia e milho, que melhora o padrão fermentativo na silagem. "
Psoriasis tras contacto con guantes de goma en un paciente sensibilizado a los aditivos de las gomas,"Gómez-De La Fuente, E.; Vicente-Martín, F.J.; Nuño González, A.; López-Estebaranz, J.L.",2010,Actas Dermo-Sifiliográficas,10.1016/j.ad.2010.02.015,B_aditivos_envasados_mx,"""aditivos alimentarios"" preenvasados",Crossref,
"Ractopamina, cromo-metionina e suas combinações como aditivos modificadores do metabolismo de suínos em crescimento e terminação","Almeida, Vivian Vezzoni de; Berenchtein, Bernardo; Costa, Leandro Batista; Tse, Marcos Livio Panhoza; Braz, Débora Barbosa; Miyada, Valdomiro Shigueru",2010,Revista Brasileira de Zootecnia,10.1590/s1516-35982010000900015,B_aditivos_envasados_mx,"""aditivos alimentarios"" preenvasados",Crossref," Objetivou-se neste estudo avaliar o efeito da adição de ractopamina, cromo-metionina e suas combinações em dietas para suínos em crescimento e terminação sobre o desempenho, as características de carcaça e a qualidade da carne. Sessenta e quatro suínos da linhagem Topigs, com peso inicial de 26,56 ± 3,11 kg, foram distribuídos em delineamento experimental de blocos casualizados em esquema fatorial 2 x 2, com dois níveis de ractopamina (0 e 5 ppm) e dois níveis de cromo-metionina (0 e 400 ppb), totalizando quatro dietas com oito repetições (blocos) por dieta. Em cada uma das três fases, crescimento 1 (de 26,56 kg aos 50,51 kg), crescimento 2 (de 50,51 kg aos 70,32 kg) e terminação (de 70,32 kg aos 114,80 kg), os animais receberam rações fareladas e água à vontade. Ao atingirem o peso vivo de 114,80 ± 4,98 kg, os animais foram abatidos e as carcaças avaliadas quanto ao rendimento de carcaça fria, ao comprimento de carcaça, à espessura de toucinho, à área de olho-de-lombo e à relação gordura:carne. Amostras do músculo longissimus dorsi foram retiradas para mensurações de cor, pH final e perda de peso por gotejamento. A suplementação de ractopamina melhorou a conversão alimentar, o rendimento de carcaça fria, a área de olho-de-lombo, a relação gordura:carne e a perda de peso por gotejamento e reduziu os teores de vermelho e amarelo da carne. O cromo-metionina, embora tenha ocasionado redução no consumo diário de ração, não altera as características de desempenho e de carcaça nem"
"Efeitos genéticos aditivos e não-aditivos em características de crescimento, reprodutivas e habilidade materna em ovinos das raças Santa Inês, Somalis Brasileira, Dorper e Poll Dorset","Barbosa Neto, Adriano Caminha; Oliveira, Sônia Maria Pinheiro de; Facó, Olivardo; Lôbo, Raimundo Nonato Braga",2010,Revista Brasileira de Zootecnia,10.1590/s1516-35982010000900012,B_aditivos_envasados_mx,"""aditivos alimentarios"" preenvasados",Crossref," Efeitos genético aditivo, de dominância e de recombinação em cruzamentos entre as raças Santa Inês (SI), Somalis Brasileira (So), Dorper (Do) e Poll Dorset (Po) foram estimados para as características de crescimento, reprodutivas e de habilidade materna. Os dados foram obtidos da Gaasa e Alimentos LTDA, uma empresa que participa do Programa de Melhoramento Genético de Caprinos e Ovinos (GENECOC) da Embrapa Caprinos. Inicialmente, 3.573 registros foram analisados por meio do procedimento MIXED do pacote estatístico SAS (1999). As análises foram realizadas considerando os efeitos da diferença genética aditiva entre as raças, de dominância e de recombinação. O peso ao nascer foi influenciado pelos efeitos genéticos aditivos, enquanto o peso ao desmame e o ganho de peso pré-desmame foram influenciados por efeitos genéticos não-aditivos. A estimativa de herdabilidade direta para o peso ao nascer foi moderada, o que indica a existência de variabilidade genética passível de ser explorada por meio da seleção individual. Do mesmo modo, as estimativas de herdabilidade das características idade ao primeiro parto e peso total das crias ao nascer indicaram a existência de variabilidade genética para obter ganhos genéticos por meio da seleção. Os genes das raças Poll Dorset e Dorper tiveram papel importante para melhor desempenho ponderal, portanto, essas raças podem ser indicadas como paternas no cruzamento terminal. A utilização de matrizes F1 Santa Inês x Somalis Brasileira em cruzamen"
Digestibilidade aparente da dieta com capim-elefante ensilado com diferentes aditivos,"Carvalho Junior, J.N.; Pires, A.J.V.; Veloso, C.M.; Silva, F.F.; Reis, R.A.; Carvalho, G.G.P.",2010,Arquivo Brasileiro de Medicina Veterinária e Zootecnia,10.1590/s0102-09352010000400019,B_aditivos_envasados_mx,"""aditivos alimentarios"" preenvasados",Crossref," Foram estudados os efeitos da adição de 15% de diferentes aditivos - casca de café, farelo de cacau e farelo de mandioca - à forragem verde de capim-elefante (peso/peso), no momento da ensilagem, sobre a digestibilidade aparente de dietas. Foram usados 20 ovinos machos, não castrados, com média de 22,27±3,24kg de peso corporal, em um delineamento inteiramente ao acaso, com quatro tratamentos e cinco repetições. Os tratamentos foram: T1 = capim-elefante ensilado sem aditivo; T2 = capim-elefante ensilado com 15% de casca de café; T3 = capim-elefante ensilado com 15% de farelo de cacau; T4 = capim-elefante ensilado com 15% de farelo de mandioca. Os animais receberam dieta isoproteica (10% de proteína bruta) em proporção de 60% de volumoso e 40% de concentrado, na base da matéria seca. Utilizou-se o método de coleta total de fezes durante sete dias. Os coeficientes de digestibilidade aparente da matéria seca, proteína bruta, fibra em detergente neutro e fibra em detergente ácido e de digestibilidade verdadeira da proteína bruta foram maiores no capim-elefante ensilado sem aditivo. O coeficiente de digestibilidade do extrato etéreo foi mais alto na silagem sem aditivo e na silagem com farelo de cacau. Os coeficientes de digestibilidade da matéria orgânica e dos carboidratos totais foram mais elevados na silagem sem aditivo e na silagem com farelo de mandioca. Os maiores valores de nutrientes digestíveis totais foram observados nas dietas que continham silagem sem aditivo e silage"
"Novos aditivos microbianos na ensilagem da cana-de-açúcar: composição bromatológica, perdas fermentativas, componentes voláteis e estabilidade aeróbia","Schmidt, Patrick; Rossi Junior, Paulo; Junges, Daniel; Dias, Laila Talarico; Almeida, Rodrigo de; Mari, Lucas José",2011,Revista Brasileira de Zootecnia,10.1590/s1516-35982011000300011,B_aditivos_envasados_mx,"""aditivos alimentarios"" preenvasados",Crossref," Nesta pesquisa, comparou-se a inclusão de aditivo composto por cepas de Lactobacillus brevis + Enterococcus faecium + L. plantarum à inoculação com aditivo comercial contendo cepas de Lactobacillus buchneri e à ensilagem sem aditivos (controle). As silagens foram confeccionadas em silos experimentais e armazenadas por 90 dias antes da abertura do silo. Foram avaliadas a composição bromatológica da cana-de-açúcar antes e após a ensilagem, a composição de ácidos orgânicos e etanol das silagens, a estabilidade aeróbia e as perdas fermentativas durante o processo de ensilagem. O uso do aditivo composto e do aditivo comercial contendo cepas de Lactobacillus buchneri provocou aumento da produção de efluentes e de gases e da perda total de matéria seca. O teor de ácido lático da silagem aumentou com o uso do aditivo composto, embora esse aditivo também tenha elevado o teor de etanol (18,6% da MS) em relação ao da silagem controle (14,4%). A estabilidade aeróbia da silagem não foi influenciada pelos inoculantes adicionados no processo de ensilagem. Os aditivos aplicados prejudicaram o processo de ensilagem da cana-de-açúcar. "
Manzana fresca cortada tratada con aditivos naturales: calidad y aspectos estructurales Fresh-cut apple treated with natural additives: quality and structural aspects,"Alandes, L.; Quiles, A.; Pérez-Munuera, I.; Hernando, I.",2011,CyTA - Journal of Food,10.1080/19476330903503361,B_aditivos_envasados_mx,"""aditivos alimentarios"" preenvasados",Crossref,
"Efectos aditivos de las combinaciones variables de LPL, APOA5 y APOE en los niveles de triglicéridos e hipertrigliceridemia: resultados del subestudio genético ICARIA","Millán Pérez, Joaquín J.",2011,Clínica e Investigación en Arteriosclerosis,10.1016/j.arteri.2011.03.004,B_aditivos_envasados_mx,"""aditivos alimentarios"" preenvasados",Crossref,
Misturas NR/SBR: influência da ordem de adição dos aditivos da mistura e do tipo de carga sobre propriedades mecânicas,"Coelho, Daniel de B.; Mariano, Roberta M.; Zine, Carmen L. G.; Nunes, Regina C. R.; Visconte, Leila L. Y.",2011,Polímeros,10.1590/s0104-14282011005000040,B_aditivos_envasados_mx,"""aditivos alimentarios"" preenvasados",Crossref," Neste trabalho foram preparadas misturas de borracha natural (NR) e copolímero de estireno-butadieno (SBR) na proporção 1:1 em massa. A sequência de adição dos aditivos e a influência de cargas, como negro de fumo e mica, foram avaliadas com relação a propriedades físico-mecânicas. As misturas, feitas em misturador aberto de rolos segundo a norma ASTM D 3182, foram realizadas de quatro modos diferentes para a incorporação dos aditivos. Os vulcanizados foram investigados com relação às propriedades reométricas, propriedades mecânicas de resistências à tração e ao rasgamento, dureza (shore A) e pela densidade de ligações cruzadas, de acordo a respectiva norma ASTM. Os resultados mostram que melhores desempenhos são obtidos quando os aditivos são primeiramente incorporados à SBR. Também foi verificada a superioridade do negro de fumo no aumento da maioria das propriedades mecânicas dos elastômeros, seja na composição com apenas uma das borrachas, seja nas composições com as duas borrachas misturadas. "
Lodos procedentes de la industria de tratamiento de superficies metálicas como aditivos a matrices cerámicas,"Corpas Iglesias, F. A.; Pérez Villarejo, L.; Benítez Guerrero, M.; Artiaga Díaz, R.; Pascual Cosp, J.",2011,Boletín de la Sociedad Española de Cerámica y Vidrio,10.3989/cyv.162011,B_aditivos_envasados_mx,"""aditivos alimentarios"" preenvasados",Crossref,
Consumo e digestibilidade aparente de silagens de Brachiaria brizantha cv marandu adicionada de aditivos,"Jayme, C.G.; Gonçalves, L.C.; Molina, L.R.; Jayme, D.G.; Pires, D.A.A.; Borges, I.; Castro, G.H.F.",2011,Arquivo Brasileiro de Medicina Veterinária e Zootecnia,10.1590/s0102-09352011000300023,B_aditivos_envasados_mx,"""aditivos alimentarios"" preenvasados",Crossref," Avaliaram-se o consumo e a digestibilidade aparente da matéria seca, da proteína bruta e da energia e o balanço de nitrogênio de silagens de Brachiaria brizantha cvmarandusem aditivos (T1), B. brizantha cvmarandu + inoculante bacteriano Sil-ALL C4 (T2), B. brizantha cvmarandu + inoculante bacteriano Bactosilo C Tropical (T3) e B. brizantha cvmarandu + 30% de cana-de-açúcar (T4) em ovinos. Não foram observadas diferenças no consumo de matéria seca (MS), proteína bruta (PB), energia bruta (EB), energia digestível (ED) e energia metabolizável (EM) entre os tratamentos (P&gt;0,05). Os maiores valores de digestibilidade aparente da MS, PB e EB foram para o T2, de 60,9%, 44,3% e 57,5%, respectivamente, e os menores para o T4, 53,0%, 30,0% e 49,5%, respectivamente (P&lt;0,05). Todos os tratamentos apresentaram balanço de nitrogênio positivo e não diferiram entre si. A utilização de inoculantes bacterianos ou cana-de-açúcar não indicou aumento de consumo da matéria seca e energia das silagens. O inoculante SiL ALL C4 (T2) mostrou-se eficiente em aumentar o consumo e a digestibilidade da PB. "
Fundamentos sobre o conhecimento dos aditivos químicos presentes nas luvas de borracha,"Oliveira, Hegles Rosa de; Alchorne, Alice de Oliveira de Avelar",2011,Anais Brasileiros de Dermatologia,10.1590/s0365-05962011000500008,B_aditivos_envasados_mx,"""aditivos alimentarios"" preenvasados",Crossref," FUNDAMENTOS: Uma das causas mais frequentes de dermatite de contato alérgica, de origem ocupacional, são os aditivos da borracha, presentes nos Equipamentos de Proteção Individual. Os aditivos das luvas natural e sintética mais alergênicos são tiurams, mercaptos e carbamatos. OBJETIVO: levantar o nível de conhecimento em relação aos aditivos químicos utilizados na fabricação das luvas de borracha sintética. MÉTODOS: Foi aplicado um questionário aberto a profissionais que trabalham com fabricação, pesquisa, prescrição e comercialização das luvas. Foi adotado o método de pesquisa qualitativa. RESULTADOS: Foram entrevistadas 30 pessoas: 4 pesquisadores na área de Medicina do Trabalho, 5 médicos do Trabalho, 2 técnicos de segurança do Trabalho, 1 médico do sindicato de trabalhadores da borracha, 1 engenheiro de Segurança do Trabalho, 1 engenheira de Produção do setor de fabricação de luvas de borracha, 4 empresários importadores de luvas, 1 empresário fabricante de luvas, 3 empresários que comercializavam Equipamentos de Proteção Individual, 3 vendedores de lojas de Equipamentos de Proteção Individual, 2 empresários de lojas que comercializavam produtos para alérgicos e 3 dermatologistas. CONCLUSÃO: O conhecimento da composição química das luvas é pequeno. A rotulagem das luvas, com a descrição da composição química, facilitaria a escolha do melhor tipo de luva para cada pessoa. Esta ação, de baixo custo para as empresas, seria um ganho, do ponto de vista da saúde pública, e ter"
Uso de aditivos biológicos na ensilagem de forrageiras,"Oliveira, Marcos Rogério; Neumann, Mikael; Oliboni, Rodrigo; Gobetti, Suelen Tulio de Córdova; Faria, Marcos Ventura",2011,Revista Ambiência,10.5777/ambiencia.2011.03.01rb,B_aditivos_envasados_mx,"""aditivos alimentarios"" preenvasados",Crossref,
Composição e pH de silagem de cana-de-açúcar com aditivos químicos e microbiológicos,"Miranda, Daniel César Leite; Dias Júnior, Gilson Sebastião; Lopes, Fernanda; Pereira, Renata Apocalypse Nogueira; Pereira, Marcos Neves",2011,Revista de Ciências Agrárias,10.4322/rca.2012.005,B_aditivos_envasados_mx,"""aditivos alimentarios"" preenvasados",Crossref,
Métodos de estimação de efeitos genéticos não-aditivos para características de peso e perímetro escrotal em bovinos de corte mestiços,"Bueno, Rachel Santos; Torres, Robledo de Almeida; Ferraz, José Bento Sterman; Lopes, Paulo Sávio; Eler, Joanir Pereira; Mourão, Gerson Barreto; Silva, Martinho de Almeida e; Mattos, Elisângela Chicaroni de",2012,Revista Brasileira de Zootecnia,10.1590/s1516-35982012000500009,B_aditivos_envasados_mx,"""aditivos alimentarios"" preenvasados",Crossref," Os objetivos neste trabalho foram investigar, em uma população de bovinos de corte mestiços a obtenção dos efeitos genéticos não-aditivos para as características peso aos 205 e 390 dias e perímetro escrotal e avaliar a consideração desses efeitos na predição dos valores genéticos dos reprodutores utilizando diferentes metodologias de estimação. No método 1, os dados foram pré-ajustados para os efeitos não-aditivos obtidos pelo método de mínimos quadrados em modelo que considerou os efeitos fixos genéticos aditivos diretos e maternos e os não-aditivos, das heterozigoses direta e materna total, e epistasia. No método 2, os efeitos não-aditivos foram considerados covariáveis no modelo genético. Valores genéticos para os dados ajustados e não-ajustados foram preditos considerando efeitos aleatórios no modelo os efeitos aditivos direto e materno e, para peso aos 205 dias, também o efeito permanente de ambiente. Os valores genéticos dos reprodutores nas categorias analisadas, para a característica peso aos 205 dias, foram organizados em arquivos com a finalidade de verificar alterações na magnitude das predições e no ordenamento dos animais, quanto aos dois métodos de correção dos dados para os efeitos não-aditivos. Os efeitos não-aditivos não se assemelham em magnitude e sentido nos dois métodos de estimação utilizados nem para as características avaliadas. Correlações de Pearson e Spearman entre os valores genéticos foram maiores que 0,94. A utilização dos métodos de estimação a"
Formação continuada em matemática de professores polivalentes – dois estudos sobre resolução de problemas aditivos,"Justo, Jutta Cornelia Reuwsaat; Dorneles, Beatriz Vargas",2012,Revemat: revista eletrônica de educação matemática,10.5007/1981-1322.2012v7n1p78,B_aditivos_envasados_mx,"""aditivos alimentarios"" preenvasados",Crossref,
Uso de aditivos na biodegradação de madeira pelo fungo Ceriporiopsis subvermispora: efeito na peroxidação de lipídios dependente de manganês-peroxidase,"Aguiar, André; Ferraz, André",2012,Química Nova,10.1590/s0100-40422012000600007,B_aditivos_envasados_mx,"""aditivos alimentarios"" preenvasados",Crossref,
Aditivos fitogênicos e butirato de sódio como alternativas aos antibióticos para leitões desmamados,"Costa, L.B.; Almeida, V.V.; Berenchtein, B.; Tse, M.L.P.; Andrade, C.; Miyada, V.S.",2011,Archivos de Zootecnia,10.4321/s0004-05922011000300061,B_aditivos_envasados_mx,"""aditivos alimentarios"" preenvasados",Crossref,
Aditivos fitogênicos e butirato de sódio como promotores de crescimento de leitões desmamados,"Costa, L.B.; Berenchtein, B.; Almeida, V.V.; Tse, M.L.P.; Braz, D.B.; Andrade, C.; Mourão, G.B.; Miyada, V.S.",2011,Archivos de Zootecnia,10.4321/s0004-05922011000300056,B_aditivos_envasados_mx,"""aditivos alimentarios"" preenvasados",Crossref,
AVALIAÇÃO DE ADITIVOS ASSOCIADOS NA ENSILAGEM DE CANA-DE-AÇÚCAR Saccharum officinarum 1,"Athayde, Antônio Augusto Rocha",2012,Nucleus,10.3738/1982.2278.728,B_aditivos_envasados_mx,"""aditivos alimentarios"" preenvasados",Crossref,
UTILIZAÇÃO DE ADITIVOS NATURAIS A PARTIR DA MORINGA OLEIFERA LAM PARA O MELHORAMENTO DA ESTABILIDADE OXIDATIVA DO BIODIESEL,"OLIVEIRA, D.; MORAIS, F.; CÂNDIDA, M.; SANTANA, M.; SOUZA, N.; GAMA, G. J.; SILVA, G. F.",2012,"Revista Gestão, Inovação e Tecnologias",10.7198/s2237-0722201200050006,B_aditivos_envasados_mx,"""aditivos alimentarios"" preenvasados",Crossref,
FILME BIODEGRADÁVEL INCORPORADO COM GLICEROL E ADITIVOS NATURAIS,"Cristina M. Quintella; Reis, Letícia Caribé Batista; Barcellos, Amanda Desireux; Machado, Bruna Aparecida Souza; Druzian, Janice Izabel",2011,Cadernos de Prospecção,10.9771/s.cprosp.2011.004.003,B_aditivos_envasados_mx,"""aditivos alimentarios"" preenvasados",Crossref,
Estudo comparativo de metodologias para a determinação do pH em silagens de capim com aditivos seco e nutritivo,"ANDRADE, Alexandro Pereira; QUADROS, Danilo Gusmão de",2012,Revista Acadêmica: Ciência Animal,10.7213/academica.7529,B_aditivos_envasados_mx,"""aditivos alimentarios"" preenvasados",Crossref,
Avaliações das silagens de bagaço de laranja e de milho com diferentes aditivos protéicos,"Pinto, Andrea Pereira; Mizubuti, Ivone Yurika; Ribeiro, Edson Luiz de A; Pereira, Elzania Sales; Bumbieres Junior, Valter H; Pimentel, Patricia Guimaraes; Salmazo, Rafael; Carneiro, Maria Socorro de S",2012,Semina: Ciências Agrárias,10.5433/1679-0359.2012v33supl2p3305,B_aditivos_envasados_mx,"""aditivos alimentarios"" preenvasados",Crossref,
Composição química e degradabilidade ruminal de silagens da cana-de-açúcar tratada com aditivos químicos e bacteriano,"Fortaleza, Ana Paula de S; Silva, Leandro das Dores F da; Zackm, Edward; Barbero, Rondineli Pavezzi; Ribeiro, Edson Luis de A; Pegoraro, Mauricius; Santos, Luiz Eduardo dos; Mizubuti, Ivone Yurika",2012,Semina: Ciências Agrárias,10.5433/1679-0359.2012v33supl2p3341,B_aditivos_envasados_mx,"""aditivos alimentarios"" preenvasados",Crossref,
"Desempenho e características bioquímicas de leitões submetidos a dietas com aditivos probióticos, prebióticos, simbióticos e antibióticos","Névoa, M.L.; Caramori Júnior, J.G.; Corrêa, G.S.S.; Arantes, V.M.; Kamimura, R.; Gonçalves, F.C.; Oliveira, M.S.F.; Santos, A.L.; Nalon, R.P.",2013,Arquivo Brasileiro de Medicina Veterinária e Zootecnia,10.1590/s0102-09352013000200021,B_aditivos_envasados_mx,"""aditivos alimentarios"" preenvasados",Crossref," Avaliaram-se o desempenho e as características bioquímicas de leitões desmamados, utilizando-se aditivos alternativos em substituição aos antibióticos. Foram utilizados 480 leitões machos, distribuídos em delineamento inteiramente ao acaso, composto por cinco tratamentos. A ração foi à base de milho, farelo de soja e um núcleo comercial para leitões. Os tratamentos consistiram em T1: ração sem aditivos, T2: dieta basal com antibiótico, T3: dieta basal com adição de prebiótico, T4: dieta basal com adição de probiótico e T5: dieta basal com adição de simbiótico. Foram avaliados peso corporal, ganho de peso, consumo de ração e conversão alimentar. Em 50 amostras de sangue de leitões, sendo 10 amostras de cada tratamento, avaliaram-se as concentrações séricas de proteínas totais, de albumina e globulina, a relação albumina:globulina e a fosfatase alcalina, creatinina, alanina aminotransferase, aspartato aminotransferase, gama- glutamiltransferase, colesterol, ureia, cálcio e fósforo e a relação cálcio:fósforo. A substituição de antibióticos por aditivos alternativos não influenciou o desempenho nem as características bioquímicas dos leitões. "
Efeito da densidade do fluxo e da presença de aditivos na soldagem ATIG de aço inoxidável austenítico,"Modenesi, Paulo J.; Colen Neto, Pedro; Apolinário, Eustáquio Roberto; Dias, Kássia Batista",2013,Soldagem &amp; Inspeção,10.1590/s0104-92242013000200005,B_aditivos_envasados_mx,"""aditivos alimentarios"" preenvasados",Crossref," A soldagem ATIG é uma variante simples do processo TIG convencional que permite aumentar a penetração da solda e, por exemplo, possibilitar a soldagem em um passe, com penetração total e sem abertura de chanfro, para juntas com espessura de 5 mm ou mais. Diferentes mecanismos foram propostos para explicar este efeito com destaque para o da contração do arco pela presença de íons negativos e o da alteração no movimento de metal líquido na poça de fusão associada com variações da tensão superficial em função da temperatura. O presente trabalho avalia o efeito da quantidade de um fluxo de um componente (óxido de cromo III, Cr2O3) colocado na superfície da peça e de adições de KClO4 e Al2O3 no formato do cordão de solda. Foram realizados três conjuntos de experimentos consistindo na deposição de cordões sobre chapa de aço inoxidável austenítico ABNT 304 com 5 mm de espessura. No primeiro conjunto, variou-se a quantidade de fluxo usada, no segundo, estudou-se o efeito de adições de KClO4 e, no terceiro, de Al2O3. Foram medidos os sinais elétricos (corrente e tensão) durante a soldagem e, em seções transversais dos cordões, a largura, a penetração e a área do cordão. Os resultados indicaram uma pequena variação na tensão de soldagem (aumento inferior a 1 V) na passagem da soldagem TIG para a ATIG. A concentração superficial de fluxo afetou a penetração da solda, ocorrendo um aumento brusco de penetração e área do cordão para concentrações entre 7,5 e 15 g/m², seguido por uma varia"
UTILIZAÇÃO DE ADITIVOS NATURAIS NO BIODIESEL PARA O MELHORAMENTO DA SUA ESTABILIDADE OXIDATIVA,"Oliveira Filho, Djalma Batista; França, Fernanda Rocha Morais; Sant’Anna, Mikele Cândida Sousa; Santana, Maristela de Fátima Simplício de; Leite, Nadjma Souza; Silva, Gabriel Francisco da",2013,Cadernos de Prospecção,10.9771/s.cprosp.2013.006.028,B_aditivos_envasados_mx,"""aditivos alimentarios"" preenvasados",Crossref,
Fuentes ocultas de fósforo: presencia de aditivos con contenido en fósforo en los alimentos procesados,"Arnaudas Casanova, Laura; Caverni Muñoz, Alberto; Lou Arnal, Luis Miguel; Vercet Tormo, Antonio; Gimeno Orna, José Antonio; Moreno López, Rosario; García Mena, Mercedes; Alvarez Lipe, Rafael; Cuberes Izquierdo, Marta; Etaaboudi, Samia; Sahdalá Santana, Laura; Pérez Pérez, Jesús",2013,Diálisis y Trasplante,10.1016/j.dialis.2013.06.001,B_aditivos_envasados_mx,"""aditivos alimentarios"" preenvasados",Crossref,
Definição de grupos genéticos aditivos visando melhor predição de valores genéticos em bovinos de corte,"Oliveira Júnior, Gerson Antônio de; Eler, Joanir Pereira; Ferraz, José Bento Sterman; Petrini, Juliana; Mattos, Elisângela Chicaroni de; Mourão, Gerson Barreto",2013,Revista Brasileira de Saúde e Produção Animal,10.1590/s1519-99402013000200003,B_aditivos_envasados_mx,"""aditivos alimentarios"" preenvasados",Crossref," O objetivo do estudo foi avaliar a estrutura de grupos genéticos aditivos como uma alternativa para melhor ajuste de animais com paternidade desconhecida nas avaliações genéticas. As características estudadas foram: peso a desmama; peso ao sobreano; ganho de peso pós-desmama em 345 dias; perímetro escrotal ao sobreano e o escore visual de musculosidade ao sobreano. Um banco em que todos os animais tinham paternidade conhecida foi utilizado como grupo controle. A partir deste, três cenários foram criados em que 30; 50 ou 70% dos indivíduos foram aleatoriamente assumidos como animais com paternidade desconhecida. As estratégias consideradas de grupos genéticos aditivos foram: ano de nascimento do animal com paternidade desconhecida; fazenda de nascimento do animal com paternidade desconhecida; ano de nascimento e fazenda de nascimento do animal e um grupo controle negativo que manteve os animais com pais desconhecidos. A estratégia adequada de grupo genético aditivo foi escolhida como sendo aquela que resultou em um maior coeficiente de regressão e com valor genético aditivo mais próximos ao predito para os animais do grupo controle. Os resultados que incluíram a estratégia de grupo genético aditivo nos modelos de predição dos valores genéticos mostraram maior coerência com o grupo controle, frente a não inclusão destes nas análises. Dentre as estratégias propostas, ano de nascimento e fazenda de nascimento do animal e apenas ano de nascimento do animal com paternidade desconh"
APROVEITAMENTO DA BIOMASSA PARA DESENVOLVIMENTO TECNOLÓGICO DE ADITIVOS MELHORADORES DE CETANO,"Universidade Federal da Paraíba; BRANDÃO, M.C.R.; ATHAYDE-FILHO, P.F.; SOUZA, J.K.D.",2013,ANAIS DO SIMPÓSIO INTERNACIONAL DE INOVAÇÃO TECNOLÓGICA - SIMTEC,10.7198/s2318-34032013001032,B_aditivos_envasados_mx,"""aditivos alimentarios"" preenvasados",Crossref,
Estimación de la incidencia de la hepatitis B en Cataluña mediante modelos aditivos generalizados y su relación con las tasas de inmigración y vacunación,"Oviedo, M.; Muñoz, M.P.; Domínguez, Á.",2013,Vacunas,10.1016/j.vacun.2013.08.001,B_aditivos_envasados_mx,"""aditivos alimentarios"" preenvasados",Crossref,
"Desempenho, características qualitativas da carcaça e da carne de novilhas Brangus suplementadas em pastagem recebendo diferentes aditivos nutricionais","Comparin, Marco Aurélio Scarton; Morais, Maria da Graça; Alves, Fabiana Villa; Coutinho, Marcelo Aranda da Silva; Fernandes, Henrique Jorge; Feijó, Gelson Luís Dias; Oliveira, Luiz Orcirio Fialho de; Coelho, Roberta Gomes",2013,Revista Brasileira de Saúde e Produção Animal,10.1590/s1519-99402013000300015,B_aditivos_envasados_mx,"""aditivos alimentarios"" preenvasados",Crossref," Objetivou-se avaliar a eficiência de dietas contendo diferentes aditivos sobre o desempenho, características qualitativas da carcaça e da carne de 150 novilhas Brangus suplementadas a pasto diariamente com 0,32% do peso vivo. Os tratamentos foram: suplemento base (sem aditivos); farinha de algas calcárias (Lithothamnium calcareum) adicionada ao suplemento base; vitamina E e selênio orgânico adicionados ao suplemento base; gordura protegida adicionada ao suplemento base; uma aplicação por via subcutânea de vitamina D 7 dias antes do abate + suplemento base; e uma associação de vitamina E, selênio orgânico e gordura protegida adicionados ao suplemento base + uma aplicação por via subcutânea de vitamina D 7 dias antes do abate. Os animais foram suplementados por 109,80 ± 11,71 dias, quando foram abatidos ao alcançarem 337,95 ± 20,56kg de PV. O delineamento experimental foi inteiramente casualizado, com seis tratamentos e 25 repetições. O desempenho, as características de carcaça e da carne não foram afetados pelos aditivos utilizados. A média da área de olho de lombo de 52,00 cm² e a média da espessura de gordura subcutânea de 3,58mm dos animais que receberam a associação de aditivos não diferiram dos valores dos animais do tratamento controle. A adição de vitamina D3 não teve efeito sobre a força de cisalhamento da carne. O uso de aditivos conforme os protocolos adotados não foi eficiente para melhorar o desempenho, as características de carcaça e as características físicas da"
Efeito de aditivos na composição bromatológica e qualidade de silagens de coproduto do desfibramento do sisal,"Brandão, Luiz Gustavo Neves; Pereira, Luiz Gustavo Ribeiro; Azevêdo, José Augusto Gomes de; Santos, Rafael Dantas dos; Araújo, Gherman Garcia Leal de; Dórea, João Ricardo Rebouças; Neves, André Luis Alves",2013,Semina: Ciências Agrárias,10.5433/1679-0359.2013v34n6p2991,B_aditivos_envasados_mx,"""aditivos alimentarios"" preenvasados",Crossref,
Aditivos alimentares na dieta de bovinos confinados,"Barducci, R.S.; Sarti, L.M.; Millen, D.D.; Pacheco, R.D.L.; Baldin, S.R.; Parra, F.S.; Putarov, T.C.; Martins, C.L.; Arrigoni, M.D.B.",2013,Arquivo Brasileiro de Medicina Veterinária e Zootecnia,10.1590/s0102-09352013000600002,B_aditivos_envasados_mx,"""aditivos alimentarios"" preenvasados",Crossref," O objetivo do presente trabalho foi avaliar o efeito da inclusão do preparado de anticorpos policlonais (PAP) e/ou da monensina sódica (MON) sobre o desempenho, as características da carcaça, o perfil de ácidos graxos da carcaça (PAG) e a concentração de lipoproteínas sanguíneas (CLS) de bovinos confinados. O delineamento experimental foi inteiramente ao acaso, em arranjo fatorial 2 x 2, com medidas repetidas no tempo, sendo os fatores a inclusão ou não de MON e PAP avaliados em dois períodos, em que 72 bovinos machos da raça Brangus, não castrados, foram alocados em 24 baias (três animais/baia), totalizando seis repetições por tratamento. Não foi observado efeito (P&gt;0,05) da inclusão do PAP para nenhuma das varáveis de desempenho e características de carcaça. Contudo, foi observado efeito (P&lt;0,05) da inclusão de MON, em que animais que receberam MON apresentaram maiores ganho de peso diário (1,666 vs. 1,552), ganho de peso total (179,95 vs. 167,68), peso vivo final (474,86 vs. 459,61), peso de carcaça quente (248,46 vs. 240,20), melhor conversão alimentar (5,57 vs. 5,79) e reduzido custo para ganhar um quilo de peso vivo (3,06 vs. 3,18). Ainda não foi observado efeito principal (P&gt;0,05) dos aditivos para o PAG e a CLS. Assim, a inclusão do PAP não foi boa alternativa à substituição da MON. Por outro lado, a inclusão do PAP não afetou negativamente os itens estudados. "
Cinética de degradação ruminal de silagens de Brachiaria brizantha com diferentes aditivos microbianos,"Prado, Odimári Pricila Pires do; Fernandes, Danielle Bandeira; Bumbieris Junior, Valter Harry; Mizubuti, Ivone Yurika; Ribeiro, Edson Luis de Azambuja; Massaro Junior, Fernando Luiz; Peixoto, Eduardo Lucas Terra; Silva, Leandro Das Dores Ferreira da; Muniz, Carolina Amália De Souza Dantas; Barbosa, Marco Aurélio Alves de Freitas",2013,Semina: Ciências Agrárias,10.5433/1679-0359.2013v34n6supl2p4025,B_aditivos_envasados_mx,"""aditivos alimentarios"" preenvasados",Crossref,
Cinética de degradação ruminal de silagens de Brachiaria decumbens com diferentes aditivos nitrogenados,"Prado, Odimári Pricila Pires do; Bumbieris Júnior, Valter Harry; Floriano, Anderson Rogério; Abreu, Paula Franciele da Silva; Mizubuti, Ivone Yurika; Ribeiro, Edson Luis de Azambuja; Massaro Junior, Fernando Luiz; Peixoto, Eduardo Lucas Terra; Silva, Leandro Das Dores Ferreira da; Barbosa, Marco Aurélio Alves de Freitas",2013,Semina: Ciências Agrárias,10.5433/1679-0359.2013v34n6supl2p4093,B_aditivos_envasados_mx,"""aditivos alimentarios"" preenvasados",Crossref,
Efeito de Aditivos Desaerantes nas Características de Compósitos de Epóxi/Fibras de Vidro,"Oliveira, Alexsandro; Becker, Cristiane Miotto; Amico, Sandro Campos",2014,Polímeros Ciência e Tecnologia,10.4322/polimeros.2014.059,B_aditivos_envasados_mx,"""aditivos alimentarios"" preenvasados",Crossref,
EFEITOS DE ADITIVOS POLIMÉRICOS NAS PROPRIEDADES REOLÓGICAS E DE FILTRAÇÃO DE FLUIDOS DE PERFURAÇÃO,"Lucena, Danielly Vieira de; Lira, Hélio de Lucena; Amorim, Luciana Viana",2014,Tecnologia em Metalurgia Materiais e Mineração,10.4322/tmm.2014.010,B_aditivos_envasados_mx,"""aditivos alimentarios"" preenvasados",Crossref,
Efeito de vitaminas e esterol como aditivos foliares no desenvolvimento de Bombyx mori L. e influência do modo de aplicação,"Bortoli, Sergio Antonio De; Dias, Luciane Sandrini; Takahashi, Roque; Miranda, José Ednilson; De Bortoli, Caroline Placidi",2014,Arquivos do Instituto Biológico,10.1590/s1808-16572014000100010,B_aditivos_envasados_mx,"""aditivos alimentarios"" preenvasados",Crossref," O objetivo deste estudo foi avaliar os efeitos e os métodos de aplicação dos aditivos foliares decanoato de nandrolona (esteroide anabolizante) a 0,5%, ácido ascórbico (vitamina C) a 0,5%, palmitato de retinol (vitamina A) a 0,5% e acetato de retinol (vitamina A) a 1,0% em alguns parâmetros biológicos do bicho-da-seda. No experimento do modo de aplicação (pulverização foliar antes do fornecimento, depois do fornecimento e por imersão antes do fornecimento) foram utilizados: decanoato de nandrolona 0,5%; ácido ascórbico 0,5%; e palmitato de retinol 0,5%. No ensaio de desenvolvimento do inseto foram avaliados: duração e viabilidade larval; peso de casulo; taxa de encasulamento; teor líquido de seda; longevidade de adultos; número de ovos por fêmea; e duração do período de subida ao bosque. Para o modo de aplicação determinaram-se: ganho de peso, comprimento, diâmetro do tórax e diâmetro do abdome de lagartas de 5º ínstar, assim como comprimento, diâmetro e peso de glândula sericígena. Os resultados mostraram que, apesar de o ácido ascórbico proporcionar os melhores valores para o desenvolvimento corpóreo das lagartas, este não corresponde a incrementos significativos na produção; o palmitato de retinol não melhora o desenvolvimento das lagartas; o acetato de retinol e o palmitato de retinol prolongam o período larval, sem, no entanto, alterar significativamente os parâmetros de produção; a imersão de folhas antes do fornecimento às lagartas é mais viável para a aplicação dos a"
Desempenho e rendimento de carcaça de frangos de corte alimentados com mistura de aditivos fitogênicos na dieta,"Koiyama, Natália Thaís Gonçalves; Rosa, Alexandre Pires; Padilha, Marília Terezinha Sangoi; Boemo, Lenise Schröder; Scher, Anelcir; Melo, Andréia Medianeira da Silva; Fernandes, Mariane de Oliveira",2014,Pesquisa Agropecuária Brasileira,10.1590/s0100-204x2014000300009,B_aditivos_envasados_mx,"""aditivos alimentarios"" preenvasados",Crossref," O objetivo deste trabalho foi avaliar o efeito de misturas de aditivos fitogênicos na dieta de frangos de corte, sobre seu desempenho zootécnico e rendimento de carcaça. Foram avaliados 660 pintos de sexo misto, entre 1 e 42 dias de idade, em delineamento inteiramente casualizado, com cinco tratamentos e seis repetições de 22 aves (11 machos e 11 fêmeas). Além do controle, foram avaliados tratamentos com antibiótico (10 ppm de virginiamicina) ou com misturas de aditivos fitogênicos: mistura A, 150 ppm de óleos essenciais de alecrim, cravo, gengibre e orégano; mistura B, 150 ppm de óleos essenciais de canela, sálvia, tomilho branco e óleo-resina de copaíba; e mistura A+B, 50% da mistura A e 50% da B. A mistura B proporcionou maior ganho de peso e melhor conversão alimentar das aves, no período de 36 a 42 dias de idade. No período total do experimento, o antibiótico e a mistura B proporcionaram maior ganho de peso das aves. O consumo de ração foi maior com o antibiótico do que com o controle. A mistura A+B e o tratamento controle proporcionaram maior rendimento de coxa+sobrecoxa e maior peso relativo do baço. As mistura B e A+B apresentam potencial como melhoradores de desempenho para frangos de corte. "
MAPEAMENTO PATENTÁRIO DE RECUPERAÇÃO AVANÇADA DE PETRÓLEO (EOR) COM ADITIVOS POLIMÉRICOS/BIOPOLIMÉRICOS E SURFACTANTES,"Marques, Landson Soares; Carvalho, Robert R.; Souza, Marciele A.; Santos, Lauro Tiago S.; Guimarães, Alexandre Kamei; Quintella, Cristina M.",2014,Cadernos de Prospecção,10.9771/s.cprosp.2014.007.021,B_aditivos_envasados_mx,"""aditivos alimentarios"" preenvasados",Crossref,
Valor nutricional de silagem de capim-mombaça com aditivos agroindustriais,"Oliveira, Euclides Reuter de; Monção, Flávio Pinto; Moura, Lais Valenzuela; Gabriel, Andréa Maria de Araújo; Góes, Rafael Henrique de T. B. de; Lempp, Beatriz; Nascimento, Felipe De Almeida",2014,Semina: Ciências Agrárias,10.5433/1679-0359.2014v35n3p1543,B_aditivos_envasados_mx,"""aditivos alimentarios"" preenvasados",Crossref,
"Separación de los efectos epistáticos, aditivos y dominantes en maíz.","Mendoza, Mariano; López, Alfonso; Rodríguez, Sergio A.; De León, Carlos; Jeffers, Dan",2014,Agronomía Mesoamericana,10.15517/am.v13i1.12231,B_aditivos_envasados_mx,"""aditivos alimentarios"" preenvasados",Crossref,
Efectos genéticos aditivos y no aditivos en cruces rotacionales holstein×jersey y holstein×pardo suizo,"Vargas-Leitón, Bernardo; José Romero-Zúñiga, Juan",2010,Agronomía Mesoamericana,10.15517/am.v21i2.4885,B_aditivos_envasados_mx,"""aditivos alimentarios"" preenvasados",Crossref,
Uso de aditivos e tempo de abertura dos silos em silagens de estilosantes campo grande,"Silva, Mábio Silvan José da; Jobim, Clóves Cabreira; Nascimento, Willian Gonçalves do; Ferreira, Geane Dias Gonçalves; Oliveira, Marcos Rogério",2014,Revista Brasileira de Saúde e Produção Animal,10.1590/s1519-99402014000200001,B_aditivos_envasados_mx,"""aditivos alimentarios"" preenvasados",Crossref," Objetivou-se avaliar o potencial de utilização do estilosantes campo grande na forma de silagem, através do valor nutritivo de silagens a vácuo, submetidas a diferentes tempos de abertura e uso de aditivos. Utilizou-se um delineamento inteiramente casualizado em esquema fatorial 4 x 4, sendo quatro tratamentos: sem inoculante; com inoculante; com inoculante mais uréia e apenas com uréia, com quatro tempo de abertura (14, 28, 42 e 56 dias) e quatro repetições. Observou-se que as silagens sem inoculante apresentaram menores valores de pH e de temperatura, em relação aos demais tratamentos. Todas as silagens apresentaram maiores índices de recuperação da matéria seca no primeiro tempo de abertura, diminuindo posteriormente. As silagens de estilosantes apresentaram altas concentrações de proteína bruta, em média 167,30g/kg de MS, sendo os maiores valores encontrados nas silagens com adição de uréia. As silagens sem o uso de aditivo apresentaram melhor composição químico-bromatológica, em relação aos demais tratamentos com aditivos, sendo observados valores médios de 539,17g/kg e 665,79g/kg de MS, para as concentrações de nutrientes digestíveis totais e digestibilidade ""in vitro"" da matéria seca, respectivamente. O estilosantes campo grande apresenta potencial para ser utilizado na forma de silagem. "
Caracterização física e mecânica de um compósito de polipropileno reciclado e farinha de madeira sem aditivos,"Battistelle, Rosane; Viola, Natalia Martin; Bezerra, Barbara Stolte; Valarelli, Ivaldo De Domenico",2014,Matéria (Rio de Janeiro),10.1590/s1517-70762014000100003,B_aditivos_envasados_mx,"""aditivos alimentarios"" preenvasados",Crossref,"  Compósitos de matriz polimérica reciclada reforçados com farinha de madeira podem ser uma alternativa viável para a substituição da madeira e de polímeros virgens em materiais empregados em pisos, batentes de portas, janelas e revestimentos externos. O objetivo desta pesquisa foi determinar alguns parâmetros físicos e mecânicos de compósito com farinha de madeira de Pinus taeda e elliotti e polipropileno reciclado, sem o emprego de compatibilizantes ou aditivos. Os compósitos foram separados em quatro traços, sendo eles: 100% polipropileno, 90% polipropileno com 10% de farinha de madeira, 80% de polipropileno com 20% de farinha de madeira e 70% de polipropileno com 30% de farinha de madeira. Para caracterização do compósito foram utilizadas as normas ASTM D-638-10, ASTM D256-00, ASTM D570-98, ASTM D1238-10 e ASTM G-155-05 e também a análise de superfície por microscopia eletrônica de varredura. Os ensaios de estabilidade dimensional apresentaram resultados satisfatórios. Mesmo o compósito com maior porcentagem de farinha de madeira (30%) apresentou um melhor índice de fluidez de 10,0MFI, sendo considerado compatível com os índices para PP (polipropileno) virgem da norma ASTM D-1238-10. A inclusão de farinha de madeira (FM) proporcionou a obtenção de compósitos com boas características mecânicas que podem ser aplicados na fabricação de diferentes materiais, empregados especificamente em ambientes externos. "
Evaluación del ensilaje del pasto Ratana (Ischaemum indicum Houtt.) con tres diferentes aditivos.,"Boschini-Figueroa, Carlos; Pineda-Cordero, Luis; Chacón-Hernández, Pablo",2014,Agronomía Mesoamericana,10.15517/am.v25i2.15435,B_aditivos_envasados_mx,"""aditivos alimentarios"" preenvasados",Crossref," El objetivo de este trabajo fue evaluar las características del proceso de fermentación del pasto Ratana (Ischaemum indicum Houtt.) y la calidad del ensilado, al agregar tres aditivos. El experimento se llevó a cabo en la provincia de Limón, Costa Rica, durante el periodo de julio a diciembre del 2011; zona con una temperatura de 24,5 °C; una altura de 249 msnm y precipitación de 4577,2 mm anuales distribuidos principalmente de mayo a diciembre. Se empleó un diseño de bloques completos al azar, con cuatro repeticiones y nueve tratamientos: ensilado con melaza, maíz molido o pulpa de cítricos deshidratada como aditivos, en tres niveles de adición ortogonales. Las pérdidas de material más importantes se produjeron con melaza o pulpa de cítricos (p&lt;0,05) con disminuciones en base fresca de 13,27% y 14,42%, respectivamente; mientras que el ensilaje con maíz molido tuvo mermas de 11,68%. No se encontró ninguna diferencia (p&gt;0,05) en los porcentajes de materia seca (MS), fibra neutrodetergente (FND), fibra ácido detergente (FAD), hemicelulosa y cenizas en los ensilajes de ninguno de los tratamientos. La proteína cruda (PC), celulosa y extracto etéreo (EE) difirieron según el porcentaje de aditivo agregado (p&lt;0,05). Los niveles de pH encontrados fueron estadísticamente menores (p&lt;0,05) en los tratamientos que incluyeron melaza (4,84), que en los ensilados con maíz (5,10) o citropulpa (5,02). Finalmente, todos los tratamientos analizados presentaron características organ"
Modelagem estatística para estimação da população de protozoários ruminais em função da relação volumoso: concentrado na dieta e da presença de aditivos,"Jesus, Lisiane Pereira de; Cabral, Luciano da Silva; Espinosa, Mariano Martinez; Abreu, Joadil Gonçalves de; Zervoudakis, Joanis Tilemahos; Morenz, Mirton José Frota",2012,Revista Brasileira de Saúde e Produção Animal,10.1590/s1519-99402012000100009,B_aditivos_envasados_mx,"""aditivos alimentarios"" preenvasados",Crossref," Objetivou-se com a realização deste trabalho desenvolver modelos estatísticos para estimar as variações da população de protozoários ruminais em função da relação volumoso:concentrado e da presença ou não de aditivos na dieta. Foram construídas planilhas mediante a utilização do software Excel com dados referentes à composição da dieta, presença e ausência de aditivos e do número de protozoários do rúmen de bovinos de 23 artigos científicos e três teses realizados no Brasil. Estas variáveis foram utilizadas e testadas para obtenção da equação para predição do perfil da população de protozoários. Os modelos estatísticos obtidos foram verificados por análise residual e a seleção das variáveis foi realizada considerando o nível de significância de 5% de probabilidade do erro experimental. Verificou-se que dietas com maior proporção de volumosos favorecem o incremento na população de protozoários totais e em particular, de Entodinium, enquanto a presença de ionóforos reduz o número desses microorganismos ruminais. O modelo estatísticos desenvolvido pode auxiliar na identificação antecipada de fatores nutricionais limitantes para o desenvolvimento da microbiota ruminal. "
POTENCIAL DEL ALMIDÓN RESISTENTE RETROGRADADO DE PAPA FRENTE A OTROS ADITIVOS FUNCIONALES USADOS EN POLLOS DE ENGORDE,"Rodríguez-Aguilar, D.; Ariza-Nieto, C. J.; Afanador-Téllez, G.",2014,Revista de la Facultad de Medicina Veterinaria y de Zootecnia,10.15446/rfmvz.v61n1.43883,B_aditivos_envasados_mx,"""aditivos alimentarios"" preenvasados",Crossref,
Caracterización de asfaltos modificados con diferentes aditivos,"Elizondo Arrieta, Fabián; Salazar Delgado, Jorge; Villegas Villegas, Ernesto",2011,Revista Ingeniería,10.15517/ring.v20i1-2.7267,B_aditivos_envasados_mx,"""aditivos alimentarios"" preenvasados",Crossref,
Características Fermentativas da Silagem de Capim-Elefante Contendo Diferentes Aditivos,"Mota, P.É.S.; Moura, R.L.; Carvalho, W.F.; Silva, S.F.; Oliveira, E.M.; Santana, F.A.S.; Portela, G.L.F.; Oliveira, M.R.A.",2012,Revista Científica de Produção Animal,10.15528/2176-4158/rcpa.v14n2p133-137,B_aditivos_envasados_mx,"""aditivos alimentarios"" preenvasados",Crossref,
Desempenho produtivo e concentrações de N-ureico em ovinos alimentados com parte aérea da mandioca ensilada com aditivos alternativos,"Oliveira, Jucimara Queiroz de; Loures, Daniele Rebouças Santana; Bagaldo, Adriana Regina; Araujo, Fabiana Lana de; Sousa, Sabrina Luzia Gregio de; Andrade, Marilice Alves de; Lima, Mailin Vasconcelos dos Santos; Almeida, Bruna de Jesus",2014,Revista Brasileira de Saúde e Produção Animal,10.1590/s1519-99402014000300009,B_aditivos_envasados_mx,"""aditivos alimentarios"" preenvasados",Crossref," Objetivou-se avaliar a parte aérea da mandioca ensilada in natura, sem e com adição de 10% de farinha de varredura, farelo de jaca ou bagaço de laranja, na alimentação de ovinos confinados. Avaliou-se o desempenho produtivo e parâmetro sanguíneo, de 28 cordeiros não castrados, mestiços da raça Santa Inês, pesando inicialmente em média 22,0kg. Foram 14 dias de adaptação dos animais às dietas e às instalações e 56 de coleta de dados. Os consumos (g/animal/dia) de matéria seca, matéria orgânica, proteína bruta, extrato etéreo, fibra insolúvel em detergente neutro (FDN), carboidratos não fibrosos e FDN corrigido para cinzas e proteína, não diferiram e apresentaram as seguintes médias: 1466,7; 1448,5; 253,4; 69,8; 498,7; 662,0 e 410,8 respectivamente. A concentração média (24,8mg/dL) de nitrogênio ureico plasmático, não diferiu, mas, o efeito de tempo após alimentação apresentou comportamento quadrático, com pico de concentração, aproximadamente, às 3 horas. O ganho de peso médio (207,5g/dia), a média de peso final (30,1kg PC), o ganho de peso médio total (11,6kg) e a conversão alimentar (7,3kg MS/kg peso ganho) não foram influenciados pelas dietas. Conclui-se que as silagens de parte aérea da mandioca com ou sem os aditivos alternativos podem ser utilizadas na alimentação de ovinos. "
"Efeitos genéticos aditivos e não aditivos, grupo genético e sistema de acasalamento nas características métricas da carcaça de novilhos oriundos do cruzamento alternado contínuo Charolês x Nelore","Pacheco, Paulo Santana; Restle, João; Vaz, Fabiano Nunes; Brondani, Ivan Luiz; Alves Filho, Dari Celestino; Silveira, Magali Floriano da; Segabinazzi, Luciane Rumpel; Freitas, Leandro Da Silva; Severo, Marcelo Machado; Nigeliskii, André Fogaça",2014,Semina: Ciências Agrárias,10.5433/1679-0359.2014v35n6p3319,B_aditivos_envasados_mx,"""aditivos alimentarios"" preenvasados",Crossref,
Ureia e glicerina bruta como aditivos na ensilagem de cana-de-açúcar,"Dias, A.M.; Ítavo, L.C.V.; Ítavo, C.C.B.F.; Blan, L.R.; Gomes, E.N.O.; Soares, C.M.; Leal, E.S.; Nogueira, E.; Coelho, E.M.",2014,Arquivo Brasileiro de Medicina Veterinária e Zootecnia,10.1590/1678-7349,B_aditivos_envasados_mx,"""aditivos alimentarios"" preenvasados",Crossref," Objetivou-se avaliar a inclusão de ureia e glicerina bruta como aditivos na ensilagem da cana-de-açúcar, na composição químico-bromatológica, pH, N-amoniacal (N-NH3) e digestibilidade in vitro (DIV). Os tratamentos foram quatro doses de ureia, 0, 10, 20 e 30 g de ureia por kg de cana-de-açúcar na ensilagem, e cinco doses de glicerina bruta, 0, 10, 20, 30 e 40g de glicerina bruta por kg de cana-de-açúcar na ensilagem. As silagens foram armazenadas por 180 dias. O tratamento com ureia afetou a maioria das variáveis relacionadas ao valor nutritivo, aumentando os teores de matéria seca (MS) e proteína (PB) (2,58; 7,76; 18,70 e 19,31%), reduzindo os teores de fibra em detergente neutro (FDN) e melhorando a DIV da MS (42,61; 48,53; 50,69 e 51,18%) e FDN (38,81; 39,23; 41,06 e 43,46%), e as características fermentativas da silagem, apresentando valores de pH de 3,49; 3,86; 4,18 e 3,93 e de N-NH3 de 1,72; 3,80; 7,88 e 9,00, para as dose de 0, 10, 20 e 30 g, respectivamente. A glicerina bruta aumentou os teores de MS e extrato etéreo (1,45; 3,03; 3,62; 3,41 e 4,38%), melhorou a DIV da MS com valores de 49,61; 52,24; 53,28; 55,60 e 56,09% e reduziu perdas por gases durante o processo de fermentação, apresentando médias de 6,69; 5,97; 5,89; 5,51 e 5,48% da MS para as doses 0, 10, 20, 30 e 40g, respectivamente. Assim, a ureia e a glicerina bruta podem ser utilizadas como aditivos na ensilagem da cana-de-açúcar. "
Aditivos alternativos a antibióticos para frangos de corte no período de 22 a 42 dias de idade,"Ramos, Lidiana de Siqueira Nunes; Lopes, João Batista; Ribeiro, Mabell Nery; Silva, Francisco Eduardo Soares; Merval, Ramon Rêgo; Albuquerque, Daniel Medeiros de Noronha",2014,Revista Brasileira de Saúde e Produção Animal,10.1590/s1519-99402014000400014,B_aditivos_envasados_mx,"""aditivos alimentarios"" preenvasados",Crossref," A pesquisa foi conduzida para avaliar o desempenho, metabolizabilidade dos nutrientes e rendimento de carcaça e dos principais cortes comerciais de frangos de cortes alimentados com dietas contendo aditivos alternativos a antibióticos promotores de crescimento, no período de 22 a 42 dias. Os tratamentos foram constituídos de uma ração controle padrão para atender as exigências das aves em cada fase e os demais adicionados de antibiótico; probióticos, prebióticos e simbióticos, com quatro repetições. O uso de probiótico (Lactobacillus acidophilus, Streptococcus faecium e Bifidumbacterium bifidum), do prebiótico (mananoligossacarídeo - MOS) e simbióticos, em ração de frangos de corte, proporciona resultado semelhante ao uso do antibiótico avilamicina 12% para desempenho, rendimento de carcaça e cortes comerciais (peito, dorso, coxa, sobrecoxa, asas, entreasas), coeficiente de metabolizabilidade da matéria seca, da proteína bruta e da energia bruta, no período de 22 a 42 dias de idade, constituindo esses aditivos em alternativa importante na substituição dos antibióticos promotores de crescimento. "
Abordando o Tema Alimentos Embutidos por Meio de uma Estratégia de Ensino Baseada na Resolução de Casos: Os Aditivos Alimentares em Foco,"Freitas-Reis, Ivoni; Faria, Fernanda Luiza de",2015,Química Nova na Escola,10.5935/0104-8899.20150009,B_aditivos_envasados_mx,"""aditivos alimentarios"" preenvasados",Crossref,
The utility of written numerals for preschool children when solving additive problems / La utilidad de los numerales escritos en la resolución de problemas aditivos en niños preescolares,"Alvarado, Mónica",2015,Estudios de Psicología,10.1080/02109395.2014.1000026,B_aditivos_envasados_mx,"""aditivos alimentarios"" preenvasados",Crossref,
AVALIAÇÃO DE ADITIVOS UTILIZADOS PARA AUMENTO DA EFICIÊNCIA NUTRICIONAL NA BOVINOCULTURA,"Machado, A. M. C.; Janini, A. P. R.; Vicente, E. F.",2014,Revista Brasileira de Engenharia de Biossistemas,10.18011/bioeng2014v8n3p250-254,B_aditivos_envasados_mx,"""aditivos alimentarios"" preenvasados",Crossref," Atualmente o setor pecuário necessita e exige eficiência de sistemas produtivos para garantir uma maior competitividade e rentabilidade, tais como a criação racional de bovinos para alcançar uma maior eficiência na produção de alimentos, principalmente carne e leite. Serão abordados neste breve estudo os aspectos fundamentais na nutrição de ruminantes em relação à microbiota do rúmen e a utilização de diferentes aditivos para aperfeiçoar o balanço nutricional da produção de bovinos de corte. "
ADITIVOS NO PROCESSO DE ENSILAGEM,"LALA, B.; PEREIRA, V. V.; POSSAMAI, A. P.S.; DINIZ, P. P.; SILVA, S. C.C; GRANDE, P. A.",2010,Revista Brasileira de Engenharia de Biossistemas,10.18011/bioeng2010v4n3p175-183,B_aditivos_envasados_mx,"""aditivos alimentarios"" preenvasados",Crossref," O objetivo desta revisão foi relacionar os diferentes tipos de aditivos utilizados para ensilagem, seus efeitos e formas de utilização. O processo de ensilagem visa a boa conservação da cultura para utilizar com animais confinados em períodos de alimentação escassa, e para um melhor aproveitamento do material ensilado, o uso de aditivos é necessário. Dentre os aditivos destacam-se os estimuladores da fermentação, os inibidores da fermentação, os estimuladores da estabilidade aeróbia e os nutrientes. A decisão sobre qual aditivo usar dependerá principalmente do custo de utilização e a relação deste com os benefícios alcançados. "
EFETIVIDADE DAS NORMAS CONSTITUCIONAIS E SENTENÇAS COM EFEITOS ADITIVOS NA JUSTIÇA CONSTITUCIONAL PORTUGUESA E BRASILEIRA,"Silva de Amorim, Camila",2015,Revista Direito e Política,10.14210/rdp.v10n2.p871-906,B_aditivos_envasados_mx,"""aditivos alimentarios"" preenvasados",Crossref," A partir da análise da eficácia ou da efetividade das normas jurídicas no exercício da jurisdição constitucional cumpre analisar o papel cada vez mais marcante nos casos de omissão legislativa do órgão constitucional. Da comparação entre a legislação do Brasil e do país irmão, Portugal, dada a influência deste em nosso controle de constitucionalidade, percebermos que o chamado ativismo judicial é notório na jurisprudência pátria. Assim, a análise hermenêutica constitucional nos permite traçar uma posição mais crítica sobre a famigerada atuação judicial do órgão de cúpula a quem incumbe à guarda da Constituição. "
Avaliação das características da resina epóxi com diferentes aditivos desaerantes,"Oliveira, Alexsandro; Becker, Cristiane Miotto; Amico, Sandro Campos",2015,Polímeros,10.1590/0104-1428.1661,B_aditivos_envasados_mx,"""aditivos alimentarios"" preenvasados",Crossref," Este trabalho tem por objetivo a busca por técnicas alternativas para diminuir a incidência de vazios em resinas poliméricas e, por consequência, em materiais compósitos. Foram produzidas formulações diferentes utilizando resina epóxi à base de éter diglicidílico do Bisfenol A, endurecedor de poliamina alifática com e sem a adição de diferentes aditivos desaerantes a base de éteres e ésteres modificados. As formulações produzidas foram submetidas a condições extremas de agitação e processamento, sendo posteriormente avaliadas quanto a incidência de bolhas e vazios, densidade, propriedades mecânicas, morfológicas e térmicas. Os resultados foram bastante positivos quanto à diminuição da quantidade e do tamanho de poros pela utilização de técnicas de desgaseificação a vácuo e pelo uso de aditivos desaerantes. "
Efeito de aditivos no comportamento reológico do rejeito da bauxita,"Gonçalves, S. G.; Ferreira, K. C.; Brum, S. M.; Souza, J. A. S.; Felipe, A. M. P. F.",2015,Cerâmica,10.1590/0366-69132015613571808,B_aditivos_envasados_mx,"""aditivos alimentarios"" preenvasados",Crossref," Na mineração da bauxita no município de Paragominas-PA, são descartados no processo de beneficiamento rejeitos com teor de sólido de 33,5% e granulometria muito fina com D50 abaixo de 5 µm. Esses fatores contribuem para que esta suspensão formada basicamente por silico-aluminatos, com elevada concentração de argila caulinitica, apresente aumento na viscosidade e na tensão inicial de escoamento, fatores importantes durante o processo de bombeamento. Foi realizada análise granulométrica e determinadas as composições químicas e mineralógicas do material. Avaliou-se a utilização dos aditivos hexametafosfato de sódio e poliacrilamida 25% aniônica visando à diminuição da viscosidade. Os resultados mostram diminuição da viscosidade com a adição de 23,8 g/ton para a poliacrilamida e 101,75 g/ton para o hexametafosfato de sódio. A granulometria da polpa de bauxita descartada e o pH influenciam no comportamento dos aditivos reológicos. "
Seleção de aditivos para redução da toxicidade do quartzo em formulações cerâmicas,"Escrig, A.; Ibáñez, M. J.; Monfort, E.; Bonvicini, G.; Salomoni, A.; Creutzenberg, O.; Ziemann, C.",2015,Cerâmica Industrial,10.4322/cerind.2015.008,B_aditivos_envasados_mx,"""aditivos alimentarios"" preenvasados",Crossref,
ADITIVOS ALIMENTARES E SUAS REAÇÕES ADVERSAS NO CONSUMO INFANTIL,"FERREIRA, Fabrícia de Souza",2015,REVISTA DA UNIVERSIDADE VALE DO RIO VERDE,10.5892/ruvrd.v13i1.1485,B_aditivos_envasados_mx,"""aditivos alimentarios"" preenvasados",Crossref,
PAINÉIS CIMENTO-MADEIRA DE Eucalyptus saligna COM DIFERENTES ADITIVOS QUÍMICOS E MÉTODOS DE FORMAÇÃO,"Castro, Vinicius Gomes; Braz, Rafael Leite; Azambuja, Rafael Rosa; Loiola, Pedro Lício; Iwakiri, Setsuo; Matos, Jorge Luis Monteiro",2014,FLORESTA,10.5380/rf.v45i2.35765,B_aditivos_envasados_mx,"""aditivos alimentarios"" preenvasados",Crossref," Este trabalho teve como objetivo avaliar o potencial de uso de diferentes aditivos químicos e métodos de formação na produção de compósitos cimento-madeira com clone de Eucalyptus saligna. Utilizou-se o cimento Portland tipo CP II-Z, como aglutinante mineral, e cloreto de cálcio (CaCl2) e cloreto de magnésio (MgCl2),como aceleradores de cura do cimento. Os painéis cimento-madeira foram produzidos pelo método de prensagem na prensa de pratos de 50,5 x 38,5 x1,5 cm, e pelo método de adensamento por vibrocompactação em dimensões de 35 x 7 x1,5 cm. Os painéis foram formados com densidade nominal de 1 g/cm³ e relação cimento:madeira de 2,75:1. Com base nos resultados, pode-se concluir que: (I) os testes de hidratação mostraram que a madeira é compatível com o cimento Portland tipo II; (II) o uso de cloreto de cálcio e de magnésio na proporção de 3% em relação à massa do cimento proporcionou incremento nas propriedades físicas e mecânicas dos painéis produzidos pelos dois métodos de formação avaliados; (III) os painéis produzidos pelo método de adensamento por vibrocompactação apresentaram menor densidade média, maior estabilidade dimensional e melhor tração perpendicular do que os painéis produzidos pelo método tradicional de prensa de pratos.Palavras-chave: Compósito cimento-madeira; vibro compactação; aceleradores de cura. AbstractWood-cement boards of Eucalyptus saligna with different chemical additives and methods of formation. The aim of this work was evaluate the potential "
INFLUÊNCIA DE ADITIVOS E DA TEMPERATURA DA ÁGUA NA PLASTICIDADE DE UMA FORMULAÇÃO PARA FABRICAÇÃO DE CERÂMICA VERMELHA,"Zaccaron, Alexandre; Nandi, Vitor de Souza; Frasson, Fabrício; Pasini, Renato Dagostim; Fernandes, Paulo",2015,Cerâmica Industrial,10.4322/cerind.2015.004,B_aditivos_envasados_mx,"""aditivos alimentarios"" preenvasados",Crossref,
A regulação de aditivos que conferem sabor e aroma aos produtos derivados do tabaco no Brasil,"Turci, Silvana Rubano Barretto; Figueiredo, Valeska Carvalho; Silva, Vera Luiza da Costa e",2014,Cadernos Ibero-Americanos de Direito Sanitário,10.17566/ciads.v3i1.18,B_aditivos_envasados_mx,"""aditivos alimentarios"" preenvasados",Crossref," A Agência Nacional de Vigilância Sanitária (ANVISA) proibiu, por meio da Resolução da Diretoria Colegiada nº 14, de 2012, o uso de aditivos que conferem aroma e sabor aos produtos derivados do tabaco, com o objetivo de reduzir a experimentação e iniciação por crianças e jovens já que o emprego dessas substâncias, que caracterizam sabores e reduzem a aspereza da fumaça, os tornam mais atraentes e palatáveis. A Organização Mundial da Saúde (OMS) considera o tabagismo como uma doença pediátrica pois 90% dos fumantes começam a fumar antes dos 19 anos e quanto mais cedo se iniciam no uso do tabaco, mais rapidamente eles se tornam dependentes. No Brasil, os custos do tratamento das doenças tabaco-relacionadas chegam a R$ 21 bilhões/ano. Proibir os aditivos é uma importante medida de saúde pública, em consonância com os artigos 9 e 10 e Guias Parciais de Implementação da Convenção-Quadro para o Controle do Tabaco da OMS (CQCT/OMS), tratado ratificado pelo Brasil em 2005. Esses artigos versam sobre a regulamentação do conteúdo e a divulgação de informações dos produtos do tabaco, respectivamente. O artigo faz uma análise do processo regulatório no Brasil, elencando os principais eventos relacionados e sugerindo uma interferência direta da indústria fumageira e de grupos de interesse na tomada de decisão e na implementação da RDC14/2012. Apesar do esforço da Anvisa e de pareceres favoráveis da Advocacia Geral da União e da Procuradoria Geral da República quanto à constitucionalidade "
ENSILAJE DE PASTOS “YURAC ICHU” (Festuca dichoclada) Y “CHILLIWA” (Fetuca dolichophylla) CON INCLUSIÓN DE ALFALFA Y ADITIVOS EN BOLSAS DE POLIETILENO,"CHOQUE LAZARO, JULIO; Vilca flores, Armando",2013,Revista Investigaciones Altoandinas - Journal of High Andean Investigation,10.18271/ria.2013.5,B_aditivos_envasados_mx,"""aditivos alimentarios"" preenvasados",Crossref," &lt;span&gt;Este trabajo se realizó en el distrito de Macari, provincia de Melgar- Puno, los objetivos fueron: a) Evaluar la calidad organoléptica de los ensilados, b) Determinar composición química de los ensilados, y c) Estimar costo de elaboración de ensilado y su rentabilidad.  Los factores  en estudio fueron: Ensilaje de dos especies de pastos nativos (E1: Forraje de&lt;/span&gt;&lt;em&gt; Festuca dolichophylla&lt;/em&gt;&lt;span&gt;  y E2: Forraje de &lt;/span&gt;&lt;em&gt;Festuca dichoclada&lt;/em&gt;&lt;span&gt;) y cuatro  niveles de inclusión de aditivos (A1: Alfalfa 0%+ Urea 1% + melaza 1%, A2: Alfalfa 0%+ Urea 2% + melaza 3%, A3: Alfalfa 30% + Melaza 1% y A4: Alfalfa 30% + Melaza 3%). Las variables evaluadas fueron: Calidad organoléptica de los ensilados. Contenido de proteína cruda,  fibra detergente neutro, ácido láctico, ácido acético y pH de los ensilados. Costo producción ensilado, rentabilidad y relación beneficio/costo. Los datos se analizaron en un  diseño completamente al azar con arreglo factorial de 2 x 4  con 3 repeticiones. Ensilado de “Yurac Ichu” mezclados  con alfalfa y melaza presentó una calidad organoléptica buena. Mientras  los ensilados de “Chilliwa”  fueron  calificados como  de calidad regular.  Se encontraron diferencia significativa (P≤0,05) entre ensilajes (E), entre niveles de aditivos (A) y para la interacción ExA en el contenido de proteína cruda y fibra detergente neutro de los ensilados producidos. Los ensilados de “Yurac Ichu” mezcl"
Incidência de ruminite e abscesso hepático em bovinos jovens confinados alimentados com dietas contendo aditivos alimentares,"BARDUCCI, Robson Sfaciotti; SARTI, Luís Marcelo Nave; MILLEN, Danilo Domingues; PACHECO, Rodrigo Dias Lauritano; MARTINS, Cyntia Ludovico; ARRIGONI, Mário De Beni",2015,Revista Brasileira de Saúde e Produção Animal,10.1590/s1519-99402015000100017,B_aditivos_envasados_mx,"""aditivos alimentarios"" preenvasados",Crossref," &lt;p&gt;O objetivo deste estudo foi avaliar o efeito da inclusão do preparado de anticorpos policlonais (PAP) e/ou de monensina sódica (MON) na morfologia das papilas ruminais, incidência de ruminites (IR) e abscessos hepáticos (AH) em bovinos jovens confinados. Foram utilizados 72 novilhos da raça Brangus, não castrados, com peso vivo inicial de 261,04 ± 34,73 kg, em 24 baias (3 animais/baia) com 6 repetições por tratamento. O delineamento experimental foi inteiramente casualizado em arranjo fatorial 2 x 2, sendo os fatores a adição ou não de MON e PAP. Após o abate foram realizadas as avaliações. No fígado tanto o percentual de AH quanto a severidade foram menores (P&lt;0,01) nos animais que receberam PAP em relação aos que não receberam. A inclusão de MON foi apenas eficiente em reduzir (P&lt;0,01) a severidade dos AH em relação ao tratamento sem o aditivo. Não houve efeito dos aditivos sobre o IR. O tratamento com MON resultou em maior (P=0,07) superfície de absorção/cm&lt;sup&gt;2&lt;/sup&gt; de parede de rúmen e maior (P=0,10) área papilar em relação ao tratamento sem este aditivo. Número de papilas/cm&lt;sup&gt;2&lt;/sup&gt; de parede e área média das papilas não apresentaram diferenças entre tratamentos. O uso de PAP foi eficiente na redução de AH bem como a severidade, porém não foi capaz de melhorar a forma e a estrutura das papilas ruminais, como o observado com o uso de MON.&lt;/p&gt; "
MEDIDAS CAUTELARES INTERPRETATIVAS E DE EFEITOS ADITIVOS NO CONTROLE DE CONSTITUCIONALIDADE: UMA ANÁLISE CRÍTICA DE SUA APLICAÇÃO,"De Laurentiis, Lucas; Galkowicz, Henrique",2015,Revista Direito GV,10.1590/1808-2432201504,B_aditivos_envasados_mx,"""aditivos alimentarios"" preenvasados",Crossref," Apresentamos uma análise sistemática e crítica acerca da possibilidade de técnicas decisórias interpretativas e aditivas serem aplicadas em medidas de urgência do modo principal de controle judicial de constitucionalidade. Para tanto, esmiuçamos as características de tais técnicas processuais e as peculiaridades de sua aplicação nas ações típicas da jurisdição constitucional brasileira. Feito isso, avaliamos a compatibilidade de tais provimentos sumários com as peculiaridades das técnicas de controle interpretativas e aditivas. Enfim, apresentamos um estudo de caso, no qual os efeitos práticos de nossas reflexões são postos a prova. "
Síntesis verde y caracterización de sólidos de matriz silícea con cobre y plata obtenidos a partir de dos precursores para su aplicación como aditivos antifúngicos,"Arreche, Romina; Igal, Katerine; Bellotti, Natalia; Vázquez, Patricia",2015,Matéria (Rio de Janeiro),10.1590/s1517-707620150003.0062,B_aditivos_envasados_mx,"""aditivos alimentarios"" preenvasados",Crossref,
Resposta Econômica do Uso de Diferentes Aditivos na Silagem de Milho (Zea mays L.) no Sistema de Terminação de Bovinos em Confinamento,"Zanette, P.M.; Neumann, M.; Ueno, R.K.; Pletz, E.; Poczynek, M.; Cescon, L.K.",2012,Revista Brasileira de Milho e Sorgo,10.18512/1980-6477/rbms.v11n1p86-97,B_aditivos_envasados_mx,"""aditivos alimentarios"" preenvasados",Crossref,
Degradabilidade in situ das silagens de variedades de cana-de açúcar com aditivos,"Silva, G.W.V.; Rocha Júnior, V.R.; Rocha, W.J.B.; Reis, S.T.; Pires, D.A.A.; Antunes, A.P.S.; Almeida Filho, S.H.C.; Oliveira, L.M.; Caldeira, L.A.; Souza, V.M. de",2014,Archivos de Zootecnia,10.4321/s0004-05922014000100017,B_aditivos_envasados_mx,"""aditivos alimentarios"" preenvasados",Crossref,
"Ação trófica de aditivos fitogênicos, glutamina e ácido glutâmico sobre a Bursa de Fabrícius e intestino delgado de frangos de corte","Pelícia, Vanessa Cristina; Ducatti, Carlos; Araujo, Priscila Cavalca de; Stradiotti, Ana Cristina; Aoyagi, Monica Megumi; Fernandes, Barbara da Silva; Silva, Evandro Tadeu; Sartori, José Roberto",2015,Pesquisa Veterinária Brasileira,10.1590/s0100-736x2015000700015,B_aditivos_envasados_mx,"""aditivos alimentarios"" preenvasados",Crossref," Abstract The aim of this study was to evaluate the effect of phytogenic additives and glutamine plus glutamic acid, associated or not, on histomorphometry of bursa of Fabricius and small intestine, oocyst count and lesion scores, and carbon turnover of duodenal mucosa of broiler chickens infected with Eimeria acervulina. A total of 450 male broiler chickens was distributed into a completely randomized design with six treatments and three replications. Treatments consisted of control diet (CD); CD + coccidiosis vaccine; CD + antibiotic performance enhancers and anticoccidial (APE/AC); CD + glutamine and glutamic acid (Gln/Glu); CD + phytogenic additives (PA); CD + Gln/Glu + PA. Birds on treatment CD + vaccine were vaccinated via drinking water at three days of age against coccidiosis. At 16 days of age all birds of all treatments were inoculated orally and individually with 500,000 oocysts of Eimeria acervulina. There was no treatment effect on lesion score in the intestinal epithelium of birds. The smaller number of excreted oocysts was observed in groups of birds fed diets containing APE/AC and PA. Were observed better results of villus height and crypt depth for duodenum and ileum of birds of treatments containing Gln/Glu at 7 days of age, and Gln/Glu and PA at 21 days of age. Higher percentage of cortical area from bursa follicles was observed in birds fed diets supplemented with Gln/Glu and PA at 7, 14 and 21 days of age. Increased turnover of intestinal mucosa was obser"
Ontological Politics and Latin American Local Knowledges,Ivan da Costa Marques,2014,The MIT Press eBooks,10.7551/mitpress/9780262027458.003.0005,B_aditivos_envasados_mx,"""food additives"" ""Latin America""",OpenAlex,"It is a widely held Western belief that the West has knowledge, while other people have mere beliefs about reality. This kind of Western common sense is established as a result of a specific ontological political perspective adopted in the production of modern scientific knowledges. This chapter looks closely at two cases of relations between Brazilian realities and the West. The first case involves a very popular fictional figure whom Brazilian intellectuals have transformed from a literary object into an object of sociological research. The second case shows three different worlds or realities (not just three different interpretations of reality) of multimistura, a food additive made from native ingredients in response to the serious problem of malnutrition in Brazilian children. A local practice dating from the 1970s, multimistura has resisted the hegemonic ontological political perspective of Western science. The combined analysis of the two cases demonstrates a line of flight from the Western global frame of reference and provides Brazilian local practices and organizations with greater respectability in their agreements and disputes with Western sciences and technologies."
"Additives in foods marketed to children in Uruguay, an emerging Latin American country",Florencia Alcaire; Ana Giménez; Gastón Ares,2025,Journal of Nutritional Science,10.1017/jns.2024.98,B_aditivos_envasados_mx,"""food additives"" ""Latin America""",OpenAlex,"Foods are frequently marketed to children through the inclusion of a wide range of elements on the packages. Several studies conducted in different countries around the globe have shown that products marketed to children are usually high in sugar and other nutrients associated with non-communicable diseases. The present exploratory cross-sectional study aimed at providing additional evidence on the composition of products marketed to children by analysing the disclosure of additives in such products. Data were collected at nine supermarkets in two Uruguayan cities between August and October 2021. All packaged products available in each supermarket were surveyed using a cell phone app, except for culinary ingredients. All the information from the labels was extracted. Products marketed to children were identified based on the presence of indicators of child-directed marketing on the package. The disclosure of additives was analysed based on the information available in the ingredient list. The prevalence of food additive disclosure was calculated. Of the 7,343 products included in the database, 573 (7.8%) were classified as marketed to children. Candies and cookies were the categories with the largest number of products marketed to children. The great majority of the products marketed to children disclosed at least one food additive (93.5%). These products tended to more frequently notify colourings, antioxidants, acidity regulators, raising agents, stabilisers, humectants, an"
Betalains: The main bioactive compounds of Opuntia spp and their possible health benefits in the Mediterranean diet,Yasmany Armas Díaz; Zexiu Qi; Bei Yang; Nohora Milena Martínez López; Mercedes Briones Urbano; Danila Cianciosi,2023,Mediterranean Journal of Nutrition and Metabolism,10.3233/mnm-230027,B_aditivos_envasados_mx,"""food additives"" ""Latin America""",OpenAlex,"Betalains are water-soluble, nitrogen-containing vacuolar pigment and can be divided into two subclasses: the yellow – orange betaxanthins and the red – violet betacyanin. These pigments can be found mainly in Latin America, but also in some parts of Asia, Africa, Australia and in the Mediterranean area. In this work an overview related with the status of research about betalains extracted from Opuntia spp and the enforces made to evaluate their positive incidence in the human body is provided. Several studies enhance their anticancer, anti-inflammatory and antioxidant properties. They also exhibit antimicrobial and antidiabetic effect. Taking into account these properties, betalains seem to be a promising natural alternative as a colorant to replace the synthetic ones in the food additive industry. In addition, the use of Opuntia spp fruits as possible colorant sources in the Food Industry, may contribute positively to the sustainable development in semi-arid regions."
Estudio de pre factibilidad comercial para el cultivo de stevia dirigido al mercado externo,Beltran Vega; Lessing Hernan,2014,,,B_aditivos_envasados_mx,"""food additives"" ""Latin America""",OpenAlex,"The market mainly Stevia can be divided into three groups:The largest market for Stevia is currently the food industry and the beverage, mainly as a sweetener and flavoring.The healthcare market is second in order of importance.In the third, are the byproducts formed by the remains of the plant once the leaves have been selected for the tea industry or mining.The 70% of the total world production of Stevia is used to extract crystals called stevioside and Rebaudosidos-A, while 30% is intended for herbal uses.One of the limitations of market growth and atonement and cultivation of Stevia is that it has always been subject to a regulatory framework and this determined their economic performance. Your marketing is more limited when it is regulated as a dietary supplement, and is larger when it is defined as a food additive, including sweeteners.Note that the food and beverage industry is one of the most regulated in the world. It is not surprising that Stevia is experiencing barriers to growth, especially as a natural sweetener certificate. The way to improve the competitiveness of Stevia is to meet the regulatory and try that countries generally allowed as a food additive and it can be used as a natural sweetener.Scientific studies support the use of Stevia are available in Japan, Brazil, Denmark and other countries. Approximately 1 500 scientific research has resulted only in Japan who have a comprehensive approach and try to use the whole plant, not only the blade, through a "
Oral nicotine pouches with an aftertaste? Part 1: screening and initial toxicological assessment of flavorings and other ingredients,Nadja Mallock-Ohnesorg; Selina Rinaldi; Sebastian Malke; Nadine Dreiack; Elke Pieper; Peter Laux; Thomas F. Schulz; Ralf Zimmermann; Andreas Luch,2023,Archives of Toxicology,10.1007/s00204-023-03538-9,C_extraccion_desde_ingredientes,"""ingredient list"" ""food additives"" extraction",OpenAlex,"Nicotine pouches are oral products that deliver nicotine without containing tobacco. Previous studies mainly focused on the determination of known tobacco toxicants, while yet no untargeted analysis has been published on unknown constituents, possibly contributing to toxicity. Furthermore, additives might enhance product attractiveness. We therefore performed an aroma screening with 48 different nicotine-containing and two nicotine-free pouches using gas chromatography coupled to mass spectrometry, following acidic and basic liquid-liquid extraction. For toxicological assessment of identified substances, European and international classifications for chemical and food safety were consulted. Further, ingredients listed on product packages were counted and grouped by function. Most abundant ingredients comprised sweeteners, aroma substances, humectants, fillers, and acidity regulators. 186 substances were identified. For some substances, acceptable daily intake limits set by European Food Safety Agency (EFSA) and Joint FAO/WHO Expert Committee on Food Additives are likely exceeded by moderate pouch consumption. Eight hazardous substances are classified according to the European CLP regulation. Thirteen substances were not authorized as food flavorings by EFSA, among them impurities such as myosmine and ledol. Three substances were classified by International Agency for Research on Cancer as possibly carcinogenic to humans. The two nicotine-free pouches contain pharmacologically"
Extraction of E171 or E172 food additives from sugar-based or lipid-based complex matrices for primary particles identification by electron microscopy,Jessica Ponti,2024,Open Research Europe,10.12688/openreseurope.18678.1,C_extraccion_desde_ingredientes,"""ingredient list"" ""food additives"" extraction",OpenAlex,"Measurement of primary particle size distributions is fundamental to determining if a material should be classified as a nanomaterial according to the European Commission recommended definition. This is of particular relevance to alimentary products, where current regulation requires that any additives containing nanoforms be explicitly declared as such in the ingredients’ list. Currently, Electron Microscopy is the only instrumental technique able to reliably classify materials as nanomaterials. To verify the nanostatus of a material using this technique, it is essential to firstly extract the additives from the matrix in which they are dispersed, and then measure a wide size distribution while avoiding artefacts from the food matrix. In this operating procedure, extraction protocols, developed and applied for sugar-based or lipid-based food, are described. In particular, case studies for titanium dioxide E171 and iron oxide/iron hydroxide based materials such as E172 are considered. The protocols are based on gentle extraction of the additive materials and could, in principle, be used for other nanomaterials provided they are not soluble in water or ethanol and are resistant to enzymatic reactions. The size distribution of the extracted material can then be determined from images acquired using scanning and/or transmission electron microscopy."
Characterizing ingredients in commercially packaged baked products sold in the U.S.: An application of IngID,Jaspreet K.C. Ahuja; Ying Li; Quynhanh Nguyen; Pamela Pehrsson,2022,Journal of Food Composition and Analysis,10.1016/j.jfca.2022.104830,C_extraccion_desde_ingredientes,"""ingredient statements"" parsing",OpenAlex,
eGames: Is imagination the forgotten ingredient?,"Benjamin, Tom",2010,Computers in Human Behavior,10.1016/j.chb.2008.04.006,C_extraccion_desde_ingredientes,"""ingredient statements"" parsing",Crossref,
"<i>Bifidobacterium longum</i>
                    lysate, a new ingredient for reactive skin","Guéniche, Audrey; Bastien, Philippe; Ovigne, Jean Marc; Kermici, Michel; Courchay, Guy; Chevalier, Veronique; Breton, Lionel; Castiel‐Higounenc, Isabelle",2010,Experimental Dermatology,10.1111/j.1600-0625.2009.00932.x,C_extraccion_desde_ingredientes,"""ingredient statements"" parsing",Crossref," 
                     Please cite this paper as 
                    :
                     Bifidobacterium longum 
                    lysate, a new ingredient for reactive skin. Experimental Dermatology 2010;
                     19 
                    : e1–e8.
                   
                   
                     Abstract:  
                    Reactive skin is characterized by marked sensitivity to physical (heat, cold, wind) or chemical (topically applied products) stimuli and by the impairment of the skin barrier’s ability to repair itself. Several lines of evidence suggest that beyond their capacity to positively influence the composition of intestinal microbiota, some probiotic bacteria can modulate the immune system both at local and systemic levels, thereby improving immune defense mechanisms and/or down‐regulating immune disorders such as allergies and intestinal inflammation. Several recent human clinical trials clearly suggest that probiotic supplementation might be beneficial to the skin. Using a probiotic lysate,
                     Bifidobacterium longum 
                    sp. extract (BL), we demonstrated first
                     in vitro 
                    , and then in a clinical trial, that this non‐replicating bacteria form applied to the skin was able to improve sensitive skin. The effect of BL were evaluated first on two different models. Using
                     ex vivo 
                    human skin explant model we found a statisti"
Gender differences in client–provider relationship as active ingredient in substance abuse treatment,"Marsh, Jeanne C.; Shin, Hee-Choon; Cao, Dingcai",2010,Evaluation and Program Planning,10.1016/j.evalprogplan.2009.07.016,C_extraccion_desde_ingredientes,"""ingredient statements"" parsing",Crossref,
Simultaneous enantioseparation of a basic active pharmaceutical ingredient compound and its neutral intermediate using reversed phase and normal phase liquid chromatography with a new type of polysaccharide stationary phase,"Zhou, Lili; Antonucci, Vincent; Biba, Mirlinda; Gong, Xiaoyi; Ge, Zhihong",2010,Journal of Pharmaceutical and Biomedical Analysis,10.1016/j.jpba.2009.08.027,C_extraccion_desde_ingredientes,"""ingredient statements"" parsing",Crossref,
Evaluation of growth performance of broiler birds fed with diet containing different levels of velvet bean meal as an alternative protein ingredient,"Vadivel, V.; Pugalenthi, M.",2010,Livestock Science,10.1016/j.livsci.2009.09.002,C_extraccion_desde_ingredientes,"""ingredient statements"" parsing",Crossref,
Investigating the effects of ingredient levels on physical quality properties of cooked hamburger patties using response surface methodology and image processing technology,"Velioğlu, Hasan Murat; Velioğlu, Serap Duraklı; Boyacı, İsmail Hakkı; Yılmaz, İsmail; Kurultay, Şefik",2010,Meat Science,10.1016/j.meatsci.2009.10.001,C_extraccion_desde_ingredientes,"""ingredient statements"" parsing",Crossref,
Fusion production of solid dispersions containing a heat-sensitive active ingredient by hot melt extrusion and Kinetisol® dispersing,"DiNunzio, James C.; Brough, Chris; Hughey, Justin R.; Miller, Dave A.; Williams III, Robert O.; McGinity, James W.",2010,European Journal of Pharmaceutics and Biopharmaceutics,10.1016/j.ejpb.2009.09.007,C_extraccion_desde_ingredientes,"""ingredient statements"" parsing",Crossref,
Analysis of Ingredient Functionality and Formulation Optimization of an Instant Peanut Beverage Mix,"Howard, Brandy M.; Hung, Yen‐Con; McWatters, S. Kay",2010,Journal of Food Science,10.1111/j.1750-3841.2009.01380.x,C_extraccion_desde_ingredientes,"""ingredient statements"" parsing",Crossref," 
                     ABSTRACT:  
                    Powder for an instant shake‐style beverage was created using partially defatted peanut flour (12% fat), granulated sugar, and nonfat dry milk (NFDM). The 3 main components, along with constant amounts of stabilizing gums and anti‐caking silica, were mixed together and finely milled in a Super Wing Mill to further reduce the particle sizes. Drinks from each formula variation were prepared and analyzed for viscosity (digital viscometer), color (colorimeter), and separation rate. Each beverage was also analyzed by consumers to determine acceptability of flavor, mouth‐feel, and color. Physical test results show that viscosity increased with increasing proportion of peanut flour in the formula, and viscosity decreased with increasing levels of sugar and NFDM. For each formula, the samples at refrigerated temperature (4 °C) were less viscous than those at ambient temperatures (23 to 25 °C). Color values show that the beverage powder color was mostly influenced by peanut flour percentage, becoming darker with increasing levels of peanut flour. Prepared beverage color was influenced by both NFDM and peanut flour percentage; lightness increased with increasing NFDM percentage and decreased with increasing peanut flour percentage. Separation rates were most affected by the proportion of NFDM in the formula; higher levels decreased the rate of separation. Refrigeration slowed the rate of separation in all samples. Response surface a"
Determination of potency of heparin active pharmaceutical ingredient by near infrared reflectance spectroscopy,"Sun, Chunxiao; Zang, Hengchang; Liu, Xiumei; Dong, Qin; Li, Lian; Wang, Fengshan; Sui, Linyan",2010,Journal of Pharmaceutical and Biomedical Analysis,10.1016/j.jpba.2009.11.022,C_extraccion_desde_ingredientes,"""ingredient statements"" parsing",Crossref,
Curbilene From edible plant to cosmetics ingredient,,2010,Fitoterapia,10.1016/s0367-326x(09)00292-5,C_extraccion_desde_ingredientes,"""ingredient statements"" parsing",Crossref,
Safety assessment of a novel ingredient for removable chewing gum,"Farber, T.M.; Clewell, A.E.; Endres, J.R.; Hauswirth, J.; Van Gemert, M.; Schauss, A.G.; Sheane, C.A.",2010,Food and Chemical Toxicology,10.1016/j.fct.2009.12.017,C_extraccion_desde_ingredientes,"""ingredient statements"" parsing",Crossref,
The Economics of Voluntary Traceability in Multi‐Ingredient Food Chains,"Souza‐Monteiro, Diogo M.; Caswell, Julie A.",2010,Agribusiness,10.1002/agr.20233,C_extraccion_desde_ingredientes,"""ingredient statements"" parsing",Crossref," Abstract  The consumption of multi‐ingredient foods is increasing across the globe. Traceability can be used as a tool to gather information about and manage food safety risks associated with these types of products. The authors investigate the choice of voluntary traceability in three‐tiered multi‐ingredient food supply chains. They propose a framework based on vertical control and agency theory to model three dimensions of traceability systems: depth, breadth, and precision. Their analysis has three main results. First, full traceability is feasible as long as there are net benefits to a downstream firm that demands traceability across all ingredients. Second, horizontal network externalities are positive because an increase in the level of traceability in one ingredient requires a similar increase in others. Finally, vertical network effects will be positive insofar as willingness to pay and probabilities of food safety hazards increase. [EconLit Classification: Q130, L140]. © 2010 Wiley Periodicals, Inc. "
The Effect of Nanometer Accessory Ingredient on the Function of Water Paint,"Ying, Peng Zhan; Fu, Hong; Jia, Liang Ju; Yu, Lei; Chen, Dong Yong",2010,Advanced Materials Research,10.4028/www.scientific.net/amr.92.277,C_extraccion_desde_ingredientes,"""ingredient statements"" parsing",Crossref," The addition of nanometer accessory ingredient in the paint to improve the function of the traditional paint has been the hot topic in the field of anticorrosive paint research. In this paper, three kinds of water nanometer accessory ingredients including anti-abrasive cleaner, hydrophobing agent and anti-aging agent has been added into the paint to combine the nanometer denaturizing paint. The functions of nanometer denaturizing paint such as shellac’s adhesive force, resistance to water, resistance to alkali , and hydrophobic property were measured to evaluate the effect of the accessory ingredint according to the related test standard. It was found that the type and the quantity of nanometer accessory ingredient can effectively modify the function of the water paint. Finally, the optimum parameters were obtained. "
Effect of lyophilized water extracts of Melissa officinalis on the stability of algae and linseed oil-in-water emulsion to be used as a functional ingredient in meat products,"de Ciriano, Mikel García-Iñiguez; Rehecho, Sheyla; Calvo, Maria Isabel; Cavero, Rita Yolanda; Navarro, Íñigo; Astiasarán, Iciar; Ansorena, Diana",2010,Meat Science,10.1016/j.meatsci.2010.01.007,C_extraccion_desde_ingredientes,"""ingredient statements"" parsing",Crossref,
"Anti-diabetic effects of globin digest and its active ingredient Leu-Ser-Glu-Leu in ICR mice, streptozotocin-induced diabetic mice and KK-Ay mice","Nakaoka, Fumiko; Sasakawa, Yuka; Yamamoto, Kaori; Nakao, Mayumi; Nakamura, Miki; Tong, Chunning; Fukuhama, Chizuko; Kagawa, Kyoichi",2010,Life Sciences,10.1016/j.lfs.2010.01.014,C_extraccion_desde_ingredientes,"""ingredient statements"" parsing",Crossref,
A review and assessment of menthol employed as a cigarette flavoring ingredient,"Heck, J. Daniel",2010,Food and Chemical Toxicology,10.1016/j.fct.2009.11.002,C_extraccion_desde_ingredientes,"""ingredient statements"" parsing",Crossref,
"Evaluation of Glycerol from Biodiesel Production as a Feed Ingredient for Channel Catfish,<i>Ictalurus punctatus</i>","Li, Menghe H.; Minchew, Charles D.; Oberle, Daniel F.; Robinson, Edwin H.",2010,Journal of the World Aquaculture Society,10.1111/j.1749-7345.2009.00320.x,C_extraccion_desde_ingredientes,"""ingredient statements"" parsing",Crossref,
When Is a “Generic” Medication Not Really a Generic?: Confusion About Medication Products Containing the Same Active Ingredient,"Howland, Robert H.",2010,Journal of Psychosocial Nursing and Mental Health Services,10.3928/02793695-20100108-04,C_extraccion_desde_ingredientes,"""ingredient statements"" parsing",Crossref," 
            The distinction between pharmaceutical
             equivalent 
            and pharmaceutical
             alternative 
            drug products can lead to considerable confusion, especially with the proliferation of various branded, alternative, and generic medications that contain the same active ingredient. To illustrate this problem, four examples of medication products containing the active ingredients paroxetine, venlafaxine, bupropion, and valproate will be described. Understanding these differences is important for nurses providing patient care. Only generic drugs can be freely substituted for a brand-name product. Switching to a pharmaceutical alternative requires a change in prescription. Finally, the use, labeling, and cost of branded, alternative, and generic medications may be different.
           "
"An optical, electrical and ultrasonic layered single sensor for ingredient measurement in liquid","Kimoto, A; Kitajima, T",2010,Measurement Science and Technology,10.1088/0957-0233/21/3/035204,C_extraccion_desde_ingredientes,"""ingredient statements"" parsing",Crossref,
Resistant starch as functional ingredient: A review,"Fuentes-Zaragoza, E.; Riquelme-Navarrete, M.J.; Sánchez-Zapata, E.; Pérez-Álvarez, J.A.",2010,Food Research International,10.1016/j.foodres.2010.02.004,C_extraccion_desde_ingredientes,"""ingredient statements"" parsing",Crossref,
The use of topically dissolved oxygen as a pluripotent raw material ingredient for medical aesthetic products,,2010,Journal of the American Academy of Dermatology,10.1016/j.jaad.2009.11.120,C_extraccion_desde_ingredientes,"""ingredient statements"" parsing",Crossref,
Preparation of Bakery Products by Incorporating Pea Flour as a Functional Ingredient,"Kamaljit, K.; Baljeet, S.; Amarjeet, K.",2010,American Journal of Food Technology,10.3923/ajft.2010.130.135,C_extraccion_desde_ingredientes,"""ingredient statements"" parsing",Crossref,
Potential of African pear (<i>Dacryodes edulis</i>) as an ingredient in plantain‐based composite cookies,"Faramade Osundahunsi, Oluwatooyin; Titilope Seidu, Kudirat; Victoria Oyerinde, Olubukola",2010,Nutrition &amp; Food Science,10.1108/00346651011015908,C_extraccion_desde_ingredientes,"""ingredient statements"" parsing",Crossref,"  Purpose  The purpose of this paper is to explore the level of substitution of margarine with African pear that will be acceptable to consumers.    Design/methodology/approach  A recipe for cookies is modified by replacing margarine with African pear. Plantain composite flour is also used. Physical parameters and proximate composition are determined using standard methods. Sensory evaluation is carried out using sensory panelists.    Findings  The moisture content of the cookies ranges from 2.09 to 4.10 per cent, fat content and ash contents range from 21.40 to 22.90 per cent and 2.14 to 2.77 per cent, respectively. The ash content is higher than the value 1.43 per cent recorded for cookies made from 100 per cent margarine. The average value for energy 487 kcal/100 g will meet the recommended daily dietary allowance. There is no significant difference on the average weight, thickness, volume and density of the cookies made from 25 to 100 per cent African pear with either 25 or 50 per cent ripe/unripe plantain flour. Average weight, thickness, volume and density are 5.60 g, 058 mm, 9.72 cm 3 , and 0.574 g/cm 3 , respectively. Sensory evaluation reveals that composite flour at 25‐100 per cent with either ripe or unripe plantain shows significant difference ( p  &lt; 0.05) in taste and overall acceptability. At 50 per cent unripe or ripe plantain composite flour, there is no significant difference in attributes except flavour.    Research limitations/implications  Up to 50 per "
"Methods for the characterisation of breadcrumb, an important ingredient of stuffed pasta","Lucisano, Mara; Cappa, Carola; Fongaro, Lorenzo; Mariotti, Manuela",2010,Journal of Cereal Science,10.1016/j.jcs.2010.02.006,C_extraccion_desde_ingredientes,"""ingredient statements"" parsing",Crossref,
ANALYTICAL METHOD FOR 1-METHYL-4-AMINO-PIPERAZINE IN AN ACTIVE PHARMACEUTICAL INGREDIENT USING CHEMICAL DERIVATIZATION AND HPLC-UV,"Patel, Jyoti; Loeser, Eric; Kircher, Rudy; Marrepalli, Hanumantha Rao; Fazio, Steven; Drinkwater, Donald; Drumm, Patrick",2010,Journal of Liquid Chromatography &amp; Related Technologies,10.1080/10826071003608959,C_extraccion_desde_ingredientes,"""ingredient statements"" parsing",Crossref,
Ingredient Consistency of Commercially Available Polyphenol and Tocopherol Nutraceuticals,"Remsberg, Connie M.; Good, Renee L.; Davies, Neal M.",2010,Pharmaceutics,10.3390/pharmaceutics2010050,C_extraccion_desde_ingredientes,"""ingredient statements"" parsing",Crossref," Label claims of vitamin E succinate and polyphenolic nutraceuticals are assessed. A validated HPLC method was utilized to assess vitamin E succinate products. Three novel LC/MS methods were used to assess the polyphenols, pterostilbene, phloretin, and myricetin, in dietary supplements. The amount of vitamin E succinate varied from 0-130% of the stated label content with two products containing vitamin E acetate rather than vitamin E succinate. Expected polyphenols were found in 7 of the 8 supplement products. None of the polyphenol supplements contained content within 100-120% of label claims. The present study indicates a lack of uniformity in nutraceutical products. "
Evaluation of Soy Hulls as a Potential Ingredient of Functional Foods for the Prevention of Obesity,"Olguin, María Catalina; Posadas, Marta Delia; Revelant, Gilda Celina; Labourdette, Verónica Beatriz; Elías, Héctor Daniel; Venezia, María Rosa",2010,Ecology of Food and Nutrition,10.1080/03670240903540974,C_extraccion_desde_ingredientes,"""ingredient statements"" parsing",Crossref,
Enzyme technology for precision functional food ingredient processes,"Meyer, Anne S.",2010,Annals of the New York Academy of Sciences,10.1111/j.1749-6632.2009.05255.x,C_extraccion_desde_ingredientes,"""ingredient statements"" parsing",Crossref," A number of naturally occurring dietary substances may exert physiological benefits. The production of enhanced levels or particularly tailored versions of such candidate functional compounds can be targeted by enzymatic catalysis. The recent literature contains examples of enhancing bioavailability of iron via enzyme‐catalyzed degradation of phytate in wheat bran, increasing diacyl‐glycerol and conjugated linoleic acid levels by lipase action, enhancing the absorption of the citrus flavonoid hesperetin via rhamnosidase treatment, and obtaining solubilized dietary fiber via enzymatic modification of potato starch processing residues. Such targeted enzyme‐catalyzed reactions provide new invention opportunities for designing functional foods with significant health benefits. The provision of well‐defined naturally structured compounds can, moreover, assist in obtaining the much‐needed improved understanding of the physiological benefits of complex natural substances. "
Effect of food ingredient on microwave freeze drying of instant vegetable soup,"Wang, Rui; Zhang, Min; Mujumdar, Arun S.",2010,LWT - Food Science and Technology,10.1016/j.lwt.2010.03.007,C_extraccion_desde_ingredientes,"""ingredient statements"" parsing",Crossref,
"Consumer preference for energy, fat, salt and ingredient information in catering outlets","Mackison, D.; Anderson, A. S.; Wrieden, W. L.",2010,Proceedings of the Nutrition Society,10.1017/s0029665109993077,C_extraccion_desde_ingredientes,"""ingredient statements"" parsing",Crossref,
"Pharmacokinetics of [6]-shogaol, a pungent ingredient of Zingiber officinale Roscoe (Part I)","Asami, Akitoshi; Shimada, Tsutomu; Mizuhara, Yasuharu; Asano, Takayuki; Takeda, Shuichi; Aburada, Takashi; Miyamoto, Ken-ichi; Aburada, Masaki",2010,Journal of Natural Medicines,10.1007/s11418-010-0404-y,C_extraccion_desde_ingredientes,"""ingredient statements"" parsing",Crossref,
<i>Aloe vera</i>as a Functional Ingredient in Foods,"Rodríguez, Elena Rodríguez; Martín, Jacinto Darias; Romero, Carlos Díaz",2010,Critical Reviews in Food Science and Nutrition,10.1080/10408390802544454,C_extraccion_desde_ingredientes,"""ingredient statements"" parsing",Crossref,
A Novel Hybrid Chromatography−Crystallization Process for the Isolation and Purification of a Natural Pharmaceutical Ingredient from a Medicinal Herb,"Qu, Haiyan; Christensen, Kathrine B.; Fretté, Xavier C.; Tian, Fang; Rantanen, Jukka; Christensen, Lars P.",2010,Organic Process Research &amp; Development,10.1021/op1000176,C_extraccion_desde_ingredientes,"""ingredient statements"" parsing",Crossref,
Recent Experience with Botanical Ingredients Submitted to FDA in New Dietary Ingredient Notifications,"Levy, DD",2010,Planta Medica,10.1055/s-0030-1251741,C_extraccion_desde_ingredientes,"""ingredient statements"" parsing",Crossref,
Preservation of Bioavailability of Ingredients and Lack of Drug-Drug Interactions in a Novel Five-Ingredient Polypill (Polycap™),"Patel, Anil; Shah, Tarang; Shah, Gaurang; Jha, Vijay; Ghosh, Chinmoy; Desai, Jagruti; Khamar, Bakulesh; Chakraborty, Bhaswat S.",2010,American Journal Cardiovascular Drugs,10.2165/11532170-000000000-00000,C_extraccion_desde_ingredientes,"""ingredient statements"" parsing",Crossref,
"A new IFRA Standard on the fragrance ingredient, hydroxyisohexyl 3‐cyclohexene carboxaldehyde","Api, Anne Marie; Vey, Matthias",2010,Contact Dermatitis,10.1111/j.1600-0536.2010.01701.x,C_extraccion_desde_ingredientes,"""ingredient statements"" parsing",Crossref,
Random walk in genome space: A key ingredient of intermittent dynamics of community assembly on evolutionary time scales,"Murase, Yohsuke; Shimada, Takashi; Ito, Nobuyasu; Rikvold, Per Arne",2010,Journal of Theoretical Biology,10.1016/j.jtbi.2010.03.043,C_extraccion_desde_ingredientes,"""ingredient statements"" parsing",Crossref,
Process modeling and optimization of batch fractional distillation to increase throughput and yield in manufacture of active pharmaceutical ingredient (API),"Yang, Yubo; Tjia, Rosalin",2010,Computers &amp; Chemical Engineering,10.1016/j.compchemeng.2010.03.019,C_extraccion_desde_ingredientes,"""ingredient statements"" parsing",Crossref,
Public‐Private Partnerships in Hong Kong: Good Governance – The Essential Missing Ingredient?<sup>1</sup>,"Hayllar, Mark Richard",2010,Australian Journal of Public Administration,10.1111/j.1467-8500.2010.00675.x,C_extraccion_desde_ingredientes,"""ingredient statements"" parsing",Crossref,"   In recent years the potential of the Public‐Private Partnership (PPP) model in securing sustainable development has been emphasised by various international organisations including the United Nations(UN) and the Organisation for Economic Cooperation and Development (OECD). These bodies, however, have warned that for PPPs to fulfill their potential as development tools, then both a favourable business environment and key aspects of ‘good governance’ need to be in place and functioning. This article examines PPP policies and projects in the Hong Kong Special Administrative Region of the People's Republic of China (HKSAR) over recent years. Ranked by several key agencies as having the freest economy in the world, Hong Kong might appear to be a particularly promising location for using PPPs to attain economic and social infrastructure development goals. Surprisingly, however, many potential PPP projects there frequently fail to reach fruition. Asking why this should be so, the article argues that the lack of certain critical ingredients of ‘good governance’ in Hong Kong has had a direct and negative impact on the fulfillment of its PPP potential. Of particular concern is government's frequent disregard of public views and the exclusion of the public from early and meaningful participation. This reflects an approach that can perhaps best be described as reliance on ‘Government‐Private’ rather than on ‘Public‐Private’ Partnerships.   "
This Month's Secret Ingredient: <i>Eggs</i>,"Riendeau, Diane",2010,The Physics Teacher,10.1119/1.3393074,C_extraccion_desde_ingredientes,"""ingredient statements"" parsing",Crossref," Special thanks to Diane Rosenthal, Presentation High School, San Jose, CA, for her help with this column. "
Quantitation of a polymorphic mixture of an active pharmaceutical ingredient with solid state 13C CPMAS NMR spectroscopy,"Virtanen, Tommi; Maunu, Sirkka L.",2010,International Journal of Pharmaceutics,10.1016/j.ijpharm.2010.04.017,C_extraccion_desde_ingredientes,"""ingredient statements"" parsing",Crossref,
Effects of Technical-Grade Active Ingredient vs. Commercial Formulation of Seven Pesticides in the Presence or Absence of UV Radiation on Survival of Green Frog Tadpoles,"Puglis, Holly J.; Boone, Michelle D.",2010,Archives of Environmental Contamination and Toxicology,10.1007/s00244-010-9528-z,C_extraccion_desde_ingredientes,"""ingredient statements"" parsing",Crossref,
"W1695 Effect of Allyl Isothiocyanate, a Pungent Ingredient of Wasabi and Mustard Oil, on Gastric Mucosal Blood Flow and Ulcerogenesis in Rats: Comparison With Capsaicin","Tashima, Kimihito; Raimura, Masaki; Matsumoto, Kenjiro; Chino, Atsushi; Namiki, Takao; Terasawa, Katsutoshi; Horie, Syunji",2010,Gastroenterology,10.1016/s0016-5085(10)63315-x,C_extraccion_desde_ingredientes,"""ingredient statements"" parsing",Crossref,
190C: NUCLEAR MAGNETIC RESONANCE SPECTROSCOPY AS A USEFUL TOOL FOR INGREDIENT ANALYSIS OF ARTIFICIAL MATERIALS,"Okuda, T; Hirakawa, K; Mizuno, H; Uysal, C; Ohno, Y; Hyakusoku, H",2010,Plastic and Reconstructive Surgery,10.1097/01.prs.0000371924.11133.87,C_extraccion_desde_ingredientes,"""ingredient statements"" parsing",Crossref,
"Energy Drinks: An Assessment of Their Market Size, Consumer Demographics, Ingredient Profile, Functionality, and Regulations in the United States","Heckman, M.A.; Sherry, K.; De Mejia, E. Gonzalez",2010,Comprehensive Reviews in Food Science and Food Safety,10.1111/j.1541-4337.2010.00111.x,C_extraccion_desde_ingredientes,"""ingredient statements"" parsing",Crossref," 
                     ABSTRACT:  
                    The consumption of energy drinks is rapidly increasing, as demonstrated by their large market growth. The targeted demographic group is teenagers, young adults, 18 to 34 y old; although expansion into nontraditional markets is also occurring. It is claimed that energy drinks can offer an increased energy boost related to their ingredient profile of caffeine, taurine, herbal extracts, and vitamins. Research suggests that energy drink formulations, in addition to increasing energy utilization, may also improve mood, enhance physical endurance, reduce mental fatigue, and increase reaction time. However, in most cases, the corresponding mechanisms of action are not clear. In addition, concerns have been raised over their safety and with a currently weak regulatory environment, efforts need to be made to ensure consumer safety. The objective of this article is to review the current U.S. energy drink market with emphasis on its market size, target demographic, active ingredients, potential benefits, safety, and regulations.
                   "
"Nutritive Evaluation of Protein from Anaerobically Digested Poultry Wastes as a Dietary Ingredient Replacer for Channel Catfish, <i>Ictalurus punctatus</i>","Eya, Jonathan C.; Ashame, Martha F.; Pomeroy, Charles",2010,Journal of the World Aquaculture Society,10.1111/j.1749-7345.2010.00358.x,C_extraccion_desde_ingredientes,"""ingredient statements"" parsing",Crossref,"   Two experiments were conducted to determine the effects of feeding protein derived from anaerobically digested poultry wastes on the performance of channel catfish. In the first experiment, poultry waste protein (PWP) was used as a substitute protein source at 5, 10, 20, 30, and 40% levels on an isonitrogenous and isocalorific basis, and compared to a control (0% PWP) soybean meal/fish meal‐based practical diet. A digestibility trial was conducted with diets containing 0, 5, 10, and 20% PWP. There were no significant differences in growth performance, feed efficiency (FE), protein efficiency ratio (PER), and protein productive value (PPV) of channel catfish fed up to 20% substitution compared to the control diet. At replacement levels of 30 and 40%, there were significant ( P  &lt; 0.05) decreases in growth performance, FE, PER, and PPV. The apparent absorption efficiency was generally high for all the essential amino acids. Although differences in apparent crude protein and phosphorous absorption efficiency were not significant ( P  &gt; 0.05), the coefficients were highest for fish that received recovered protein at 10% dietary level. It is concluded that up to 20% of protein derived from thermophilic anaerobic digestion of poultry wastes can be substituted without negative effect on performance.   "
"Influence of pH, Temperature and Impurities on the Solubility of an Active Pharmaceutical Ingredient (API)","Estime, Nicolas; Teychené, Sébastien; Autret, Jean-Marie; Biscans, Béatrice",2010,International Journal of Chemical Reactor Engineering,10.2202/1542-6580.2099,C_extraccion_desde_ingredientes,"""ingredient statements"" parsing",Crossref," Solubility, which defines the liquid /solid equilibrium, is a key parameter to control a crystallization process. This work is focused on the effects of pH, temperature and impurities on the aqueous solubility of an Active Pharmaceutical Ingredient (API).As the API is a weak acid (pKa = 3.7), its solubility increases with the pH. On the basis of the experimental curve of solubility, a model was defined to fit the evolution of the solubility as a function of pH. In the case of this compound, studies revealed a weak influence of the temperature in comparison with the pH. So, the solubility of the compound is slightly impacted by the temperature.Some experiments were carried out in order to compare the solubility of the API, at the same pH and temperature, for different concentrations of impurities found in the process. The results revealed a solubility increase in presence of acetic acid and a high solubility decrease in presence of sodium chloride. By carrying out experiments on common ions salts, the anion chloride Cl- has been identified as the cause of the solubility decrease. "
The Earth's Missing Ingredient,"Hirose, Kei",2010,Scientific American,10.1038/scientificamerican0610-76,C_extraccion_desde_ingredientes,"""ingredient statements"" parsing",Crossref,
Advances in ingredient and processing systems for meat and meat products,"Weiss, Jochen; Gibis, Monika; Schuh, Valerie; Salminen, Hanna",2010,Meat Science,10.1016/j.meatsci.2010.05.008,C_extraccion_desde_ingredientes,"""ingredient statements"" parsing",Crossref,
BEAN STARCH AS INGREDIENT FOR GLUTEN-FREE BREAD,"KRUPA, URSZULA; ROSELL, CRISTINA M.; SADOWSKA, JADWIGA; SORAL-ŚMIETANA, MARIA",2010,Journal of Food Processing and Preservation,10.1111/j.1745-4549.2009.00366.x,C_extraccion_desde_ingredientes,"""ingredient statements"" parsing",Crossref,
Evaluation of the epinecidin-1 peptide as an active ingredient in cleaning solutions against pathogens,"Pan, Chieh-Yu; Rajanbabu, Venugopal; Chen, Jyh-Yih; Her, Guor Mour; Nan, Fan-Hua",2010,Peptides,10.1016/j.peptides.2010.05.011,C_extraccion_desde_ingredientes,"""ingredient statements"" parsing",Crossref,
Molecules: Plastics ingredient raises concern: Bisphenol A's ‘twin’ may have more potent hormone effects,"Raloff, Janet",2010,Science News,10.1002/scin.5591771218,C_extraccion_desde_ingredientes,"""ingredient statements"" parsing",Crossref,
Anti-diabetic Effect of Material Fermented Using Rice Bran and Soybean as the Main Ingredient by Bacillus sp.,"Lim, Seong-Il",2010,Journal of the Korean Society for Applied Biological Chemistry,10.3839/jksabc.2010.035,C_extraccion_desde_ingredientes,"""ingredient statements"" parsing",Crossref,
"DART mass spectrometry: a fast screening of solid pharmaceuticals for the presence of an active ingredient, as an alternative for IR spectroscopy","Chernetsova, Elena S.; Bochkov, Pavel O.; Ovcharov, Maxim V.; Zhokhov, Sergey S.; Abramovich, Rimma A.",2010,Drug Testing and Analysis,10.1002/dta.136,C_extraccion_desde_ingredientes,"""ingredient statements"" parsing",Crossref,
"Antihyperlipidemic Effect of Protodioscin, an Active Ingredient Isolated from the Rhizomes of<i>Dioscorea nipponica</i>","Wang, Tiejie; Choi, Roy; Li, Jun; Li, Jun; Bi, Cathy; Zang, Linquan; Liu, Zhongbo; Dong, Tina; Bi, Kaishun; Tsim, Karl",2010,Planta Medica,10.1055/s-0030-1249960,C_extraccion_desde_ingredientes,"""ingredient statements"" parsing",Crossref,
Stability-indicating UPLC method for determination of Valsartan and their degradation products in active pharmaceutical ingredient and pharmaceutical dosage forms,"Krishnaiah, Ch.; Reddy, A. Raghupathi; Kumar, Ramesh; Mukkanti, K.",2010,Journal of Pharmaceutical and Biomedical Analysis,10.1016/j.jpba.2010.05.022,C_extraccion_desde_ingredientes,"""ingredient statements"" parsing",Crossref,
An in vitro study of anti-human cytomegalovirus effect of Forsythia suspensaand its main active ingredient quercetin,"Dansan, ZHANG",2010,China Journal of Chinese Matera Medica,10.4268/cjcmm20100826,C_extraccion_desde_ingredientes,"""ingredient statements"" parsing",Crossref,
Effect of an improved local ingredient-based complementary food fortified or not with iron and selected multiple micronutrients on Hb concentration,"Ouédraogo, Hermann Z; Traoré, Tahirou; Zèba, Augustin N; Dramaix-Wilmet, Michèle; Hennart, Philippe; Donnen, Philippe",2010,Public Health Nutrition,10.1017/s1368980010000911,C_extraccion_desde_ingredientes,"""ingredient statements"" parsing",Crossref," Abstract   Objective  To assess the effect of an improved local ingredient-based gruel fortified or not with selected multiple micronutrients (MM) on Hb concentration of young children.    Design  In a nutrition centre that we opened in their villages, children received either MM supplement (containing iron, zinc, vitamin A, vitamin C and iodine) with the improved gruel (MMGG) or the improved gruel only (GG), twice daily, 6 d/week, for 6 months. We assessed baseline and endpoint Hb concentration and anthropometric indices.    Setting  Kongoussi, a rural and poor district of Burkina Faso.    Subjects  In a community-based trial, we randomly assigned 131 children aged 6–23 months with Hb concentrations in the range of 80–109 g/l into two groups.    Results  The groups did not differ significantly at baseline. Mean baseline Hb concentration was 89·2 ( sd  6·5) g/l and 90·3 ( sd  8·4) g/l in the GG and the MMGG, respectively ( P  = 0·42). It increased to 104·1 ( sd  11·4) g/l in the GG ( P  &lt; 0·001) and 107·6 ( sd  14·7) g/l in the MMGG ( P  &lt; 0·001). The between-group difference of 3·5 (95 % CI −1·0, 8·1) g/l in mean ( sd ) endpoint Hb concentration was not significant ( P  = 0·13). The endpoint anthropometric indices were not different between the groups.    Conclusions  This MM supplement had no additional effect on Hb concentration. Thorough studies are needed to evaluate the actual efficacy of the gruel before its introduction into household routine.  "
Food Use Inert Ingredient Proposed Data Set,"Yowell, James",2010,Journal of ASTM International,10.1520/jai102857,C_extraccion_desde_ingredientes,"""ingredient statements"" parsing",Crossref," Abstract 
                A discussion of the proposed data for establishing a tolerance or exemption from the requirement of a tolerance for inert ingredients used in pesticide formulations. "
Performance of a resistant starch rich ingredient in the baking and eating quality of short-dough biscuits,"Laguna, Laura; Salvador, Ana; Sanz, Teresa; Fiszman, Susana M.",2011,LWT - Food Science and Technology,10.1016/j.lwt.2010.05.034,C_extraccion_desde_ingredientes,"""ingredient statements"" parsing",Crossref,
The use of distillers dried grains plus solubles as a feed ingredient on air emissions and performance from laying hens,"Wu-Haan, W.; Powers, W.; Angel, R.; Applegate, T.J.",2010,Poultry Science,10.3382/ps.2009-00471,C_extraccion_desde_ingredientes,"""ingredient statements"" parsing",Crossref,
Healthier lipid combination as functional ingredient influencing sensory and technological properties of low‐fat frankfurters,"Delgado‐Pando, Gonzalo; Cofrades, Susana; Ruiz‐Capillas, Claudia; Jiménez‐Colmenero, Francisco",2010,European Journal of Lipid Science and Technology,10.1002/ejlt.201000076,C_extraccion_desde_ingredientes,"""ingredient statements"" parsing",Crossref," Abstract  Oil (healthier lipid combination of olive, linseed and fish oils)‐in‐water emulsions stabilized with different protein systems (prepared with sodium caseinate (SC), soy protein isolate (SPI) and microbial transglutaminase (MTG)) were used as pork backfat replacers in low‐fat frankfurters. Composition (proximate analysis and fatty acid profile), sensory analysis and technological (processing and purge losses, texture and colour) properties of frankfurters were analysed as affected by the type of oil‐in‐water emulsion and by chilling storage (2°C, 41 days). Frankfurters produced with oil combinations had lower levels of saturated fatty acids (SFA, 19.3%), similar levels of MUFA (46.9%) and higher levels of PUFA (33.6%) than control frankfurters (all pork fat) (39.3, 49.5 and 10.6%, respectively). PUFA/SFA and  n ‐6/ n ‐3 PUFA ratios in control sample were 0.27 and 9.27; in reformulated frankfurters the PUFA/SFA ratio was higher (1.7) and the  n ‐6/ n ‐3 PUFA ratio was lower (0.47). In general, frankfurters had good fat and water binding properties. Colour parameters were affected by formulation and storage time. Compared to control sample, frankfurters made with oil‐in‐water emulsions had higher ( p &lt;0.05) hardness, springiness and chewiness values. Emulsified oil stabilizing systems did not affect sensory characteristics of frankfurters, and all products were judged as acceptable. "
Simplistic is the Ingredient for Mobile Learning,"Baharum, Hanysah; Ismail, Issham; Mohamed Idrus, Rozhan",2010,International Journal of Interactive Mobile Technologies (iJIM),10.3991/ijim.v4i3.1159,C_extraccion_desde_ingredientes,"""ingredient statements"" parsing",Crossref," This study explored the studentsâ?? acceptance of Mobile Learning via Short Message Service (SMS-Learning) amongst distance learners in the Universiti Sains Malaysia. This study aims to examine the studentâ??s acceptance towards the language use in SMS-Learning content, the cost of communicating and also the navigation of the system. The study employed the qualitative methodology where data were collected through questionnaire that was administered to 105 distance education students from Bachelor of Management, Bachelor of Science, Bachelor of Social Science and Bachelor of Art. The survey responses were tabulated in a 5-point Likert scale and analyzed using the Rasch Measurement Model.  The results indicated that the simple language used in SMS-Learning was accepted by the respondents. By using the language precisely, it leads to high usability of SMS-Learning which will allow it to academically assist them in their study. "
Characterization of a Potential Nutraceutical Ingredient: Pomegranate (Punica granatum L.) Seed Oil Unsaponifiable Fraction,"Caligiani, Augusta; Bonzanini, Francesca; Palla, Gerardo; Cirlini, Martina; Bruni, Renato",2010,Plant Foods for Human Nutrition,10.1007/s11130-010-0173-5,C_extraccion_desde_ingredientes,"""ingredient statements"" parsing",Crossref,
"Eating their cake and everyone else's cake, too: Resources as the main ingredient to workplace bullying","Wheeler, Anthony R.; Halbesleben, Jonathon R.B.; Shanine, Kristen",2010,Business Horizons,10.1016/j.bushor.2010.06.002,C_extraccion_desde_ingredientes,"""ingredient statements"" parsing",Crossref,
High pressure–treated sorghum flour as a functional ingredient in the production of sorghum bread,"Vallons, Katleen J. R.; Ryan, Liam A. M.; Koehler, Peter; Arendt, Elke K.",2010,European Food Research and Technology,10.1007/s00217-010-1316-5,C_extraccion_desde_ingredientes,"""ingredient statements"" parsing",Crossref,
Innovative biorefinery concept for sugar-based ethanol industries: Production of protein-rich fungal biomass on vinasse as an aquaculture feed ingredient,"Nitayavardhana, Saoharit; Khanal, Samir Kumar",2010,Bioresource Technology,10.1016/j.biortech.2010.07.048,C_extraccion_desde_ingredientes,"""ingredient statements"" parsing",Crossref,
Describing the Problem for an Evidence-Based Practice Improvement Project: A Missing Ingredient,"Burke, Robert E.; Levin, Rona F.",2010,Research and Theory for Nursing Practice,10.1891/1541-6577.24.3.155,C_extraccion_desde_ingredientes,"""ingredient statements"" parsing",Crossref,
Deep stacking poultry litter as feed ingredient in livestock production,"Owen, O.J.; Alawa, J.P.; Wekhe, S.N.; Amakiri, A.O.; Ngodigha, E.M.",2010,Toxicological &amp; Environmental Chemistry,10.1080/02772240903306441,C_extraccion_desde_ingredientes,"""ingredient statements"" parsing",Crossref,
Granular Formulations and Active Ingredient Distribution from a Rotary Spreader,"Goss, G. Robert; Bernal, Y.; Johnsonbaugh, A.; Henderson, R.",2010,Journal of ASTM International,10.1520/jai102892,C_extraccion_desde_ingredientes,"""ingredient statements"" parsing",Crossref," Abstract 
                When using a spinner spreader, particle size distribution may affect a gravimetric distribution pattern, larger particles being thrown farther than smaller particles. If active ingredient (AI) concentrations were uneven with respect to particle size, it is possible that a gravimetric distribution analysis (i.e., a spreader calibration) would not accurately reflect AI distribution. This paper discusses granule uniformity and its effect on granular formulation gravimetric distribution and AI distribution. A more uniform particle size provides a more even AI distribution. "
Finger millet in nutrition transition: an infant weaning food ingredient with chronic disease preventive potential,"Kannan, Srimathi",2010,British Journal of Nutrition,10.1017/s0007114510002989,C_extraccion_desde_ingredientes,"""ingredient statements"" parsing",Crossref,
Nutritional characterization of tomato fiber as a useful ingredient for food industry,"García Herrera, P.; Sánchez-Mata, M.C.; Cámara, M.",2010,Innovative Food Science &amp; Emerging Technologies,10.1016/j.ifset.2010.07.005,C_extraccion_desde_ingredientes,"""ingredient statements"" parsing",Crossref,
"<i>Photocure v. Kappos</i>
                    : Different “Active Ingredient” Deserves Drug Patent Extension","Wegner, Harold C.",2010,Biotechnology Law Report,10.1089/blr.2010.9944,C_extraccion_desde_ingredientes,"""ingredient statements"" parsing",Crossref,
Reactions to foodborne Escherichia coli outbreaks: A text-mining analysis of the public's response,Elizabeth M. Glowacki; Joseph B. Glowacki; Arnold Chung; Gary B. Wilcox,2019,American Journal of Infection Control,10.1016/j.ajic.2019.04.004,C_extraccion_desde_ingredientes,"""food labels"" ""text mining""",OpenAlex,
TBT･SPS Notification for Import Foods Labeling Regulation as Trade Barrier: Approaches to Text Mining Analysis,Woo-Ri Ko; Byeong-Ho Lim; Ha-Neul Han,2023,,10.15798/kaici.2023.25.3.109,C_extraccion_desde_ingredientes,"""food labels"" ""text mining""",OpenAlex,"The main objective of this study is to examine the connection between the TBT/SPS labeling notification and trade barrier reports of IPEF member countries, and to devise a strategic response for Korea's imported food labeling system in the future. The analysis involves a comprehensive review of 689 labeling-related notifications spanning from 2013 to 2022 across 14 IPEF countries. To extract relevant keywords and gauge their shifting significance, a country-specific and year-specific TF (Term Frequency) and TF-IDF (Term Frequency-Inverse Document Frequency) analysis was conducted. During the information analysis phase, topic modeling utilizing LDA was employed to delve into the primary labeling concerns prevailing among IPEF countries. This exploration unearthed six major topics, out of which Topics 1 (Warning Labels), 2 (Packaging), 4 (Infant Food), 5 (Genetically Modified Organisms), and 6 (Alcohol) were identified as concrete instances of trade barriers outlined in the United States' trade barrier reports. By evaluating actual TBT and SPS notifications, this study offers insights into the effectiveness of IPEF member countries' food labeling systems as potential trade barriers."
"Informal Rulemaking and Democratic Participation FDA – Food Labeling, FCC – Net Neutrality, a Text Mining Study",Casey P. Shannon,2018,,,C_extraccion_desde_ingredientes,"""food labels"" ""text mining""",OpenAlex,
Use of added sugars in packaged foods sold in Brazil,Tailane Scapin; Ana Carolina Fernandes; Adilson dos Anjos; Rossana Pacheco da Costa Proença,2018,Public Health Nutrition,10.1017/s1368980018002148,C_extraccion_desde_ingredientes,"""food labels"" ""text mining""",OpenAlex,"OBJECTIVE: Studies have shown that the consumption of added sugars may be associated with harmful health effects. The present study investigated the presence and types of added sugars in packaged foods. DESIGN: Cross-sectional analysis of the presence and types of added sugars in the ingredients lists of packaged foods sold in a major Brazilian supermarket. The nomenclature of ingredients classified as added sugars and their frequency were identified. Data were organised and analysed through descriptive statistics: absolute and relative frequencies of the presence of added sugars categorised by food groups were calculated, and ingredients were analysed by text mining using R statistical environment. SETTING: A supermarket in Florianópolis, a metropolis in southern Brazil. SUBJECTS: Packaged food products (n 4539) classified into eight groups. RESULTS: Of the 4539 products, 71 % had some type of added sugar. The group with the highest frequency of added sugars was 'products in which carbohydrates and fats are the main energy source' (93 %). Food groups containing predominantly salty foods had a high frequency of added sugars, such as 'meats and eggs' (61 %). In total, 179 different terms for added sugars were identified, of which sugar, maltodextrin and glucose syrup were the most frequent. CONCLUSIONS: Most of the packaged foods sold in Brazil contain added sugars, which may hamper adherence to the recommendation of limiting added sugars intake. The data may be useful for mon"
ASHP Guidelines on Preventing Medication Errors with Chemotherapy and Biotherapy,Barry R. Goldspiel; James M. Hoffman; Niesha Griffith; Susan Goodin; Robert DeChristoforo; Capt Michael Montello; Judy L. Chase; Sylvia Bartel; Jharana Tina Patel,2015,American Journal of Health-System Pharmacy,10.2146/sp150001,C_extraccion_desde_ingredientes,"""ingredient"" ""nomenclature"" food labels",OpenAlex,"The purposes of these guidelines are to define best practices for the safe use of chemotherapy and biotherapy agents and to assist practitioners in improving their medication-use systems to prevent medication errors and patient harm from these agents. Although the guidelines are intended primarily to address use of chemotherapy and biotherapy agents in cancer treatment, some recommendations may be more broadly applicable across the medication-use system. These guidelines supplement ASHP’s Guidelines on Preventing Medication Errors in Hospitals and address error prevention within diverse healthcare settings.1 Further, these guidelines provide updated general guidance to include a standard definition of a “medication error” and applicable aspects of recommendations from the National Coordinating Council on Medication Error Reporting and Prevention (NCC MERP). NCC MERP’s definition of a medication error is: any preventable event that may cause or lead to inappropriate medication use or patient harm while the medication is in the control of the healthcare provider, patient, or consumer. Such events may be related to professional practice, healthcare products, procedures, and systems, including prescribing; order communication; product labeling, packaging, and nomenclature; compounding; dispensing; distribution; administration; education; monitoring; and use.2 For the purposes of these guidelines, chemotherapy and biotherapy agents are defined as any medication that (1) is listed "
International System for Human Gene Nomenclature (1979) ISGN (1979),"Shows, T.B.; Alper, C.A.; Bootsma, D.; Dorf, M.; Douglas, T.; Huisman, T.; Kit, S.; Klinger, H.P.; Kozak, C.; Lalley, P.A.; Lindsley, D.; McAlpine, P.J.; McDougall, J.K.; Meera Khan, P.; Meisler, M.; Morton, N.E.; Opitz, J.M.; Partridge, C.W.; Payne, R.; Roderick, T.H.; Rubinstein, P.; Ruddle, F.H.; Shaw, M.; Spranger, J.W.; Weiss, K.",2010,Cytogenetics and Cell Genetics,10.1159/000131404,C_extraccion_desde_ingredientes,"""ingredient"" ""nomenclature"" food labels",Crossref,
The 1981 catalogue of assigned human genetic markers and report of the nomenclature committee,"Shows, T.B.; McAlpine, P.J.",2010,Cytogenetics and Cell Genetics,10.1159/000131702,C_extraccion_desde_ingredientes,"""ingredient"" ""nomenclature"" food labels",Crossref,
The 1983 catalogue of mapped human genetic markers and report of the nomenclature committee,"Shows, T.B.; McAlpine, P.J.; Miller, R.L.",2010,Cytogenetics and Cell Genetics,10.1159/000132014,C_extraccion_desde_ingredientes,"""ingredient"" ""nomenclature"" food labels",Crossref,
The 1985 catalog of mapped genes and report of the nomenclature committee,"McAlpine, P.J.; Shows, T.B.; Miller, R.L.; Pakstis, A.J.",2010,Cytogenetics and Cell Genetics,10.1159/000132168,C_extraccion_desde_ingredientes,"""ingredient"" ""nomenclature"" food labels",Crossref,
Guidelines for Human Gene Nomenclature,,2010,Cytogenetics and Cell Genetics,10.1159/000132471,C_extraccion_desde_ingredientes,"""ingredient"" ""nomenclature"" food labels",Crossref,
The 1987 Catalog of Mapped Genes and Report of the Nomenclature Committee (Part 1 of 4),"McAlpine, P.J.; Van Cong, N.; Boucheix, C.; Pakstis, A.J.; Doute, R.C.; Shows, T.B.",2010,Cytogenetics and Cell Genetics,10.1159/000132472,C_extraccion_desde_ingredientes,"""ingredient"" ""nomenclature"" food labels",Crossref,
The 1988 catalog of mapped genes and report of the nomenclature committee,"McAlpine, P.J.; Boucheix, C.; Pakstis, A.J.; Stranc, L.C.; Berent, T.G.; Shows, T.B.",2010,Cytogenetics and Cell Genetics,10.1159/000132645,C_extraccion_desde_ingredientes,"""ingredient"" ""nomenclature"" food labels",Crossref,
The 1990 catalog of mapped genes and report of the nomenclature committee (Part 1 of 3),"McAlpine, P.J.; Stranc, L.C.; Boucheix, C.; Shows, T.B.; Walters, J.",2010,Cytogenetics and Cell Genetics,10.1159/000132995,C_extraccion_desde_ingredientes,"""ingredient"" ""nomenclature"" food labels",Crossref,
The 1991 catalog of mapped genes and report of the nomenclature committee (Part 1 of 5),"McAlpine, P.J.; Shows, T.B.; Boucheix, C.; Huebner, M.; Anderson, W.A.",2010,Cytogenetics and Cell Genetics,10.1159/000133160,C_extraccion_desde_ingredientes,"""ingredient"" ""nomenclature"" food labels",Crossref,
"Linking biodiversity, food and nutrition: The importance of plant identification and nomenclature","Nesbitt, Mark; McBurney, Rory P.H.; Broin, Melanie; Beentje, Henk J.",2010,Journal of Food Composition and Analysis,10.1016/j.jfca.2009.03.001,C_extraccion_desde_ingredientes,"""ingredient"" ""nomenclature"" food labels",Crossref,
The contribution of food composition resources to nutrition science methodology,Paul Finglas; Mark Roe; Hannah Pinchen; Siân Astley,2017,Nutrition Bulletin,10.1111/nbu.12274,D_calidad_open_food_facts,"""food composition database"" ""data quality""",OpenAlex,"Abstract Advances in nutrition science methods and tools have underpinned better understanding of the complex interactions between diet, nutrition and health. One example is the development of food composition tables, which provide detailed information about the energy and nutrient content of foods. They are important in many fields, including clinical practice and research, and are used in a variety of ways; for example, to assess national population‐level programmes and surveys, formulate emergency food supplies and develop therapeutic diets. In recent years, food composition tables have widened in scope and accessibility but most do not include bioactive compounds, the consumption of which is associated with reduced risk of cancer and cardiovascular disease. Established in 2009, European Food Information Resource (EuroFIR) Association Internationale Sans But Lucratif (AISBL) is a non‐profit member‐based association in Belgium and a leading advocate for food information in Europe. It promotes the use of food composition data across the wider food, nutrition and health research and policy landscapes, raises awareness and understanding of the value of these data, especially for consumers in making healthier dietary choices, and works with other organisations [e.g. Food and Agriculture Organization (FAO) of the United Nations] to facilitate improved data quality, storage and access to encourage wider exploitation of food composition data for both research and commercial purpos"
Data Quality Assurance and Analysis for Food Science Data,Konstantina Gemenetzi,2015,Repository for Publications and Research Data (ETH Zurich),10.3929/ethz-a-010510135,D_calidad_open_food_facts,"""food composition database"" ""data quality""",OpenAlex,"Data is of paramount significance in every information system.Even though data quality might have a different meaning for different users and applications, it is always recognized that the quality of the data in an information system can have a large impact to the quality and value of every other aspect of the system.In this master thesis, we model and quantify data quality in information systems with the use of constraints.We propose a novel concept for a highly flexible and configurable data quality management framework that can easily be adapted to the needs of different users and applications.For this purpose, we introduce the notion of contracts, which are simple, interchangeable files that allow each user and application of the system to specify an individual importance weight for each quality-related constraint, thus enabling the creation of unique quality profiles.Our framework allows the user to validate data during input, as well as analyze, quantify and visualize the overall quality of the data at any time.For both the data input validation and the data quality analysis, the user is able to select the data entities and constraint groups that should be validated and analyzed, as well as the contract (quality profile) that should be used for the validation and analysis.To measure quality, we defined a novel quality calculation scheme and scale.For the definition, validation and management of the constraints in a unified way, we use the bean validation 1 specification"
Collection of annotated data in a clinical validation study for alarm algorithms in intensive care—a methodologic framework,"Siebig, Sylvia; Kuhls, Silvia; Imhoff, Michael; Langgartner, Julia; Reng, Michael; Schölmerich, Jürgen; Gather, Ursula; Wrede, Christian E.",2010,Journal of Critical Care,10.1016/j.jcrc.2008.09.001,D_calidad_open_food_facts,"""food composition database"" ""data quality""",Crossref,
Evaluating Value-at-Risk Models with Desk-Level Data,"Berkowitz, Jeremy; Christoffersen, Peter; Pelletier, Denis",2011,Management Science,10.1287/mnsc.1080.0964,D_calidad_open_food_facts,"""food composition database"" ""data quality""",Crossref," We present new evidence on disaggregated profit and loss (P/L) and value-at-risk (VaR) forecasts obtained from a large international commercial bank. Our data set includes the actual daily P/L generated by four separate business lines within the bank. All four business lines are involved in securities trading and each is observed daily for a period of at least two years. Given this unique data set, we provide an integrated, unifying framework for assessing the accuracy of VaR forecasts. We use a comprehensive Monte Carlo study to assess which of these many tests have the best finite-sample size and power properties. Our desk-level data set provides importance guidance for choosing realistic P/L-generating processes in the Monte Carlo comparison of the various tests. The conditional autoregressive value-at-risk test of Engle and Manganelli (2004) performs best overall, but duration-based tests also perform well in many cases. 
                   This paper was accepted by John Birge, focused issue editor. "
Production of an Anthocyanin-Rich Vegetable Juice Concentrate from Cull Red Radishes for Use as a Food Colorant,Scott David Kottman,2011,OhioLink ETD Center (Ohio Library and Information Network),,E_sustitucion_natural_sintetico,"""natural colorants"" ""synthetic dyes"" replacement",OpenAlex,"Anthocyanins are widely distributed compounds in nature that serve a dual purpose: they produce a wide array of vibrant colors and they possess potent antioxidant properties.The ability to harvest the natural rich colors of anthocyanins as a potential replacement for synthetic dyes such as FD&C Red No. 40 will fulfill the modern consumer's demand for a more natural and healthful product.Anthocyanins present in red radish skins provide color intensity, under acidic conditions, similar to that of FD&C Red No. 40 and could provide a useful tool for the food industry.Additionally, radish anthocyanins exhibit higher stability than most other anthocyanin extracts.The objective of this work was to harvest an anthocyanin-rich natural colorant from cull radishes, a waste product, in order to produce a high quality product free of undesirable aromas that provides color and added value suitable for food applications.From cull or premium radish skins, the color was extracted by abrasive action or steam to produce a colored juice.Filtration, evaporation, salt and acid addition and heat were evaluated as means of removing undesirable aromas and flavors or minimize their"
Pigments extracted from Melastoma Malabathricum (Senduduk) fruits for possible application as a biological stain and cosmetic colourant,Fatin Anisah Nor Azman,2016,,,E_sustitucion_natural_sintetico,"""natural colorants"" ""synthetic dyes"" replacement",OpenAlex,"Melastoma malabathricum Linn is a shrub that belongs to the family Melastomataceae and a common plant with pigment that considered a potential replacement for synthetic dyes. The objective for this study is to explore a biological stain and cosmetic dye from extracted melastoma malabathricum. Fresh fruit of Melastoma malabathricum was collected at Jeli,Kelantan. Plant pigment from the fruit was extracted with ethanol and solvent was removed under reduced pressure. Purple pigment from fruit was extracted with ethanol and was used to stain epidermal cell of Allium cepa (onion) and human cheek cell.The plant pigment was also used to color glycerin soap. From the result, it had proved that pigment of Melastoma malabathricum was able to stain onion epidermal cell and human cheek cells with purple color. Glycerin soap incorporated with 5% (w/w). 2.5% (w/w) and 1.25% (w/w) of pigment was colored with blue color. However, the color was fading over time. In conclusion, this study was revealed that the pigment from fruit of Melastoma malabathricum can be used as a biological stain after a further development. However, Melastoma malabathricum was not able to be used as natural colorant for soap."
Natural Food Colorant Applications in the Food Industry: Alternatives for Overcoming Stability Limitations,Laura Arroyo-Esquivel; Patricia Esquivel,2026,Colorants,10.3390/colorants5030027,E_sustitucion_natural_sintetico,"""natural colorants"" ""synthetic dyes"" replacement",OpenAlex,"The replacement of synthetic dyes with natural food colorants has become a priority for the food industry, as emerging evidence from in vitro and animal studies on the potential neurotoxic and pro-inflammatory effects of certified dyes converges with consumer pressure for clean-label formulations. Yet despite this, the industrial uptake of natural pigments remains uneven, held back by stability limitations that differ considerably from one pigment class to the next and from one food matrix to another. This review covers the chemistry, industrial applications, and stabilization approaches of the main natural colorant groups: carotenoids, anthocyanins, betalains, chlorophylls, curcuminoids, phycocyanin, and genipin-derived pigments, with particular attention to the physicochemical reasons behind their instability and the practical tools available to address it. Among stabilization strategies, spray-drying microencapsulation with composite protein–polysaccharide wall materials is often the most scalable and cost-effective option, whereas freeze drying may be preferable for high-value pigments or applications in which maximum pigment retention is the priority. Whether the encapsulating matrix remains in a glassy or rubbery state stands out as a key factor governing oxidative degradation across all pigment categories, which makes water activity management a non-negotiable element of any serious formulation effort. Anthocyanins require more than physical encapsulation alone: copigm"
